3
Sheath_master
-1
0 0 0 0 0 0 1
Sheath01
0
0.009747 -0.557403 0.000004 0 0 0 1
WP_A_0310_sheath001
-1
0 0 0 0 0 0 1
1
m0_o9515
2
14

0

0

0

0

0

0

0

0

0

0

0

0

0

0
3796
0.048263 -0.722227 -0.000078
0.968750 0.140625 -0.078125
255 255 255 255
0.160645 0.758301
0.470215 0.567871
1 0 0 0
1 0 0 0
0.045552 -0.699400 0.000000
0.921875 0.093750 -0.328125
255 255 255 255
0.157227 0.727539
0.469238 0.533691
1 0 0 0
1 0 0 0
0.043675 -0.714441 -0.006793
0.796875 0.093750 -0.578125
255 255 255 255
0.120117 0.748047
0.458496 0.556152
1 0 0 0
1 0 0 0
-0.002035 -0.630732 0.004168
0.210938 0.640625 0.703125
255 255 255 255
1.184082 0.716309
0.137207 0.348145
0 0 0 0
1 0 0 0
-0.000169 -0.638344 0.007176
0.531250 0.226563 0.781250
255 255 255 255
1.193359 0.727539
0.140137 0.369141
0 0 0 0
1 0 0 0
-0.003333 -0.630026 0.003805
0.164063 0.726563 0.625000
255 255 255 255
1.17627 0.71582
0.135254 0.347656
0 0 0 0
1 0 0 0
0.001429 -0.641284 0.006800
0.546875 0.195313 0.781250
255 255 255 255
1.20459 0.729981
0.143066 0.372559
0 0 0 0
1 0 0 0
-0.004894 -0.626727 0.000000
0.031250 0.710938 0.664063
255 255 255 255
1.15625 0.711426
0.129883 0.339844
0 0 0 0
1 0 0 0
0.063032 -0.836635 0.007643
-0.203125 0.960938 -0.031250
255 255 255 255
1.247559 0.643066
0.460938 0.579102
0 0 0 0
1 0 0 0
0.057641 -0.837427 0.013956
-0.234375 0.953125 -0.085938
255 255 255 255
1.213379 0.643066
0.449707 0.579102
0 0 0 0
1 0 0 0
0.061904 -0.836908 0.000000
-0.210938 0.960938 -0.015625
255 255 255 255
1.271484 0.63916
0.46875 0.574707
0 0 0 0
1 0 0 0
0.064933 -0.836334 0.000000
-0.195313 0.960938 -0.023438
255 255 255 255
1.27832 0.643066
0.471191 0.579102
0 0 0 0
1 0 0 0
0.063032 -0.836635 -0.007643
-0.203125 0.960938 0.007813
255 255 255 255
0.247559 0.643066
0.091797 0.296387
1 0 0 0
1 0 0 0
0.064933 -0.836334 0.000000
-0.195313 0.960938 0.000000
255 255 255 255
0.27832 0.643066
0.102051 0.296387
0 0 0 0
1 0 0 0
0.061904 -0.836908 0.000000
-0.210938 0.960938 -0.007813
255 255 255 255
0.271484 0.63916
0.099609 0.289063
0 0 0 0
1 0 0 0
0.057641 -0.837427 -0.013956
-0.234375 0.953125 0.062500
255 255 255 255
0.213379 0.643066
0.081055 0.296387
1 0 0 0
1 0 0 0
0.043000 -0.690816 0.003805
-0.343750 0.671875 0.625000
255 255 255 255
0.17627 0.71582
0.475098 0.520508
1 0 0 0
1 0 0 0
0.041724 -0.699624 0.007176
-0.593750 0.101563 0.781250
255 255 255 255
0.193359 0.727539
0.479981 0.533691
1 0 0 0
1 0 0 0
0.041887 -0.691788 0.004168
-0.367188 0.578125 0.703125
255 255 255 255
0.184082 0.716309
0.477051 0.520996
1 0 0 0
1 0 0 0
0.040805 -0.702841 0.006800
-0.601563 0.062500 0.781250
255 255 255 255
0.20459 0.729981
0.48291 0.535645
1 0 0 0
1 0 0 0
0.043805 -0.687257 0.000000
-0.210938 0.687500 0.664063
255 255 255 255
0.15625 0.711426
0.469238 0.515625
1 0 0 0
1 0 0 0
0.000922 -0.656458 0.006308
0.335938 0.750000 0.515625
255 255 255 255
1.194336 0.75293
0.140137 0.414551
0 0 0 0
1 0 0 0
0.001995 -0.653321 0.006172
0.453125 -0.132813 0.851563
255 255 255 255
1.204102 0.75
0.143066 0.40918
0 0 0 0
1 0 0 0
0.004288 -0.659233 0.008102
0.335938 0.750000 0.515625
255 255 255 255
1.205078 0.757324
0.143066 0.421875
0 0 0 0
1 0 0 0
-0.000175 -0.635295 -0.005983
0.507813 0.335938 -0.781250
255 255 255 255
1.119141 0.723145
0.119141 0.360352
0 0 0 0
1 0 0 0
-0.002461 -0.631768 -0.005209
0.335938 0.570313 -0.734375
255 255 255 255
1.130859 0.718262
0.122559 0.352051
0 0 0 0
1 0 0 0
0.000632 -0.641297 -0.007404
0.546875 0.187500 -0.804688
255 255 255 255
1.114258 0.731445
0.117676 0.375488
0 0 0 0
1 0 0 0
0.057334 -0.851399 0.011710
-0.875000 0.468750 0.078125
255 255 255 255
1.203613 0.656738
0.446289 0.597168
0 0 0 0
1 0 0 0
0.058640 -0.845376 0.013556
-0.835938 0.046875 0.531250
255 255 255 255
1.214355 0.650879
0.449707 0.589356
0 0 0 0
1 0 0 0
0.056768 -0.852237 0.015427
-0.578125 0.804688 -0.023438
255 255 255 255
1.20459 0.660645
0.446777 0.602051
0 0 0 0
1 0 0 0
0.038785 -0.860496 0.017217
0.609375 0.687500 0.320313
255 255 255 255
1.104004 0.666504
0.413574 0.609375
0 0 0 0
1 0 0 0
0.039881 -0.857460 0.017350
0.937500 -0.031250 0.265625
255 255 255 255
1.107422 0.663574
0.415039 0.605469
0 0 0 0
1 0 0 0
0.044329 -0.866643 0.017817
0.867188 0.414063 0.148438
255 255 255 255
1.115723 0.674316
0.417481 0.619141
0 0 0 0
1 0 0 0
0.056768 -0.852237 -0.015427
-0.578125 0.804688 0.000000
255 255 255 255
0.20459 0.660645
0.078125 0.333496
1 0 0 0
1 0 0 0
0.058640 -0.845376 -0.013556
-0.835938 0.046875 -0.554688
255 255 255 255
0.214356 0.650879
0.081543 0.313477
1 0 0 0
1 0 0 0
0.057334 -0.851399 -0.011710
-0.875000 0.468750 -0.101563
255 255 255 255
0.203613 0.656738
0.077637 0.325195
1 0 0 0
1 0 0 0
0.044329 -0.866643 -0.017817
0.867188 0.414063 -0.171875
255 255 255 255
0.115723 0.674316
0.049805 0.361328
1 0 0 0
1 0 0 0
0.039881 -0.857460 -0.017350
0.937500 -0.031250 -0.289063
255 255 255 255
0.107422 0.663574
0.047363 0.338379
1 0 0 0
1 0 0 0
0.038785 -0.860496 -0.017217
0.609375 0.687500 -0.343750
255 255 255 255
0.104004 0.666504
0.046387 0.344727
1 0 0 0
1 0 0 0
0.006010 -0.561771 0.016216
-0.375000 0.914063 -0.007813
255 255 255 255
1.248535 0.826172
0.417969 0.413574
1 0 0 0
1 0 0 0
0.003717 -0.561108 0.015522
0.539063 0.812500 -0.007813
255 255 255 255
1.245117 0.826172
0.415527 0.414063
1 0 0 0
1 0 0 0
0.008115 -0.560644 0.015678
-0.476563 0.867188 -0.007813
255 255 255 255
1.251953 0.825195
0.420898 0.410156
1 0 0 0
1 0 0 0
0.007176 -0.558639 0.015644
-0.476563 0.867188 -0.007813
255 255 255 255
1.251953 0.824707
0.42041 0.40918
1 0 0 0
1 0 0 0
0.008115 -0.560644 -0.015678
-0.476563 0.867188 -0.007813
255 255 255 255
0.251953 0.825195
0.049316 0.193359
1 0 0 0
1 0 0 0
0.003717 -0.561108 -0.015522
0.539063 0.812500 -0.007813
255 255 255 255
0.245117 0.826172
0.043945 0.199219
1 0 0 0
1 0 0 0
0.006010 -0.561771 -0.016216
-0.375000 0.914063 -0.007813
255 255 255 255
0.248535 0.826172
0.046875 0.198731
1 0 0 0
1 0 0 0
0.007176 -0.558639 -0.015644
-0.476563 0.867188 -0.007813
255 255 255 255
0.251953 0.824707
0.049316 0.191895
1 0 0 0
1 0 0 0
-0.010552 -0.159470 -0.014102
-0.007813 -1.000000 -0.007813
255 255 255 255
0.142578 0.816895
0.446289 0.391113
1 0 0 0
1 0 0 0
0.004268 -0.159446 -0.017845
0.085938 -0.968750 -0.242188
255 255 255 255
0.229004 0.811035
0.464844 0.385742
1 0 0 0
1 0 0 0
-0.010255 -0.158206 -0.020208
-0.210938 -0.867188 -0.476563
255 255 255 255
0.142578 0.805176
0.446289 0.380371
1 0 0 0
1 0 0 0
-0.010166 -0.150175 -0.020212
-0.179688 0.851563 -0.476563
255 255 255 255
0.142578 0.793945
0.446289 0.369629
1 0 0 0
1 0 0 0
-0.003003 -0.150171 -0.021321
0.015625 0.851563 -0.500000
255 255 255 255
0.187012 0.793945
0.455566 0.369629
1 0 0 0
1 0 0 0
-0.010366 -0.148904 -0.017844
-0.101563 0.945313 -0.242188
255 255 255 255
0.142578 0.789063
0.446289 0.364746
1 0 0 0
1 0 0 0
-0.016573 -0.159522 -0.014223
-0.500000 -0.843750 -0.234375
255 255 255 255
0.097656 0.811035
0.436523 0.385742
1 0 0 0
1 0 0 0
-0.018105 -0.158201 -0.008246
-0.687500 -0.734375 -0.023438
255 255 255 255
0.067871 0.816895
0.430664 0.391113
1 0 0 0
1 0 0 0
-0.018003 -0.150352 -0.008246
-0.671875 0.726563 0.000000
255 255 255 255
0.067871 0.782227
0.430664 0.358887
1 0 0 0
1 0 0 0
-0.016454 -0.148909 -0.014227
-0.492188 0.835938 -0.218750
255 255 255 255
0.097656 0.789063
0.436523 0.364746
1 0 0 0
1 0 0 0
0.004161 -0.150149 -0.020207
0.179688 0.843750 -0.476563
255 255 255 255
0.229004 0.793945
0.464844 0.369629
1 0 0 0
1 0 0 0
0.011907 -0.157944 -0.008246
0.648438 -0.750000 0.000000
255 255 255 255
0.271973 0.816895
0.473633 0.391113
1 0 0 0
1 0 0 0
0.010357 -0.159399 -0.014227
0.468750 -0.851563 -0.218750
255 255 255 255
0.255859 0.811035
0.470215 0.385742
1 0 0 0
1 0 0 0
0.010479 -0.148797 -0.014223
0.476563 0.820313 -0.242188
255 255 255 255
0.255859 0.789063
0.470215 0.364746
1 0 0 0
1 0 0 0
0.012010 -0.150103 -0.008246
0.664063 0.710938 -0.023438
255 255 255 255
0.271973 0.782227
0.473633 0.358887
1 0 0 0
1 0 0 0
0.041925 -0.720982 0.008102
-0.523438 0.656250 0.515625
255 255 255 255
0.205078 0.757324
0.48291 0.566406
1 0 0 0
1 0 0 0
0.042875 -0.714713 0.006172
-0.437500 -0.234375 0.851563
255 255 255 255
0.204102 0.75
0.48291 0.558594
1 0 0 0
1 0 0 0
0.044606 -0.717541 0.006308
-0.523438 0.656250 0.515625
255 255 255 255
0.194336 0.75293
0.479981 0.561523
1 0 0 0
1 0 0 0
0.041586 -0.702680 -0.007404
-0.601563 0.062500 -0.804688
255 255 255 255
0.114258 0.731445
0.457031 0.537598
1 0 0 0
1 0 0 0
0.042528 -0.692706 -0.005209
-0.476563 0.476563 -0.734375
255 255 255 255
0.130859 0.718262
0.461914 0.522949
1 0 0 0
1 0 0 0
0.041066 -0.696646 -0.005983
-0.593750 0.218750 -0.781250
255 255 255 255
0.119141 0.723145
0.458496 0.52832
1 0 0 0
1 0 0 0
0.005094 -0.100335 0.015047
-0.007813 -1.000000 -0.007813
255 255 255 255
0.424316 0.927246
0.040039 0.268555
1 0 0 0
1 0 0 0
0.016118 -0.100343 0.006869
-0.007813 -1.000000 -0.007813
255 255 255 255
0.357422 0.927246
0.021484 0.268555
1 0 0 0
1 0 0 0
0.010164 -0.100346 0.004567
-0.007813 -1.000000 -0.007813
255 255 255 255
0.360352 0.936523
0.021973 0.285156
1 0 0 0
1 0 0 0
0.003279 -0.100294 0.005174
-0.007813 -1.000000 -0.007813
255 255 255 255
0.427734 0.936523
0.041016 0.285156
0 0 0 0
1 0 0 0
-0.016914 -0.100141 0.011923
-0.007813 -1.000000 -0.007813
255 255 255 255
0.531738 0.927246
0.070801 0.268555
1 0 0 0
1 0 0 0
-0.017371 -0.100144 0.002238
-0.007813 -1.000000 -0.007813
255 255 255 255
0.551758 0.936523
0.07666 0.285156
1 0 0 0
1 0 0 0
-0.016914 -0.100141 -0.012050
-0.007813 -1.000000 -0.007813
255 255 255 255
0.612793 0.927246
0.09375 0.268555
1 0 0 0
1 0 0 0
-0.023560 -0.100036 -0.000064
-0.007813 -1.000000 -0.007813
255 255 255 255
0.570313 0.927246
0.081543 0.268555
1 0 0 0
1 0 0 0
-0.016743 -0.100177 -0.002711
-0.007813 -1.000000 -0.007813
255 255 255 255
0.617188 0.936523
0.095215 0.285156
1 0 0 0
1 0 0 0
-0.002648 -0.100293 -0.015974
-0.007813 -1.000000 -0.007813
255 255 255 255
0.687012 0.927246
0.114746 0.268555
1 0 0 0
1 0 0 0
0.010302 -0.100345 -0.004913
-0.007813 -1.000000 -0.007813
255 255 255 255
0.785156 0.936523
0.142578 0.285156
1 0 0 0
1 0 0 0
0.011621 -0.100347 -0.012050
-0.007813 -1.000000 -0.007813
255 255 255 255
0.761231 0.927246
0.136231 0.268555
1 0 0 0
1 0 0 0
0.016211 -0.088199 -0.006996
-0.007813 0.984375 -0.007813
255 255 255 255
0.746094 0.939941
0.143066 0.25
1 0 0 0
1 0 0 0
0.018364 -0.088193 -0.000064
-0.007813 0.984375 -0.007813
255 255 255 255
0.706055 0.9375
0.149414 0.25
1 0 0 0
1 0 0 0
0.009569 -0.088201 0.005380
-0.007813 0.984375 -0.007813
255 255 255 255
0.666992 0.949219
0.029297 0.231445
1 0 0 0
1 0 0 0
0.009569 -0.088201 -0.005477
-0.007813 0.984375 -0.007813
255 255 255 255
0.742676 0.948242
0.136231 0.231445
1 0 0 0
1 0 0 0
0.018271 -0.100339 -0.000064
-0.007813 -1.000000 -0.007813
255 255 255 255
0.808594 0.927246
0.149414 0.268555
1 0 0 0
1 0 0 0
0.016211 -0.088199 0.006869
-0.007813 0.984375 -0.007813
255 255 255 255
0.666016 0.94043
0.021484 0.25
1 0 0 0
1 0 0 0
0.005187 -0.088192 0.015047
-0.007813 0.984375 -0.007813
255 255 255 255
0.626465 0.955078
0.040039 0.25
1 0 0 0
1 0 0 0
0.018271 -0.100339 -0.000064
-0.007813 -1.000000 -0.007813
255 255 255 255
0.334473 0.927246
0.014648 0.268555
1 0 0 0
1 0 0 0
-0.017273 -0.088006 -0.002326
-0.007813 0.984375 -0.007813
255 255 255 255
0.720703 0.991699
0.086914 0.231445
1 0 0 0
1 0 0 0
-0.010296 -0.088084 -0.015175
-0.007813 0.984375 -0.007813
255 255 255 255
0.787598 0.979981
0.103516 0.25
1 0 0 0
1 0 0 0
-0.021316 -0.087935 -0.006996
-0.007813 0.984375 -0.007813
255 255 255 255
0.746094 0.996582
0.086914 0.25
1 0 0 0
1 0 0 0
-0.010296 -0.088083 0.015047
-0.007813 0.984375 -0.007813
255 255 255 255
0.628906 0.981445
0.0625 0.25
1 0 0 0
1 0 0 0
-0.016821 -0.088003 0.011923
-0.007813 0.984375 -0.007813
255 255 255 255
0.644531 0.989258
0.070801 0.25
1 0 0 0
1 0 0 0
-0.017273 -0.088006 0.002240
-0.007813 0.984375 -0.007813
255 255 255 255
0.697266 0.991699
0.07666 0.231445
1 0 0 0
1 0 0 0
0.001771 -0.656407 -0.006008
0.343750 0.750000 -0.539063
255 255 255 255
1.116211 0.752441
0.118652 0.413086
0 0 0 0
1 0 0 0
0.001155 -0.653230 -0.006793
0.250000 0.750000 -0.585938
255 255 255 255
1.120117 0.748047
0.119629 0.405762
0 0 0 0
1 0 0 0
0.003582 -0.659203 -0.008875
0.343750 0.750000 -0.539063
255 255 255 255
1.121582 0.757324
0.120117 0.422363
0 0 0 0
1 0 0 0
0.025833 -0.868614 0.000000
-0.953125 -0.210938 0.226563
255 255 255 255
1.007324 0.674316
0.381836 0.619141
0 0 0 0
1 0 0 0
0.021371 -0.844848 0.000000
-0.960938 -0.187500 0.226563
255 255 255 255
1.014648 0.643066
0.384277 0.579102
0 0 0 0
1 0 0 0
0.023254 -0.844420 0.007664
-0.898438 -0.156250 0.414063
255 255 255 255
1.043457 0.643066
0.393555 0.579102
0 0 0 0
1 0 0 0
0.026809 -0.863502 0.007626
-0.875000 -0.187500 0.437500
255 255 255 255
1.038086 0.666992
0.39209 0.609863
0 0 0 0
1 0 0 0
0.032369 -0.884375 0.007370
-0.695313 -0.570313 0.445313
255 255 255 255
1.055176 0.693359
0.397461 0.643555
0 0 0 0
1 0 0 0
0.028954 -0.882754 0.000000
-0.867188 -0.468750 0.210938
255 255 255 255
1.017578 0.691406
0.385254 0.641113
0 0 0 0
1 0 0 0
0.031289 -0.860882 0.014402
-0.570313 -0.054688 0.804688
255 255 255 255
1.071777 0.665039
0.402832 0.607422
0 0 0 0
1 0 0 0
0.030482 -0.850915 0.013565
-0.531250 -0.203125 0.812500
255 255 255 255
1.073242 0.652344
0.403809 0.591309
0 0 0 0
1 0 0 0
0.032438 -0.855796 0.014345
-0.515625 0.031250 0.843750
255 255 255 255
1.078613 0.659668
0.405273 0.600098
0 0 0 0
1 0 0 0
0.042212 -0.871619 0.016979
-0.234375 -0.054688 0.953125
255 255 255 255
1.115234 0.680176
0.417481 0.626953
0 0 0 0
1 0 0 0
0.038785 -0.860496 0.017217
-0.367188 -0.062500 0.914063
255 255 255 255
1.104004 0.666504
0.413574 0.609375
0 0 0 0
1 0 0 0
0.038467 -0.850097 0.017564
-0.179688 0.007813 0.968750
255 255 255 255
1.109863 0.650391
0.415527 0.588379
0 0 0 0
1 0 0 0
0.033237 -0.849625 0.015137
-0.406250 -0.273438 0.859375
255 255 255 255
1.086426 0.649902
0.407715 0.587891
0 0 0 0
1 0 0 0
0.037258 -0.841391 0.017758
-0.171875 0.109375 0.960938
255 255 255 255
1.117188 0.643066
0.417969 0.579102
0 0 0 0
1 0 0 0
0.044155 -0.846833 0.016388
0.828125 -0.109375 0.507813
255 255 255 255
1.143066 0.651856
0.42627 0.590332
0 0 0 0
1 0 0 0
0.028738 -0.846610 0.014090
-0.546875 -0.195313 0.804688
255 255 255 255
1.070801 0.646973
0.402832 0.584473
0 0 0 0
1 0 0 0
0.036824 -0.883316 0.013295
-0.515625 -0.437500 0.726563
255 255 255 255
1.083496 0.691895
0.406738 0.641602
0 0 0 0
1 0 0 0
0.049199 -0.872702 0.019855
-0.640625 0.617188 0.437500
255 255 255 255
1.147461 0.68457
0.427734 0.632324
0 0 0 0
1 0 0 0
0.042297 -0.852832 0.017931
0.187500 -0.062500 0.960938
255 255 255 255
1.120605 0.65332
0.418945 0.592285
0 0 0 0
1 0 0 0
0.037576 -0.852462 0.017517
-0.093750 0.000000 0.976563
255 255 255 255
1.108887 0.651856
0.415039 0.59082
0 0 0 0
1 0 0 0
0.035291 -0.856443 0.015810
-0.515625 -0.101563 0.835938
255 255 255 255
1.091797 0.660645
0.409668 0.601563
0 0 0 0
1 0 0 0
0.036443 -0.853868 0.016711
-0.343750 -0.054688 0.921875
255 255 255 255
1.101563 0.659668
0.412598 0.600586
0 0 0 0
1 0 0 0
0.044329 -0.866643 0.017817
-0.164063 -0.054688 0.968750
255 255 255 255
1.115723 0.674316
0.417481 0.619141
0 0 0 0
1 0 0 0
0.039881 -0.857460 0.017350
-0.234375 0.015625 0.953125
255 255 255 255
1.107422 0.663574
0.415039 0.605469
0 0 0 0
1 0 0 0
0.042964 -0.840283 0.016381
0.382813 0.210938 0.875000
255 255 255 255
1.143066 0.643066
0.42627 0.579102
0 0 0 0
1 0 0 0
0.028470 -0.843156 0.013908
-0.640625 -0.023438 0.757813
255 255 255 255
1.075195 0.643066
0.404297 0.579102
0 0 0 0
1 0 0 0
0.050321 -0.878502 0.019704
-0.289063 -0.250000 0.906250
255 255 255 255
1.145996 0.689941
0.427734 0.638672
0 0 0 0
1 0 0 0
0.025833 -0.868614 0.000000
-0.953125 -0.210938 -0.250000
255 255 255 255
0.007324 0.674316
0.015137 0.361328
0 0 0 0
1 0 0 0
0.026809 -0.863502 -0.007626
-0.875000 -0.187500 -0.460938
255 255 255 255
0.038086 0.666992
0.024902 0.34668
1 0 0 0
1 0 0 0
0.023254 -0.844420 -0.007664
-0.898438 -0.156250 -0.437500
255 255 255 255
0.043457 0.643066
0.026855 0.296387
1 0 0 0
1 0 0 0
0.021371 -0.844848 0.000000
-0.960938 -0.187500 -0.250000
255 255 255 255
0.014648 0.643066
0.017578 0.296387
0 0 0 0
1 0 0 0
0.028954 -0.882754 0.000000
-0.867188 -0.468750 -0.234375
255 255 255 255
0.017578 0.691406
0.018555 0.396973
0 0 0 0
1 0 0 0
0.032369 -0.884375 -0.007370
-0.695313 -0.570313 -0.468750
255 255 255 255
0.055176 0.693359
0.030762 0.400391
1 0 0 0
1 0 0 0
0.032438 -0.855796 -0.014345
-0.515625 0.031250 -0.867188
255 255 255 255
0.078613 0.659668
0.038086 0.330566
1 0 0 0
1 0 0 0
0.030482 -0.850915 -0.013565
-0.531250 -0.203125 -0.835938
255 255 255 255
0.073242 0.652344
0.036621 0.315918
1 0 0 0
1 0 0 0
0.031289 -0.860882 -0.014402
-0.570313 -0.054688 -0.828125
255 255 255 255
0.071777 0.665039
0.036133 0.342285
1 0 0 0
1 0 0 0
0.038785 -0.860496 -0.017217
-0.367188 -0.062500 -0.937500
255 255 255 255
0.104004 0.666504
0.046387 0.344727
1 0 0 0
1 0 0 0
0.042212 -0.871619 -0.016979
-0.234375 -0.054688 -0.976563
255 255 255 255
0.115234 0.680176
0.049805 0.374023
1 0 0 0
1 0 0 0
0.038467 -0.850097 -0.017564
-0.179688 0.007813 -0.992188
255 255 255 255
0.109863 0.650391
0.047852 0.311523
1 0 0 0
1 0 0 0
0.044155 -0.846833 -0.016388
0.828125 -0.109375 -0.531250
255 255 255 255
0.143066 0.651856
0.058594 0.314453
1 0 0 0
1 0 0 0
0.037258 -0.841391 -0.017758
-0.171875 0.109375 -0.984375
255 255 255 255
0.117188 0.643066
0.050293 0.296387
1 0 0 0
1 0 0 0
0.033237 -0.849625 -0.015137
-0.406250 -0.273438 -0.882813
255 255 255 255
0.086426 0.649902
0.040527 0.310547
1 0 0 0
1 0 0 0
0.028738 -0.846610 -0.014090
-0.546875 -0.195313 -0.828125
255 255 255 255
0.070801 0.646973
0.035645 0.305176
1 0 0 0
1 0 0 0
0.049199 -0.872702 -0.019855
-0.640625 0.617188 -0.460938
255 255 255 255
0.147461 0.68457
0.060059 0.382813
1 0 0 0
1 0 0 0
0.036824 -0.883316 -0.013295
-0.515625 -0.437500 -0.750000
255 255 255 255
0.083496 0.691895
0.039551 0.396973
1 0 0 0
1 0 0 0
0.042297 -0.852832 -0.017931
0.187500 -0.062500 -0.984375
255 255 255 255
0.120606 0.65332
0.05127 0.317871
1 0 0 0
1 0 0 0
0.037576 -0.852462 -0.017517
-0.093750 0.000000 -1.000000
255 255 255 255
0.108887 0.651856
0.047852 0.31543
1 0 0 0
1 0 0 0
0.035290 -0.856443 -0.015810
-0.515625 -0.101563 -0.859375
255 255 255 255
0.091797 0.660645
0.04248 0.33252
1 0 0 0
1 0 0 0
0.036443 -0.853868 -0.016711
-0.343750 -0.054688 -0.945313
255 255 255 255
0.101563 0.659668
0.04541 0.331055
1 0 0 0
1 0 0 0
0.044329 -0.866643 -0.017817
-0.164063 -0.054688 -0.992188
255 255 255 255
0.115723 0.674316
0.049805 0.361328
1 0 0 0
1 0 0 0
0.039881 -0.857460 -0.017350
-0.234375 0.015625 -0.976563
255 255 255 255
0.107422 0.663574
0.047363 0.338379
1 0 0 0
1 0 0 0
0.042964 -0.840283 -0.016380
0.382813 0.210938 -0.898438
255 255 255 255
0.143066 0.643066
0.058594 0.296387
1 0 0 0
1 0 0 0
0.028470 -0.843156 -0.013908
-0.640625 -0.023438 -0.781250
255 255 255 255
0.075195 0.643066
0.037109 0.296387
1 0 0 0
1 0 0 0
0.050321 -0.878502 -0.019704
-0.289063 -0.250000 -0.929688
255 255 255 255
0.145996 0.689941
0.05957 0.393066
1 0 0 0
1 0 0 0
-0.007330 -0.551167 0.009236
0.867188 0.062500 -0.460938
255 255 255 255
1.225098 0.821289
0.399902 0.396973
1 0 0 0
1 0 0 0
-0.009658 -0.556654 0.004649
0.898438 0.062500 -0.398438
255 255 255 255
1.216309 0.824219
0.393066 0.407715
1 0 0 0
1 0 0 0
-0.002824 -0.558864 0.011712
0.593750 0.039063 -0.796875
255 255 255 255
1.171387 0.824707
0.12793 0.13916
1 0 0 0
1 0 0 0
0.029338 -0.553273 0.004595
-0.929688 -0.085938 -0.382813
255 255 255 255
1.301758 0.824219
0.458984 0.407715
1 0 0 0
1 0 0 0
0.028482 -0.543770 0.000000
-1.000000 -0.093750 -0.007813
255 255 255 255
1.075195 0.820801
0.069824 0.124023
1 0 0 0
1 0 0 0
0.025162 -0.548436 0.008636
-0.820313 -0.078125 -0.585938
255 255 255 255
1.097656 0.820801
0.083496 0.124023
1 0 0 0
1 0 0 0
-0.007330 -0.551167 0.009236
-0.804688 -0.078125 0.585938
255 255 255 255
1.225098 0.821289
0.399902 0.396973
1 0 0 0
1 0 0 0
-0.002824 -0.558864 0.011712
-0.804688 -0.078125 0.585938
255 255 255 255
1.23291 0.824707
0.405762 0.40918
1 0 0 0
1 0 0 0
-0.009658 -0.556654 0.004649
-0.914063 -0.085938 0.398438
255 255 255 255
1.216309 0.824219
0.393066 0.407715
1 0 0 0
1 0 0 0
0.029338 -0.553273 0.004595
0.921875 0.062500 0.312500
255 255 255 255
1.301758 0.824219
0.458984 0.407715
1 0 0 0
1 0 0 0
0.025162 -0.548436 0.008636
0.773438 0.054688 0.585938
255 255 255 255
1.29248 0.820801
0.45166 0.395996
1 0 0 0
1 0 0 0
0.028482 -0.543770 0.000000
0.890625 0.062500 0.398438
255 255 255 255
1.310059 0.820801
0.465332 0.395996
1 0 0 0
1 0 0 0
0.007176 -0.558639 0.015644
0.078125 0.000000 -1.000000
255 255 255 255
1.145996 0.824707
0.112793 0.13916
1 0 0 0
1 0 0 0
0.012903 -0.560139 0.015678
0.015625 0.304688 -0.953125
255 255 255 255
1.133301 0.825684
0.104981 0.143555
1 0 0 0
1 0 0 0
0.009715 -0.554709 0.016982
-0.007813 -0.007813 -1.000000
255 255 255 255
1.258301 0.822266
0.425293 0.401367
1 0 0 0
1 0 0 0
0.002401 -0.551446 0.014861
0.328125 0.023438 -0.945313
255 255 255 255
1.155762 0.820801
0.118652 0.124023
1 0 0 0
1 0 0 0
0.017014 -0.557785 0.014861
-0.398438 -0.046875 -0.921875
255 255 255 255
1.123047 0.824707
0.098633 0.13916
1 0 0 0
1 0 0 0
0.012952 -0.551285 0.015672
-0.140625 -0.015625 -0.992188
255 255 255 255
1.131348 0.820801
0.104004 0.124023
1 0 0 0
1 0 0 0
0.029338 -0.553273 0.004595
-0.765625 -0.078125 -0.648438
255 255 255 255
1.301758 0.824219
0.458984 0.407715
1 0 0 0
1 0 0 0
0.016798 -0.550212 0.015990
-0.601563 -0.062500 -0.804688
255 255 255 255
1.272461 0.821289
0.436523 0.396973
1 0 0 0
1 0 0 0
0.023445 -0.556555 0.012689
-0.601563 -0.062500 -0.804688
255 255 255 255
1.283691 0.824219
0.445313 0.407715
1 0 0 0
1 0 0 0
-0.007330 -0.551167 0.009236
0.593750 0.039063 -0.796875
255 255 255 255
1.225098 0.821289
0.399902 0.396973
1 0 0 0
1 0 0 0
-0.011973 -0.547165 0.000000
0.976563 0.070313 -0.007813
255 255 255 255
0.20752 0.821289
0.014648 0.174805
1 0 0 0
1 0 0 0
-0.010200 -0.554052 0.000000
0.976563 0.070313 -0.007813
255 255 255 255
1.203125 0.824707
0.147461 0.13916
1 0 0 0
1 0 0 0
0.030248 -0.550567 0.000000
-1.000000 -0.093750 -0.007813
255 255 255 255
0.310547 0.824219
0.094238 0.189941
1 0 0 0
1 0 0 0
0.009715 -0.554709 0.016982
-0.007813 -0.007813 0.984375
255 255 255 255
1.258301 0.822266
0.425293 0.401367
1 0 0 0
1 0 0 0
0.012903 -0.560139 0.016742
0.132813 -0.117188 0.960938
255 255 255 255
1.263672 0.825195
0.429688 0.411133
1 0 0 0
1 0 0 0
0.007176 -0.558639 0.015644
-0.132813 -0.046875 0.968750
255 255 255 255
1.251953 0.824707
0.42041 0.40918
1 0 0 0
1 0 0 0
0.002401 -0.551446 0.014861
-0.148438 -0.046875 0.968750
255 255 255 255
1.244629 0.820801
0.415039 0.395996
1 0 0 0
1 0 0 0
0.016798 -0.550212 0.015990
0.289063 0.007813 0.937500
255 255 255 255
1.272461 0.821289
0.436523 0.396973
1 0 0 0
1 0 0 0
0.017014 -0.557785 0.014861
0.367188 0.023438 0.906250
255 255 255 255
1.271484 0.824707
0.435547 0.40918
1 0 0 0
1 0 0 0
0.012952 -0.551285 0.015672
0.125000 -0.015625 0.968750
255 255 255 255
1.265137 0.820801
0.430664 0.395996
1 0 0 0
1 0 0 0
0.023445 -0.556555 0.012689
0.578125 0.039063 0.781250
255 255 255 255
1.283691 0.824219
0.445313 0.407715
1 0 0 0
1 0 0 0
-0.002824 -0.558864 0.011712
-0.617188 -0.062500 0.773438
255 255 255 255
1.23291 0.824707
0.405762 0.40918
1 0 0 0
1 0 0 0
0.002401 -0.551446 0.014861
-0.351563 -0.046875 0.921875
255 255 255 255
1.244629 0.820801
0.415039 0.395996
1 0 0 0
1 0 0 0
0.002636 -0.559052 0.015996
-0.335938 -0.039063 0.929688
255 255 255 255
1.244629 0.824219
0.415039 0.407715
1 0 0 0
1 0 0 0
-0.011973 -0.547165 0.000000
-1.000000 -0.093750 -0.007813
255 255 255 255
1.20752 0.821289
0.386231 0.396973
1 0 0 0
1 0 0 0
-0.010200 -0.554052 0.000000
-1.000000 -0.093750 -0.007813
255 255 255 255
1.208008 0.824707
0.386231 0.40918
1 0 0 0
1 0 0 0
0.028482 -0.543770 0.000000
0.976563 0.070313 -0.007813
255 255 255 255
1.310059 0.820801
0.465332 0.395996
1 0 0 0
1 0 0 0
0.030248 -0.550567 0.000000
0.976563 0.070313 -0.007813
255 255 255 255
1.310547 0.824219
0.46582 0.407715
1 0 0 0
1 0 0 0
0.008115 -0.560644 0.015678
-0.101563 0.187500 -0.976563
255 255 255 255
1.144043 0.825684
0.111816 0.144043
1 0 0 0
1 0 0 0
0.017300 -0.559676 0.014458
0.250000 0.109375 0.937500
255 255 255 255
1.272461 0.825684
0.436523 0.413086
1 0 0 0
1 0 0 0
0.015942 -0.565020 0.016216
0.187500 0.007813 0.960938
255 255 255 255
1.269043 0.828125
0.434082 0.420898
1 0 0 0
1 0 0 0
0.015196 -0.560803 0.015152
-0.171875 0.070313 -0.984375
255 255 255 255
1.12793 0.826172
0.102051 0.145508
1 0 0 0
1 0 0 0
0.015942 -0.565020 0.016216
-0.132813 -0.039063 -0.992188
255 255 255 255
1.269043 0.828125
0.434082 0.420898
1 0 0 0
1 0 0 0
0.017300 -0.559676 0.014458
-0.195313 -0.093750 -0.984375
255 255 255 255
1.123047 0.825684
0.098633 0.143555
1 0 0 0
1 0 0 0
0.003717 -0.561108 0.015522
0.265625 -0.101563 -0.960938
255 255 255 255
1.245117 0.826172
0.415527 0.414063
1 0 0 0
1 0 0 0
0.006160 -0.566051 0.016216
0.257813 -0.070313 -0.960938
255 255 255 255
1.248535 0.828125
0.417969 0.421387
1 0 0 0
1 0 0 0
0.006010 -0.561771 0.016216
-0.234375 -0.046875 0.953125
255 255 255 255
1.248535 0.826172
0.417969 0.413574
1 0 0 0
1 0 0 0
0.006160 -0.566051 0.016216
-0.203125 -0.031250 0.960938
255 255 255 255
1.248535 0.828125
0.417969 0.421387
1 0 0 0
1 0 0 0
0.003717 -0.561108 0.015522
-0.187500 0.046875 0.960938
255 255 255 255
1.245117 0.826172
0.415527 0.414063
1 0 0 0
1 0 0 0
0.010818 -0.571206 0.015678
-0.093750 -0.062500 0.976563
255 255 255 255
1.257324 0.831543
0.424805 0.433594
1 0 0 0
1 0 0 0
0.010818 -0.571206 0.015678
0.031250 -0.039063 -1.000000
255 255 255 255
1.140137 0.832031
0.109375 0.168457
1 0 0 0
1 0 0 0
0.006160 -0.566051 0.016216
0.109375 -0.015625 -0.992188
255 255 255 255
1.248535 0.828125
0.417969 0.421387
1 0 0 0
1 0 0 0
0.007176 -0.558639 0.015644
-0.132813 -0.101563 0.968750
255 255 255 255
1.251953 0.824707
0.42041 0.40918
1 0 0 0
1 0 0 0
0.010818 -0.571206 0.015678
0.078125 -0.046875 0.976563
255 255 255 255
1.257324 0.831543
0.424805 0.433594
1 0 0 0
1 0 0 0
-0.002824 -0.558864 -0.011712
0.593750 0.039063 0.773438
255 255 255 255
0.171387 0.824707
0.404297 0.355469
1 0 0 0
1 0 0 0
-0.009658 -0.556654 -0.004649
0.898438 0.062500 0.375000
255 255 255 255
0.216309 0.824219
0.021484 0.189941
1 0 0 0
1 0 0 0
-0.007330 -0.551167 -0.009236
0.867188 0.062500 0.437500
255 255 255 255
0.225098 0.821289
0.02832 0.174805
1 0 0 0
1 0 0 0
0.025162 -0.548436 -0.008636
-0.820313 -0.078125 0.562500
255 255 255 255
0.097656 0.820801
0.359863 0.345703
1 0 0 0
1 0 0 0
0.028821 -0.546346 -0.004467
-0.929688 -0.085938 0.359375
255 255 255 255
0.302734 0.821289
0.088379 0.174805
1 0 0 0
1 0 0 0
0.029338 -0.553272 -0.004595
-0.929688 -0.085938 0.359375
255 255 255 255
0.301758 0.824219
0.087891 0.189941
1 0 0 0
1 0 0 0
-0.009658 -0.556654 -0.004649
-0.914063 -0.085938 -0.421875
255 255 255 255
0.216309 0.824219
0.021484 0.189941
1 0 0 0
1 0 0 0
-0.002824 -0.558864 -0.011712
-0.804688 -0.078125 -0.609375
255 255 255 255
0.23291 0.824707
0.034668 0.191895
1 0 0 0
1 0 0 0
-0.007330 -0.551167 -0.009236
-0.804688 -0.078125 -0.609375
255 255 255 255
0.225098 0.821289
0.02832 0.174805
1 0 0 0
1 0 0 0
0.028821 -0.546346 -0.004467
0.890625 0.062500 -0.421875
255 255 255 255
0.302734 0.821289
0.088379 0.174805
1 0 0 0
1 0 0 0
0.025162 -0.548436 -0.008636
0.773438 0.054688 -0.609375
255 255 255 255
0.292481 0.820801
0.080566 0.172852
1 0 0 0
1 0 0 0
0.029338 -0.553272 -0.004595
0.921875 0.062500 -0.335938
255 255 255 255
0.301758 0.824219
0.087891 0.189941
1 0 0 0
1 0 0 0
0.007176 -0.558639 -0.015644
0.078125 0.000000 0.976563
255 255 255 255
0.145996 0.824707
0.38916 0.355469
1 0 0 0
1 0 0 0
0.002401 -0.551446 -0.014861
0.328125 0.023438 0.921875
255 255 255 255
0.155762 0.820801
0.39502 0.345703
1 0 0 0
1 0 0 0
0.009715 -0.554709 -0.016982
-0.007813 -0.007813 0.984375
255 255 255 255
0.258301 0.822266
0.054199 0.180664
1 0 0 0
1 0 0 0
0.012903 -0.560139 -0.015678
0.015625 0.304688 0.929688
255 255 255 255
0.133301 0.825684
0.381348 0.358887
1 0 0 0
1 0 0 0
0.012952 -0.551285 -0.015672
-0.140625 -0.015625 0.968750
255 255 255 255
0.131348 0.820801
0.380371 0.345703
1 0 0 0
1 0 0 0
0.017014 -0.557785 -0.014861
-0.398438 -0.046875 0.898438
255 255 255 255
0.123047 0.824707
0.375 0.355957
1 0 0 0
1 0 0 0
0.029338 -0.553272 -0.004595
-0.765625 -0.078125 0.625000
255 255 255 255
0.301758 0.824219
0.087891 0.189941
1 0 0 0
1 0 0 0
0.023445 -0.556555 -0.012689
-0.601563 -0.062500 0.781250
255 255 255 255
0.283691 0.824219
0.07373 0.189941
1 0 0 0
1 0 0 0
0.016798 -0.550212 -0.015990
-0.601563 -0.062500 0.781250
255 255 255 255
0.272461 0.821289
0.064941 0.174805
1 0 0 0
1 0 0 0
-0.007330 -0.551167 -0.009236
0.593750 0.039063 0.773438
255 255 255 255
0.225098 0.821289
0.02832 0.174805
1 0 0 0
1 0 0 0
-0.010200 -0.554052 0.000000
0.976563 0.070313 -0.007813
255 255 255 255
0.203125 0.824707
0.423828 0.355469
1 0 0 0
1 0 0 0
-0.011973 -0.547165 0.000000
0.976563 0.070313 -0.007813
255 255 255 255
0.20752 0.821289
0.014648 0.174805
1 0 0 0
1 0 0 0
0.028482 -0.543770 0.000000
-1.000000 -0.093750 -0.007813
255 255 255 255
0.075195 0.820801
0.346191 0.345703
1 0 0 0
1 0 0 0
0.030248 -0.550567 0.000000
-1.000000 -0.093750 -0.007813
255 255 255 255
0.310547 0.824219
0.094238 0.189941
1 0 0 0
1 0 0 0
0.009715 -0.554709 -0.016982
-0.007813 -0.007813 -1.000000
255 255 255 255
0.258301 0.822266
0.054199 0.180664
1 0 0 0
1 0 0 0
0.002401 -0.551446 -0.014861
-0.148438 -0.046875 -0.992188
255 255 255 255
0.244629 0.820801
0.043945 0.172852
1 0 0 0
1 0 0 0
0.007176 -0.558639 -0.015644
-0.132813 -0.046875 -0.992188
255 255 255 255
0.251953 0.824707
0.049316 0.191895
1 0 0 0
1 0 0 0
0.012903 -0.560139 -0.016742
0.132813 -0.117188 -0.984375
255 255 255 255
0.263672 0.825195
0.058105 0.194824
1 0 0 0
1 0 0 0
0.016798 -0.550212 -0.015990
0.289063 0.007813 -0.960938
255 255 255 255
0.272461 0.821289
0.064941 0.174805
1 0 0 0
1 0 0 0
0.012952 -0.551285 -0.015672
0.125000 -0.015625 -0.992188
255 255 255 255
0.265137 0.820801
0.05957 0.172852
1 0 0 0
1 0 0 0
0.017014 -0.557785 -0.014861
0.367188 0.023438 -0.929688
255 255 255 255
0.271484 0.824707
0.064453 0.191895
1 0 0 0
1 0 0 0
0.023445 -0.556555 -0.012689
0.578125 0.039063 -0.804688
255 255 255 255
0.283691 0.824219
0.07373 0.189941
1 0 0 0
1 0 0 0
-0.002824 -0.558864 -0.011712
-0.617188 -0.062500 -0.796875
255 255 255 255
0.23291 0.824707
0.034668 0.191895
1 0 0 0
1 0 0 0
0.002636 -0.559052 -0.015996
-0.335938 -0.039063 -0.953125
255 255 255 255
0.244629 0.824219
0.043457 0.189941
1 0 0 0
1 0 0 0
0.002401 -0.551446 -0.014861
-0.351563 -0.046875 -0.945313
255 255 255 255
0.244629 0.820801
0.043945 0.172852
1 0 0 0
1 0 0 0
-0.011973 -0.547165 0.000000
-1.000000 -0.093750 -0.007813
255 255 255 255
0.20752 0.821289
0.014648 0.174805
1 0 0 0
1 0 0 0
-0.010200 -0.554052 0.000000
-1.000000 -0.093750 -0.007813
255 255 255 255
0.208008 0.824707
0.015137 0.191895
1 0 0 0
1 0 0 0
0.028482 -0.543770 0.000000
0.976563 0.070313 -0.007813
255 255 255 255
0.310059 0.820801
0.094238 0.172852
1 0 0 0
1 0 0 0
0.030248 -0.550567 0.000000
0.976563 0.070313 -0.007813
255 255 255 255
0.310547 0.824219
0.094238 0.189941
1 0 0 0
1 0 0 0
0.008115 -0.560644 -0.015678
-0.101563 0.187500 0.953125
255 255 255 255
0.144043 0.825684
0.388184 0.359375
1 0 0 0
1 0 0 0
0.015942 -0.565020 -0.016216
0.187500 0.007813 -0.984375
255 255 255 255
0.269043 0.828125
0.0625 0.208984
1 0 0 0
1 0 0 0
0.017300 -0.559676 -0.014458
0.250000 0.109375 -0.960938
255 255 255 255
0.272461 0.825684
0.06543 0.197754
1 0 0 0
1 0 0 0
0.017300 -0.559676 -0.014458
-0.195313 -0.093750 0.960938
255 255 255 255
0.123047 0.825684
0.375 0.358887
1 0 0 0
1 0 0 0
0.015942 -0.565020 -0.016216
-0.132813 -0.039063 0.968750
255 255 255 255
0.269043 0.828125
0.0625 0.208984
1 0 0 0
1 0 0 0
0.015196 -0.560802 -0.015152
-0.171875 0.070313 0.960938
255 255 255 255
0.12793 0.826172
0.37793 0.360352
1 0 0 0
1 0 0 0
0.006160 -0.566051 -0.016216
0.257813 -0.070313 0.937500
255 255 255 255
0.248535 0.828125
0.046387 0.209961
1 0 0 0
1 0 0 0
0.003717 -0.561108 -0.015522
0.265625 -0.101563 0.937500
255 255 255 255
0.245117 0.826172
0.043945 0.199219
1 0 0 0
1 0 0 0
0.003717 -0.561108 -0.015522
-0.187500 0.046875 -0.984375
255 255 255 255
0.245117 0.826172
0.043945 0.199219
1 0 0 0
1 0 0 0
0.006160 -0.566051 -0.016216
-0.203125 -0.031250 -0.984375
255 255 255 255
0.248535 0.828125
0.046387 0.209961
1 0 0 0
1 0 0 0
0.006010 -0.561771 -0.016216
-0.234375 -0.046875 -0.976563
255 255 255 255
0.248535 0.826172
0.046875 0.198731
1 0 0 0
1 0 0 0
0.010818 -0.571206 -0.015678
-0.093750 -0.062500 -1.000000
255 255 255 255
0.257324 0.831543
0.053223 0.227539
1 0 0 0
1 0 0 0
0.010818 -0.571206 -0.015678
0.031250 -0.039063 0.976563
255 255 255 255
0.140137 0.832031
0.385742 0.375977
1 0 0 0
1 0 0 0
0.006160 -0.566051 -0.016216
0.109375 -0.015625 0.968750
255 255 255 255
0.248535 0.828125
0.046387 0.209961
1 0 0 0
1 0 0 0
0.007176 -0.558639 -0.015644
-0.132813 -0.101563 -0.992188
255 255 255 255
0.251953 0.824707
0.049316 0.191895
1 0 0 0
1 0 0 0
0.010818 -0.571206 -0.015678
0.078125 -0.046875 -1.000000
255 255 255 255
0.257324 0.831543
0.053223 0.227539
1 0 0 0
1 0 0 0
-0.018105 -0.158201 -0.008246
-0.976563 -0.226563 -0.046875
255 255 255 255
0.025391 0.805176
0.421387 0.380371
1 0 0 0
1 0 0 0
-0.018845 -0.154216 -0.012354
-0.992188 0.000000 -0.171875
255 255 255 255
0.049316 0.799316
0.42627 0.375
1 0 0 0
1 0 0 0
-0.018003 -0.150352 -0.008246
-0.976563 0.226563 -0.039063
255 255 255 255
0.025391 0.793945
0.421387 0.369629
1 0 0 0
1 0 0 0
-0.016392 -0.154168 -0.017909
-0.679688 -0.007813 -0.742188
255 255 255 255
0.097656 0.799316
0.436523 0.375
1 0 0 0
1 0 0 0
0.012010 -0.150103 -0.008246
0.953125 0.203125 -0.046875
255 255 255 255
0.318848 0.793945
0.483887 0.369629
1 0 0 0
1 0 0 0
0.012749 -0.154081 -0.012354
0.968750 -0.023438 -0.171875
255 255 255 255
0.291504 0.799316
0.478027 0.375
1 0 0 0
1 0 0 0
0.011907 -0.157944 -0.008246
0.953125 -0.250000 -0.039063
255 255 255 255
0.318848 0.805176
0.483887 0.380371
1 0 0 0
1 0 0 0
0.010296 -0.154146 -0.017909
0.656250 -0.015625 -0.742188
255 255 255 255
0.255859 0.799316
0.470215 0.375
1 0 0 0
1 0 0 0
0.042607 -0.720799 -0.008875
-0.523438 0.656250 -0.539063
255 255 255 255
0.121582 0.757324
0.458496 0.566406
1 0 0 0
1 0 0 0
0.043675 -0.714441 -0.006793
-0.437500 0.671875 -0.585938
255 255 255 255
0.120117 0.748047
0.458496 0.556152
1 0 0 0
1 0 0 0
0.043766 -0.717675 -0.006008
-0.523438 0.656250 -0.539063
255 255 255 255
0.116211 0.752441
0.45752 0.561035
1 0 0 0
1 0 0 0
0.005187 -0.088192 -0.015175
-0.007813 0.984375 -0.007813
255 255 255 255
0.787598 0.95459
0.126465 0.25
1 0 0 0
1 0 0 0
-0.023467 -0.087900 -0.000064
-0.007813 0.984375 -0.007813
255 255 255 255
0.70752 0.999023
0.081543 0.25
1 0 0 0
1 0 0 0
0.018364 -0.088193 -0.000064
-0.007813 0.984375 -0.007813
255 255 255 255
0.706055 0.9375
0.014648 0.25
1 0 0 0
1 0 0 0
0.010164 -0.100346 0.004567
-0.867188 -0.007813 -0.515625
255 255 255 255
0.791992 0.905762
0.464356 0.216309
1 0 0 0
1 0 0 0
0.010302 -0.100345 -0.004913
-0.734375 -0.007813 0.671875
255 255 255 255
0.458984 0.905762
0.352051 0.216309
1 0 0 0
1 0 0 0
0.009569 -0.088201 0.005380
-0.414063 -0.007813 -0.921875
255 255 255 255
0.775391 0.894531
0.458496 0.199219
1 0 0 0
1 0 0 0
0.009569 -0.088201 -0.005477
-0.265625 -0.007813 0.945313
255 255 255 255
0.476074 0.894531
0.357422 0.199219
1 0 0 0
1 0 0 0
-0.017273 -0.088006 -0.002326
0.781250 -0.015625 0.585938
255 255 255 255
0.609863 0.894531
0.402832 0.199219
1 0 0 0
1 0 0 0
-0.016743 -0.100177 -0.002711
0.390625 -0.015625 0.898438
255 255 255 255
0.588379 0.905762
0.395508 0.216309
1 0 0 0
1 0 0 0
-0.017371 -0.100144 0.002238
0.742188 -0.015625 -0.656250
255 255 255 255
0.641113 0.905762
0.413574 0.216309
1 0 0 0
1 0 0 0
0.003279 -0.100294 0.005174
0.039063 -0.007813 -1.000000
255 255 255 255
0.741699 0.905762
0.447266 0.216309
0 0 0 0
1 0 0 0
-0.017273 -0.088006 0.002240
0.742188 -0.015625 -0.656250
255 255 255 255
0.641113 0.894531
0.413574 0.199219
1 0 0 0
1 0 0 0
0.001429 -0.641284 0.006800
0.781250 0.031250 -0.609375
255 255 255 255
0.074219 0.717285
0.376465 0.308106
0 0 0 0
1 0 0 0
0.003019 -0.651182 0.010040
0.734375 0.070313 -0.664063
255 255 255 255
1.208984 0.745606
0.144531 0.400879
0 0 0 0
1 0 0 0
0.003779 -0.641704 0.011860
0.687500 0.023438 -0.710938
255 255 255 255
1.222656 0.734375
0.147949 0.380859
0 0 0 0
1 0 0 0
0.004486 -0.641669 -0.011154
0.687500 0.023438 0.687500
255 255 255 255
0.008789 0.718262
0.349609 0.30957
0 0 0 0
1 0 0 0
0.003019 -0.651182 -0.010040
0.718750 0.054688 0.656250
255 255 255 255
1.103516 0.745606
0.114746 0.401367
0 0 0 0
1 0 0 0
0.000632 -0.641297 -0.007404
0.781250 0.031250 0.585938
255 255 255 255
1.114258 0.731445
0.117676 0.375488
0 0 0 0
1 0 0 0
0.007412 -0.644773 0.012999
0.593750 0.054688 -0.796875
255 255 255 255
0.09668 0.721191
0.385254 0.315918
0 0 0 0
1 0 0 0
-0.002035 -0.630732 0.004168
0.875000 0.085938 -0.453125
255 255 255 255
0.064453 0.707031
0.37207 0.289551
0 0 0 0
1 0 0 0
-0.002956 -0.638882 -0.000005
0.921875 0.093750 -0.335938
255 255 255 255
0.049316 0.713867
0.366211 0.302246
0 0 0 0
1 0 0 0
0.001995 -0.653321 0.006172
0.796875 0.062500 -0.578125
255 255 255 255
0.071777 0.728027
0.375488 0.327637
0 0 0 0
1 0 0 0
-0.004894 -0.626727 0.000000
0.976563 0.085938 -0.007813
255 255 255 255
1.15625 0.711426
0.129883 0.339844
0 0 0 0
1 0 0 0
-0.002956 -0.638882 -0.000005
0.976563 0.023438 0.078125
255 255 255 255
0.049316 0.713867
0.366211 0.302246
0 0 0 0
1 0 0 0
-0.001627 -0.661829 -0.000079
0.890625 0.062500 -0.406250
255 255 255 255
1.160645 0.758301
0.130859 0.424316
0 0 0 0
1 0 0 0
0.002776 -0.662348 0.007919
0.765625 0.070313 -0.617188
255 255 255 255
1.201172 0.760742
0.14209 0.428223
0 0 0 0
1 0 0 0
0.004288 -0.659233 0.008102
0.632813 -0.039063 -0.765625
255 255 255 255
1.205078 0.757324
0.143066 0.421875
0 0 0 0
1 0 0 0
0.006878 -0.653135 0.013153
0.578125 0.054688 -0.804688
255 255 255 255
1.229004 0.748535
0.149902 0.406738
0 0 0 0
1 0 0 0
0.003019 -0.651182 0.010040
0.585938 0.046875 -0.796875
255 255 255 255
1.208984 0.745606
0.144531 0.400879
0 0 0 0
1 0 0 0
-0.001627 -0.661829 -0.000079
0.914063 0.054688 -0.359375
255 255 255 255
1.160645 0.758301
0.130859 0.424316
0 0 0 0
1 0 0 0
-0.001112 -0.654160 -0.000078
0.976563 0.039063 -0.007813
255 255 255 255
0.049316 0.728027
0.366211 0.327637
0 0 0 0
1 0 0 0
0.001771 -0.656407 -0.006008
0.773438 0.031250 0.593750
255 255 255 255
0.027832 0.730469
0.356934 0.33252
0 0 0 0
1 0 0 0
-0.002956 -0.638882 -0.000005
0.921875 0.093750 0.312500
255 255 255 255
0.049316 0.713867
0.366211 0.302246
0 0 0 0
1 0 0 0
0.007544 -0.647440 -0.014084
0.593750 0.078125 0.773438
255 255 255 255
1.07666 0.742188
0.107422 0.394531
0 0 0 0
1 0 0 0
0.003019 -0.651182 -0.010040
0.750000 0.195313 0.593750
255 255 255 255
1.103516 0.745606
0.114746 0.401367
0 0 0 0
1 0 0 0
0.001155 -0.653230 -0.006793
0.796875 0.046875 0.554688
255 255 255 255
1.120117 0.748047
0.119629 0.405762
0 0 0 0
1 0 0 0
0.003613 -0.662254 -0.007607
0.687500 0.007813 0.687500
255 255 255 255
1.114258 0.759277
0.117676 0.42627
0 0 0 0
1 0 0 0
0.001771 -0.656407 -0.006008
0.773438 0.031250 0.593750
255 255 255 255
1.116211 0.752441
0.118652 0.413086
0 0 0 0
1 0 0 0
0.003582 -0.659203 -0.008875
0.632813 -0.039063 0.742188
255 255 255 255
1.121582 0.757324
0.120117 0.422363
0 0 0 0
1 0 0 0
-0.002461 -0.631768 -0.005209
0.796875 0.085938 0.562500
255 255 255 255
1.130859 0.718262
0.122559 0.352051
0 0 0 0
1 0 0 0
-0.000175 -0.635295 -0.005983
0.773438 0.078125 0.585938
255 255 255 255
0.027832 0.711426
0.357422 0.297852
0 0 0 0
1 0 0 0
0.000632 -0.641297 -0.007404
0.796875 0.117188 0.546875
255 255 255 255
1.114258 0.731445
0.117676 0.375488
0 0 0 0
1 0 0 0
-0.002461 -0.631768 -0.005209
0.921875 0.062500 0.320313
255 255 255 255
1.130859 0.718262
0.122559 0.352051
0 0 0 0
1 0 0 0
0.003613 -0.662254 -0.007607
0.773438 0.070313 0.593750
255 255 255 255
0.021973 0.736328
0.354981 0.342773
0 0 0 0
1 0 0 0
-0.001627 -0.661829 -0.000079
0.867188 0.070313 0.445313
255 255 255 255
1.160645 0.758301
0.130859 0.424316
0 0 0 0
1 0 0 0
0.007471 -0.653068 -0.012351
0.578125 0.054688 0.781250
255 255 255 255
0.004395 0.728516
0.347656 0.329102
0 0 0 0
1 0 0 0
0.003019 -0.651182 -0.010040
0.632813 0.101563 0.734375
255 255 255 255
1.103516 0.745606
0.114746 0.401367
0 0 0 0
1 0 0 0
0.007544 -0.647440 -0.014084
0.593750 0.015625 0.773438
255 255 255 255
1.07666 0.742188
0.107422 0.394531
0 0 0 0
1 0 0 0
-0.001627 -0.661829 -0.000079
0.921875 0.046875 0.320313
255 255 255 255
1.160645 0.758301
0.130859 0.424316
0 0 0 0
1 0 0 0
0.003019 -0.651182 0.010040
-0.773438 -0.234375 0.585938
255 255 255 255
1.208984 0.745606
0.144531 0.400879
0 0 0 0
1 0 0 0
0.001429 -0.641284 0.006800
-0.804688 -0.054688 0.585938
255 255 255 255
1.20459 0.729981
0.143066 0.372559
0 0 0 0
1 0 0 0
0.003779 -0.641704 0.011860
-0.710938 -0.046875 0.687500
255 255 255 255
1.222656 0.734375
0.147949 0.380859
0 0 0 0
1 0 0 0
0.000632 -0.641297 -0.007404
-0.804688 -0.054688 -0.609375
255 255 255 255
1.114258 0.731445
0.117676 0.375488
0 0 0 0
1 0 0 0
0.003019 -0.651182 -0.010040
-0.773438 -0.218750 -0.617188
255 255 255 255
1.103516 0.745606
0.114746 0.401367
0 0 0 0
1 0 0 0
0.004486 -0.641669 -0.011154
-0.710938 -0.046875 -0.710938
255 255 255 255
1.094238 0.734375
0.112305 0.380859
0 0 0 0
1 0 0 0
-0.003953 -0.638959 0.000000
-0.945313 -0.117188 0.304688
255 255 255 255
1.157227 0.727539
0.129883 0.369141
0 0 0 0
1 0 0 0
-0.000169 -0.638344 0.007176
-0.804688 -0.140625 0.562500
255 255 255 255
1.193359 0.727539
0.140137 0.369141
0 0 0 0
1 0 0 0
0.007412 -0.644773 0.012999
-0.617188 -0.078125 0.773438
255 255 255 255
1.236816 0.73877
0.151856 0.38916
0 0 0 0
1 0 0 0
-0.003333 -0.630026 0.003805
-0.929688 -0.101563 0.351563
255 255 255 255
1.17627 0.71582
0.135254 0.347656
0 0 0 0
1 0 0 0
0.001995 -0.653321 0.006172
-0.820313 -0.101563 0.554688
255 255 255 255
1.204102 0.75
0.143066 0.40918
0 0 0 0
1 0 0 0
0.000922 -0.656458 0.006308
-0.796875 -0.054688 0.585938
255 255 255 255
1.194336 0.75293
0.140137 0.414551
0 0 0 0
1 0 0 0
0.004288 -0.659233 0.008102
-0.664063 0.015625 0.734375
255 255 255 255
1.205078 0.757324
0.143066 0.421875
0 0 0 0
1 0 0 0
0.002776 -0.662348 0.007919
-0.796875 -0.093750 0.593750
255 255 255 255
1.201172 0.760742
0.14209 0.428223
0 0 0 0
1 0 0 0
-0.003953 -0.638959 0.000000
-1.000000 -0.046875 -0.093750
255 255 255 255
1.157227 0.727539
0.129883 0.369141
0 0 0 0
1 0 0 0
-0.004894 -0.626727 0.000000
-1.000000 -0.109375 -0.007813
255 255 255 255
1.15625 0.711426
0.129883 0.339844
0 0 0 0
1 0 0 0
-0.001627 -0.661829 -0.000079
-1.000000 -0.078125 -0.078125
255 255 255 255
1.160645 0.758301
0.130859 0.424316
0 0 0 0
1 0 0 0
0.007412 -0.644773 0.012999
-0.593750 -0.078125 0.789063
255 255 255 255
1.236816 0.73877
0.151856 0.38916
0 0 0 0
1 0 0 0
0.006878 -0.653135 0.013153
-0.601563 -0.078125 0.781250
255 255 255 255
1.229004 0.748535
0.149902 0.406738
0 0 0 0
1 0 0 0
-0.003953 -0.638959 0.000000
-0.945313 -0.117188 -0.328125
255 255 255 255
1.157227 0.727539
0.129883 0.369141
0 0 0 0
1 0 0 0
0.001155 -0.653230 -0.006793
-0.820313 -0.085938 -0.578125
255 255 255 255
1.120117 0.748047
0.119629 0.405762
0 0 0 0
1 0 0 0
0.007544 -0.647440 -0.014084
-0.625000 -0.007813 -0.789063
255 255 255 255
1.07666 0.742188
0.107422 0.394531
0 0 0 0
1 0 0 0
-0.002461 -0.631768 -0.005209
-0.828125 -0.109375 -0.570313
255 255 255 255
1.130859 0.718262
0.122559 0.352051
0 0 0 0
1 0 0 0
0.003613 -0.662254 -0.007607
-0.796875 -0.093750 -0.617188
255 255 255 255
1.114258 0.759277
0.117676 0.42627
0 0 0 0
1 0 0 0
0.003582 -0.659203 -0.008875
-0.664063 0.015625 -0.757813
255 255 255 255
1.121582 0.757324
0.120117 0.422363
0 0 0 0
1 0 0 0
0.003613 -0.662254 -0.007607
-0.796875 -0.093750 -0.617188
255 255 255 255
1.119629 0.761231
0.119141 0.429688
0 0 0 0
1 0 0 0
0.007471 -0.653068 -0.012351
-0.601563 -0.078125 -0.804688
255 255 255 255
1.084961 0.749512
0.109863 0.408691
0 0 0 0
1 0 0 0
0.071763 -0.874428 0.000000
0.953125 -0.062500 0.210938
255 255 255 255
1.27002 0.691895
0.468262 0.641602
0 0 0 0
1 0 0 0
0.069437 -0.877156 0.007332
0.867188 -0.242188 0.398438
255 255 255 255
1.237305 0.692871
0.45752 0.642578
0 0 0 0
1 0 0 0
0.067506 -0.860427 0.007673
0.867188 0.132813 0.429688
255 255 255 255
1.251953 0.67334
0.462402 0.617676
0 0 0 0
1 0 0 0
0.064933 -0.836334 0.000000
0.937500 0.164063 0.226563
255 255 255 255
1.27832 0.643066
0.471191 0.579102
0 0 0 0
1 0 0 0
0.051127 -0.846372 0.017298
0.179688 0.281250 0.914063
255 255 255 255
1.179688 0.650391
0.438477 0.588867
0 0 0 0
1 0 0 0
0.048911 -0.839067 0.017752
-0.007813 0.140625 0.968750
255 255 255 255
1.171387 0.643066
0.436035 0.579102
0 0 0 0
1 0 0 0
0.057641 -0.837427 0.013956
0.554688 0.203125 0.773438
255 255 255 255
1.213379 0.643066
0.449707 0.579102
0 0 0 0
1 0 0 0
0.054387 -0.857308 0.017230
0.343750 0.070313 0.914063
255 255 255 255
1.185059 0.666016
0.44043 0.608398
0 0 0 0
1 0 0 0
0.061495 -0.854939 0.014416
0.585938 0.140625 0.765625
255 255 255 255
1.219238 0.664551
0.45166 0.606445
0 0 0 0
1 0 0 0
0.055254 -0.869016 0.016985
0.242188 0.039063 0.945313
255 255 255 255
1.174316 0.680176
0.436523 0.626465
0 0 0 0
1 0 0 0
0.042964 -0.840283 0.016381
-0.382813 0.078125 0.906250
255 255 255 255
1.143066 0.643066
0.42627 0.579102
0 0 0 0
1 0 0 0
0.046456 -0.846769 0.018394
0.015625 0.070313 0.976563
255 255 255 255
1.15918 0.650391
0.431641 0.588379
0 0 0 0
1 0 0 0
0.063032 -0.836635 0.007643
0.796875 0.171875 0.531250
255 255 255 255
1.247559 0.643066
0.460938 0.579102
0 0 0 0
1 0 0 0
0.061892 -0.843206 0.011060
0.687500 0.078125 0.687500
255 255 255 255
1.233398 0.649902
0.456055 0.587891
0 0 0 0
1 0 0 0
0.052261 -0.854916 0.017348
0.187500 0.101563 0.953125
255 255 255 255
1.183105 0.662598
0.439453 0.604492
0 0 0 0
1 0 0 0
0.054165 -0.850384 0.016710
0.320313 0.070313 0.921875
255 255 255 255
1.191895 0.659668
0.442383 0.600586
0 0 0 0
1 0 0 0
0.058640 -0.845376 0.013556
0.523438 -0.031250 0.820313
255 255 255 255
1.214355 0.650879
0.449707 0.589356
0 0 0 0
1 0 0 0
0.056768 -0.852237 0.015427
0.367188 0.195313 0.882813
255 255 255 255
1.20459 0.660645
0.446777 0.602051
0 0 0 0
1 0 0 0
0.051482 -0.865178 0.017817
0.148438 0.007813 0.968750
255 255 255 255
1.169434 0.673828
0.435059 0.618652
0 0 0 0
1 0 0 0
0.048233 -0.851805 0.017911
-0.390625 -0.296875 0.859375
255 255 255 255
1.166992 0.654297
0.43457 0.59375
0 0 0 0
1 0 0 0
0.044155 -0.846833 0.016388
0.140625 -0.867188 0.460938
255 255 255 255
1.143066 0.651856
0.42627 0.590332
0 0 0 0
1 0 0 0
0.056768 -0.852237 0.015427
0.367188 0.195313 0.882813
255 255 255 255
0.20459 0.660645
0.400391 0.370117
0 0 0 0
1 0 0 0
0.061495 -0.854939 0.014416
0.585938 0.140625 0.765625
255 255 255 255
0.219238 0.664551
0.404785 0.375
0 0 0 0
1 0 0 0
0.054387 -0.857308 0.017230
0.343750 0.070313 0.914063
255 255 255 255
1.185059 0.666016
0.44043 0.608398
0 0 0 0
1 0 0 0
0.052839 -0.849576 0.017485
0.156250 0.054688 0.960938
255 255 255 255
1.181641 0.65332
0.438965 0.592285
0 0 0 0
1 0 0 0
0.064839 -0.875671 0.013779
0.601563 -0.054688 0.765625
255 255 255 255
1.211426 0.688477
0.449219 0.637695
0 0 0 0
1 0 0 0
0.050321 -0.878502 0.019704
0.328125 -0.125000 0.914063
255 255 255 255
1.145996 0.689941
0.427734 0.638672
0 0 0 0
1 0 0 0
0.049199 -0.872702 0.019855
0.375000 0.656250 0.617188
255 255 255 255
1.147461 0.68457
0.427734 0.632324
0 0 0 0
1 0 0 0
0.064962 -0.879958 0.011250
0.710938 -0.460938 0.492188
255 255 255 255
1.208984 0.693848
0.448242 0.644043
0 0 0 0
1 0 0 0
0.071763 -0.874428 0.000000
0.953125 -0.062500 -0.234375
255 255 255 255
0.27002 0.691895
0.099121 0.397461
0 0 0 0
1 0 0 0
0.064933 -0.836334 0.000000
0.937500 0.164063 -0.250000
255 255 255 255
0.27832 0.643066
0.102051 0.296387
0 0 0 0
1 0 0 0
0.067506 -0.860427 -0.007673
0.867188 0.132813 -0.453125
255 255 255 255
0.251953 0.67334
0.093262 0.358887
1 0 0 0
1 0 0 0
0.069437 -0.877156 -0.007332
0.867188 -0.242188 -0.421875
255 255 255 255
0.237305 0.692871
0.088379 0.399414
1 0 0 0
1 0 0 0
0.057641 -0.837427 -0.013956
0.554688 0.203125 -0.796875
255 255 255 255
0.213379 0.643066
0.081055 0.296387
1 0 0 0
1 0 0 0
0.048911 -0.839067 -0.017752
-0.007813 0.140625 -0.992188
255 255 255 255
0.171387 0.643066
0.067871 0.296387
1 0 0 0
1 0 0 0
0.051127 -0.846372 -0.017298
0.179688 0.281250 -0.937500
255 255 255 255
0.179688 0.650391
0.070313 0.312012
1 0 0 0
1 0 0 0
0.055254 -0.869016 -0.016985
0.242188 0.039063 -0.968750
255 255 255 255
0.174316 0.680176
0.068359 0.373047
1 0 0 0
1 0 0 0
0.061495 -0.854939 -0.014416
0.585938 0.140625 -0.789063
255 255 255 255
0.219238 0.664551
0.083008 0.34082
1 0 0 0
1 0 0 0
0.054387 -0.857308 -0.017230
0.343750 0.070313 -0.937500
255 255 255 255
0.185059 0.666016
0.072266 0.344238
1 0 0 0
1 0 0 0
0.042964 -0.840283 -0.016380
-0.382813 0.078125 -0.929688
255 255 255 255
0.143066 0.643066
0.058594 0.296387
1 0 0 0
1 0 0 0
0.046456 -0.846769 -0.018394
0.015625 0.070313 -1.000000
255 255 255 255
0.15918 0.650391
0.063965 0.311523
1 0 0 0
1 0 0 0
0.063032 -0.836635 -0.007643
0.796875 0.171875 -0.554688
255 255 255 255
0.247559 0.643066
0.091797 0.296387
1 0 0 0
1 0 0 0
0.061892 -0.843206 -0.011060
0.687500 0.078125 -0.710938
255 255 255 255
0.233398 0.649902
0.087402 0.310547
1 0 0 0
1 0 0 0
0.054165 -0.850384 -0.016710
0.320313 0.070313 -0.945313
255 255 255 255
0.191895 0.659668
0.074219 0.331543
1 0 0 0
1 0 0 0
0.052261 -0.854916 -0.017348
0.187500 0.101563 -0.976563
255 255 255 255
0.183106 0.662598
0.071289 0.337402
1 0 0 0
1 0 0 0
0.058640 -0.845376 -0.013556
0.523438 -0.031250 -0.843750
255 255 255 255
0.214356 0.650879
0.081543 0.313477
1 0 0 0
1 0 0 0
0.056768 -0.852237 -0.015427
0.367188 0.195313 -0.906250
255 255 255 255
0.20459 0.660645
0.078125 0.333496
1 0 0 0
1 0 0 0
0.051482 -0.865178 -0.017817
0.148438 0.007813 -0.992188
255 255 255 255
0.169434 0.673828
0.066895 0.360352
1 0 0 0
1 0 0 0
0.044155 -0.846833 -0.016388
0.140625 -0.867188 -0.484375
255 255 255 255
0.143066 0.651856
0.058594 0.314453
1 0 0 0
1 0 0 0
0.048233 -0.851805 -0.017911
-0.390625 -0.296875 -0.882813
255 255 255 255
0.166992 0.654297
0.066406 0.319824
1 0 0 0
1 0 0 0
0.056768 -0.852237 -0.015427
0.367188 0.195313 -0.906250
255 255 255 255
1.20459 0.660645
0.350098 0.370117
1 0 0 0
1 0 0 0
0.054387 -0.857308 -0.017230
0.343750 0.070313 -0.937500
255 255 255 255
0.185059 0.666016
0.072266 0.344238
1 0 0 0
1 0 0 0
0.061495 -0.854939 -0.014416
0.585938 0.140625 -0.789063
255 255 255 255
1.219238 0.664551
0.354492 0.375
1 0 0 0
1 0 0 0
0.052839 -0.849576 -0.017485
0.156250 0.054688 -0.984375
255 255 255 255
0.181641 0.65332
0.070801 0.317871
1 0 0 0
1 0 0 0
0.064839 -0.875671 -0.013779
0.601563 -0.054688 -0.789063
255 255 255 255
0.211426 0.688477
0.080566 0.391113
1 0 0 0
1 0 0 0
0.049199 -0.872702 -0.019855
0.375000 0.656250 -0.640625
255 255 255 255
0.147461 0.68457
0.060059 0.382813
1 0 0 0
1 0 0 0
0.050321 -0.878502 -0.019704
0.328125 -0.125000 -0.937500
255 255 255 255
0.145996 0.689941
0.05957 0.393066
1 0 0 0
1 0 0 0
0.064962 -0.879958 -0.011250
0.710938 -0.460938 -0.515625
255 255 255 255
0.208984 0.693848
0.07959 0.401856
1 0 0 0
1 0 0 0
0.012903 -0.560139 0.015678
0.062500 -1.000000 -0.007813
255 255 255 255
1.264648 0.824707
0.430664 0.410156
1 0 0 0
1 0 0 0
0.012903 -0.560139 0.016742
0.062500 -1.000000 -0.007813
255 255 255 255
1.263672 0.825195
0.429688 0.411133
1 0 0 0
1 0 0 0
0.017014 -0.557785 0.014861
0.125000 -0.992188 -0.039063
255 255 255 255
1.271484 0.824707
0.435547 0.40918
1 0 0 0
1 0 0 0
0.002636 -0.559052 0.015996
0.015625 -1.000000 -0.039063
255 255 255 255
1.244629 0.824219
0.415039 0.407715
1 0 0 0
1 0 0 0
0.007176 -0.558639 0.015644
0.078125 -1.000000 -0.007813
255 255 255 255
1.251953 0.824707
0.42041 0.40918
1 0 0 0
1 0 0 0
-0.002824 -0.558864 0.011712
-0.039063 -1.000000 -0.078125
255 255 255 255
1.23291 0.824707
0.405762 0.40918
1 0 0 0
1 0 0 0
0.015196 -0.560803 0.015152
0.148438 0.968750 -0.007813
255 255 255 255
1.269043 0.825195
0.434082 0.411621
1 0 0 0
1 0 0 0
0.017300 -0.559676 0.014458
-0.726563 0.671875 -0.007813
255 255 255 255
1.272461 0.825684
0.436523 0.413086
1 0 0 0
1 0 0 0
0.012903 -0.560139 0.016742
0.265625 0.945313 -0.007813
255 255 255 255
1.263672 0.825195
0.429688 0.411133
1 0 0 0
1 0 0 0
0.012903 -0.560139 0.015678
0.265625 0.945313 -0.007813
255 255 255 255
1.264648 0.824707
0.430664 0.410156
1 0 0 0
1 0 0 0
0.017014 -0.557785 -0.014861
0.125000 -0.992188 0.015625
255 255 255 255
0.271484 0.824707
0.064453 0.191895
1 0 0 0
1 0 0 0
0.012903 -0.560139 -0.016742
0.062500 -1.000000 -0.015625
255 255 255 255
0.263672 0.825195
0.058105 0.194824
1 0 0 0
1 0 0 0
0.012903 -0.560139 -0.015678
0.062500 -1.000000 -0.015625
255 255 255 255
0.264648 0.824707
0.059082 0.193359
1 0 0 0
1 0 0 0
-0.002824 -0.558864 -0.011712
-0.039063 -1.000000 0.054688
255 255 255 255
0.23291 0.824707
0.034668 0.191895
1 0 0 0
1 0 0 0
0.007176 -0.558639 -0.015644
0.078125 -1.000000 -0.007813
255 255 255 255
0.251953 0.824707
0.049316 0.191895
1 0 0 0
1 0 0 0
0.002636 -0.559052 -0.015996
0.015625 -1.000000 0.015625
255 255 255 255
0.244629 0.824219
0.043457 0.189941
1 0 0 0
1 0 0 0
0.012903 -0.560139 -0.016742
0.265625 0.945313 -0.007813
255 255 255 255
0.263672 0.825195
0.058105 0.194824
1 0 0 0
1 0 0 0
0.017300 -0.559676 -0.014458
-0.726563 0.671875 -0.007813
255 255 255 255
0.272461 0.825684
0.06543 0.197754
1 0 0 0
1 0 0 0
0.015196 -0.560802 -0.015152
0.148438 0.968750 -0.007813
255 255 255 255
0.269043 0.825195
0.0625 0.195313
1 0 0 0
1 0 0 0
0.012903 -0.560139 -0.015678
0.265625 0.945313 -0.007813
255 255 255 255
0.264648 0.824707
0.059082 0.193359
1 0 0 0
1 0 0 0
0.001764 -0.288729 -0.016095
0.781250 0.031250 -0.601563
255 255 255 255
0.085938 0.768066
0.402832 0.550781
1 0 0 0
1 0 0 0
0.003723 -0.294934 -0.014513
0.203125 -0.101563 -0.976563
255 255 255 255
0.099121 0.777344
0.405762 0.564941
1 0 0 0
1 0 0 0
0.003418 -0.281287 -0.014513
0.187500 0.062500 -0.984375
255 255 255 255
0.097168 0.757813
0.405762 0.53418
1 0 0 0
1 0 0 0
-0.009949 -0.295055 -0.014513
-0.226563 -0.109375 -0.976563
255 255 255 255
0.020508 0.777344
0.386719 0.564941
1 0 0 0
1 0 0 0
-0.003156 -0.293815 -0.016752
0.015625 -0.765625 -0.656250
255 255 255 255
0.060547 0.774902
0.396484 0.561523
1 0 0 0
1 0 0 0
-0.006646 -0.292250 -0.016279
-0.578125 -0.562500 -0.609375
255 255 255 255
0.041016 0.773438
0.39209 0.558594
1 0 0 0
1 0 0 0
-0.006800 -0.285358 -0.016280
-0.640625 0.515625 -0.570313
255 255 255 255
0.039551 0.763672
0.391602 0.543945
1 0 0 0
1 0 0 0
-0.003372 -0.283994 -0.016598
-0.054688 0.242188 -0.968750
255 255 255 255
0.057129 0.761719
0.395996 0.540527
1 0 0 0
1 0 0 0
-0.010256 -0.281398 -0.014513
-0.210938 0.054688 -0.984375
255 255 255 255
0.018555 0.757813
0.386231 0.534668
1 0 0 0
1 0 0 0
0.000100 -0.285303 -0.016280
0.593750 0.531250 -0.578125
255 255 255 255
0.076172 0.763672
0.400391 0.543457
1 0 0 0
1 0 0 0
-0.003372 -0.283994 -0.016598
-0.054688 0.242188 -0.968750
255 255 255 255
0.058105 0.761719
0.395996 0.540527
1 0 0 0
1 0 0 0
-0.005746 -0.273823 -0.020301
-0.875000 -0.031250 0.476563
255 255 255 255
0.255859 0.749512
0.316406 0.155762
1 0 0 0
1 0 0 0
-0.005935 -0.265527 -0.019578
-0.882813 0.140625 0.437500
255 255 255 255
0.260742 0.735352
0.317871 0.134277
1 0 0 0
1 0 0 0
-0.003357 -0.264698 -0.018195
-0.007813 -0.007813 0.984375
255 255 255 255
0.253418 0.73291
0.315918 0.130371
1 0 0 0
1 0 0 0
-0.001060 -0.276715 -0.019980
-0.015625 0.023438 0.976563
255 255 255 255
0.307129 0.754395
0.328613 0.163574
1 0 0 0
1 0 0 0
-0.005688 -0.268135 -0.022175
-0.820313 0.070313 -0.585938
255 255 255 255
0.26709 0.737793
0.319336 0.137695
1 0 0 0
1 0 0 0
-0.000985 -0.268078 -0.022158
0.804688 0.078125 -0.562500
255 255 255 255
0.294434 0.737793
0.325684 0.137695
1 0 0 0
1 0 0 0
-0.001515 -0.283652 -0.021176
0.742188 -0.054688 -0.656250
255 255 255 255
0.300293 0.763672
0.327148 0.177734
1 0 0 0
1 0 0 0
-0.001060 -0.276715 -0.019980
0.851563 0.039063 0.476563
255 255 255 255
0.307129 0.754395
0.328613 0.163574
1 0 0 0
1 0 0 0
-0.003366 -0.273664 -0.023521
0.007813 -0.054688 -1.000000
255 255 255 255
0.280762 0.749512
0.322266 0.155762
1 0 0 0
1 0 0 0
-0.003341 -0.264385 -0.022636
-0.031250 0.453125 -0.890625
255 255 255 255
0.279785 0.735352
0.322266 0.134277
1 0 0 0
1 0 0 0
-0.003340 -0.262417 -0.020911
-0.804688 0.546875 0.203125
255 255 255 255
0.282227 0.731934
0.322754 0.129395
1 0 0 0
1 0 0 0
-0.001590 -0.263511 -0.019441
0.679688 0.507813 0.476563
255 255 255 255
0.295898 0.733398
0.326172 0.131348
1 0 0 0
1 0 0 0
-0.003340 -0.262417 -0.020911
0.125000 0.882813 -0.421875
255 255 255 255
0.282227 0.731934
0.322754 0.129395
1 0 0 0
1 0 0 0
-0.006800 -0.285358 -0.016280
-0.718750 0.328125 0.593750
255 255 255 255
0.242676 0.768555
0.313477 0.18457
1 0 0 0
1 0 0 0
-0.003372 -0.283994 -0.016598
-0.007813 0.265625 0.937500
255 255 255 255
0.233887 0.763672
0.311523 0.177734
1 0 0 0
1 0 0 0
0.000100 -0.285303 -0.016280
0.593750 0.531250 -0.578125
255 255 255 255
0.332031 0.769043
0.334473 0.186035
1 0 0 0
1 0 0 0
-0.003372 -0.283994 -0.016598
0.125000 0.390625 0.882813
255 255 255 255
0.336914 0.763672
0.335449 0.177246
1 0 0 0
1 0 0 0
-0.001060 -0.276715 -0.019980
-0.023438 0.117188 0.968750
255 255 255 255
0.307129 0.754395
0.328613 0.163574
1 0 0 0
1 0 0 0
-0.003340 -0.286949 -0.022140
0.078125 -0.054688 -1.000000
255 255 255 255
0.285645 0.768066
0.323731 0.184082
1 0 0 0
1 0 0 0
-0.005746 -0.273823 -0.020301
-0.867188 -0.093750 -0.515625
255 255 255 255
0.255859 0.749512
0.316406 0.155762
1 0 0 0
1 0 0 0
-0.003357 -0.264698 -0.018195
-0.007813 -0.007813 0.984375
255 255 255 255
0.30957 0.73291
0.329102 0.130859
1 0 0 0
1 0 0 0
-0.000181 -0.288867 -0.020843
0.593750 -0.039063 -0.796875
255 255 255 255
0.303223 0.771484
0.327637 0.189453
1 0 0 0
1 0 0 0
-0.003202 -0.291869 -0.020848
0.062500 -0.554688 -0.835938
255 255 255 255
0.286621 0.774902
0.323731 0.194336
1 0 0 0
1 0 0 0
-0.006376 -0.288920 -0.020843
-0.593750 -0.187500 -0.796875
255 255 255 255
0.27002 0.771484
0.319824 0.188965
1 0 0 0
1 0 0 0
-0.006800 -0.285358 -0.016280
-0.640625 0.515625 -0.570313
255 255 255 255
0.242676 0.768555
0.313477 0.18457
1 0 0 0
1 0 0 0
-0.006646 -0.292250 -0.016279
-0.578125 -0.562500 -0.609375
255 255 255 255
0.261719 0.777832
0.317871 0.199219
1 0 0 0
1 0 0 0
-0.003156 -0.293815 -0.016752
0.015625 -0.765625 -0.656250
255 255 255 255
0.283203 0.780273
0.322754 0.202637
1 0 0 0
1 0 0 0
0.001764 -0.288729 -0.016095
0.781250 0.031250 -0.601563
255 255 255 255
0.325684 0.775391
0.333008 0.195313
1 0 0 0
1 0 0 0
-0.010255 -0.158206 -0.020208
-0.359375 -0.179688 -0.929688
255 255 255 255
0.142578 0.805176
0.446289 0.380371
1 0 0 0
1 0 0 0
-0.003003 -0.150171 -0.021321
-0.054688 0.125000 -0.992188
255 255 255 255
0.187012 0.793945
0.455566 0.369629
1 0 0 0
1 0 0 0
-0.010166 -0.150175 -0.020212
-0.359375 0.156250 -0.921875
255 255 255 255
0.142578 0.793945
0.446289 0.369629
1 0 0 0
1 0 0 0
0.004268 -0.159446 -0.017845
0.281250 -0.171875 -0.945313
255 255 255 255
0.229004 0.811035
0.464844 0.385742
1 0 0 0
1 0 0 0
0.004161 -0.150149 -0.020207
0.281250 0.140625 -0.945313
255 255 255 255
0.229004 0.793945
0.464844 0.369629
1 0 0 0
1 0 0 0
0.040805 -0.702841 0.006800
-0.789063 -0.140625 -0.609375
255 255 255 255
1.074219 0.717285
0.376465 0.244629
1 0 0 0
1 0 0 0
0.038603 -0.703763 0.011860
-0.703125 -0.132813 -0.710938
255 255 255 255
0.222656 0.734375
0.488281 0.541016
1 0 0 0
1 0 0 0
0.041410 -0.712848 0.010040
-0.757813 -0.093750 -0.664063
255 255 255 255
0.208984 0.745606
0.484375 0.553223
1 0 0 0
1 0 0 0
0.037905 -0.703883 -0.011154
-0.703125 -0.132813 0.687500
255 255 255 255
1.008789 0.718262
0.349609 0.246582
1 0 0 0
1 0 0 0
0.041586 -0.702680 -0.007404
-0.789063 -0.140625 0.585938
255 255 255 255
0.114258 0.731445
0.457031 0.537598
1 0 0 0
1 0 0 0
0.041410 -0.712848 -0.010040
-0.742188 -0.109375 0.656250
255 255 255 255
0.103516 0.745606
0.454102 0.553711
1 0 0 0
1 0 0 0
0.035726 -0.707550 0.012999
-0.617188 -0.078125 -0.796875
255 255 255 255
1.09668 0.721191
0.385254 0.252441
1 0 0 0
1 0 0 0
0.044562 -0.699541 -0.000005
-0.945313 -0.117188 -0.335938
255 255 255 255
1.049316 0.713867
0.366211 0.239258
1 0 0 0
1 0 0 0
0.041887 -0.691788 0.004168
-0.898438 -0.109375 -0.453125
255 255 255 255
1.064453 0.707031
0.37207 0.226074
1 0 0 0
1 0 0 0
0.042875 -0.714713 0.006172
-0.820313 -0.117188 -0.578125
255 255 255 255
1.071777 0.728027
0.375488 0.26416
1 0 0 0
1 0 0 0
0.044562 -0.699541 -0.000005
-0.984375 -0.195313 0.078125
255 255 255 255
1.049316 0.713867
0.366211 0.239258
1 0 0 0
1 0 0 0
0.043805 -0.687257 0.000000
-1.000000 -0.132813 -0.007813
255 255 255 255
0.15625 0.711426
0.469238 0.515625
1 0 0 0
1 0 0 0
0.041925 -0.720982 0.008102
-0.632813 -0.179688 -0.765625
255 255 255 255
0.205078 0.757324
0.48291 0.566406
1 0 0 0
1 0 0 0
0.044079 -0.723693 0.007919
-0.789063 -0.101563 -0.617188
255 255 255 255
0.201172 0.760742
0.481934 0.570313
1 0 0 0
1 0 0 0
0.048263 -0.722227 -0.000078
-0.914063 -0.132813 -0.406250
255 255 255 255
0.160645 0.758301
0.470215 0.567871
1 0 0 0
1 0 0 0
0.041410 -0.712848 0.010040
-0.609375 -0.085938 -0.796875
255 255 255 255
0.208984 0.745606
0.484375 0.553223
1 0 0 0
1 0 0 0
0.038069 -0.715595 0.013153
-0.601563 -0.078125 -0.804688
255 255 255 255
0.229004 0.748535
0.490234 0.557129
1 0 0 0
1 0 0 0
0.046091 -0.714854 -0.000078
-0.992188 -0.179688 -0.007813
255 255 255 255
1.049316 0.728027
0.366211 0.264648
1 0 0 0
1 0 0 0
0.048263 -0.722227 -0.000078
-0.929688 -0.156250 -0.359375
255 255 255 255
0.160645 0.758301
0.470215 0.567871
1 0 0 0
1 0 0 0
0.044562 -0.699541 -0.000005
-0.945313 -0.109375 0.312500
255 255 255 255
1.049316 0.713867
0.366211 0.239258
1 0 0 0
1 0 0 0
0.043766 -0.717675 -0.006008
-0.789063 -0.140625 0.593750
255 255 255 255
1.027832 0.730469
0.356934 0.269043
1 0 0 0
1 0 0 0
0.036178 -0.710182 -0.014084
-0.617188 -0.054688 0.773438
255 255 255 255
0.07666 0.742188
0.446289 0.549805
1 0 0 0
1 0 0 0
0.043675 -0.714441 -0.006793
-0.812500 -0.132813 0.554688
255 255 255 255
0.120117 0.748047
0.458496 0.556152
1 0 0 0
1 0 0 0
0.041410 -0.712848 -0.010040
-0.796875 0.023438 0.593750
255 255 255 255
0.103516 0.745606
0.454102 0.553711
1 0 0 0
1 0 0 0
0.043242 -0.723783 -0.007607
-0.703125 -0.148438 0.687500
255 255 255 255
0.114258 0.759277
0.457031 0.568848
1 0 0 0
1 0 0 0
0.042607 -0.720799 -0.008875
-0.632813 -0.179688 0.742188
255 255 255 255
0.121582 0.757324
0.458496 0.566406
1 0 0 0
1 0 0 0
0.043766 -0.717675 -0.006008
-0.789063 -0.140625 0.593750
255 255 255 255
0.116211 0.752441
0.45752 0.561035
1 0 0 0
1 0 0 0
0.041066 -0.696646 -0.005983
-0.804688 -0.093750 0.585938
255 255 255 255
1.027832 0.711426
0.357422 0.234375
1 0 0 0
1 0 0 0
0.042528 -0.692706 -0.005209
-0.820313 -0.093750 0.562500
255 255 255 255
0.130859 0.718262
0.461914 0.522949
1 0 0 0
1 0 0 0
0.041586 -0.702680 -0.007404
-0.828125 -0.062500 0.546875
255 255 255 255
0.114258 0.731445
0.457031 0.537598
1 0 0 0
1 0 0 0
0.042528 -0.692706 -0.005209
-0.937500 -0.148438 0.320313
255 255 255 255
0.130859 0.718262
0.461914 0.522949
1 0 0 0
1 0 0 0
0.048263 -0.722227 -0.000078
-0.882813 -0.125000 0.445313
255 255 255 255
0.160645 0.758301
0.470215 0.567871
1 0 0 0
1 0 0 0
0.043242 -0.723783 -0.007607
-0.789063 -0.101563 0.593750
255 255 255 255
1.021973 0.736328
0.354981 0.279297
1 0 0 0
1 0 0 0
0.036178 -0.710182 -0.014084
-0.609375 -0.117188 0.773438
255 255 255 255
0.07666 0.742188
0.446289 0.549805
1 0 0 0
1 0 0 0
0.041410 -0.712848 -0.010040
-0.664063 -0.046875 0.734375
255 255 255 255
0.103516 0.745606
0.454102 0.553711
1 0 0 0
1 0 0 0
0.037475 -0.715658 -0.012351
-0.601563 -0.070313 0.781250
255 255 255 255
1.004395 0.728516
0.347656 0.266113
1 0 0 0
1 0 0 0
0.048263 -0.722227 -0.000078
-0.937500 -0.156250 0.320313
255 255 255 255
0.160645 0.758301
0.470215 0.567871
1 0 0 0
1 0 0 0
0.041410 -0.712848 0.010040
0.781250 -0.062500 0.585938
255 255 255 255
0.208984 0.745606
0.484375 0.553223
1 0 0 0
1 0 0 0
0.038603 -0.703763 0.011860
0.679688 0.101563 0.687500
255 255 255 255
0.222656 0.734375
0.488281 0.541016
1 0 0 0
1 0 0 0
0.040805 -0.702841 0.006800
0.773438 0.117188 0.585938
255 255 255 255
0.20459 0.729981
0.48291 0.535645
1 0 0 0
1 0 0 0
0.041586 -0.702680 -0.007404
0.773438 0.117188 -0.609375
255 255 255 255
0.114258 0.731445
0.457031 0.537598
1 0 0 0
1 0 0 0
0.037905 -0.703883 -0.011154
0.679688 0.101563 -0.710938
255 255 255 255
0.094238 0.734375
0.451172 0.541016
1 0 0 0
1 0 0 0
0.041410 -0.712848 -0.010040
0.773438 -0.054688 -0.617188
255 255 255 255
0.103516 0.745606
0.454102 0.553711
1 0 0 0
1 0 0 0
0.045552 -0.699400 0.000000
0.921875 0.093750 0.304688
255 255 255 255
0.157227 0.727539
0.469238 0.533691
1 0 0 0
1 0 0 0
0.041724 -0.699624 0.007176
0.789063 0.039063 0.562500
255 255 255 255
0.193359 0.727539
0.479981 0.533691
1 0 0 0
1 0 0 0
0.035726 -0.707550 0.012999
0.593750 0.054688 0.773438
255 255 255 255
0.236816 0.73877
0.492188 0.545898
1 0 0 0
1 0 0 0
0.043000 -0.690816 0.003805
0.906250 0.101563 0.351563
255 255 255 255
0.17627 0.71582
0.475098 0.520508
1 0 0 0
1 0 0 0
0.044606 -0.717541 0.006308
0.765625 0.117188 0.585938
255 255 255 255
0.194336 0.75293
0.479981 0.561523
1 0 0 0
1 0 0 0
0.042875 -0.714713 0.006172
0.796875 0.078125 0.554688
255 255 255 255
0.204102 0.75
0.48291 0.558594
1 0 0 0
1 0 0 0
0.044079 -0.723693 0.007919
0.765625 0.078125 0.593750
255 255 255 255
0.201172 0.760742
0.481934 0.570313
1 0 0 0
1 0 0 0
0.041925 -0.720982 0.008102
0.617188 0.156250 0.734375
255 255 255 255
0.205078 0.757324
0.48291 0.566406
1 0 0 0
1 0 0 0
0.043805 -0.687257 0.000000
0.976563 0.109375 -0.007813
255 255 255 255
0.15625 0.711426
0.469238 0.515625
1 0 0 0
1 0 0 0
0.045552 -0.699400 0.000000
0.960938 0.171875 -0.093750
255 255 255 255
0.157227 0.727539
0.469238 0.533691
1 0 0 0
1 0 0 0
0.038069 -0.715595 0.013153
0.578125 0.054688 0.781250
255 255 255 255
0.229004 0.748535
0.490234 0.557129
1 0 0 0
1 0 0 0
0.035726 -0.707550 0.012999
0.570313 0.054688 0.789063
255 255 255 255
0.236816 0.73877
0.492188 0.545898
1 0 0 0
1 0 0 0
0.036178 -0.710182 -0.014084
0.585938 0.125000 -0.789063
255 255 255 255
0.07666 0.742188
0.446289 0.549805
1 0 0 0
1 0 0 0
0.042528 -0.692706 -0.005209
0.804688 0.070313 -0.570313
255 255 255 255
0.130859 0.718262
0.461914 0.522949
1 0 0 0
1 0 0 0
0.043242 -0.723783 -0.007607
0.765625 0.078125 -0.617188
255 255 255 255
0.119629 0.761231
0.458496 0.571289
1 0 0 0
1 0 0 0
0.042607 -0.720799 -0.008875
0.617188 0.156250 -0.757813
255 255 255 255
0.121582 0.757324
0.458496 0.566406
1 0 0 0
1 0 0 0
0.043242 -0.723783 -0.007607
0.765625 0.078125 -0.617188
255 255 255 255
0.119629 0.761231
0.458496 0.571289
1 0 0 0
1 0 0 0
0.037475 -0.715658 -0.012351
0.578125 0.054688 -0.804688
255 255 255 255
0.084961 0.749512
0.448731 0.558106
1 0 0 0
1 0 0 0
-0.015357 -0.089503 -0.011547
-0.562500 0.000000 -0.835938
255 255 255 255
0.396973 0.012207
0.32959 0.67041
1 0 0 0
1 0 0 0
-0.016378 -0.188101 -0.011547
-0.640625 -0.007813 -0.781250
255 255 255 255
0.396973 0.111816
0.32959 0.879883
1 0 0 0
1 0 0 0
-0.009887 -0.138710 -0.014488
-0.296875 -0.007813 -0.960938
255 255 255 255
0.42627 0.062012
0.339356 0.774902
1 0 0 0
1 0 0 0
-0.019835 -0.089524 -0.006340
-0.882813 0.000000 -0.484375
255 255 255 255
0.368164 0.012207
0.320313 0.67041
1 0 0 0
1 0 0 0
-0.010413 -0.253966 -0.014488
-0.320313 -0.015625 -0.953125
255 255 255 255
0.42627 0.179199
0.187988 0.573731
1 0 0 0
1 0 0 0
-0.003359 -0.187955 -0.015393
-0.007813 -0.007813 -1.000000
255 255 255 255
0.456543 0.111816
0.349121 0.879883
1 0 0 0
1 0 0 0
-0.020990 -0.254101 -0.006340
-0.914063 -0.015625 -0.421875
255 255 255 255
0.368164 0.179199
0.169434 0.573731
1 0 0 0
1 0 0 0
-0.022760 -0.204630 0.000000
-1.000000 -0.007813 -0.109375
255 255 255 255
0.340332 0.128906
0.311523 0.915039
1 0 0 0
1 0 0 0
0.016363 -0.138334 0.000000
0.976563 -0.023438 0.031250
255 255 255 255
0.572266 0.062012
0.386719 0.774902
1 0 0 0
1 0 0 0
0.015810 -0.236976 0.000000
0.976563 -0.015625 0.085938
255 255 255 255
0.572266 0.162109
0.386719 0.985352
1 0 0 0
1 0 0 0
0.014137 -0.187654 0.006340
0.890625 -0.015625 0.398438
255 255 255 255
0.601074 0.111816
0.395996 0.879883
1 0 0 0
1 0 0 0
0.014061 -0.204104 -0.006340
0.875000 -0.015625 -0.453125
255 255 255 255
0.543457 0.128906
0.377441 0.915039
1 0 0 0
1 0 0 0
-0.010350 -0.204512 0.014488
-0.343750 -0.007813 0.921875
255 255 255 255
0.719238 0.128906
0.434082 0.915039
1 0 0 0
1 0 0 0
-0.015559 -0.336720 0.011547
-0.671875 -0.023438 0.734375
255 255 255 255
0.748535 0.264648
0.290039 0.749023
1 0 0 0
1 0 0 0
-0.016452 -0.204578 0.011547
-0.671875 -0.007813 0.734375
255 255 255 255
0.748535 0.128906
0.443848 0.915039
1 0 0 0
1 0 0 0
-0.021005 -0.237599 0.006340
-0.914063 -0.007813 0.398438
255 255 255 255
0.776856 0.162109
0.299316 0.539063
1 0 0 0
1 0 0 0
-0.015559 -0.336721 -0.011547
-0.562500 -0.023438 -0.835938
255 255 255 255
0.396973 0.264648
0.178711 0.749023
1 0 0 0
1 0 0 0
0.003414 -0.253722 0.014488
0.320313 -0.007813 0.921875
255 255 255 255
0.65918 0.179199
0.262207 0.573731
1 0 0 0
1 0 0 0
0.009585 -0.204197 0.011547
0.539063 -0.015625 0.812500
255 255 255 255
0.629883 0.128906
0.405273 0.915039
1 0 0 0
1 0 0 0
0.010457 -0.336079 0.011547
0.539063 0.000000 0.812500
255 255 255 255
0.629883 0.264648
0.252441 0.749023
1 0 0 0
1 0 0 0
0.004359 -0.336253 0.014488
0.218750 -0.007813 0.953125
255 255 255 255
0.65918 0.264648
0.262207 0.749023
1 0 0 0
1 0 0 0
-0.003500 -0.253853 0.015393
0.031250 -0.007813 0.976563
255 255 255 255
0.689453 0.179199
0.271484 0.573731
1 0 0 0
1 0 0 0
0.013991 -0.253485 0.006340
0.890625 -0.007813 0.398438
255 255 255 255
0.601074 0.179199
0.243652 0.573731
1 0 0 0
1 0 0 0
-0.020032 -0.336804 -0.006340
-0.851563 -0.031250 -0.546875
255 255 255 255
0.368164 0.264648
0.169434 0.749023
1 0 0 0
1 0 0 0
-0.022429 -0.303720 0.000000
-1.000000 -0.023438 -0.109375
255 255 255 255
0.340332 0.229981
0.160645 0.678223
1 0 0 0
1 0 0 0
0.014930 -0.335942 0.006340
0.828125 0.007813 0.523438
255 255 255 255
0.601074 0.264648
0.243652 0.749023
1 0 0 0
1 0 0 0
0.016203 -0.302888 0.000000
0.976563 0.000000 0.085938
255 255 255 255
0.572266 0.229981
0.234375 0.678223
1 0 0 0
1 0 0 0
0.014930 -0.335942 -0.006340
0.890625 0.007813 -0.421875
255 255 255 255
0.543457 0.264648
0.225098 0.749023
1 0 0 0
1 0 0 0
0.014063 -0.269966 -0.006340
0.859375 -0.007813 -0.484375
255 255 255 255
0.543457 0.196289
0.225098 0.608398
1 0 0 0
1 0 0 0
0.010457 -0.336079 -0.011547
0.648438 0.000000 -0.757813
255 255 255 255
0.515137 0.264648
0.216309 0.749023
1 0 0 0
1 0 0 0
0.007505 -0.670115 0.014083
-0.171875 -0.867188 0.468750
255 255 255 255
1.075684 0.844727
0.413086 0.340332
1 0 0 0
1 0 0 0
-0.002108 -0.671398 0.000000
-0.835938 -0.562500 -0.007813
255 255 255 255
1.009277 0.844727
0.388672 0.340332
1 0 0 0
1 0 0 0
-0.001807 -0.660976 0.005568
-0.796875 0.507813 0.312500
255 255 255 255
1.02832 0.835938
0.395508 0.325684
1 0 0 0
1 0 0 0
0.006420 -0.659911 0.014083
-0.476563 0.539063 0.671875
255 255 255 255
1.075684 0.835938
0.413086 0.325684
1 0 0 0
1 0 0 0
0.037625 -0.665881 0.010005
0.640625 -0.539063 0.523438
255 255 255 255
1.201172 0.844727
0.459961 0.340332
1 0 0 0
1 0 0 0
0.031388 -0.656530 0.014083
0.289063 0.625000 0.679688
255 255 255 255
1.179199 0.835938
0.45166 0.325684
1 0 0 0
1 0 0 0
0.041008 -0.655169 0.000000
0.585938 0.781250 -0.007813
255 255 255 255
1.23877 0.835938
0.473633 0.325684
1 0 0 0
1 0 0 0
-0.001807 -0.660976 -0.005567
-0.796875 0.507813 -0.335938
255 255 255 255
1.02832 0.835938
0.395508 0.240234
1 0 0 0
1 0 0 0
0.019985 -0.668400 0.017439
0.101563 -0.835938 0.531250
255 255 255 255
1.127441 0.844727
0.432129 0.340332
1 0 0 0
1 0 0 0
0.018903 -0.658248 0.017439
-0.093750 0.585938 0.781250
255 255 255 255
1.127441 0.835938
0.432129 0.325684
1 0 0 0
1 0 0 0
0.042084 -0.665228 0.000000
0.765625 -0.632813 -0.007813
255 255 255 255
1.23877 0.844727
0.473633 0.340332
1 0 0 0
1 0 0 0
0.002348 -0.670808 -0.010005
-0.507813 -0.671875 -0.562500
255 255 255 255
1.050293 0.844727
0.403809 0.254883
1 0 0 0
1 0 0 0
0.006420 -0.659911 -0.014083
-0.476563 0.539063 -0.695313
255 255 255 255
1.075684 0.835938
0.413086 0.240234
1 0 0 0
1 0 0 0
-0.001807 -0.660976 -0.005567
-0.796875 0.507813 -0.335938
255 255 255 255
1.02832 0.835938
0.395508 0.240234
1 0 0 0
1 0 0 0
0.041008 -0.655169 0.000000
0.585938 0.781250 -0.007813
255 255 255 255
1.23877 0.835938
0.473633 0.240234
1 0 0 0
1 0 0 0
0.031388 -0.656530 -0.014083
0.289063 0.625000 -0.703125
255 255 255 255
1.179199 0.835938
0.45166 0.240234
1 0 0 0
1 0 0 0
0.037625 -0.665881 -0.010005
0.640625 -0.539063 -0.546875
255 255 255 255
1.201172 0.844727
0.459961 0.254883
1 0 0 0
1 0 0 0
-0.002108 -0.671398 0.000000
-0.835938 -0.562500 -0.007813
255 255 255 255
1.009277 0.844727
0.388672 0.254883
1 0 0 0
1 0 0 0
0.019985 -0.668400 -0.017439
0.101563 -0.835938 -0.554688
255 255 255 255
1.127441 0.844727
0.432129 0.254883
1 0 0 0
1 0 0 0
0.018903 -0.658248 -0.017439
-0.093750 0.585938 -0.804688
255 255 255 255
1.127441 0.835938
0.432129 0.240234
1 0 0 0
1 0 0 0
0.042084 -0.665228 0.000000
0.765625 -0.632813 -0.007813
255 255 255 255
1.23877 0.844727
0.473633 0.254883
1 0 0 0
1 0 0 0
0.015995 -0.737704 0.014083
-0.148438 -0.867188 0.468750
255 255 255 255
1.075684 0.844727
0.413086 0.277344
1 0 0 0
1 0 0 0
0.006421 -0.739248 0.000000
-0.820313 -0.585938 -0.007813
255 255 255 255
1.009277 0.844727
0.388672 0.277344
1 0 0 0
1 0 0 0
0.006439 -0.728821 0.005568
-0.804688 0.484375 0.312500
255 255 255 255
1.02832 0.835938
0.395508 0.262695
1 0 0 0
1 0 0 0
0.014634 -0.727533 0.014083
-0.484375 0.523438 0.671875
255 255 255 255
1.075684 0.835938
0.413086 0.262695
1 0 0 0
1 0 0 0
0.045990 -0.732656 0.010005
0.648438 -0.523438 0.523438
255 255 255 255
1.201172 0.844727
0.459961 0.277344
1 0 0 0
1 0 0 0
0.039502 -0.723477 0.014083
0.273438 0.632813 0.679688
255 255 255 255
1.179199 0.835938
0.45166 0.262695
1 0 0 0
1 0 0 0
0.049081 -0.721855 0.000000
0.562500 0.796875 -0.007813
255 255 255 255
1.23877 0.835938
0.473633 0.262695
1 0 0 0
1 0 0 0
0.006439 -0.728821 -0.005567
-0.804688 0.484375 -0.335938
255 255 255 255
1.02832 0.835938
0.077148 0.095703
1 0 0 0
1 0 0 0
0.028424 -0.735651 0.017439
0.125000 -0.828125 0.531250
255 255 255 255
1.127441 0.844727
0.432129 0.277344
1 0 0 0
1 0 0 0
0.027068 -0.725533 0.017439
-0.109375 0.578125 0.781250
255 255 255 255
1.127441 0.835938
0.432129 0.262695
1 0 0 0
1 0 0 0
0.050429 -0.731881 0.000000
0.781250 -0.609375 -0.007813
255 255 255 255
1.23877 0.844727
0.473633 0.277344
1 0 0 0
1 0 0 0
0.010859 -0.738537 -0.010005
-0.492188 -0.687500 -0.562500
255 255 255 255
1.050293 0.844727
0.085449 0.116699
1 0 0 0
1 0 0 0
0.014634 -0.727533 -0.014083
-0.484375 0.523438 -0.695313
255 255 255 255
1.075684 0.835938
0.094727 0.095703
1 0 0 0
1 0 0 0
0.006439 -0.728821 -0.005567
-0.804688 0.484375 -0.335938
255 255 255 255
1.02832 0.835938
0.077148 0.095703
1 0 0 0
1 0 0 0
0.049081 -0.721855 0.000000
0.562500 0.796875 -0.007813
255 255 255 255
1.23877 0.835938
0.155273 0.095703
1 0 0 0
1 0 0 0
0.039502 -0.723477 -0.014083
0.273438 0.632813 -0.703125
255 255 255 255
1.179199 0.835938
0.132813 0.095703
1 0 0 0
1 0 0 0
0.045990 -0.732656 -0.010005
0.648438 -0.523438 -0.546875
255 255 255 255
1.201172 0.844727
0.141113 0.116699
1 0 0 0
1 0 0 0
0.006421 -0.739248 0.000000
-0.820313 -0.585938 -0.007813
255 255 255 255
1.009277 0.844727
0.069824 0.116699
1 0 0 0
1 0 0 0
0.028424 -0.735651 -0.017439
0.125000 -0.828125 -0.554688
255 255 255 255
1.127441 0.844727
0.11377 0.116699
1 0 0 0
1 0 0 0
0.027068 -0.725533 -0.017439
-0.109375 0.578125 -0.804688
255 255 255 255
1.127441 0.835938
0.11377 0.095703
1 0 0 0
1 0 0 0
0.050429 -0.731881 0.000000
0.781250 -0.609375 -0.007813
255 255 255 255
1.23877 0.844727
0.155273 0.116699
1 0 0 0
1 0 0 0
0.018364 -0.088193 -0.000064
0.984375 -0.007813 -0.007813
255 255 255 255
0.808594 0.917481
0.149414 0.25
1 0 0 0
1 0 0 0
0.016211 -0.088199 -0.006996
0.812500 -0.015625 -0.562500
255 255 255 255
0.786133 0.917481
0.143066 0.25
1 0 0 0
1 0 0 0
0.011621 -0.100347 -0.012050
0.632813 -0.015625 -0.765625
255 255 255 255
0.761231 0.927246
0.136231 0.268555
1 0 0 0
1 0 0 0
0.018271 -0.100339 -0.000064
0.984375 -0.007813 -0.007813
255 255 255 255
0.808594 0.927246
0.149414 0.268555
1 0 0 0
1 0 0 0
-0.002648 -0.100293 -0.015974
-0.007813 -0.007813 -1.000000
255 255 255 255
0.687012 0.927246
0.114746 0.268555
1 0 0 0
1 0 0 0
0.005187 -0.088192 -0.015175
0.203125 -0.015625 -0.984375
255 255 255 255
0.727539 0.917481
0.126465 0.25
1 0 0 0
1 0 0 0
-0.010296 -0.088084 -0.015175
-0.226563 -0.007813 -0.984375
255 255 255 255
0.646973 0.917481
0.103516 0.25
1 0 0 0
1 0 0 0
-0.023560 -0.100036 -0.000064
-1.000000 -0.007813 -0.007813
255 255 255 255
0.570313 0.927246
0.081543 0.268555
1 0 0 0
1 0 0 0
-0.021316 -0.087935 -0.006996
-0.835938 -0.007813 -0.562500
255 255 255 255
0.589356 0.917481
0.086914 0.25
1 0 0 0
1 0 0 0
-0.023467 -0.087900 -0.000064
-1.000000 -0.007813 -0.007813
255 255 255 255
0.570313 0.917481
0.081543 0.25
1 0 0 0
1 0 0 0
-0.016914 -0.100141 -0.012050
-0.656250 -0.007813 -0.765625
255 255 255 255
0.612793 0.927246
0.09375 0.268555
1 0 0 0
1 0 0 0
0.005187 -0.088192 0.015047
0.203125 -0.015625 0.960938
255 255 255 255
0.424316 0.917481
0.040039 0.25
1 0 0 0
1 0 0 0
0.016118 -0.100343 0.006869
0.882813 -0.015625 0.414063
255 255 255 255
0.357422 0.927246
0.021484 0.268555
1 0 0 0
1 0 0 0
0.005094 -0.100335 0.015047
0.312500 -0.015625 0.929688
255 255 255 255
0.424316 0.927246
0.040039 0.268555
1 0 0 0
1 0 0 0
0.016211 -0.088199 0.006869
0.812500 -0.015625 0.539063
255 255 255 255
0.357422 0.917481
0.021484 0.25
1 0 0 0
1 0 0 0
0.018364 -0.088193 -0.000064
0.984375 -0.007813 -0.007813
255 255 255 255
0.334473 0.917481
0.014648 0.25
1 0 0 0
1 0 0 0
0.018271 -0.100339 -0.000064
0.984375 -0.007813 -0.007813
255 255 255 255
0.334473 0.927246
0.014648 0.268555
1 0 0 0
1 0 0 0
-0.010296 -0.088083 0.015047
-0.226563 -0.007813 0.960938
255 255 255 255
0.502441 0.917481
0.0625 0.25
1 0 0 0
1 0 0 0
-0.016821 -0.088003 0.011923
-0.554688 -0.007813 0.820313
255 255 255 255
0.53125 0.917481
0.070801 0.25
1 0 0 0
1 0 0 0
-0.016914 -0.100141 0.011923
-0.656250 -0.007813 0.742188
255 255 255 255
0.531738 0.927246
0.070801 0.268555
1 0 0 0
1 0 0 0
-0.003113 -0.303378 -0.015393
0.031250 -0.007813 -1.000000
255 255 255 255
0.456543 0.229981
0.197266 0.678223
1 0 0 0
1 0 0 0
0.004805 -0.352775 -0.014488
0.250000 0.000000 -0.968750
255 255 255 255
0.486328 0.281738
0.207031 0.78418
1 0 0 0
1 0 0 0
0.003625 -0.286710 -0.014488
0.250000 -0.007813 -0.968750
255 255 255 255
0.486328 0.212891
0.207031 0.643555
1 0 0 0
1 0 0 0
-0.002780 -0.122211 0.015393
0.031250 -0.015625 0.976563
255 255 255 255
0.689453 0.04541
0.424805 0.740234
1 0 0 0
1 0 0 0
-0.009251 -0.089463 0.014488
-0.242188 -0.007813 0.953125
255 255 255 255
0.719238 0.012207
0.434082 0.67041
1 0 0 0
1 0 0 0
-0.015357 -0.089503 0.011547
-0.562500 0.000000 0.812500
255 255 255 255
0.748535 0.012207
0.443848 0.67041
1 0 0 0
1 0 0 0
0.015171 -0.089152 0.006340
0.890625 -0.023438 0.398438
255 255 255 255
0.601074 0.012207
0.395996 0.67041
1 0 0 0
1 0 0 0
0.017004 -0.089119 0.000000
0.984375 -0.007813 -0.007813
255 255 255 255
0.572266 0.012207
0.386719 0.67041
1 0 0 0
1 0 0 0
0.010053 -0.138449 0.011547
0.539063 -0.015625 0.812500
255 255 255 255
0.629883 0.062012
0.405273 0.774902
1 0 0 0
1 0 0 0
0.014721 -0.121952 -0.006340
0.859375 -0.023438 -0.484375
255 255 255 255
0.543457 0.04541
0.377441 0.740234
1 0 0 0
1 0 0 0
-0.021005 -0.237599 0.006340
-0.914063 -0.007813 0.398438
255 255 255 255
0.776856 0.162109
0.453125 0.985352
1 0 0 0
1 0 0 0
-0.020469 -0.138784 0.006340
-0.914063 0.000000 0.398438
255 255 255 255
0.776856 0.062012
0.453125 0.774902
1 0 0 0
1 0 0 0
-0.022760 -0.204630 0.000000
-1.000000 -0.007813 -0.109375
255 255 255 255
0.806641 0.128906
0.462402 0.915039
1 0 0 0
1 0 0 0
-0.022429 -0.303720 0.000000
-1.000000 -0.023438 -0.109375
255 255 255 255
0.806641 0.229981
0.308594 0.678223
1 0 0 0
1 0 0 0
0.015810 -0.236976 0.000000
0.976563 -0.015625 0.085938
255 255 255 255
0.572266 0.162109
0.234375 0.539063
1 0 0 0
1 0 0 0
-0.021668 -0.089530 0.000000
-1.000000 -0.007813 -0.007813
255 255 255 255
0.806641 0.012207
0.462402 0.67041
1 0 0 0
1 0 0 0
-0.021668 -0.089530 0.000000
-1.000000 -0.007813 -0.007813
255 255 255 255
0.340332 0.012207
0.311523 0.67041
1 0 0 0
1 0 0 0
0.004139 -0.122123 0.014488
0.320313 -0.015625 0.921875
255 255 255 255
0.65918 0.04541
0.415039 0.740234
1 0 0 0
1 0 0 0
0.009585 -0.204197 -0.011547
0.593750 -0.015625 -0.796875
255 255 255 255
0.515137 0.128906
0.368164 0.915039
1 0 0 0
1 0 0 0
0.010693 -0.089227 -0.011547
0.648438 -0.023438 -0.757813
255 255 255 255
0.515137 0.012207
0.368164 0.67041
1 0 0 0
1 0 0 0
0.003557 -0.187850 -0.014488
0.273438 -0.015625 -0.960938
255 255 255 255
0.486328 0.111816
0.358887 0.879883
1 0 0 0
1 0 0 0
-0.009015 -0.353139 0.014488
-0.273438 -0.023438 0.945313
255 255 255 255
0.719238 0.281738
0.28125 0.78418
1 0 0 0
1 0 0 0
-0.019584 -0.353366 0.006340
-0.867188 -0.039063 0.484375
255 255 255 255
0.776856 0.281738
0.299316 0.78418
1 0 0 0
1 0 0 0
-0.009777 -0.320047 -0.014488
-0.343750 -0.015625 -0.945313
255 255 255 255
0.42627 0.24707
0.187988 0.713379
1 0 0 0
1 0 0 0
0.043092 -0.723430 -0.008193
-0.789063 -0.109375 -0.625000
255 255 255 255
0.252441 0.224121
0.343262 0.386231
1 0 0 0
1 0 0 0
0.047207 -0.747995 -0.009388
0.046875 0.000000 -1.000000
255 255 255 255
0.257813 0.245606
0.345215 0.442383
1 0 0 0
1 0 0 0
0.047973 -0.721897 0.000000
0.968750 0.117188 -0.007813
255 255 255 255
0.291016 0.223633
0.358887 0.384766
1 0 0 0
1 0 0 0
0.053553 -0.772837 -0.004385
0.898438 0.109375 -0.398438
255 255 255 255
0.276856 0.27002
0.353027 0.505859
1 0 0 0
1 0 0 0
0.052384 -0.786026 -0.009398
0.109375 0.000000 -1.000000
255 255 255 255
0.257813 0.282715
0.345703 0.538086
1 0 0 0
1 0 0 0
0.061215 -0.844949 -0.009389
0.125000 0.007813 -0.992188
255 255 255 255
0.258301 0.33252
0.345703 0.668457
0 0 0 0
1 0 0 0
0.065300 -0.844112 0.000000
0.968750 0.140625 -0.007813
255 255 255 255
0.291016 0.33252
0.358887 0.668457
0 0 0 0
1 0 0 0
0.064157 -0.844347 -0.004366
0.890625 0.125000 -0.398438
255 255 255 255
0.276856 0.33252
0.353027 0.668457
0 0 0 0
1 0 0 0
0.052975 -0.759974 0.000000
0.968750 0.117188 -0.007813
255 255 255 255
0.291016 0.257813
0.358887 0.473145
1 0 0 0
1 0 0 0
0.044021 -0.723281 0.009388
0.046875 -0.007813 0.976563
255 255 255 255
0.324219 0.224121
0.37207 0.386231
1 0 0 0
1 0 0 0
0.053553 -0.772837 0.004385
0.898438 0.109375 0.375000
255 255 255 255
0.305176 0.27002
0.364746 0.505859
1 0 0 0
1 0 0 0
0.052384 -0.786026 0.009398
0.109375 0.000000 0.976563
255 255 255 255
0.323731 0.282715
0.37207 0.538086
1 0 0 0
1 0 0 0
0.061215 -0.844949 0.009389
0.125000 0.007813 0.968750
255 255 255 255
0.323242 0.33252
0.37207 0.668457
0 0 0 0
1 0 0 0
0.064157 -0.844347 0.004366
0.890625 0.125000 0.375000
255 255 255 255
0.304688 0.33252
0.364258 0.668457
0 0 0 0
1 0 0 0
0.014051 -0.782273 0.005568
-0.804688 0.484375 0.312500
255 255 255 255
1.02832 0.835938
0.395508 0.303711
1 0 0 0
1 0 0 0
0.022246 -0.780985 0.014083
-0.484375 0.523438 0.671875
255 255 255 255
1.075684 0.835938
0.413086 0.303711
1 0 0 0
1 0 0 0
0.018472 -0.791988 0.010005
-0.492188 -0.687500 0.539063
255 255 255 255
1.050293 0.844727
0.403809 0.318359
1 0 0 0
1 0 0 0
0.053602 -0.786108 0.010005
0.648438 -0.523438 0.523438
255 255 255 255
1.201172 0.844727
0.459961 0.318359
1 0 0 0
1 0 0 0
0.047114 -0.776929 0.014083
0.273438 0.632813 0.679688
255 255 255 255
1.179199 0.835938
0.45166 0.303711
1 0 0 0
1 0 0 0
0.056693 -0.775307 0.000000
0.562500 0.796875 -0.007813
255 255 255 255
1.23877 0.835938
0.473633 0.303711
1 0 0 0
1 0 0 0
0.014033 -0.792700 0.000000
-0.820313 -0.585938 -0.007813
255 255 255 255
1.009277 0.844727
0.388672 0.318359
1 0 0 0
1 0 0 0
0.014051 -0.782273 -0.005567
-0.804688 0.484375 -0.335938
255 255 255 255
0.02832 0.835938
0.353516 0.179199
1 0 0 0
1 0 0 0
0.036036 -0.789103 0.017439
0.125000 -0.828125 0.531250
255 255 255 255
1.127441 0.844727
0.432129 0.318359
1 0 0 0
1 0 0 0
0.034680 -0.778984 0.017439
-0.109375 0.578125 0.781250
255 255 255 255
1.127441 0.835938
0.432129 0.303711
1 0 0 0
1 0 0 0
0.058041 -0.785333 0.000000
0.781250 -0.609375 -0.007813
255 255 255 255
1.23877 0.844727
0.473633 0.318359
1 0 0 0
1 0 0 0
0.023608 -0.791156 -0.014083
-0.148438 -0.867188 -0.492188
255 255 255 255
0.075684 0.844727
0.371094 0.193848
1 0 0 0
1 0 0 0
0.022246 -0.780985 -0.014083
-0.484375 0.523438 -0.695313
255 255 255 255
0.075684 0.835938
0.371094 0.179199
1 0 0 0
1 0 0 0
0.014051 -0.782273 -0.005567
-0.804688 0.484375 -0.335938
255 255 255 255
0.02832 0.835938
0.353516 0.179199
1 0 0 0
1 0 0 0
0.014033 -0.792700 0.000000
-0.820313 -0.585938 -0.007813
255 255 255 255
0.009277 0.844727
0.346191 0.193848
1 0 0 0
1 0 0 0
0.056693 -0.775307 0.000000
0.562500 0.796875 -0.007813
255 255 255 255
0.23877 0.835938
0.431641 0.179199
1 0 0 0
1 0 0 0
0.047114 -0.776929 -0.014083
0.273438 0.632813 -0.703125
255 255 255 255
0.179199 0.835938
0.40918 0.179199
1 0 0 0
1 0 0 0
0.053602 -0.786108 -0.010005
0.648438 -0.523438 -0.546875
255 255 255 255
0.201172 0.844727
0.417481 0.193848
1 0 0 0
1 0 0 0
0.036036 -0.789103 -0.017439
0.125000 -0.828125 -0.554688
255 255 255 255
0.127441 0.844727
0.390137 0.193848
1 0 0 0
1 0 0 0
0.034680 -0.778985 -0.017439
-0.109375 0.578125 -0.804688
255 255 255 255
0.127441 0.835938
0.390137 0.179199
1 0 0 0
1 0 0 0
0.058041 -0.785333 0.000000
0.781250 -0.609375 -0.007813
255 255 255 255
0.23877 0.844727
0.431641 0.193848
1 0 0 0
1 0 0 0
0.000865 -0.665151 0.004576
-0.937500 -0.101563 0.328125
255 255 255 255
0.277344 0.337402
0.320313 0.207031
1 0 0 0
1 0 0 0
0.004760 -0.665317 0.008193
-0.343750 -0.046875 0.921875
255 255 255 255
0.253906 0.337891
0.311523 0.208496
1 0 0 0
1 0 0 0
0.008017 -0.701781 0.009398
-0.132813 -0.031250 0.976563
255 255 255 255
0.259277 0.40332
0.313477 0.364258
1 0 0 0
1 0 0 0
0.006549 -0.715084 0.004417
-0.906250 -0.117188 0.398438
255 255 255 255
0.277832 0.416016
0.320313 0.394531
1 0 0 0
1 0 0 0
0.019688 -0.791841 0.009388
-0.070313 -0.023438 0.976563
255 255 255 255
0.259766 0.488281
0.313477 0.567383
1 0 0 0
1 0 0 0
0.024719 -0.846188 0.004417
-0.914063 -0.156250 0.375000
255 255 255 255
0.27832 0.529297
0.320313 0.666016
0 0 0 0
1 0 0 0
0.014914 -0.779491 0.004417
-0.914063 -0.132813 0.390625
255 255 255 255
0.27832 0.476074
0.320313 0.539063
1 0 0 0
1 0 0 0
0.027694 -0.845623 0.009388
0.359375 0.046875 0.906250
255 255 255 255
0.259766 0.529297
0.313477 0.666016
0 0 0 0
1 0 0 0
0.005459 -0.715235 0.000000
-1.000000 -0.132813 -0.007813
255 255 255 255
0.291992 0.416016
0.325684 0.394531
1 0 0 0
1 0 0 0
0.012073 -0.766797 0.000000
-0.992188 -0.148438 -0.007813
255 255 255 255
0.291992 0.464844
0.325684 0.512207
1 0 0 0
1 0 0 0
-0.000308 -0.665092 0.000000
-1.000000 -0.109375 -0.007813
255 255 255 255
0.291992 0.337402
0.325684 0.206543
1 0 0 0
1 0 0 0
0.012763 -0.740422 0.009386
-0.101563 -0.023438 0.976563
255 255 255 255
0.259277 0.44043
0.313477 0.453613
1 0 0 0
1 0 0 0
0.023634 -0.846393 0.000000
-0.992188 -0.164063 -0.007813
255 255 255 255
0.291992 0.529297
0.325684 0.666016
0 0 0 0
1 0 0 0
0.008017 -0.701781 -0.009398
-0.132813 -0.031250 -1.000000
255 255 255 255
0.325195 0.40332
0.337891 0.364258
1 0 0 0
1 0 0 0
0.003828 -0.665415 -0.009388
-0.070313 -0.015625 -1.000000
255 255 255 255
0.325684 0.337891
0.337891 0.208496
1 0 0 0
1 0 0 0
0.000865 -0.665151 -0.004576
-0.937500 -0.101563 -0.351563
255 255 255 255
0.307129 0.337402
0.331055 0.207031
1 0 0 0
1 0 0 0
0.006549 -0.715084 -0.004417
-0.906250 -0.117188 -0.421875
255 255 255 255
0.306152 0.416016
0.330566 0.394531
1 0 0 0
1 0 0 0
0.014914 -0.779491 -0.004417
-0.914063 -0.132813 -0.414063
255 255 255 255
0.306152 0.476074
0.330566 0.539063
1 0 0 0
1 0 0 0
0.020415 -0.818044 -0.004417
-0.914063 -0.148438 -0.390625
255 255 255 255
0.306152 0.514648
0.330566 0.630859
0 0 0 0
1 0 0 0
0.019688 -0.791841 -0.009388
-0.070313 -0.023438 -1.000000
255 255 255 255
0.324707 0.488281
0.337402 0.567383
1 0 0 0
1 0 0 0
0.012763 -0.740422 -0.009386
-0.101563 -0.023438 -1.000000
255 255 255 255
0.324707 0.44043
0.337891 0.453613
1 0 0 0
1 0 0 0
0.027694 -0.845623 -0.009388
-0.484375 -0.085938 -0.875000
255 255 255 255
0.324707 0.529297
0.337402 0.666016
0 0 0 0
1 0 0 0
-0.011066 -0.443434 0.011547
-0.617188 -0.046875 0.773438
255 255 255 255
0.748535 0.379395
0.140137 0.435547
1 0 0 0
1 0 0 0
-0.005675 -0.430277 0.014488
-0.296875 -0.023438 0.937500
255 255 255 255
0.719238 0.365723
0.28125 0.956543
1 0 0 0
1 0 0 0
0.005386 -0.584758 0.014488
-0.296875 -0.039063 0.937500
255 255 255 255
0.719238 0.537109
0.131348 0.748535
1 0 0 0
1 0 0 0
-0.004002 -0.546622 0.011547
-0.617188 -0.062500 0.773438
255 255 255 255
0.748535 0.493164
0.140137 0.661133
1 0 0 0
1 0 0 0
0.005118 -0.494178 0.015393
-0.007813 -0.007813 0.984375
255 255 255 255
0.689453 0.435547
0.12207 0.547363
1 0 0 0
1 0 0 0
0.000503 -0.598225 0.011547
-0.617188 -0.070313 0.773438
255 255 255 255
0.748535 0.551758
0.140137 0.777344
1 0 0 0
1 0 0 0
0.013446 -0.596938 0.015393
-0.007813 -0.007813 0.984375
255 255 255 255
0.689453 0.551758
0.12207 0.777344
1 0 0 0
1 0 0 0
0.013099 -0.661946 0.014488
-0.296875 -0.039063 0.937500
255 255 255 255
0.719238 0.626465
0.131348 0.925293
1 0 0 0
1 0 0 0
0.008472 -0.675567 0.011547
-0.609375 -0.078125 0.773438
255 255 255 255
0.748535 0.641113
0.140137 0.955078
1 0 0 0
1 0 0 0
0.021385 -0.673912 0.015393
-0.007813 -0.007813 0.984375
255 255 255 255
0.689453 0.641113
0.12207 0.955078
1 0 0 0
1 0 0 0
0.019045 -0.713325 0.014488
-0.289063 -0.046875 0.937500
255 255 255 255
0.719238 0.686523
0.273926 0.137695
1 0 0 0
1 0 0 0
0.014590 -0.727045 0.011547
-0.609375 -0.085938 0.773438
255 255 255 255
0.748535 0.70166
0.282715 0.166992
1 0 0 0
1 0 0 0
0.027480 -0.725130 0.015393
-0.007813 -0.007813 0.984375
255 255 255 255
0.689453 0.70166
0.265137 0.166992
1 0 0 0
1 0 0 0
0.025634 -0.764603 0.014488
-0.289063 -0.046875 0.937500
255 255 255 255
0.719238 0.747559
0.273926 0.254883
1 0 0 0
1 0 0 0
0.028750 -0.829660 0.011547
-0.609375 -0.101563 0.773438
255 255 255 255
0.748535 0.823731
0.282715 0.401856
0 0 0 0
1 0 0 0
0.041589 -0.827188 0.015393
-0.007813 -0.007813 0.984375
255 255 255 255
0.689453 0.823731
0.265137 0.401856
0 0 0 0
1 0 0 0
0.040727 -0.866723 0.014488
-0.289063 -0.062500 0.937500
255 255 255 255
0.719238 0.869141
0.273926 0.490234
0 0 0 0
1 0 0 0
0.037997 -0.884691 0.011081
-0.593750 -0.187500 0.773438
255 255 255 255
0.748535 0.89209
0.282715 0.535156
0 0 0 0
1 0 0 0
0.049244 -0.875806 0.015134
0.000000 -0.078125 0.976563
255 255 255 255
0.689453 0.883301
0.265137 0.51709
0 0 0 0
1 0 0 0
-0.000622 -0.391448 0.015393
-0.007813 -0.007813 0.984375
255 255 255 255
0.689453 0.324219
0.271484 0.871582
1 0 0 0
1 0 0 0
-0.011066 -0.443434 0.011547
-0.617188 -0.046875 0.773438
255 255 255 255
0.748535 0.379395
0.290039 0.985352
1 0 0 0
1 0 0 0
0.004587 -0.089316 0.014488
0.320313 -0.015625 0.921875
255 255 255 255
0.65918 0.012207
0.415039 0.67041
1 0 0 0
1 0 0 0
-0.010282 -0.547111 0.000000
-1.000000 -0.093750 -0.007813
255 255 255 255
0.806641 0.493164
0.158203 0.661133
1 0 0 0
1 0 0 0
-0.014146 -0.495401 0.000000
-1.000000 -0.078125 -0.007813
255 255 255 255
0.806641 0.435547
0.158203 0.547363
1 0 0 0
1 0 0 0
-0.011416 -0.508209 0.006340
-0.882813 -0.078125 0.460938
255 255 255 255
0.776856 0.450195
0.148926 0.575684
1 0 0 0
1 0 0 0
-0.005769 -0.598825 0.000000
-1.000000 -0.101563 -0.007813
255 255 255 255
0.806641 0.551758
0.158203 0.777344
1 0 0 0
1 0 0 0
-0.002719 -0.611570 0.006340
-0.882813 -0.093750 0.460938
255 255 255 255
0.776856 0.566406
0.148926 0.807129
1 0 0 0
1 0 0 0
0.005199 -0.702159 0.000000
-1.000000 -0.125000 -0.007813
255 255 255 255
0.806641 0.671387
0.299805 0.108398
1 0 0 0
1 0 0 0
0.005503 -0.689021 0.006340
-0.875000 -0.109375 0.460938
255 255 255 255
0.776856 0.65625
0.148926 0.985352
1 0 0 0
1 0 0 0
0.005503 -0.689021 0.006340
-0.875000 -0.109375 0.460938
255 255 255 255
0.776856 0.65625
0.291016 0.079102
1 0 0 0
1 0 0 0
0.018719 -0.792007 0.006340
-0.875000 -0.132813 0.460938
255 255 255 255
0.776856 0.777832
0.291016 0.313965
1 0 0 0
1 0 0 0
0.011650 -0.753719 0.000000
-0.992188 -0.140625 -0.007813
255 255 255 255
0.806641 0.731934
0.299805 0.225586
1 0 0 0
1 0 0 0
0.018743 -0.805167 0.000000
-0.992188 -0.156250 -0.007813
255 255 255 255
0.806641 0.792969
0.299805 0.343262
0 0 0 0
1 0 0 0
0.030312 -0.868891 0.006340
-0.875000 -0.164063 0.460938
255 255 255 255
0.776856 0.869141
0.291016 0.490234
0 0 0 0
1 0 0 0
0.028509 -0.869263 0.000000
-0.992188 -0.187500 -0.007813
255 255 255 255
0.806641 0.869141
0.299805 0.490234
0 0 0 0
1 0 0 0
0.034133 -0.885523 0.006132
-0.851563 -0.281250 0.437500
255 255 255 255
0.776856 0.89209
0.291016 0.535156
0 0 0 0
1 0 0 0
0.032656 -0.885840 0.000000
-0.953125 -0.335938 -0.007813
255 255 255 255
0.806641 0.89209
0.299805 0.535156
0 0 0 0
1 0 0 0
-0.017359 -0.443718 0.000000
-1.000000 -0.070313 -0.007813
255 255 255 255
0.806641 0.379395
0.158203 0.435547
1 0 0 0
1 0 0 0
-0.017513 -0.404926 0.006340
-0.882813 -0.054688 0.460938
255 255 255 255
0.776856 0.337891
0.299316 0.899902
1 0 0 0
1 0 0 0
-0.017359 -0.443718 0.000000
-1.000000 -0.070313 -0.007813
255 255 255 255
0.806641 0.379395
0.308594 0.985352
1 0 0 0
1 0 0 0
-0.019921 -0.392083 0.000000
-1.000000 -0.054688 -0.007813
255 255 255 255
0.806641 0.324219
0.308594 0.871582
1 0 0 0
1 0 0 0
0.056855 -0.880557 0.013661
0.273438 -0.070313 0.937500
255 255 255 255
0.65918 0.89209
0.255859 0.535156
0 0 0 0
1 0 0 0
0.001051 -0.533259 -0.014488
-0.296875 -0.031250 -0.960938
255 255 255 255
0.42627 0.479004
0.041016 0.632813
1 0 0 0
1 0 0 0
-0.007858 -0.495017 -0.011547
-0.617188 -0.054688 -0.796875
255 255 255 255
0.396973 0.435547
0.032227 0.547363
1 0 0 0
1 0 0 0
-0.004002 -0.546622 -0.011547
-0.617188 -0.062500 -0.796875
255 255 255 255
0.396973 0.493164
0.032227 0.661133
1 0 0 0
1 0 0 0
-0.005675 -0.430277 -0.014488
-0.296875 -0.023438 -0.960938
255 255 255 255
0.42627 0.365723
0.187988 0.956543
1 0 0 0
1 0 0 0
0.005118 -0.494178 -0.015393
-0.007813 -0.007813 -1.000000
255 255 255 255
0.456543 0.435547
0.050293 0.547363
1 0 0 0
1 0 0 0
0.013446 -0.596938 -0.015393
-0.007813 -0.007813 -1.000000
255 255 255 255
0.456543 0.551758
0.050293 0.777344
1 0 0 0
1 0 0 0
0.007795 -0.610499 -0.014488
-0.296875 -0.039063 -0.960938
255 255 255 255
0.42627 0.566406
0.041016 0.807129
1 0 0 0
1 0 0 0
0.005654 -0.649799 -0.011547
-0.609375 -0.078125 -0.796875
255 255 255 255
0.396973 0.611328
0.032227 0.895508
1 0 0 0
1 0 0 0
0.021385 -0.673912 -0.015393
-0.007813 -0.007813 -1.000000
255 255 255 255
0.456543 0.641113
0.050293 0.955078
1 0 0 0
1 0 0 0
0.011450 -0.701317 -0.011547
-0.609375 -0.085938 -0.796875
255 255 255 255
0.396973 0.671387
0.177734 0.108398
1 0 0 0
1 0 0 0
0.019045 -0.713325 -0.014488
-0.289063 -0.046875 -0.960938
255 255 255 255
0.42627 0.686523
0.186035 0.137695
1 0 0 0
1 0 0 0
0.027480 -0.725130 -0.015393
-0.007813 -0.007813 -1.000000
255 255 255 255
0.456543 0.70166
0.195313 0.166992
1 0 0 0
1 0 0 0
0.025634 -0.764603 -0.014488
-0.289063 -0.046875 -0.960938
255 255 255 255
0.42627 0.747559
0.186035 0.254883
1 0 0 0
1 0 0 0
0.024970 -0.804060 -0.011547
-0.609375 -0.101563 -0.796875
255 255 255 255
0.396973 0.792969
0.177734 0.343262
0 0 0 0
1 0 0 0
0.041589 -0.827188 -0.015393
-0.007813 -0.007813 -1.000000
255 255 255 255
0.456543 0.823731
0.195313 0.401856
0 0 0 0
1 0 0 0
0.040727 -0.866723 -0.014488
-0.289063 -0.062500 -0.960938
255 255 255 255
0.42627 0.869141
0.186035 0.490234
0 0 0 0
1 0 0 0
0.036568 -0.878533 -0.011430
-0.593750 -0.164063 -0.796875
255 255 255 255
0.396973 0.883301
0.177734 0.51709
0 0 0 0
1 0 0 0
0.043677 -0.883458 -0.013661
-0.250000 -0.156250 -0.960938
255 255 255 255
0.42627 0.89209
0.186035 0.535156
0 0 0 0
1 0 0 0
0.049244 -0.875807 -0.015134
0.000000 -0.078125 -1.000000
255 255 255 255
0.456543 0.883301
0.195313 0.51709
0 0 0 0
1 0 0 0
-0.000622 -0.391448 -0.015393
-0.007813 -0.007813 -1.000000
255 255 255 255
0.456543 0.324219
0.197266 0.871582
1 0 0 0
1 0 0 0
-0.013622 -0.391892 -0.011547
-0.617188 -0.039063 -0.796875
255 255 255 255
0.396973 0.324219
0.178711 0.871582
1 0 0 0
1 0 0 0
0.004587 -0.089316 -0.014488
0.320313 -0.015625 -0.945313
255 255 255 255
0.486328 0.012207
0.358887 0.67041
1 0 0 0
1 0 0 0
-0.011416 -0.508209 -0.006340
-0.882813 -0.078125 -0.484375
255 255 255 255
0.368164 0.450195
0.023438 0.575684
1 0 0 0
1 0 0 0
-0.014146 -0.495401 0.000000
-1.000000 -0.078125 -0.007813
255 255 255 255
0.340332 0.435547
0.014648 0.547363
1 0 0 0
1 0 0 0
-0.010282 -0.547111 0.000000
-1.000000 -0.093750 -0.007813
255 255 255 255
0.340332 0.493164
0.014648 0.661133
1 0 0 0
1 0 0 0
-0.005769 -0.598825 0.000000
-1.000000 -0.101563 -0.007813
255 255 255 255
0.340332 0.551758
0.014648 0.777344
1 0 0 0
1 0 0 0
-0.002719 -0.611570 -0.006340
-0.882813 -0.093750 -0.484375
255 255 255 255
0.368164 0.566406
0.023438 0.807129
1 0 0 0
1 0 0 0
0.005199 -0.702159 0.000000
-1.000000 -0.125000 -0.007813
255 255 255 255
0.340332 0.671387
0.160645 0.108398
1 0 0 0
1 0 0 0
0.008566 -0.714805 -0.006340
-0.875000 -0.117188 -0.484375
255 255 255 255
0.368164 0.686523
0.168945 0.137695
1 0 0 0
1 0 0 0
0.015174 -0.766303 -0.006340
-0.875000 -0.125000 -0.484375
255 255 255 255
0.368164 0.747559
0.168945 0.254883
1 0 0 0
1 0 0 0
0.011650 -0.753719 0.000000
-0.992188 -0.140625 -0.007813
255 255 255 255
0.340332 0.731934
0.160645 0.225586
1 0 0 0
1 0 0 0
0.030312 -0.868891 -0.006340
-0.875000 -0.164063 -0.484375
255 255 255 255
0.368164 0.869141
0.168945 0.490234
0 0 0 0
1 0 0 0
0.018743 -0.805167 0.000000
-0.992188 -0.156250 -0.007813
255 255 255 255
0.340332 0.792969
0.160645 0.343262
0 0 0 0
1 0 0 0
0.028509 -0.869263 0.000000
-0.992188 -0.187500 -0.007813
255 255 255 255
0.340332 0.869141
0.160645 0.490234
0 0 0 0
1 0 0 0
0.034133 -0.885523 -0.006132
-0.851563 -0.281250 -0.460938
255 255 255 255
0.368164 0.89209
0.168945 0.535156
0 0 0 0
1 0 0 0
0.032656 -0.885840 0.000000
-0.953125 -0.335938 -0.007813
255 255 255 255
0.340332 0.89209
0.160645 0.535156
0 0 0 0
1 0 0 0
-0.017513 -0.404926 -0.006340
-0.882813 -0.054688 -0.484375
255 255 255 255
0.368164 0.337891
0.169434 0.899902
1 0 0 0
1 0 0 0
-0.017359 -0.443718 0.000000
-1.000000 -0.070313 -0.007813
255 255 255 255
0.340332 0.379395
0.014648 0.435547
1 0 0 0
1 0 0 0
-0.019921 -0.392083 0.000000
-1.000000 -0.054688 -0.007813
255 255 255 255
0.340332 0.324219
0.160645 0.871582
1 0 0 0
1 0 0 0
-0.017359 -0.443718 0.000000
-1.000000 -0.070313 -0.007813
255 255 255 255
0.340332 0.379395
0.160645 0.985352
1 0 0 0
1 0 0 0
0.056855 -0.880557 -0.013661
0.273438 -0.070313 -0.960938
255 255 255 255
0.486328 0.89209
0.204102 0.535156
0 0 0 0
1 0 0 0
0.016904 -0.557794 0.014488
0.273438 0.015625 0.937500
255 255 255 255
0.65918 0.507813
0.112793 0.69043
1 0 0 0
1 0 0 0
0.014913 -0.442098 0.011547
0.593750 0.023438 0.773438
255 255 255 255
0.629883 0.379395
0.104004 0.435547
1 0 0 0
1 0 0 0
0.021920 -0.544445 0.011547
0.593750 0.039063 0.773438
255 255 255 255
0.629883 0.493164
0.104004 0.661133
1 0 0 0
1 0 0 0
0.028866 -0.621143 0.011547
0.585938 0.046875 0.773438
255 255 255 255
0.629883 0.581543
0.104004 0.836426
1 0 0 0
1 0 0 0
0.026824 -0.660223 0.014488
0.273438 0.015625 0.937500
255 255 255 255
0.65918 0.626465
0.112793 0.925293
1 0 0 0
1 0 0 0
0.040371 -0.723155 0.011547
0.585938 0.062500 0.773438
255 255 255 255
0.629883 0.70166
0.24707 0.166992
1 0 0 0
1 0 0 0
0.039310 -0.762321 0.014488
0.265625 0.023438 0.937500
255 255 255 255
0.65918 0.747559
0.255859 0.254883
1 0 0 0
1 0 0 0
0.054427 -0.824659 0.011547
0.585938 0.078125 0.773438
255 255 255 255
0.629883 0.823731
0.24707 0.401856
0 0 0 0
1 0 0 0
0.054345 -0.863832 0.014488
0.265625 0.023438 0.937500
255 255 255 255
0.65918 0.869141
0.255859 0.490234
0 0 0 0
1 0 0 0
0.062536 -0.879288 0.011081
0.601563 0.007813 0.765625
255 255 255 255
0.629883 0.89209
0.24707 0.535156
0 0 0 0
1 0 0 0
0.006859 -0.403995 0.014488
0.273438 0.000000 0.937500
255 255 255 255
0.65918 0.337891
0.262207 0.899902
1 0 0 0
1 0 0 0
0.014913 -0.442098 0.011547
0.593750 0.023438 0.773438
255 255 255 255
0.629883 0.379395
0.252441 0.985352
1 0 0 0
1 0 0 0
0.023451 -0.505724 0.006340
0.859375 0.054688 0.460938
255 255 255 255
0.601074 0.450195
0.094727 0.575684
1 0 0 0
1 0 0 0
0.024382 -0.492812 0.000000
0.976563 0.054688 -0.007813
255 255 255 255
0.572266 0.435547
0.085938 0.547363
1 0 0 0
1 0 0 0
0.028201 -0.543879 0.000000
0.976563 0.070313 -0.007813
255 255 255 255
0.572266 0.493164
0.085938 0.661133
1 0 0 0
1 0 0 0
0.029665 -0.582348 0.006340
0.859375 0.070313 0.460938
255 255 255 255
0.601074 0.537109
0.094727 0.748535
1 0 0 0
1 0 0 0
0.040196 -0.684320 0.006340
0.851563 0.085938 0.460938
255 255 255 255
0.601074 0.65625
0.094727 0.985352
1 0 0 0
1 0 0 0
0.040556 -0.671343 0.000000
0.976563 0.101563 -0.007813
255 255 255 255
0.572266 0.641113
0.085938 0.955078
1 0 0 0
1 0 0 0
0.040196 -0.684320 0.006340
0.851563 0.085938 0.460938
255 255 255 255
0.601074 0.65625
0.238281 0.079102
1 0 0 0
1 0 0 0
0.046420 -0.735160 0.006340
0.851563 0.101563 0.460938
255 255 255 255
0.601074 0.716797
0.238281 0.196289
1 0 0 0
1 0 0 0
0.046618 -0.722176 0.000000
0.968750 0.109375 -0.007813
255 255 255 255
0.572266 0.70166
0.229981 0.166992
1 0 0 0
1 0 0 0
0.056949 -0.811149 0.006340
0.851563 0.117188 0.460938
255 255 255 255
0.601074 0.808106
0.238281 0.372559
0 0 0 0
1 0 0 0
0.053316 -0.772877 0.000000
0.968750 0.125000 -0.007813
255 255 255 255
0.572266 0.762695
0.229981 0.28418
1 0 0 0
1 0 0 0
0.067913 -0.871691 0.000000
0.976563 0.054688 -0.007813
255 255 255 255
0.572266 0.883301
0.229981 0.51709
0 0 0 0
1 0 0 0
0.064760 -0.861578 0.006340
0.851563 0.117188 0.460938
255 255 255 255
0.601074 0.869141
0.238281 0.490234
0 0 0 0
1 0 0 0
0.066400 -0.878418 0.006132
0.875000 0.007813 0.437500
255 255 255 255
0.601074 0.89209
0.238281 0.535156
0 0 0 0
1 0 0 0
0.017421 -0.403519 0.006340
0.859375 0.031250 0.460938
255 255 255 255
0.601074 0.337891
0.243652 0.899902
1 0 0 0
1 0 0 0
0.018678 -0.390667 0.000000
0.976563 0.031250 -0.007813
255 255 255 255
0.572266 0.324219
0.234375 0.871582
1 0 0 0
1 0 0 0
0.018094 -0.493274 -0.011547
0.593750 0.031250 -0.796875
255 255 255 255
0.515137 0.435547
0.068359 0.547363
1 0 0 0
1 0 0 0
0.008128 -0.429619 -0.014488
0.273438 0.000000 -0.960938
255 255 255 255
0.486328 0.365723
0.207031 0.956543
1 0 0 0
1 0 0 0
0.019143 -0.583420 -0.014488
0.273438 0.015625 -0.960938
255 255 255 255
0.486328 0.537109
0.05957 0.748535
1 0 0 0
1 0 0 0
0.021920 -0.544445 -0.011547
0.593750 0.039063 -0.796875
255 255 255 255
0.515137 0.493164
0.068359 0.661133
1 0 0 0
1 0 0 0
0.028866 -0.621143 -0.011547
0.585938 0.046875 -0.796875
255 255 255 255
0.515137 0.581543
0.068359 0.836426
1 0 0 0
1 0 0 0
0.026824 -0.660223 -0.014488
0.273438 0.015625 -0.960938
255 255 255 255
0.486328 0.626465
0.05957 0.925293
1 0 0 0
1 0 0 0
0.040371 -0.723155 -0.011547
0.585938 0.062500 -0.796875
255 255 255 255
0.515137 0.70166
0.212891 0.166992
1 0 0 0
1 0 0 0
0.039310 -0.762321 -0.014488
0.265625 0.023438 -0.960938
255 255 255 255
0.486328 0.747559
0.204102 0.254883
1 0 0 0
1 0 0 0
0.054428 -0.824659 -0.011547
0.585938 0.078125 -0.796875
255 255 255 255
0.515137 0.823731
0.212891 0.401856
0 0 0 0
1 0 0 0
0.054345 -0.863832 -0.014488
0.265625 0.023438 -0.960938
255 255 255 255
0.486328 0.869141
0.204102 0.490234
0 0 0 0
1 0 0 0
0.062536 -0.879288 -0.011081
0.601563 0.007813 -0.789063
255 255 255 255
0.515137 0.89209
0.212891 0.535156
0 0 0 0
1 0 0 0
0.012378 -0.390938 -0.011547
0.593750 0.015625 -0.796875
255 255 255 255
0.515137 0.324219
0.216309 0.871582
1 0 0 0
1 0 0 0
0.023451 -0.505724 -0.006340
0.859375 0.054688 -0.484375
255 255 255 255
0.543457 0.450195
0.077148 0.575684
1 0 0 0
1 0 0 0
0.032057 -0.607869 -0.006340
0.859375 0.070313 -0.484375
255 255 255 255
0.543457 0.566406
0.077148 0.807129
1 0 0 0
1 0 0 0
0.040196 -0.684320 -0.006340
0.851563 0.085938 -0.484375
255 255 255 255
0.543457 0.65625
0.077148 0.985352
1 0 0 0
1 0 0 0
0.040196 -0.684320 -0.006340
0.851563 0.085938 -0.484375
255 255 255 255
0.543457 0.65625
0.221191 0.079102
1 0 0 0
1 0 0 0
0.049771 -0.760530 -0.006340
0.851563 0.101563 -0.484375
255 255 255 255
0.543457 0.747559
0.221191 0.254883
1 0 0 0
1 0 0 0
0.056949 -0.811149 -0.006340
0.851563 0.117188 -0.484375
255 255 255 255
0.543457 0.808106
0.221191 0.372559
0 0 0 0
1 0 0 0
0.066400 -0.878418 -0.006132
0.875000 0.007813 -0.460938
255 255 255 255
0.543457 0.89209
0.221191 0.535156
0 0 0 0
1 0 0 0
0.017421 -0.403519 -0.006340
0.859375 0.031250 -0.484375
255 255 255 255
0.543457 0.337891
0.225098 0.899902
1 0 0 0
1 0 0 0
-0.019304 -0.100130 -0.004002
-0.007813 0.984375 -0.007813
255 255 255 255
0.914063 0.996582
0.402832 0.216309
1 0 0 0
1 0 0 0
0.010757 -0.100356 -0.007265
-0.007813 0.984375 -0.007813
255 255 255 255
0.93457 0.946777
0.357422 0.216309
1 0 0 0
1 0 0 0
-0.019307 -0.100129 0.003635
-0.007813 0.984375 -0.007813
255 255 255 255
0.863281 0.99707
0.413574 0.216309
1 0 0 0
1 0 0 0
0.010764 -0.100356 0.006898
-0.007813 0.984375 -0.007813
255 255 255 255
0.84082 0.947266
0.458496 0.216309
1 0 0 0
1 0 0 0
0.015035 -0.100361 -0.000182
-0.007813 0.984375 -0.007813
255 255 255 255
0.887695 0.939941
0.346191 0.216309
1 0 0 0
1 0 0 0
-0.001112 -0.654160 -0.000078
0.921875 0.117188 -0.328125
255 255 255 255
0.049316 0.728027
0.366211 0.327637
0 0 0 0
1 0 0 0
-0.001112 -0.654160 -0.000078
0.921875 0.109375 0.296875
255 255 255 255
0.049316 0.728027
0.366211 0.327637
0 0 0 0
1 0 0 0
0.033026 -0.885937 0.000000
-0.492188 -0.867188 0.125000
255 255 255 255
1.041016 0.699707
0.393066 0.651367
0 0 0 0
1 0 0 0
0.032369 -0.884375 0.007370
-0.492188 -0.867188 0.125000
255 255 255 255
1.055176 0.693359
0.397461 0.643555
0 0 0 0
1 0 0 0
0.069437 -0.877156 0.007332
0.781250 -0.585938 0.132813
255 255 255 255
1.237305 0.692871
0.45752 0.642578
0 0 0 0
1 0 0 0
0.069352 -0.879166 0.000000
0.781250 -0.585938 0.132813
255 255 255 255
1.248047 0.700684
0.460938 0.652344
0 0 0 0
1 0 0 0
0.069352 -0.879166 0.000000
0.859375 -0.476563 0.101563
255 255 255 255
1.248047 0.700684
0.460938 0.652344
0 0 0 0
1 0 0 0
0.064962 -0.879958 0.011250
0.671875 -0.656250 0.312500
255 255 255 255
1.208984 0.693848
0.448242 0.644043
0 0 0 0
1 0 0 0
0.069437 -0.877156 0.007332
0.859375 -0.476563 0.101563
255 255 255 255
1.237305 0.692871
0.45752 0.642578
0 0 0 0
1 0 0 0
0.036824 -0.883316 0.013295
-0.242188 -0.914063 0.328125
255 255 255 255
1.083496 0.691895
0.406738 0.641602
0 0 0 0
1 0 0 0
0.051314 -0.883363 0.015574
0.062500 -0.953125 0.296875
255 255 255 255
1.145996 0.693848
0.427246 0.644043
0 0 0 0
1 0 0 0
0.037793 -0.886591 0.006872
-0.046875 -0.953125 0.304688
255 255 255 255
1.078613 0.698242
0.405273 0.649414
0 0 0 0
1 0 0 0
0.032369 -0.884375 0.007370
-0.242188 -0.914063 0.328125
255 255 255 255
1.055176 0.693359
0.397461 0.643555
0 0 0 0
1 0 0 0
0.037793 -0.886591 0.006872
-0.335938 -0.914063 0.250000
255 255 255 255
1.078613 0.698242
0.405273 0.649414
0 0 0 0
1 0 0 0
0.037793 -0.886591 0.006872
0.023438 -1.000000 0.039063
255 255 255 255
1.078613 0.698242
0.405273 0.649414
0 0 0 0
1 0 0 0
0.051666 -0.885443 0.000000
0.132813 -0.992188 0.015625
255 255 255 255
1.143066 0.708008
0.42627 0.662598
0 0 0 0
1 0 0 0
0.038079 -0.886945 0.000000
0.062500 -1.000000 0.015625
255 255 255 255
1.066406 0.703613
0.401367 0.656738
0 0 0 0
1 0 0 0
0.037793 -0.886591 0.006872
-0.203125 -0.984375 0.031250
255 255 255 255
1.078613 0.698242
0.405273 0.649414
0 0 0 0
1 0 0 0
0.038079 -0.886945 0.000000
-0.203125 -0.984375 0.031250
255 255 255 255
1.066406 0.703613
0.401367 0.656738
0 0 0 0
1 0 0 0
0.033026 -0.885937 0.000000
-0.203125 -0.984375 0.031250
255 255 255 255
1.041016 0.699707
0.393066 0.651367
0 0 0 0
1 0 0 0
0.033026 -0.885937 0.000000
-0.242188 -0.976563 0.054688
255 255 255 255
1.041016 0.699707
0.393066 0.651367
0 0 0 0
1 0 0 0
0.037793 -0.886591 0.006872
-0.242188 -0.976563 0.054688
255 255 255 255
1.078613 0.698242
0.405273 0.649414
0 0 0 0
1 0 0 0
0.051314 -0.883363 0.015574
0.242188 -0.921875 0.296875
255 255 255 255
1.145996 0.693848
0.427246 0.644043
0 0 0 0
1 0 0 0
0.064890 -0.881995 0.000000
0.273438 -0.960938 0.054688
255 255 255 255
1.220703 0.70459
0.452148 0.657715
0 0 0 0
1 0 0 0
0.051666 -0.885443 0.000000
0.203125 -0.976563 0.015625
255 255 255 255
1.143066 0.708008
0.42627 0.662598
0 0 0 0
1 0 0 0
0.064962 -0.879958 0.011250
0.375000 -0.867188 0.320313
255 255 255 255
1.208984 0.693848
0.448242 0.644043
0 0 0 0
1 0 0 0
0.064962 -0.879958 0.011250
0.617188 -0.726563 0.265625
255 255 255 255
1.208984 0.693848
0.448242 0.644043
0 0 0 0
1 0 0 0
0.069352 -0.879166 0.000000
0.515625 -0.843750 0.070313
255 255 255 255
1.248047 0.700684
0.460938 0.652344
0 0 0 0
1 0 0 0
0.064890 -0.881995 0.000000
0.515625 -0.843750 0.070313
255 255 255 255
1.220703 0.70459
0.452148 0.657715
0 0 0 0
1 0 0 0
0.051314 -0.883363 0.015574
-0.054688 -0.773438 0.625000
255 255 255 255
1.145996 0.693848
0.427246 0.644043
0 0 0 0
1 0 0 0
0.036824 -0.883316 0.013295
-0.148438 -0.781250 0.593750
255 255 255 255
1.083496 0.691895
0.406738 0.641602
0 0 0 0
1 0 0 0
0.051314 -0.883363 0.015574
0.328125 -0.695313 0.617188
255 255 255 255
1.145996 0.693848
0.427246 0.644043
0 0 0 0
1 0 0 0
0.064962 -0.879958 0.011250
0.421875 -0.625000 0.632813
255 255 255 255
1.208984 0.693848
0.448242 0.644043
0 0 0 0
1 0 0 0
0.051314 -0.883363 0.015574
0.304688 -0.656250 0.679688
255 255 255 255
1.145996 0.693848
0.427246 0.644043
0 0 0 0
1 0 0 0
0.032369 -0.884375 -0.007370
-0.492188 -0.867188 -0.148438
255 255 255 255
0.055176 0.693359
0.030762 0.400391
1 0 0 0
1 0 0 0
0.033026 -0.885937 0.000000
-0.492188 -0.867188 -0.148438
255 255 255 255
0.041016 0.699707
0.025879 0.413574
0 0 0 0
1 0 0 0
0.069437 -0.877156 -0.007332
0.859375 -0.476563 -0.125000
255 255 255 255
0.237305 0.692871
0.088379 0.399414
1 0 0 0
1 0 0 0
0.064962 -0.879958 -0.011250
0.671875 -0.656250 -0.335938
255 255 255 255
0.208984 0.693848
0.07959 0.401856
1 0 0 0
1 0 0 0
0.069352 -0.879166 0.000000
0.859375 -0.476563 -0.125000
255 255 255 255
0.248047 0.700684
0.092285 0.415039
0 0 0 0
1 0 0 0
0.069352 -0.879166 0.000000
0.781250 -0.585938 -0.156250
255 255 255 255
0.248047 0.700684
0.092285 0.415039
0 0 0 0
1 0 0 0
0.069437 -0.877156 -0.007332
0.781250 -0.585938 -0.156250
255 255 255 255
0.237305 0.692871
0.088379 0.399414
1 0 0 0
1 0 0 0
0.037793 -0.886591 -0.006872
-0.046875 -0.953125 -0.328125
255 255 255 255
0.078613 0.698242
0.038086 0.410156
1 0 0 0
1 0 0 0
0.051314 -0.883363 -0.015574
0.062500 -0.953125 -0.320313
255 255 255 255
0.145996 0.693848
0.05957 0.401367
1 0 0 0
1 0 0 0
0.036824 -0.883316 -0.013295
-0.242188 -0.914063 -0.351563
255 255 255 255
0.083496 0.691895
0.039551 0.396973
1 0 0 0
1 0 0 0
0.032369 -0.884375 -0.007370
-0.242188 -0.914063 -0.351563
255 255 255 255
0.055176 0.693359
0.030762 0.400391
1 0 0 0
1 0 0 0
0.037793 -0.886591 -0.006872
-0.335938 -0.914063 -0.273438
255 255 255 255
0.078613 0.698242
0.038086 0.410156
1 0 0 0
1 0 0 0
0.038078 -0.886945 0.000000
0.062500 -1.000000 -0.039063
255 255 255 255
0.066406 0.703613
0.03418 0.421875
0 0 0 0
1 0 0 0
0.051666 -0.885443 0.000000
0.132813 -0.992188 -0.039063
255 255 255 255
0.143066 0.708008
0.058594 0.431152
0 0 0 0
1 0 0 0
0.037793 -0.886591 -0.006872
0.023438 -1.000000 -0.062500
255 255 255 255
0.078613 0.698242
0.038086 0.410156
1 0 0 0
1 0 0 0
0.037793 -0.886591 -0.006872
-0.242188 -0.976563 -0.078125
255 255 255 255
0.078613 0.698242
0.038086 0.410156
1 0 0 0
1 0 0 0
0.033026 -0.885937 0.000000
-0.242188 -0.976563 -0.078125
255 255 255 255
0.041016 0.699707
0.025879 0.413574
0 0 0 0
1 0 0 0
0.033026 -0.885937 0.000000
-0.203125 -0.984375 -0.054688
255 255 255 255
0.041016 0.699707
0.025879 0.413574
0 0 0 0
1 0 0 0
0.038078 -0.886945 0.000000
-0.203125 -0.984375 -0.054688
255 255 255 255
0.066406 0.703613
0.03418 0.421875
0 0 0 0
1 0 0 0
0.037793 -0.886591 -0.006872
-0.203125 -0.984375 -0.054688
255 255 255 255
0.078613 0.698242
0.038086 0.410156
1 0 0 0
1 0 0 0
0.051666 -0.885443 0.000000
0.203125 -0.976563 -0.039063
255 255 255 255
0.143066 0.708008
0.058594 0.431152
0 0 0 0
1 0 0 0
0.064890 -0.881995 0.000000
0.273438 -0.960938 -0.078125
255 255 255 255
0.220703 0.70459
0.083496 0.42334
0 0 0 0
1 0 0 0
0.051314 -0.883363 -0.015574
0.242188 -0.921875 -0.320313
255 255 255 255
0.145996 0.693848
0.05957 0.401367
1 0 0 0
1 0 0 0
0.064962 -0.879958 -0.011250
0.375000 -0.867188 -0.343750
255 255 255 255
0.208984 0.693848
0.07959 0.401856
1 0 0 0
1 0 0 0
0.064890 -0.881995 0.000000
0.515625 -0.843750 -0.093750
255 255 255 255
0.220703 0.70459
0.083496 0.42334
0 0 0 0
1 0 0 0
0.069352 -0.879166 0.000000
0.515625 -0.843750 -0.093750
255 255 255 255
0.248047 0.700684
0.092285 0.415039
0 0 0 0
1 0 0 0
0.064962 -0.879958 -0.011250
0.617188 -0.726563 -0.289063
255 255 255 255
0.208984 0.693848
0.07959 0.401856
1 0 0 0
1 0 0 0
0.036824 -0.883316 -0.013295
-0.148438 -0.781250 -0.617188
255 255 255 255
0.083496 0.691895
0.039551 0.396973
1 0 0 0
1 0 0 0
0.051314 -0.883363 -0.015574
-0.054688 -0.773438 -0.648438
255 255 255 255
0.145996 0.693848
0.05957 0.401367
1 0 0 0
1 0 0 0
0.051314 -0.883363 -0.015574
0.304688 -0.656250 -0.703125
255 255 255 255
0.145996 0.693848
0.05957 0.401367
1 0 0 0
1 0 0 0
0.064962 -0.879958 -0.011250
0.421875 -0.625000 -0.656250
255 255 255 255
0.208984 0.693848
0.07959 0.401856
1 0 0 0
1 0 0 0
0.051314 -0.883363 -0.015574
0.328125 -0.695313 -0.640625
255 255 255 255
0.145996 0.693848
0.05957 0.401367
1 0 0 0
1 0 0 0
0.046091 -0.714854 -0.000078
-0.953125 -0.085938 -0.328125
255 255 255 255
1.049316 0.728027
0.366211 0.264648
1 0 0 0
1 0 0 0
0.046091 -0.714854 -0.000078
-0.953125 -0.093750 0.296875
255 255 255 255
1.049316 0.728027
0.366211 0.264648
1 0 0 0
1 0 0 0
0.044593 -0.700087 -0.003518
0.937500 0.062500 -0.281250
255 255 255 255
0.140137 0.728516
0.464356 0.534668
1 0 0 0
1 0 0 0
0.047081 -0.714714 -0.000078
0.929688 0.070313 -0.312500
255 255 255 255
0.156738 0.748535
0.469238 0.556641
1 0 0 0
1 0 0 0
0.000638 -0.638189 0.006607
0.515625 0.257813 0.781250
255 255 255 255
1.195801 0.727051
0.140625 0.368164
0 0 0 0
1 0 0 0
0.000632 -0.641297 0.007404
0.570313 0.203125 0.757813
255 255 255 255
1.200195 0.731445
0.14209 0.375488
0 0 0 0
1 0 0 0
-0.001768 -0.633158 0.005855
0.484375 0.453125 0.710938
255 255 255 255
1.187988 0.720215
0.138184 0.355469
0 0 0 0
1 0 0 0
-0.000982 -0.633061 0.005245
0.453125 0.484375 0.710938
255 255 255 255
1.190918 0.720215
0.13916 0.354981
0 0 0 0
1 0 0 0
-0.003899 -0.626628 0.000000
-0.078125 0.664063 0.710938
255 255 255 255
1.160645 0.710449
0.130859 0.337891
0 0 0 0
1 0 0 0
0.021371 -0.844848 0.000000
-0.187500 0.968750 -0.023438
255 255 255 255
1.014648 0.643066
0.384277 0.579102
0 0 0 0
1 0 0 0
0.024402 -0.844286 0.000000
-0.195313 0.960938 -0.015625
255 255 255 255
1.021973 0.63916
0.386719 0.574707
0 0 0 0
1 0 0 0
0.025912 -0.843992 0.006340
-0.179688 0.968750 -0.023438
255 255 255 255
1.047852 0.63916
0.39502 0.574707
0 0 0 0
1 0 0 0
0.023254 -0.844420 0.007664
-0.164063 0.968750 -0.054688
255 255 255 255
1.043457 0.643066
0.393555 0.579102
0 0 0 0
1 0 0 0
0.048745 -0.839512 0.014790
-0.203125 0.953125 -0.140625
255 255 255 255
1.172852 0.63916
0.436523 0.574707
0 0 0 0
1 0 0 0
0.048911 -0.839067 0.017752
-0.234375 0.945313 -0.140625
255 255 255 255
1.171387 0.643066
0.436035 0.579102
0 0 0 0
1 0 0 0
0.037258 -0.841391 0.017758
-0.203125 0.953125 -0.132813
255 255 255 255
1.117188 0.643066
0.417969 0.579102
0 0 0 0
1 0 0 0
0.030320 -0.843130 0.011547
-0.156250 0.968750 -0.085938
255 255 255 255
1.077637 0.63916
0.404785 0.574707
0 0 0 0
1 0 0 0
0.037548 -0.841714 0.014790
-0.171875 0.960938 -0.140625
255 255 255 255
1.117188 0.63916
0.417969 0.574707
0 0 0 0
1 0 0 0
0.042476 -0.868762 0.017409
0.929688 -0.304688 0.132813
255 255 255 255
1.111328 0.677246
0.416016 0.622559
0 0 0 0
1 0 0 0
0.042923 -0.868550 0.014450
0.843750 -0.500000 0.093750
255 255 255 255
1.121094 0.676758
0.419434 0.622559
0 0 0 0
1 0 0 0
0.042823 -0.871556 0.014043
0.960938 -0.093750 0.156250
255 255 255 255
1.125488 0.678711
0.420898 0.624512
0 0 0 0
1 0 0 0
0.042212 -0.871619 0.016979
0.953125 -0.132813 0.187500
255 255 255 255
1.115234 0.680176
0.417481 0.626953
0 0 0 0
1 0 0 0
0.042964 -0.840283 0.016381
-0.195313 0.953125 -0.140625
255 255 255 255
1.143066 0.643066
0.42627 0.579102
0 0 0 0
1 0 0 0
0.043146 -0.840613 0.013404
-0.210938 0.953125 -0.132813
255 255 255 255
1.143066 0.63916
0.42627 0.574707
0 0 0 0
1 0 0 0
0.055978 -0.838083 0.011547
-0.257813 0.945313 -0.117188
255 255 255 255
1.213867 0.63916
0.449707 0.574707
0 0 0 0
1 0 0 0
0.060392 -0.837208 0.006340
-0.234375 0.953125 -0.046875
255 255 255 255
1.244141 0.63916
0.459961 0.574707
0 0 0 0
1 0 0 0
0.044329 -0.866643 0.017817
0.718750 -0.679688 0.062500
255 255 255 255
1.115723 0.674316
0.417481 0.619141
0 0 0 0
1 0 0 0
0.044800 -0.866508 0.014857
0.710938 -0.687500 0.070313
255 255 255 255
1.123047 0.674316
0.419922 0.619629
0 0 0 0
1 0 0 0
0.042297 -0.852832 0.017931
-0.070313 -1.000000 -0.039063
255 255 255 255
1.120605 0.65332
0.418945 0.592285
0 0 0 0
1 0 0 0
0.042117 -0.852672 0.014941
-0.046875 -1.000000 -0.062500
255 255 255 255
1.118164 0.655273
0.418457 0.594727
0 0 0 0
1 0 0 0
0.037862 -0.852487 0.014531
-0.070313 -1.000000 -0.039063
255 255 255 255
1.105469 0.652832
0.414063 0.591797
0 0 0 0
1 0 0 0
0.037576 -0.852462 0.017517
-0.085938 -1.000000 -0.007813
255 255 255 255
1.108887 0.651856
0.415039 0.59082
0 0 0 0
1 0 0 0
0.028470 -0.843156 0.013908
-0.156250 0.960938 -0.125000
255 255 255 255
1.075195 0.643066
0.404297 0.579102
0 0 0 0
1 0 0 0
0.021371 -0.844848 0.000000
-0.187500 0.968750 0.000000
255 255 255 255
0.014648 0.643066
0.017578 0.296387
0 0 0 0
1 0 0 0
0.023254 -0.844420 -0.007664
-0.164063 0.968750 0.031250
255 255 255 255
0.043457 0.643066
0.026855 0.296387
1 0 0 0
1 0 0 0
0.025912 -0.843992 -0.006340
-0.179688 0.968750 0.000000
255 255 255 255
0.047852 0.63916
0.02832 0.289063
1 0 0 0
1 0 0 0
0.024402 -0.844286 0.000000
-0.195313 0.960938 -0.007813
255 255 255 255
0.021973 0.63916
0.02002 0.289063
0 0 0 0
1 0 0 0
0.048911 -0.839067 -0.017752
-0.234375 0.945313 0.117188
255 255 255 255
0.171387 0.643066
0.067871 0.296387
1 0 0 0
1 0 0 0
0.048745 -0.839512 -0.014790
-0.203125 0.953125 0.117188
255 255 255 255
0.172852 0.63916
0.068359 0.289063
1 0 0 0
1 0 0 0
0.037548 -0.841714 -0.014790
-0.171875 0.960938 0.117188
255 255 255 255
0.117188 0.63916
0.050293 0.289063
1 0 0 0
1 0 0 0
0.030320 -0.843130 -0.011547
-0.156250 0.968750 0.062500
255 255 255 255
0.077637 0.63916
0.037598 0.289063
1 0 0 0
1 0 0 0
0.037258 -0.841391 -0.017758
-0.203125 0.953125 0.109375
255 255 255 255
0.117188 0.643066
0.050293 0.296387
1 0 0 0
1 0 0 0
0.042476 -0.868762 -0.017409
0.929688 -0.304688 -0.156250
255 255 255 255
0.111328 0.677246
0.04834 0.366699
1 0 0 0
1 0 0 0
0.042212 -0.871619 -0.016979
0.953125 -0.132813 -0.210938
255 255 255 255
0.115234 0.680176
0.049805 0.374023
1 0 0 0
1 0 0 0
0.042823 -0.871556 -0.014043
0.960938 -0.093750 -0.179688
255 255 255 255
0.125488 0.678711
0.053223 0.369629
1 0 0 0
1 0 0 0
0.042923 -0.868550 -0.014450
0.843750 -0.500000 -0.117188
255 255 255 255
0.121094 0.676758
0.051758 0.366699
1 0 0 0
1 0 0 0
0.042964 -0.840283 -0.016380
-0.195313 0.953125 0.117188
255 255 255 255
0.143066 0.643066
0.058594 0.296387
1 0 0 0
1 0 0 0
0.043146 -0.840613 -0.013404
-0.210938 0.953125 0.109375
255 255 255 255
0.143066 0.63916
0.058594 0.289063
1 0 0 0
1 0 0 0
0.060392 -0.837208 -0.006340
-0.234375 0.953125 0.023438
255 255 255 255
0.244141 0.63916
0.09082 0.289063
1 0 0 0
1 0 0 0
0.055978 -0.838083 -0.011547
-0.257813 0.945313 0.093750
255 255 255 255
0.213867 0.63916
0.081055 0.289063
1 0 0 0
1 0 0 0
0.044329 -0.866643 -0.017817
0.718750 -0.679688 -0.085938
255 255 255 255
0.115723 0.674316
0.049805 0.361328
1 0 0 0
1 0 0 0
0.044800 -0.866508 -0.014857
0.710938 -0.687500 -0.093750
255 255 255 255
0.123047 0.674316
0.052246 0.361816
1 0 0 0
1 0 0 0
0.042297 -0.852832 -0.017931
-0.070313 -1.000000 0.015625
255 255 255 255
0.120606 0.65332
0.05127 0.317871
1 0 0 0
1 0 0 0
0.037576 -0.852462 -0.017517
-0.085938 -1.000000 -0.015625
255 255 255 255
0.108887 0.651856
0.047852 0.31543
1 0 0 0
1 0 0 0
0.037862 -0.852487 -0.014531
-0.070313 -1.000000 0.015625
255 255 255 255
0.105469 0.652832
0.046875 0.316895
1 0 0 0
1 0 0 0
0.042117 -0.852672 -0.014941
-0.046875 -1.000000 0.039063
255 255 255 255
0.118164 0.655273
0.050781 0.321289
1 0 0 0
1 0 0 0
0.028470 -0.843156 -0.013908
-0.156250 0.960938 0.101563
255 255 255 255
0.075195 0.643066
0.037109 0.296387
1 0 0 0
1 0 0 0
0.010818 -0.571206 0.015678
0.093750 -1.000000 -0.007813
255 255 255 255
1.257324 0.831543
0.424805 0.433594
1 0 0 0
1 0 0 0
0.010818 -0.571206 0.016742
0.093750 -1.000000 -0.007813
255 255 255 255
1.257813 0.831055
0.425293 0.431641
1 0 0 0
1 0 0 0
0.012461 -0.571033 0.016742
0.093750 -1.000000 -0.007813
255 255 255 255
1.260742 0.831055
0.427734 0.431641
1 0 0 0
1 0 0 0
0.012461 -0.571033 0.015678
0.093750 -1.000000 -0.007813
255 255 255 255
1.261719 0.831543
0.428223 0.433594
1 0 0 0
1 0 0 0
0.010818 -0.571206 -0.015678
0.093750 -1.000000 -0.007813
255 255 255 255
0.257324 0.831543
0.053223 0.227539
1 0 0 0
1 0 0 0
0.012461 -0.571033 -0.015678
0.093750 -1.000000 -0.007813
255 255 255 255
0.261719 0.831543
0.057129 0.227539
1 0 0 0
1 0 0 0
0.012461 -0.571033 -0.016742
0.093750 -1.000000 -0.007813
255 255 255 255
0.260742 0.831055
0.056152 0.224609
1 0 0 0
1 0 0 0
0.010818 -0.571206 -0.016742
0.093750 -1.000000 -0.007813
255 255 255 255
0.257813 0.831055
0.053711 0.224609
1 0 0 0
1 0 0 0
0.041586 -0.702680 0.007404
-0.625000 0.070313 0.757813
255 255 255 255
0.200195 0.731445
0.481934 0.537598
1 0 0 0
1 0 0 0
0.040903 -0.699649 0.006607
-0.585938 0.132813 0.781250
255 255 255 255
0.195801 0.727051
0.480469 0.533203
1 0 0 0
1 0 0 0
0.042155 -0.694214 0.005855
-0.601563 0.335938 0.710938
255 255 255 255
0.187988 0.720215
0.478027 0.525391
1 0 0 0
1 0 0 0
0.041367 -0.694291 0.005245
-0.578125 0.367188 0.710938
255 255 255 255
0.190918 0.720215
0.479004 0.524902
1 0 0 0
1 0 0 0
0.042812 -0.687376 0.000000
-0.093750 0.664063 0.710938
255 255 255 255
0.160645 0.710449
0.470215 0.514648
1 0 0 0
1 0 0 0
0.001429 -0.641284 -0.006800
0.570313 0.187500 -0.789063
255 255 255 255
1.11084 0.730469
0.116699 0.373535
0 0 0 0
1 0 0 0
0.000639 -0.638190 -0.006608
0.531250 0.226563 -0.804688
255 255 255 255
1.115723 0.727051
0.118164 0.367188
0 0 0 0
1 0 0 0
-0.000169 -0.638344 -0.007176
0.515625 0.265625 -0.804688
255 255 255 255
1.119629 0.727539
0.119141 0.368652
0 0 0 0
1 0 0 0
0.004597 -0.651319 0.011597
-0.125000 -0.968750 -0.257813
255 255 255 255
1.217773 0.746094
0.146973 0.401856
0 0 0 0
1 0 0 0
0.005225 -0.651235 0.010823
-0.296875 -0.914063 -0.320313
255 255 255 255
1.21582 0.746582
0.145996 0.40332
0 0 0 0
1 0 0 0
0.003756 -0.650995 0.009392
0.179688 -0.984375 -0.007813
255 255 255 255
1.210449 0.74707
0.144531 0.404297
0 0 0 0
1 0 0 0
0.003019 -0.651182 0.010040
0.242188 -0.945313 0.195313
255 255 255 255
1.208984 0.745606
0.144531 0.400879
0 0 0 0
1 0 0 0
0.001995 -0.653321 0.006172
0.312500 -0.867188 0.375000
255 255 255 255
1.204102 0.75
0.143066 0.40918
0 0 0 0
1 0 0 0
0.001155 -0.653230 0.006636
0.140625 -0.882813 0.429688
255 255 255 255
1.195801 0.748535
0.140625 0.406738
0 0 0 0
1 0 0 0
0.001771 -0.656407 0.005851
0.273438 0.718750 0.593750
255 255 255 255
1.202637 0.753418
0.142578 0.415039
0 0 0 0
1 0 0 0
0.003582 -0.659203 0.008718
0.406250 0.773438 0.429688
255 255 255 255
1.200684 0.756836
0.14209 0.421875
0 0 0 0
1 0 0 0
0.002667 -0.660498 0.007971
0.515625 0.023438 0.828125
255 255 255 255
1.199707 0.758301
0.141602 0.424316
0 0 0 0
1 0 0 0
0.003439 -0.660464 0.007419
0.562500 0.054688 0.796875
255 255 255 255
1.20752 0.758301
0.144043 0.424316
0 0 0 0
1 0 0 0
0.003613 -0.662254 0.007450
0.515625 0.023438 0.828125
255 255 255 255
1.20459 0.760742
0.143066 0.428223
0 0 0 0
1 0 0 0
0.002776 -0.662348 0.007919
0.468750 -0.007813 0.851563
255 255 255 255
1.201172 0.760742
0.14209 0.428223
0 0 0 0
1 0 0 0
0.006878 -0.653135 0.013153
-0.414063 -0.835938 -0.398438
255 255 255 255
1.229004 0.748535
0.149902 0.406738
0 0 0 0
1 0 0 0
0.007471 -0.653068 0.012351
-0.421875 -0.828125 -0.390625
255 255 255 255
1.227539 0.749512
0.149414 0.407715
0 0 0 0
1 0 0 0
0.003019 -0.651182 -0.010040
0.171875 -0.984375 0.007813
255 255 255 255
1.103516 0.745606
0.114746 0.401367
0 0 0 0
1 0 0 0
0.003756 -0.650995 -0.009392
0.242188 -0.953125 -0.210938
255 255 255 255
1.102539 0.74707
0.114746 0.404297
0 0 0 0
1 0 0 0
0.005225 -0.651235 -0.010823
-0.125000 -0.968750 0.234375
255 255 255 255
1.097168 0.748047
0.113281 0.405273
0 0 0 0
1 0 0 0
0.004597 -0.651319 -0.011597
-0.281250 -0.914063 0.289063
255 255 255 255
1.095215 0.746582
0.112305 0.402832
0 0 0 0
1 0 0 0
-0.002035 -0.630732 -0.004168
0.265625 0.625000 -0.718750
255 255 255 255
1.130859 0.716309
0.122559 0.348145
0 0 0 0
1 0 0 0
-0.003333 -0.630026 -0.003805
0.140625 0.765625 -0.609375
255 255 255 255
1.137695 0.71582
0.124512 0.347656
0 0 0 0
1 0 0 0
0.001155 -0.653230 -0.006793
0.398438 -0.671875 -0.625000
255 255 255 255
1.120117 0.748047
0.119629 0.405762
0 0 0 0
1 0 0 0
0.001995 -0.653321 -0.006329
0.398438 -0.398438 -0.828125
255 255 255 255
1.117188 0.748535
0.118652 0.406738
0 0 0 0
1 0 0 0
0.000922 -0.656458 -0.006465
0.460938 -0.132813 -0.875000
255 255 255 255
1.122559 0.752441
0.120117 0.414063
0 0 0 0
1 0 0 0
0.001771 -0.656407 -0.006008
0.460938 -0.132813 -0.875000
255 255 255 255
1.116211 0.752441
0.118652 0.413086
0 0 0 0
1 0 0 0
0.002667 -0.660498 -0.008128
0.523438 -0.468750 -0.710938
255 255 255 255
1.12207 0.758301
0.120117 0.424316
0 0 0 0
1 0 0 0
0.003439 -0.660464 -0.007576
0.523438 -0.218750 -0.820313
255 255 255 255
1.11377 0.757813
0.117676 0.42334
0 0 0 0
1 0 0 0
0.004288 -0.659233 -0.008259
0.453125 -0.664063 -0.593750
255 255 255 255
1.118164 0.757324
0.119141 0.422363
0 0 0 0
1 0 0 0
0.003582 -0.659203 -0.008875
0.460938 -0.671875 -0.585938
255 255 255 255
1.121582 0.757324
0.120117 0.422363
0 0 0 0
1 0 0 0
-0.000970 -0.635391 -0.006581
0.507813 0.375000 -0.765625
255 255 255 255
1.123047 0.723145
0.120117 0.36084
0 0 0 0
1 0 0 0
-0.003899 -0.626628 0.000000
0.039063 0.710938 -0.687500
255 255 255 255
1.152832 0.710449
0.128906 0.337891
0 0 0 0
1 0 0 0
-0.004894 -0.626727 0.000000
-0.085938 0.710938 -0.687500
255 255 255 255
1.15625 0.711426
0.129883 0.339844
0 0 0 0
1 0 0 0
0.002776 -0.662348 -0.008076
0.515625 0.023438 -0.851563
255 255 255 255
1.119629 0.760254
0.119629 0.427734
0 0 0 0
1 0 0 0
0.003613 -0.662254 -0.007607
0.468750 0.046875 -0.875000
255 255 255 255
1.114258 0.759277
0.117676 0.42627
0 0 0 0
1 0 0 0
0.007471 -0.653068 -0.012351
-0.406250 -0.835938 0.375000
255 255 255 255
1.084961 0.749512
0.109863 0.408691
0 0 0 0
1 0 0 0
0.006878 -0.653135 -0.013153
-0.414063 -0.835938 0.359375
255 255 255 255
1.084961 0.749023
0.109863 0.407227
0 0 0 0
1 0 0 0
0.033237 -0.849625 0.015137
0.398438 -0.914063 -0.070313
255 255 255 255
1.086426 0.649902
0.407715 0.587891
0 0 0 0
1 0 0 0
0.036999 -0.848376 0.013940
-0.031250 -0.976563 -0.234375
255 255 255 255
1.098633 0.651856
0.411621 0.590332
0 0 0 0
1 0 0 0
0.034403 -0.848798 0.012499
0.343750 -0.929688 -0.132813
255 255 255 255
1.088379 0.652344
0.408203 0.59082
0 0 0 0
1 0 0 0
0.058699 -0.848126 0.013941
-0.859375 0.132813 0.484375
255 255 255 255
1.216797 0.654785
0.450684 0.594727
0 0 0 0
1 0 0 0
0.057180 -0.848689 0.011416
-0.921875 0.101563 0.359375
255 255 255 255
1.20752 0.654785
0.447754 0.594727
0 0 0 0
1 0 0 0
0.056989 -0.845331 0.011052
-0.851563 0.023438 0.515625
255 255 255 255
1.205078 0.652344
0.446777 0.591309
0 0 0 0
1 0 0 0
0.051127 -0.846372 0.017298
0.929688 0.015625 -0.320313
255 255 255 255
1.179688 0.650391
0.438477 0.588867
0 0 0 0
1 0 0 0
0.050283 -0.846701 0.014438
0.937500 -0.046875 -0.289063
255 255 255 255
1.191406 0.652344
0.442383 0.591309
0 0 0 0
1 0 0 0
0.050301 -0.847814 0.014629
0.875000 0.257813 -0.375000
255 255 255 255
1.191406 0.65332
0.442383 0.592285
0 0 0 0
1 0 0 0
0.054626 -0.852696 0.013258
0.460938 0.804688 -0.328125
255 255 255 255
1.19873 0.658691
0.444824 0.599121
0 0 0 0
1 0 0 0
0.055670 -0.852867 0.012707
-0.289063 0.937500 -0.093750
255 255 255 255
1.199219 0.658691
0.444824 0.599121
0 0 0 0
1 0 0 0
0.038467 -0.850097 0.017564
-0.937500 -0.281250 -0.257813
255 255 255 255
1.109863 0.650391
0.415527 0.588379
0 0 0 0
1 0 0 0
0.039078 -0.850042 0.014628
-0.976563 0.140625 -0.179688
255 255 255 255
1.103027 0.651856
0.413574 0.59082
0 0 0 0
1 0 0 0
0.038687 -0.848998 0.014433
-0.664063 -0.718750 -0.250000
255 255 255 255
1.102539 0.651856
0.413086 0.59082
0 0 0 0
1 0 0 0
0.037805 -0.849346 0.017279
-0.343750 -0.906250 -0.281250
255 255 255 255
1.108398 0.649414
0.415039 0.587402
0 0 0 0
1 0 0 0
0.054387 -0.857308 0.017230
-0.757813 -0.578125 0.328125
255 255 255 255
1.185059 0.666016
0.44043 0.608398
0 0 0 0
1 0 0 0
0.052865 -0.857137 0.014651
-0.773438 -0.484375 0.406250
255 255 255 255
1.172363 0.664551
0.436035 0.606445
0 0 0 0
1 0 0 0
0.051667 -0.855377 0.014444
-0.757813 -0.578125 0.328125
255 255 255 255
1.172852 0.661133
0.436035 0.602539
0 0 0 0
1 0 0 0
0.052261 -0.854916 0.017348
-0.726563 -0.656250 0.234375
255 255 255 255
1.183105 0.662598
0.439453 0.604492
0 0 0 0
1 0 0 0
0.032003 -0.850275 0.011059
0.460938 -0.882813 -0.015625
255 255 255 255
1.081543 0.65332
0.40625 0.592773
0 0 0 0
1 0 0 0
0.030482 -0.850915 0.013565
0.398438 -0.914063 0.007813
255 255 255 255
1.073242 0.652344
0.403809 0.591309
0 0 0 0
1 0 0 0
0.057787 -0.850907 0.014634
-0.921875 0.320313 0.195313
255 255 255 255
1.210449 0.658691
0.448731 0.599609
0 0 0 0
1 0 0 0
0.042851 -0.863573 0.017702
0.789063 0.546875 0.156250
255 255 255 255
1.113281 0.671387
0.416504 0.615234
0 0 0 0
1 0 0 0
0.043390 -0.863429 0.014754
0.710938 0.601563 0.273438
255 255 255 255
1.124023 0.670898
0.419922 0.614746
0 0 0 0
1 0 0 0
0.044800 -0.866508 0.014857
0.867188 0.406250 0.156250
255 255 255 255
1.123047 0.674316
0.419922 0.619629
0 0 0 0
1 0 0 0
0.053984 -0.866419 0.017409
-0.609375 -0.796875 0.085938
255 255 255 255
1.174316 0.67627
0.436523 0.621582
0 0 0 0
1 0 0 0
0.053491 -0.866386 0.014450
-0.773438 -0.632813 0.125000
255 255 255 255
1.160156 0.67627
0.432129 0.62207
0 0 0 0
1 0 0 0
0.050995 -0.865225 0.014857
-0.429688 -0.906250 0.062500
255 255 255 255
1.15918 0.67334
0.431641 0.618164
0 0 0 0
1 0 0 0
0.051482 -0.865178 0.017817
-0.437500 -0.906250 0.070313
255 255 255 255
1.169434 0.673828
0.435059 0.618652
0 0 0 0
1 0 0 0
0.048233 -0.851805 0.017911
-0.750000 -0.664063 -0.117188
255 255 255 255
1.166992 0.654297
0.43457 0.59375
0 0 0 0
1 0 0 0
0.048411 -0.851428 0.014941
-0.742188 -0.671875 -0.140625
255 255 255 255
1.166504 0.655762
0.434082 0.595703
0 0 0 0
1 0 0 0
0.044243 -0.846535 0.013404
-0.750000 -0.664063 -0.117188
255 255 255 255
1.140137 0.657227
0.425293 0.597656
0 0 0 0
1 0 0 0
0.044155 -0.846833 0.016388
-0.765625 -0.656250 -0.101563
255 255 255 255
1.143066 0.651856
0.42627 0.590332
0 0 0 0
1 0 0 0
0.037576 -0.852462 0.017517
-0.914063 0.382813 -0.148438
255 255 255 255
1.108887 0.651856
0.415039 0.59082
0 0 0 0
1 0 0 0
0.037862 -0.852487 0.014531
-0.898438 0.429688 -0.101563
255 255 255 255
1.105469 0.652832
0.414063 0.591797
0 0 0 0
1 0 0 0
0.035291 -0.856443 0.015810
-0.843750 0.375000 -0.382813
255 255 255 255
1.091797 0.660645
0.409668 0.601563
0 0 0 0
1 0 0 0
0.036857 -0.856232 0.013260
-0.828125 0.289063 -0.492188
255 255 255 255
1.09668 0.656738
0.411133 0.597168
0 0 0 0
1 0 0 0
0.037405 -0.853744 0.013872
-0.843750 0.375000 -0.382813
255 255 255 255
1.10791 0.658203
0.415039 0.598145
0 0 0 0
1 0 0 0
0.036443 -0.853868 0.016711
-0.843750 0.453125 -0.273438
255 255 255 255
1.101563 0.659668
0.412598 0.600586
0 0 0 0
1 0 0 0
0.054165 -0.850384 0.016710
0.625000 0.656250 -0.375000
255 255 255 255
1.191895 0.659668
0.442383 0.600586
0 0 0 0
1 0 0 0
0.053220 -0.850621 0.013872
0.726563 0.578125 -0.304688
255 255 255 255
1.191895 0.658203
0.442383 0.598633
0 0 0 0
1 0 0 0
0.052320 -0.849630 0.014531
0.710938 0.601563 -0.289063
255 255 255 255
1.184082 0.655273
0.439941 0.595215
0 0 0 0
1 0 0 0
0.052839 -0.849576 0.017485
0.820313 0.507813 -0.164063
255 255 255 255
1.181641 0.65332
0.438965 0.592285
0 0 0 0
1 0 0 0
0.040146 -0.859750 0.014651
0.625000 0.562500 0.492188
255 255 255 255
1.118652 0.665527
0.418457 0.608398
0 0 0 0
1 0 0 0
0.055254 -0.869016 0.016985
-0.890625 -0.445313 0.156250
255 255 255 255
1.174316 0.680176
0.436523 0.626465
0 0 0 0
1 0 0 0
0.054682 -0.869142 0.014043
-0.898438 -0.421875 0.179688
255 255 255 255
1.160645 0.679199
0.432129 0.625
0 0 0 0
1 0 0 0
0.034403 -0.848798 -0.012499
0.343750 -0.929688 0.109375
255 255 255 255
0.088379 0.652344
0.041016 0.31543
0 0 0 0
1 0 0 0
0.036999 -0.848376 -0.013940
-0.031250 -0.976563 0.210938
255 255 255 255
0.098633 0.651856
0.044434 0.314453
1 0 0 0
1 0 0 0
0.033237 -0.849625 -0.015137
0.398438 -0.914063 0.046875
255 255 255 255
0.086426 0.649902
0.040527 0.310547
1 0 0 0
1 0 0 0
0.058699 -0.848126 -0.013941
-0.859375 0.132813 -0.507813
255 255 255 255
0.216797 0.654785
0.082031 0.321289
1 0 0 0
1 0 0 0
0.056989 -0.845331 -0.011052
-0.851563 0.023438 -0.539063
255 255 255 255
0.205078 0.652344
0.078613 0.316406
1 0 0 0
1 0 0 0
0.057180 -0.848689 -0.011416
-0.921875 0.101563 -0.382813
255 255 255 255
0.20752 0.654785
0.079102 0.321289
0 0 0 0
1 0 0 0
0.050301 -0.847814 -0.014629
0.875000 0.257813 0.351563
255 255 255 255
0.191406 0.65332
0.074219 0.317871
0 0 0 0
1 0 0 0
0.050283 -0.846701 -0.014438
0.937500 -0.046875 0.265625
255 255 255 255
0.191406 0.652344
0.074219 0.315918
1 0 0 0
1 0 0 0
0.051127 -0.846372 -0.017298
0.929688 0.015625 0.296875
255 255 255 255
0.179688 0.650391
0.070313 0.312012
1 0 0 0
1 0 0 0
0.055670 -0.852867 -0.012707
-0.289063 0.937500 0.070313
255 255 255 255
0.199219 0.658691
0.07666 0.328613
0 0 0 0
1 0 0 0
0.054626 -0.852696 -0.013258
0.460938 0.804688 0.304688
255 255 255 255
0.198731 0.658691
0.076172 0.328613
1 0 0 0
1 0 0 0
0.038467 -0.850097 -0.017564
-0.937500 -0.281250 0.234375
255 255 255 255
0.109863 0.650391
0.047852 0.311523
1 0 0 0
1 0 0 0
0.037805 -0.849346 -0.017279
-0.343750 -0.906250 0.257813
255 255 255 255
0.108398 0.649414
0.047852 0.310059
1 0 0 0
1 0 0 0
0.038687 -0.848998 -0.014433
-0.664063 -0.718750 0.226563
255 255 255 255
0.102539 0.651856
0.04541 0.31543
0 0 0 0
1 0 0 0
0.039078 -0.850042 -0.014628
-0.976563 0.140625 0.156250
255 255 255 255
0.103027 0.651856
0.045898 0.314941
1 0 0 0
1 0 0 0
0.054387 -0.857308 -0.017230
-0.757813 -0.578125 -0.351563
255 255 255 255
0.185059 0.666016
0.072266 0.344238
1 0 0 0
1 0 0 0
0.052261 -0.854916 -0.017348
-0.726563 -0.656250 -0.257813
255 255 255 255
0.183106 0.662598
0.071289 0.337402
1 0 0 0
1 0 0 0
0.051667 -0.855377 -0.014444
-0.757813 -0.578125 -0.351563
255 255 255 255
0.172852 0.661133
0.067871 0.334473
1 0 0 0
1 0 0 0
0.052865 -0.857137 -0.014651
-0.773438 -0.484375 -0.429688
255 255 255 255
0.172363 0.664551
0.067871 0.34082
1 0 0 0
1 0 0 0
0.030482 -0.850915 -0.013565
0.398438 -0.914063 -0.031250
255 255 255 255
0.073242 0.652344
0.036621 0.315918
1 0 0 0
1 0 0 0
0.032003 -0.850275 -0.011059
0.460938 -0.882813 -0.007813
255 255 255 255
0.081543 0.65332
0.039063 0.317871
1 0 0 0
1 0 0 0
0.057787 -0.850907 -0.014634
-0.921875 0.320313 -0.218750
255 255 255 255
0.210449 0.658691
0.080078 0.329102
1 0 0 0
1 0 0 0
0.042851 -0.863573 -0.017702
0.789063 0.546875 -0.179688
255 255 255 255
0.113281 0.671387
0.049316 0.354981
1 0 0 0
1 0 0 0
0.044800 -0.866508 -0.014857
0.867188 0.406250 -0.179688
255 255 255 255
0.123047 0.674316
0.052246 0.361816
1 0 0 0
1 0 0 0
0.043390 -0.863429 -0.014754
0.710938 0.601563 -0.296875
255 255 255 255
0.124023 0.670898
0.052734 0.354004
1 0 0 0
1 0 0 0
0.053984 -0.866419 -0.017409
-0.609375 -0.796875 -0.109375
255 255 255 255
0.174316 0.67627
0.068359 0.365234
1 0 0 0
1 0 0 0
0.051482 -0.865178 -0.017817
-0.437500 -0.906250 -0.093750
255 255 255 255
0.169434 0.673828
0.066895 0.360352
1 0 0 0
1 0 0 0
0.050995 -0.865225 -0.014857
-0.429688 -0.906250 -0.085938
255 255 255 255
0.15918 0.67334
0.063477 0.359375
1 0 0 0
1 0 0 0
0.053491 -0.866386 -0.014450
-0.773438 -0.632813 -0.148438
255 255 255 255
0.160156 0.67627
0.063965 0.365723
1 0 0 0
1 0 0 0
0.048233 -0.851805 -0.017911
-0.750000 -0.664063 0.093750
255 255 255 255
0.166992 0.654297
0.066406 0.319824
1 0 0 0
1 0 0 0
0.044155 -0.846833 -0.016388
-0.765625 -0.656250 0.078125
255 255 255 255
0.143066 0.651856
0.058594 0.314453
1 0 0 0
1 0 0 0
0.044243 -0.846535 -0.013404
-0.750000 -0.664063 0.093750
255 255 255 255
0.140137 0.657227
0.057617 0.326172
1 0 0 0
1 0 0 0
0.048411 -0.851428 -0.014941
-0.742188 -0.671875 0.117188
255 255 255 255
0.166504 0.655762
0.065918 0.323242
1 0 0 0
1 0 0 0
0.037576 -0.852462 -0.017517
-0.914063 0.382813 0.125000
255 255 255 255
0.108887 0.651856
0.047852 0.31543
1 0 0 0
1 0 0 0
0.037862 -0.852487 -0.014531
-0.898438 0.429688 0.078125
255 255 255 255
0.105469 0.652832
0.046875 0.316895
1 0 0 0
1 0 0 0
0.035290 -0.856443 -0.015810
-0.843750 0.375000 0.359375
255 255 255 255
0.091797 0.660645
0.04248 0.33252
1 0 0 0
1 0 0 0
0.036443 -0.853868 -0.016711
-0.843750 0.453125 0.250000
255 255 255 255
0.101563 0.659668
0.04541 0.331055
1 0 0 0
1 0 0 0
0.037405 -0.853744 -0.013872
-0.843750 0.375000 0.359375
255 255 255 255
0.10791 0.658203
0.047363 0.327637
1 0 0 0
1 0 0 0
0.036857 -0.856232 -0.013260
-0.828125 0.289063 0.468750
255 255 255 255
0.09668 0.656738
0.043945 0.325195
0 0 0 0
1 0 0 0
0.054165 -0.850384 -0.016710
0.625000 0.656250 0.351563
255 255 255 255
0.191895 0.659668
0.074219 0.331543
1 0 0 0
1 0 0 0
0.053220 -0.850621 -0.013872
0.726563 0.578125 0.281250
255 255 255 255
0.191895 0.658203
0.074219 0.328125
1 0 0 0
1 0 0 0
0.052839 -0.849576 -0.017485
0.820313 0.507813 0.140625
255 255 255 255
0.181641 0.65332
0.070801 0.317871
1 0 0 0
1 0 0 0
0.052320 -0.849630 -0.014531
0.710938 0.601563 0.265625
255 255 255 255
0.184082 0.655273
0.071777 0.322266
1 0 0 0
1 0 0 0
0.040146 -0.859750 -0.014651
0.625000 0.562500 -0.515625
255 255 255 255
0.118652 0.665527
0.050781 0.343262
1 0 0 0
1 0 0 0
0.055254 -0.869016 -0.016985
-0.890625 -0.445313 -0.179688
255 255 255 255
0.174316 0.680176
0.068359 0.373047
1 0 0 0
1 0 0 0
0.054682 -0.869142 -0.014043
-0.898438 -0.421875 -0.203125
255 255 255 255
0.160645 0.679199
0.063965 0.371094
1 0 0 0
1 0 0 0
-0.006238 -0.551101 0.008716
0.000000 0.953125 0.218750
255 255 255 255
1.226074 0.820801
0.400391 0.395996
1 0 0 0
1 0 0 0
-0.007330 -0.551167 0.009236
0.007813 0.968750 0.125000
255 255 255 255
1.225098 0.821289
0.399902 0.396973
1 0 0 0
1 0 0 0
-0.010291 -0.549655 0.004534
0.031250 0.914063 0.343750
255 255 255 255
1.21582 0.821289
0.392578 0.396973
1 0 0 0
1 0 0 0
-0.009218 -0.549484 0.004074
-0.015625 0.875000 0.429688
255 255 255 255
1.216309 0.820801
0.393066 0.395996
1 0 0 0
1 0 0 0
0.005646 -0.551912 0.016795
0.414063 0.882813 0.039063
255 255 255 255
1.250977 0.821289
0.419434 0.396973
1 0 0 0
1 0 0 0
0.005839 -0.551895 0.015610
0.265625 0.937500 0.062500
255 255 255 255
1.251465 0.820801
0.419922 0.395996
1 0 0 0
1 0 0 0
0.009725 -0.554708 0.015782
0.554688 0.796875 0.046875
255 255 255 255
1.258301 0.821777
0.425293 0.399414
1 0 0 0
1 0 0 0
0.009715 -0.554709 0.016982
0.546875 0.804688 -0.007813
255 255 255 255
1.258301 0.822266
0.425293 0.401367
1 0 0 0
1 0 0 0
-0.003469 -0.551320 0.011687
-0.023438 0.976563 0.054688
255 255 255 255
1.23291 0.820801
0.405762 0.395996
1 0 0 0
1 0 0 0
-0.004201 -0.551379 0.012625
-0.015625 0.976563 0.039063
255 255 255 255
1.23291 0.821289
0.405762 0.396973
1 0 0 0
1 0 0 0
0.002401 -0.551446 0.014861
0.023438 0.976563 0.039063
255 255 255 255
1.244629 0.820801
0.415039 0.395996
1 0 0 0
1 0 0 0
0.002000 -0.551480 0.015992
0.062500 0.976563 0.031250
255 255 255 255
1.244629 0.821289
0.415039 0.396973
1 0 0 0
1 0 0 0
-0.011973 -0.547165 0.000000
-0.007813 0.984375 -0.007813
255 255 255 255
1.20752 0.821289
0.386231 0.396973
1 0 0 0
1 0 0 0
-0.010777 -0.547066 0.000000
-0.093750 0.976563 -0.007813
255 255 255 255
1.208984 0.820801
0.387207 0.395996
1 0 0 0
1 0 0 0
0.012903 -0.560139 0.015678
0.968750 0.140625 -0.007813
255 255 255 255
1.264648 0.824707
0.430664 0.410156
1 0 0 0
1 0 0 0
0.012903 -0.560139 0.016742
0.968750 0.140625 -0.007813
255 255 255 255
1.263672 0.825195
0.429688 0.411133
1 0 0 0
1 0 0 0
0.013204 -0.558067 0.016802
0.929688 -0.320313 -0.046875
255 255 255 255
1.26416 0.824219
0.430176 0.407715
1 0 0 0
1 0 0 0
0.013126 -0.558073 0.015675
0.937500 -0.296875 -0.078125
255 255 255 255
1.264648 0.824707
0.430664 0.40918
1 0 0 0
1 0 0 0
0.008115 -0.560644 0.016742
-1.000000 -0.070313 -0.007813
255 255 255 255
1.253418 0.825195
0.421875 0.411133
1 0 0 0
1 0 0 0
0.008115 -0.560644 0.015678
-1.000000 -0.070313 -0.007813
255 255 255 255
1.251953 0.825195
0.420898 0.410156
1 0 0 0
1 0 0 0
0.007176 -0.558639 0.015644
-0.773438 -0.640625 -0.039063
255 255 255 255
1.251953 0.824707
0.42041 0.40918
1 0 0 0
1 0 0 0
0.007098 -0.558646 0.016771
-0.757813 -0.656250 -0.070313
255 255 255 255
1.252441 0.824219
0.420898 0.407715
1 0 0 0
1 0 0 0
0.016312 -0.560710 0.015793
-0.726563 0.671875 -0.007813
255 255 255 255
1.270508 0.826172
0.435059 0.413574
1 0 0 0
1 0 0 0
0.017300 -0.559676 0.015522
-0.726563 0.671875 -0.007813
255 255 255 255
1.271973 0.825684
0.436035 0.413574
1 0 0 0
1 0 0 0
0.004928 -0.561910 0.014729
-0.140625 0.968750 -0.007813
255 255 255 255
1.246094 0.825684
0.416016 0.413086
1 0 0 0
1 0 0 0
0.006010 -0.561771 0.015152
-0.257813 0.953125 -0.007813
255 255 255 255
1.248047 0.825684
0.417481 0.412109
1 0 0 0
1 0 0 0
0.003717 -0.561108 0.015522
-0.945313 -0.343750 -0.007813
255 255 255 255
1.245117 0.826172
0.415527 0.414063
1 0 0 0
1 0 0 0
0.004483 -0.563264 0.014729
-0.890625 -0.468750 -0.007813
255 255 255 255
1.244141 0.82666
0.414551 0.416504
1 0 0 0
1 0 0 0
0.003717 -0.561108 0.014458
-0.945313 -0.343750 -0.007813
255 255 255 255
1.244141 0.826172
0.414551 0.413574
1 0 0 0
1 0 0 0
0.006160 -0.566051 0.016216
-0.804688 -0.601563 -0.007813
255 255 255 255
1.248535 0.828125
0.417969 0.421387
1 0 0 0
1 0 0 0
0.006160 -0.566051 0.015152
-0.804688 -0.601563 -0.007813
255 255 255 255
1.246582 0.828613
0.416504 0.422363
1 0 0 0
1 0 0 0
0.008115 -0.560644 0.016742
-0.476563 0.867188 -0.007813
255 255 255 255
1.253418 0.825195
0.421875 0.411133
1 0 0 0
1 0 0 0
0.010818 -0.571206 0.016742
-0.750000 -0.679688 -0.007813
255 255 255 255
1.257813 0.831055
0.425293 0.431641
1 0 0 0
1 0 0 0
0.010818 -0.571206 0.015678
-0.750000 -0.679688 -0.007813
255 255 255 255
1.257324 0.831543
0.424805 0.433594
1 0 0 0
1 0 0 0
-0.006238 -0.551101 -0.008716
0.000000 0.953125 -0.242188
255 255 255 255
0.226074 0.820801
0.028809 0.172852
1 0 0 0
1 0 0 0
-0.009218 -0.549484 -0.004074
-0.015625 0.875000 -0.453125
255 255 255 255
0.216309 0.820801
0.021484 0.172852
1 0 0 0
1 0 0 0
-0.010291 -0.549655 -0.004534
0.031250 0.914063 -0.367188
255 255 255 255
0.21582 0.821289
0.020996 0.174805
1 0 0 0
1 0 0 0
-0.007330 -0.551167 -0.009236
0.007813 0.968750 -0.148438
255 255 255 255
0.225098 0.821289
0.02832 0.174805
1 0 0 0
1 0 0 0
0.005646 -0.551912 -0.016795
0.414063 0.882813 -0.062500
255 255 255 255
0.250977 0.821289
0.04834 0.174805
1 0 0 0
1 0 0 0
0.009715 -0.554709 -0.016982
0.546875 0.804688 -0.015625
255 255 255 255
0.258301 0.822266
0.054199 0.180664
1 0 0 0
1 0 0 0
0.009725 -0.554708 -0.015782
0.554688 0.796875 -0.070313
255 255 255 255
0.258301 0.821777
0.054199 0.177734
1 0 0 0
1 0 0 0
0.005839 -0.551895 -0.015610
0.265625 0.937500 -0.085938
255 255 255 255
0.251465 0.820801
0.048828 0.172852
1 0 0 0
1 0 0 0
-0.004201 -0.551379 -0.012625
-0.015625 0.976563 -0.062500
255 255 255 255
0.23291 0.821289
0.034668 0.174805
1 0 0 0
1 0 0 0
-0.003469 -0.551320 -0.011687
-0.023438 0.976563 -0.078125
255 255 255 255
0.23291 0.820801
0.034668 0.172852
1 0 0 0
1 0 0 0
0.002000 -0.551480 -0.015992
0.062500 0.976563 -0.054688
255 255 255 255
0.244629 0.821289
0.043457 0.174805
1 0 0 0
1 0 0 0
0.002401 -0.551446 -0.014861
0.023438 0.976563 -0.062500
255 255 255 255
0.244629 0.820801
0.043945 0.172852
1 0 0 0
1 0 0 0
-0.011973 -0.547165 0.000000
-0.007813 0.984375 -0.007813
255 255 255 255
0.20752 0.821289
0.014648 0.174805
1 0 0 0
1 0 0 0
-0.010777 -0.547066 0.000000
-0.093750 0.976563 -0.007813
255 255 255 255
0.208984 0.820801
0.015625 0.172852
1 0 0 0
1 0 0 0
0.012903 -0.560139 -0.015678
0.968750 0.140625 -0.007813
255 255 255 255
0.264648 0.824707
0.059082 0.193359
1 0 0 0
1 0 0 0
0.013126 -0.558073 -0.015675
0.937500 -0.296875 0.054688
255 255 255 255
0.264648 0.824707
0.059082 0.191895
1 0 0 0
1 0 0 0
0.013204 -0.558067 -0.016802
0.929688 -0.320313 0.023438
255 255 255 255
0.26416 0.824219
0.058594 0.189941
1 0 0 0
1 0 0 0
0.012903 -0.560139 -0.016742
0.968750 0.140625 -0.007813
255 255 255 255
0.263672 0.825195
0.058105 0.194824
1 0 0 0
1 0 0 0
0.008115 -0.560644 -0.016742
-1.000000 -0.070313 -0.007813
255 255 255 255
0.253418 0.825195
0.050293 0.195313
1 0 0 0
1 0 0 0
0.007098 -0.558646 -0.016771
-0.757813 -0.656250 0.046875
255 255 255 255
0.252441 0.824219
0.049805 0.189941
1 0 0 0
1 0 0 0
0.007176 -0.558639 -0.015644
-0.773438 -0.640625 0.015625
255 255 255 255
0.251953 0.824707
0.049316 0.191895
1 0 0 0
1 0 0 0
0.008115 -0.560644 -0.015678
-1.000000 -0.070313 -0.007813
255 255 255 255
0.251953 0.825195
0.049316 0.193359
1 0 0 0
1 0 0 0
0.016312 -0.560710 -0.015793
-0.726563 0.671875 -0.007813
255 255 255 255
0.270508 0.826172
0.063477 0.198731
1 0 0 0
1 0 0 0
0.017300 -0.559676 -0.015522
-0.726563 0.671875 -0.007813
255 255 255 255
0.271973 0.825684
0.064453 0.198242
1 0 0 0
1 0 0 0
0.006010 -0.561771 -0.015152
-0.257813 0.953125 -0.007813
255 255 255 255
0.248047 0.825684
0.045898 0.196289
1 0 0 0
1 0 0 0
0.004928 -0.561910 -0.014729
-0.140625 0.968750 -0.007813
255 255 255 255
0.246094 0.825684
0.044434 0.197266
1 0 0 0
1 0 0 0
0.003717 -0.561108 -0.014458
-0.945313 -0.343750 -0.007813
255 255 255 255
0.244141 0.826172
0.043457 0.198731
1 0 0 0
1 0 0 0
0.004483 -0.563264 -0.014729
-0.890625 -0.468750 -0.007813
255 255 255 255
0.244141 0.82666
0.042969 0.202637
1 0 0 0
1 0 0 0
0.003717 -0.561108 -0.015522
-0.945313 -0.343750 -0.007813
255 255 255 255
0.245117 0.826172
0.043945 0.199219
1 0 0 0
1 0 0 0
0.006160 -0.566051 -0.016216
-0.804688 -0.601563 -0.007813
255 255 255 255
0.248535 0.828125
0.046387 0.209961
1 0 0 0
1 0 0 0
0.006160 -0.566051 -0.015152
-0.804688 -0.601563 -0.007813
255 255 255 255
0.246582 0.828613
0.044922 0.211426
1 0 0 0
1 0 0 0
0.008115 -0.560644 -0.016742
-0.476563 0.867188 -0.007813
255 255 255 255
0.253418 0.825195
0.050293 0.195313
1 0 0 0
1 0 0 0
0.010818 -0.571206 -0.015678
-0.750000 -0.679688 -0.007813
255 255 255 255
0.257324 0.831543
0.053223 0.227539
1 0 0 0
1 0 0 0
0.010818 -0.571206 -0.016742
-0.750000 -0.679688 -0.007813
255 255 255 255
0.257813 0.831055
0.053711 0.224609
1 0 0 0
1 0 0 0
-0.010492 -0.159514 -0.017840
-0.085938 -0.968750 -0.257813
255 255 255 255
0.142578 0.811035
0.446289 0.385742
1 0 0 0
1 0 0 0
-0.003117 -0.159415 -0.015473
-0.007813 -1.000000 -0.007813
255 255 255 255
0.187012 0.816895
0.455566 0.391113
1 0 0 0
1 0 0 0
-0.003112 -0.159489 -0.019086
0.007813 -0.976563 -0.250000
255 255 255 255
0.187012 0.811035
0.455566 0.385742
1 0 0 0
1 0 0 0
-0.003093 -0.158200 -0.021321
-0.039063 -0.875000 -0.500000
255 255 255 255
0.187012 0.805176
0.455566 0.380371
1 0 0 0
1 0 0 0
-0.002984 -0.148882 -0.019086
-0.031250 0.953125 -0.250000
255 255 255 255
0.187012 0.789063
0.455566 0.364746
1 0 0 0
1 0 0 0
-0.002979 -0.148955 -0.015473
-0.007813 0.984375 -0.007813
255 255 255 255
0.187012 0.782227
0.455566 0.358887
1 0 0 0
1 0 0 0
-0.010415 -0.149007 -0.014102
-0.007813 0.984375 -0.007813
255 255 255 255
0.142578 0.782227
0.446289 0.358887
1 0 0 0
1 0 0 0
-0.016642 -0.159503 -0.009961
-0.367188 -0.937500 -0.015625
255 255 255 255
0.097656 0.816895
0.436523 0.391113
1 0 0 0
1 0 0 0
-0.017970 -0.158197 -0.012787
-0.781250 -0.601563 -0.226563
255 255 255 255
0.067871 0.811035
0.430664 0.385742
1 0 0 0
1 0 0 0
-0.016180 -0.158196 -0.017073
-0.601563 -0.703125 -0.414063
255 255 255 255
0.097656 0.805176
0.436523 0.380371
1 0 0 0
1 0 0 0
-0.017884 -0.150237 -0.012788
-0.773438 0.593750 -0.203125
255 255 255 255
0.067871 0.789063
0.430664 0.364746
1 0 0 0
1 0 0 0
-0.016506 -0.149038 -0.009962
-0.351563 0.921875 0.015625
255 255 255 255
0.097656 0.782227
0.436523 0.358887
1 0 0 0
1 0 0 0
-0.016099 -0.150163 -0.017077
-0.593750 0.695313 -0.398438
255 255 255 255
0.097656 0.793945
0.436523 0.369629
1 0 0 0
1 0 0 0
0.004319 -0.159342 -0.014102
-0.007813 -1.000000 -0.007813
255 255 255 255
0.229004 0.816895
0.464844 0.391113
1 0 0 0
1 0 0 0
0.004069 -0.158177 -0.020213
0.156250 -0.875000 -0.476563
255 255 255 255
0.229004 0.805176
0.464844 0.380371
1 0 0 0
1 0 0 0
0.004399 -0.148841 -0.017840
0.054688 0.945313 -0.257813
255 255 255 255
0.229004 0.789063
0.464844 0.364746
1 0 0 0
1 0 0 0
0.004458 -0.148885 -0.014102
-0.007813 0.984375 -0.007813
255 255 255 255
0.229004 0.782227
0.464844 0.358887
1 0 0 0
1 0 0 0
0.011788 -0.158060 -0.012788
0.750000 -0.617188 -0.203125
255 255 255 255
0.271973 0.811035
0.473633 0.385742
1 0 0 0
1 0 0 0
0.010409 -0.159270 -0.009962
0.328125 -0.945313 0.015625
255 255 255 255
0.255859 0.816895
0.470215 0.391113
1 0 0 0
1 0 0 0
0.010002 -0.158147 -0.017078
0.570313 -0.718750 -0.398438
255 255 255 255
0.255859 0.805176
0.470215 0.380371
1 0 0 0
1 0 0 0
0.010548 -0.148816 -0.009961
0.335938 0.914063 -0.015625
255 255 255 255
0.255859 0.782227
0.470215 0.358887
1 0 0 0
1 0 0 0
0.011876 -0.150108 -0.012787
0.757813 0.578125 -0.226563
255 255 255 255
0.271973 0.789063
0.473633 0.364746
1 0 0 0
1 0 0 0
0.010086 -0.150121 -0.017073
0.578125 0.679688 -0.414063
255 255 255 255
0.255859 0.793945
0.470215 0.369629
1 0 0 0
1 0 0 0
0.041724 -0.699624 -0.007176
-0.585938 0.140625 -0.804688
255 255 255 255
0.119629 0.727539
0.458496 0.533203
1 0 0 0
1 0 0 0
0.040902 -0.699650 -0.006608
-0.593750 0.101563 -0.804688
255 255 255 255
0.115723 0.727051
0.45752 0.532715
1 0 0 0
1 0 0 0
0.040805 -0.702841 -0.006800
-0.625000 0.054688 -0.789063
255 255 255 255
0.11084 0.730469
0.456055 0.536621
1 0 0 0
1 0 0 0
0.039900 -0.713325 0.011597
0.304688 -0.921875 -0.257813
255 255 255 255
0.217773 0.746094
0.486816 0.554199
1 0 0 0
1 0 0 0
0.041410 -0.712848 0.010040
-0.054688 -0.984375 0.195313
255 255 255 255
0.208984 0.745606
0.484375 0.553223
1 0 0 0
1 0 0 0
0.040649 -0.712826 0.009392
-0.007813 -1.000000 -0.007813
255 255 255 255
0.210449 0.74707
0.484863 0.555176
1 0 0 0
1 0 0 0
0.039268 -0.713380 0.010823
0.460938 -0.828125 -0.320313
255 255 255 255
0.21582 0.746582
0.486328 0.554688
1 0 0 0
1 0 0 0
0.043675 -0.714441 0.006636
0.031250 -0.898438 0.429688
255 255 255 255
0.195801 0.748535
0.480469 0.557129
1 0 0 0
1 0 0 0
0.042875 -0.714713 0.006172
-0.140625 -0.914063 0.375000
255 255 255 255
0.204102 0.75
0.48291 0.558594
1 0 0 0
1 0 0 0
0.042607 -0.720799 0.008718
-0.585938 0.664063 0.429688
255 255 255 255
0.200684 0.756836
0.481934 0.566406
1 0 0 0
1 0 0 0
0.043766 -0.717675 0.005851
-0.445313 0.640625 0.593750
255 255 255 255
0.202637 0.753418
0.482422 0.562012
1 0 0 0
1 0 0 0
0.043783 -0.721863 0.007971
-0.539063 -0.093750 0.828125
255 255 255 255
0.199707 0.758301
0.481445 0.567871
1 0 0 0
1 0 0 0
0.044079 -0.723693 0.007919
-0.484375 -0.109375 0.851563
255 255 255 255
0.201172 0.760742
0.481934 0.570313
1 0 0 0
1 0 0 0
0.043242 -0.723783 0.007450
-0.539063 -0.093750 0.828125
255 255 255 255
0.20459 0.760742
0.48291 0.570313
1 0 0 0
1 0 0 0
0.043021 -0.721999 0.007419
-0.585938 -0.070313 0.796875
255 255 255 255
0.20752 0.758301
0.483887 0.567871
1 0 0 0
1 0 0 0
0.038069 -0.715595 0.013153
0.554688 -0.726563 -0.398438
255 255 255 255
0.229004 0.748535
0.490234 0.557129
1 0 0 0
1 0 0 0
0.037475 -0.715658 0.012351
0.570313 -0.718750 -0.390625
255 255 255 255
0.227539 0.749512
0.489746 0.557617
1 0 0 0
1 0 0 0
0.041410 -0.712848 -0.010040
0.023438 -1.000000 0.007813
255 255 255 255
0.103516 0.745606
0.454102 0.553711
1 0 0 0
1 0 0 0
0.039900 -0.713325 -0.011597
0.453125 -0.835938 0.289063
255 255 255 255
0.095215 0.746582
0.45166 0.554199
1 0 0 0
1 0 0 0
0.039268 -0.713380 -0.010823
0.304688 -0.921875 0.234375
255 255 255 255
0.097168 0.748047
0.452148 0.556152
1 0 0 0
1 0 0 0
0.040649 -0.712826 -0.009392
-0.054688 -0.984375 -0.210938
255 255 255 255
0.102539 0.74707
0.453613 0.555664
1 0 0 0
1 0 0 0
0.043000 -0.690816 -0.003805
-0.328125 0.710938 -0.609375
255 255 255 255
0.137695 0.71582
0.463867 0.520508
1 0 0 0
1 0 0 0
0.041887 -0.691788 -0.004168
-0.421875 0.546875 -0.718750
255 255 255 255
0.130859 0.716309
0.461914 0.520996
1 0 0 0
1 0 0 0
0.043675 -0.714441 -0.006793
-0.273438 -0.750000 -0.625000
255 255 255 255
0.120117 0.748047
0.458496 0.556152
1 0 0 0
1 0 0 0
0.042875 -0.714713 -0.006329
-0.328125 -0.484375 -0.828125
255 255 255 255
0.117188 0.748535
0.458008 0.557129
1 0 0 0
1 0 0 0
0.044606 -0.717540 -0.006465
-0.445313 -0.234375 -0.875000
255 255 255 255
0.122559 0.752441
0.459473 0.561523
1 0 0 0
1 0 0 0
0.043766 -0.717675 -0.006008
-0.445313 -0.234375 -0.875000
255 255 255 255
0.116211 0.752441
0.45752 0.561035
1 0 0 0
1 0 0 0
0.043783 -0.721863 -0.008128
-0.429688 -0.578125 -0.710938
255 255 255 255
0.12207 0.758301
0.458496 0.567383
1 0 0 0
1 0 0 0
0.042607 -0.720799 -0.008875
-0.328125 -0.757813 -0.585938
255 255 255 255
0.121582 0.757324
0.458496 0.566406
1 0 0 0
1 0 0 0
0.041925 -0.720982 -0.008259
-0.320313 -0.750000 -0.593750
255 255 255 255
0.118164 0.757324
0.45752 0.566406
1 0 0 0
1 0 0 0
0.043021 -0.721999 -0.007576
-0.492188 -0.328125 -0.820313
255 255 255 255
0.11377 0.757813
0.457031 0.567383
1 0 0 0
1 0 0 0
0.041863 -0.696567 -0.006581
-0.609375 0.250000 -0.765625
255 255 255 255
0.123047 0.723145
0.459473 0.528809
1 0 0 0
1 0 0 0
0.043805 -0.687257 0.000000
-0.101563 0.703125 -0.687500
255 255 255 255
0.15625 0.711426
0.469238 0.515625
1 0 0 0
1 0 0 0
0.042812 -0.687376 0.000000
-0.218750 0.687500 -0.687500
255 255 255 255
0.152832 0.710449
0.468262 0.51416
1 0 0 0
1 0 0 0
0.044079 -0.723693 -0.008076
-0.539063 -0.093750 -0.851563
255 255 255 255
0.119629 0.760254
0.458496 0.569824
1 0 0 0
1 0 0 0
0.043242 -0.723783 -0.007607
-0.492188 -0.054688 -0.875000
255 255 255 255
0.114258 0.759277
0.457031 0.568848
1 0 0 0
1 0 0 0
0.038069 -0.715595 -0.013153
0.562500 -0.726563 0.359375
255 255 255 255
0.084961 0.749023
0.448242 0.557617
1 0 0 0
1 0 0 0
0.037475 -0.715658 -0.012351
0.554688 -0.726563 0.375000
255 255 255 255
0.084961 0.749512
0.448731 0.558106
1 0 0 0
1 0 0 0
0.011621 -0.100347 0.011923
-0.007813 -1.000000 -0.007813
255 255 255 255
0.385742 0.927246
0.029297 0.268555
1 0 0 0
1 0 0 0
-0.002648 -0.100293 0.015847
-0.007813 -1.000000 -0.007813
255 255 255 255
0.464844 0.927246
0.051758 0.268555
1 0 0 0
1 0 0 0
-0.010389 -0.100223 0.015047
-0.007813 -1.000000 -0.007813
255 255 255 255
0.502441 0.927246
0.0625 0.268555
1 0 0 0
1 0 0 0
-0.008657 -0.100209 0.003946
-0.007813 -1.000000 -0.007813
255 255 255 255
0.498047 0.936523
0.061035 0.285156
0 0 0 0
1 0 0 0
-0.021408 -0.100072 -0.006996
-0.007813 -1.000000 -0.007813
255 255 255 255
0.589356 0.927246
0.086914 0.268555
1 0 0 0
1 0 0 0
-0.010389 -0.100223 -0.015175
-0.007813 -1.000000 -0.007813
255 255 255 255
0.646973 0.927246
0.103516 0.268555
1 0 0 0
1 0 0 0
-0.002686 -0.100254 -0.004520
-0.007813 -1.000000 -0.007813
255 255 255 255
0.683594 0.936523
0.11377 0.285156
0 0 0 0
1 0 0 0
0.005094 -0.100334 -0.015175
-0.007813 -1.000000 -0.007813
255 255 255 255
0.727539 0.927246
0.126465 0.268555
1 0 0 0
1 0 0 0
0.011980 -0.088203 -0.000049
-0.007813 0.984375 -0.007813
255 255 255 255
0.706055 0.945801
0.149414 0.231445
1 0 0 0
1 0 0 0
0.010400 -0.088202 -0.004917
-0.007813 0.984375 -0.007813
255 255 255 255
0.737793 0.947266
0.142578 0.231445
1 0 0 0
1 0 0 0
0.011882 -0.100347 -0.000049
-0.007813 -1.000000 -0.007813
255 255 255 255
0.808594 0.936523
0.149414 0.285156
1 0 0 0
1 0 0 0
0.016118 -0.100343 -0.006996
-0.007813 -1.000000 -0.007813
255 255 255 255
0.786133 0.927246
0.143066 0.268555
1 0 0 0
1 0 0 0
0.011714 -0.088203 0.011923
-0.007813 0.984375 -0.007813
255 255 255 255
0.644043 0.946777
0.029297 0.25
1 0 0 0
1 0 0 0
0.011882 -0.100347 -0.000049
-0.007813 -1.000000 -0.007813
255 255 255 255
0.334473 0.936523
0.014648 0.285156
1 0 0 0
1 0 0 0
0.011714 -0.088203 -0.012050
-0.007813 0.984375 -0.007813
255 255 255 255
0.770508 0.946289
0.136231 0.25
1 0 0 0
1 0 0 0
-0.002588 -0.088113 -0.004524
-0.007813 0.984375 -0.007813
255 255 255 255
0.740234 0.967285
0.11377 0.231445
0 0 0 0
1 0 0 0
-0.002555 -0.088153 -0.015974
-0.007813 0.984375 -0.007813
255 255 255 255
0.796875 0.967773
0.114746 0.25
1 0 0 0
1 0 0 0
-0.016821 -0.088003 -0.012050
-0.007813 0.984375 -0.007813
255 255 255 255
0.770996 0.989746
0.09375 0.25
1 0 0 0
1 0 0 0
-0.021316 -0.087935 0.006869
-0.007813 0.984375 -0.007813
255 255 255 255
0.669922 0.996094
0.07666 0.25
1 0 0 0
1 0 0 0
-0.008559 -0.088070 0.003859
-0.007813 0.984375 -0.007813
255 255 255 255
0.680176 0.976074
0.061035 0.231445
0 0 0 0
1 0 0 0
-0.002555 -0.088153 0.015847
-0.007813 0.984375 -0.007813
255 255 255 255
0.618164 0.96875
0.051758 0.25
1 0 0 0
1 0 0 0
0.000632 -0.641297 0.007404
-0.078125 0.968750 -0.117188
255 255 255 255
1.200195 0.731445
0.14209 0.375488
0 0 0 0
1 0 0 0
0.001429 -0.641284 0.006800
-0.093750 0.976563 -0.101563
255 255 255 255
1.20459 0.729981
0.143066 0.372559
0 0 0 0
1 0 0 0
0.002895 -0.640967 0.009054
-0.007813 0.984375 -0.007813
255 255 255 255
1.215332 0.731445
0.145996 0.375488
0 0 0 0
1 0 0 0
0.002079 -0.640933 0.009632
0.085938 0.968750 0.078125
255 255 255 255
1.211914 0.732422
0.14502 0.377441
0 0 0 0
1 0 0 0
0.003779 -0.641704 -0.011860
0.257813 0.890625 -0.312500
255 255 255 255
0.09375 0.734375
0.356934 0.375977
0 0 0 0
1 0 0 0
0.004486 -0.641669 -0.011154
0.359375 0.820313 -0.406250
255 255 255 255
0.094238 0.734375
0.357422 0.375977
0 0 0 0
1 0 0 0
0.002895 -0.640967 -0.009054
0.085938 0.968750 -0.109375
255 255 255 255
0.104981 0.732422
0.364746 0.370117
0 0 0 0
1 0 0 0
0.002895 -0.640967 -0.009054
0.085938 0.968750 -0.109375
255 255 255 255
0.104981 0.732422
0.364746 0.370117
0 0 0 0
1 0 0 0
0.002079 -0.640933 -0.009632
-0.007813 0.984375 -0.007813
255 255 255 255
0.104981 0.73291
0.364746 0.371094
0 0 0 0
1 0 0 0
0.003779 -0.641704 -0.011860
0.257813 0.890625 -0.312500
255 255 255 255
0.09375 0.734375
0.356934 0.375977
0 0 0 0
1 0 0 0
0.001155 -0.653230 0.006636
0.460938 -0.132813 0.851563
255 255 255 255
1.195801 0.748535
0.140625 0.406738
0 0 0 0
1 0 0 0
0.001771 -0.656407 0.005851
0.460938 -0.132813 0.851563
255 255 255 255
1.202637 0.753418
0.142578 0.415039
0 0 0 0
1 0 0 0
0.000922 -0.656458 0.006308
0.460938 -0.132813 0.851563
255 255 255 255
1.194336 0.75293
0.140137 0.414551
0 0 0 0
1 0 0 0
-0.000841 -0.661909 0.002845
0.046875 -1.000000 -0.078125
255 255 255 255
1.173828 0.758789
0.134277 0.424805
0 0 0 0
1 0 0 0
0.000085 -0.661830 0.002523
0.039063 -1.000000 -0.101563
255 255 255 255
1.17334 0.759766
0.134277 0.426758
0 0 0 0
1 0 0 0
-0.000629 -0.661766 -0.000088
0.054688 -1.000000 -0.031250
255 255 255 255
1.160156 0.759277
0.130859 0.42627
0 0 0 0
1 0 0 0
-0.001627 -0.661829 -0.000079
0.054688 -1.000000 0.000000
255 255 255 255
1.160645 0.758301
0.130859 0.424316
0 0 0 0
1 0 0 0
0.000080 -0.661820 -0.002673
0.054688 -1.000000 0.054688
255 255 255 255
1.146484 0.759766
0.126953 0.427246
0 0 0 0
1 0 0 0
-0.000841 -0.661909 -0.003002
0.046875 -1.000000 0.085938
255 255 255 255
1.144531 0.758789
0.126465 0.424805
0 0 0 0
1 0 0 0
0.007544 -0.647440 -0.014084
0.757813 0.164063 -0.617188
255 255 255 255
1.07666 0.742188
0.107422 0.394531
0 0 0 0
1 0 0 0
0.008182 -0.650212 -0.013097
0.773438 -0.242188 -0.570313
255 255 255 255
1.075684 0.745606
0.106934 0.401367
0 0 0 0
1 0 0 0
0.008149 -0.647379 -0.013290
0.773438 0.062500 -0.609375
255 255 255 255
1.07373 0.741699
0.106445 0.394043
0 0 0 0
1 0 0 0
0.004486 -0.641669 0.011154
0.257813 0.890625 0.296875
255 255 255 255
1.225098 0.733887
0.148926 0.379883
0 0 0 0
1 0 0 0
0.003779 -0.641704 0.011860
0.367188 0.820313 0.382813
255 255 255 255
1.222656 0.734375
0.147949 0.380859
0 0 0 0
1 0 0 0
0.002079 -0.640933 -0.009632
-0.007813 0.984375 -0.007813
255 255 255 255
1.10498 0.73291
0.115234 0.37793
0 0 0 0
1 0 0 0
0.002895 -0.640967 -0.009054
0.085938 0.968750 -0.109375
255 255 255 255
1.10498 0.732422
0.115234 0.377441
0 0 0 0
1 0 0 0
0.001429 -0.641284 -0.006800
-0.078125 0.968750 0.093750
255 255 255 255
1.11084 0.730469
0.116699 0.373535
0 0 0 0
1 0 0 0
0.000632 -0.641297 -0.007404
-0.101563 0.968750 0.085938
255 255 255 255
1.114258 0.731445
0.117676 0.375488
0 0 0 0
1 0 0 0
0.007412 -0.644773 0.012999
0.570313 0.585938 0.523438
255 255 255 255
1.236816 0.73877
0.151856 0.38916
0 0 0 0
1 0 0 0
0.006806 -0.644851 0.013791
0.679688 0.437500 0.546875
255 255 255 255
1.235352 0.73877
0.151856 0.38916
0 0 0 0
1 0 0 0
0.003582 -0.659203 0.008718
0.453125 -0.664063 0.570313
255 255 255 255
1.200684 0.756836
0.14209 0.421875
0 0 0 0
1 0 0 0
0.004288 -0.659233 0.008102
0.468750 -0.664063 0.570313
255 255 255 255
1.205078 0.757324
0.143066 0.421875
0 0 0 0
1 0 0 0
0.003439 -0.660464 0.007419
0.453125 -0.664063 0.570313
255 255 255 255
1.20752 0.758301
0.144043 0.424316
0 0 0 0
1 0 0 0
0.002667 -0.660498 0.007971
0.437500 -0.671875 0.578125
255 255 255 255
1.199707 0.758301
0.141602 0.424316
0 0 0 0
1 0 0 0
0.002776 -0.662348 0.007919
0.031250 -0.992188 -0.125000
255 255 255 255
1.201172 0.760742
0.14209 0.428223
0 0 0 0
1 0 0 0
0.003613 -0.662254 0.007450
0.031250 -0.992188 -0.125000
255 255 255 255
1.201172 0.762207
0.14209 0.431152
0 0 0 0
1 0 0 0
0.007595 -0.650276 0.013904
0.773438 -0.242188 0.546875
255 255 255 255
1.233398 0.745606
0.151367 0.401367
0 0 0 0
1 0 0 0
0.008128 -0.647371 0.013276
0.765625 0.164063 0.578125
255 255 255 255
1.239258 0.742676
0.152832 0.395996
0 0 0 0
1 0 0 0
0.008182 -0.650212 0.013097
0.789063 -0.140625 0.562500
255 255 255 255
1.235352 0.746582
0.151856 0.402832
0 0 0 0
1 0 0 0
0.007471 -0.653068 0.012351
0.757813 -0.343750 0.523438
255 255 255 255
1.230469 0.748535
0.150391 0.40625
0 0 0 0
1 0 0 0
0.006878 -0.653135 0.013153
0.750000 -0.343750 0.523438
255 255 255 255
1.229004 0.748535
0.149902 0.406738
0 0 0 0
1 0 0 0
0.006806 -0.644851 -0.013791
0.562500 0.593750 -0.546875
255 255 255 255
1.078613 0.73877
0.10791 0.388672
0 0 0 0
1 0 0 0
0.007417 -0.644759 -0.013005
0.664063 0.429688 -0.585938
255 255 255 255
1.077148 0.737793
0.107422 0.387207
0 0 0 0
1 0 0 0
0.004486 -0.641669 -0.011154
0.359375 0.820313 -0.406250
255 255 255 255
1.094238 0.734375
0.112305 0.380859
0 0 0 0
1 0 0 0
0.004486 -0.641669 -0.011154
0.359375 0.820313 -0.406250
255 255 255 255
1.094238 0.734375
0.112305 0.380859
0 0 0 0
1 0 0 0
0.003779 -0.641704 -0.011860
0.257813 0.890625 -0.312500
255 255 255 255
1.09375 0.734375
0.112305 0.380859
0 0 0 0
1 0 0 0
0.006806 -0.644851 -0.013791
0.562500 0.593750 -0.546875
255 255 255 255
1.078613 0.73877
0.10791 0.388672
0 0 0 0
1 0 0 0
0.004288 -0.659233 -0.008259
0.429688 0.750000 -0.476563
255 255 255 255
1.118164 0.757324
0.119141 0.422363
0 0 0 0
1 0 0 0
0.000922 -0.656458 -0.006465
0.250000 0.750000 -0.585938
255 255 255 255
1.122559 0.752441
0.120117 0.414063
0 0 0 0
1 0 0 0
0.003613 -0.662254 -0.007607
0.039063 -0.992188 0.109375
255 255 255 255
1.119629 0.761231
0.119141 0.429688
0 0 0 0
1 0 0 0
0.002776 -0.662348 -0.008076
0.031250 -0.992188 0.101563
255 255 255 255
1.119629 0.760254
0.119629 0.427734
0 0 0 0
1 0 0 0
0.006878 -0.653135 -0.013153
0.757813 -0.343750 -0.546875
255 255 255 255
1.084961 0.749023
0.109863 0.407227
0 0 0 0
1 0 0 0
0.007471 -0.653068 -0.012351
0.750000 -0.343750 -0.546875
255 255 255 255
1.080566 0.749512
0.108398 0.408691
0 0 0 0
1 0 0 0
0.030746 -0.882352 0.007605
-0.828125 -0.437500 0.351563
255 255 255 255
1.04834 0.689941
0.395508 0.63916
0 0 0 0
1 0 0 0
0.030771 -0.884663 0.000000
-0.742188 -0.656250 0.179688
255 255 255 255
1.027344 0.695801
0.388184 0.646973
0 0 0 0
1 0 0 0
0.042410 -0.843447 0.017425
0.398438 0.203125 0.867188
255 255 255 255
1.137695 0.645996
0.424805 0.583008
0 0 0 0
1 0 0 0
0.042457 -0.847604 0.018357
0.171875 -0.101563 0.960938
255 255 255 255
1.129395 0.649902
0.421875 0.587891
0 0 0 0
1 0 0 0
0.043860 -0.846638 0.017727
0.789063 -0.062500 0.578125
255 255 255 255
1.136719 0.649902
0.424316 0.588379
0 0 0 0
1 0 0 0
0.052855 -0.845789 0.016674
0.328125 -0.929688 -0.171875
255 255 255 255
1.186523 0.649414
0.440918 0.587402
0 0 0 0
1 0 0 0
0.054226 -0.844878 0.012496
-0.046875 -1.000000 -0.085938
255 255 255 255
1.19873 0.651367
0.444824 0.590332
0 0 0 0
1 0 0 0
0.051658 -0.845480 0.013940
0.257813 -0.937500 -0.242188
255 255 255 255
1.191895 0.651367
0.442383 0.590332
0 0 0 0
1 0 0 0
0.052454 -0.852896 0.017112
-0.914063 0.375000 0.148438
255 255 255 255
1.185059 0.661133
0.44043 0.602539
0 0 0 0
1 0 0 0
0.051667 -0.855377 0.014444
-0.976563 0.148438 0.156250
255 255 255 255
1.172852 0.661133
0.436035 0.602539
0 0 0 0
1 0 0 0
0.053220 -0.850621 0.013872
-0.843750 0.500000 0.148438
255 255 255 255
1.191895 0.658203
0.442383 0.598633
0 0 0 0
1 0 0 0
0.054165 -0.850384 0.016710
-0.796875 0.554688 0.203125
255 255 255 255
1.191895 0.659668
0.442383 0.600586
0 0 0 0
1 0 0 0
0.051741 -0.861760 0.017702
-0.914063 0.296875 0.265625
255 255 255 255
1.173828 0.670898
0.436523 0.614746
0 0 0 0
1 0 0 0
0.051187 -0.861822 0.014754
-0.976563 0.148438 0.156250
255 255 255 255
1.162598 0.669434
0.433106 0.613281
0 0 0 0
1 0 0 0
0.052865 -0.857137 0.014651
-0.851563 0.406250 0.312500
255 255 255 255
1.172363 0.664551
0.436035 0.606445
0 0 0 0
1 0 0 0
0.054387 -0.857308 0.017230
-0.742188 0.468750 0.453125
255 255 255 255
1.185059 0.666016
0.44043 0.608398
0 0 0 0
1 0 0 0
0.055254 -0.869016 0.016985
-0.414063 0.890625 0.031250
255 255 255 255
1.174316 0.680176
0.436523 0.626465
0 0 0 0
1 0 0 0
0.051843 -0.870388 0.015450
-0.523438 0.835938 0.054688
255 255 255 255
1.158203 0.681152
0.431641 0.627441
0 0 0 0
1 0 0 0
0.054682 -0.869142 0.014043
-0.398438 0.898438 0.031250
255 255 255 255
1.160645 0.679199
0.432129 0.625
0 0 0 0
1 0 0 0
0.052261 -0.854916 0.017348
-0.984375 0.125000 0.148438
255 255 255 255
1.183105 0.662598
0.439453 0.604492
0 0 0 0
1 0 0 0
0.052839 -0.849576 0.017485
0.406250 -0.906250 -0.085938
255 255 255 255
1.181641 0.65332
0.438965 0.592285
0 0 0 0
1 0 0 0
0.052320 -0.849630 0.014531
0.398438 -0.914063 -0.070313
255 255 255 255
1.184082 0.655273
0.439941 0.595215
0 0 0 0
1 0 0 0
0.048411 -0.851428 0.014941
0.406250 -0.906250 -0.085938
255 255 255 255
1.166504 0.655762
0.434082 0.595703
0 0 0 0
1 0 0 0
0.048233 -0.851805 0.017911
0.414063 -0.906250 -0.101563
255 255 255 255
1.166992 0.654297
0.43457 0.59375
0 0 0 0
1 0 0 0
0.051482 -0.865178 0.017817
-0.984375 0.054688 0.156250
255 255 255 255
1.169434 0.673828
0.435059 0.618652
0 0 0 0
1 0 0 0
0.050995 -0.865225 0.014857
-0.992188 0.046875 0.148438
255 255 255 255
1.15918 0.67334
0.431641 0.618164
0 0 0 0
1 0 0 0
0.050283 -0.846701 0.014438
0.437500 -0.882813 -0.171875
255 255 255 255
1.191406 0.652344
0.442383 0.591309
0 0 0 0
1 0 0 0
0.051127 -0.846372 0.017298
0.312500 -0.953125 0.000000
255 255 255 255
1.179688 0.650391
0.438477 0.588867
0 0 0 0
1 0 0 0
0.058640 -0.845376 0.013556
-0.117188 -1.000000 -0.023438
255 255 255 255
1.214355 0.650879
0.449707 0.589356
0 0 0 0
1 0 0 0
0.056989 -0.845331 0.011052
-0.140625 -0.992188 0.054688
255 255 255 255
1.205078 0.652344
0.446777 0.591309
0 0 0 0
1 0 0 0
0.049182 -0.872601 0.016856
-0.640625 0.757813 0.015625
255 255 255 255
1.148438 0.682617
0.428223 0.629883
0 0 0 0
1 0 0 0
0.027663 -0.855027 0.011164
-0.687500 -0.101563 0.710938
255 255 255 255
1.055664 0.657227
0.397949 0.597656
0 0 0 0
1 0 0 0
0.037805 -0.849346 0.017279
-0.273438 -0.109375 0.945313
255 255 255 255
1.108398 0.649414
0.415039 0.587402
0 0 0 0
1 0 0 0
0.036699 -0.866622 0.016526
-0.382813 -0.093750 0.906250
255 255 255 255
1.089355 0.67334
0.408691 0.618164
0 0 0 0
1 0 0 0
0.037416 -0.858805 0.016823
-0.367188 -0.062500 0.914063
255 255 255 255
1.097168 0.664551
0.411133 0.606445
0 0 0 0
1 0 0 0
0.038785 -0.860496 0.017217
-0.789063 -0.625000 0.070313
255 255 255 255
1.104004 0.666504
0.413574 0.609375
0 0 0 0
1 0 0 0
0.042400 -0.879439 0.017074
-0.335938 -0.164063 0.914063
255 255 255 255
1.109375 0.688477
0.415527 0.637207
0 0 0 0
1 0 0 0
0.042476 -0.868762 0.017409
-0.156250 -0.093750 0.968750
255 255 255 255
1.111328 0.677246
0.416016 0.622559
0 0 0 0
1 0 0 0
0.036201 -0.845028 0.017813
-0.265625 -0.093750 0.945313
255 255 255 255
1.10791 0.645508
0.415039 0.582031
0 0 0 0
1 0 0 0
0.026657 -0.850090 0.011062
-0.734375 -0.148438 0.648438
255 255 255 255
1.056152 0.650879
0.397949 0.589356
0 0 0 0
1 0 0 0
0.038954 -0.855620 0.017112
-0.203125 -0.007813 0.960938
255 255 255 255
1.106445 0.661621
0.414551 0.603027
0 0 0 0
1 0 0 0
0.042851 -0.863573 0.017702
-0.398438 -0.328125 0.843750
255 255 255 255
1.113281 0.671387
0.416504 0.615234
0 0 0 0
1 0 0 0
0.044772 -0.871670 0.018223
-0.367188 -0.054688 0.914063
255 255 255 255
1.128418 0.682617
0.421387 0.629395
0 0 0 0
1 0 0 0
0.032771 -0.867204 0.013747
-0.656250 -0.187500 0.718750
255 255 255 255
1.071289 0.67334
0.402832 0.617676
0 0 0 0
1 0 0 0
0.035815 -0.881308 0.013774
-0.570313 -0.312500 0.750000
255 255 255 255
1.079102 0.689453
0.405273 0.638184
0 0 0 0
1 0 0 0
0.043156 -0.882093 0.016256
-0.281250 -0.390625 0.867188
255 255 255 255
1.111328 0.691406
0.416016 0.641113
0 0 0 0
1 0 0 0
0.050828 -0.880746 0.018672
-0.210938 -0.453125 0.851563
255 255 255 255
1.145996 0.690918
0.427246 0.640137
0 0 0 0
1 0 0 0
0.030746 -0.882352 -0.007605
-0.828125 -0.437500 -0.375000
255 255 255 255
0.04834 0.689941
0.02832 0.393555
1 0 0 0
1 0 0 0
0.030771 -0.884663 0.000000
-0.742188 -0.656250 -0.203125
255 255 255 255
0.027344 0.695801
0.021484 0.405762
0 0 0 0
1 0 0 0
0.042410 -0.843447 -0.017425
0.398438 0.203125 -0.890625
255 255 255 255
0.137695 0.645996
0.057129 0.302734
1 0 0 0
1 0 0 0
0.042457 -0.847604 -0.018357
0.171875 -0.101563 -0.984375
255 255 255 255
0.129395 0.649902
0.054199 0.310547
1 0 0 0
1 0 0 0
0.043860 -0.846638 -0.017727
0.789063 -0.062500 -0.601563
255 255 255 255
0.136719 0.649902
0.056641 0.311035
1 0 0 0
1 0 0 0
0.051658 -0.845480 -0.013940
0.257813 -0.937500 0.218750
255 255 255 255
0.191895 0.651367
0.074219 0.314453
1 0 0 0
1 0 0 0
0.054226 -0.844878 -0.012496
-0.046875 -1.000000 0.062500
255 255 255 255
0.198731 0.651367
0.076172 0.313965
0 0 0 0
1 0 0 0
0.052855 -0.845789 -0.016674
0.328125 -0.929688 0.148438
255 255 255 255
0.186523 0.649414
0.072266 0.30957
1 0 0 0
1 0 0 0
0.052454 -0.852896 -0.017112
-0.914063 0.375000 -0.171875
255 255 255 255
0.185059 0.661133
0.071777 0.334473
1 0 0 0
1 0 0 0
0.054165 -0.850384 -0.016710
-0.796875 0.554688 -0.226563
255 255 255 255
0.191895 0.659668
0.074219 0.331543
1 0 0 0
1 0 0 0
0.053220 -0.850621 -0.013872
-0.843750 0.500000 -0.171875
255 255 255 255
0.191895 0.658203
0.074219 0.328125
1 0 0 0
1 0 0 0
0.051667 -0.855377 -0.014444
-0.976563 0.148438 -0.179688
255 255 255 255
0.172852 0.661133
0.067871 0.334473
1 0 0 0
1 0 0 0
0.051741 -0.861760 -0.017702
-0.914063 0.296875 -0.289063
255 255 255 255
0.173828 0.670898
0.068359 0.354004
1 0 0 0
1 0 0 0
0.054387 -0.857308 -0.017230
-0.742188 0.468750 -0.476563
255 255 255 255
0.185059 0.666016
0.072266 0.344238
1 0 0 0
1 0 0 0
0.052865 -0.857137 -0.014651
-0.851563 0.406250 -0.335938
255 255 255 255
0.172363 0.664551
0.067871 0.34082
1 0 0 0
1 0 0 0
0.051187 -0.861822 -0.014754
-0.976563 0.148438 -0.179688
255 255 255 255
0.162598 0.669434
0.064941 0.351074
1 0 0 0
1 0 0 0
0.054682 -0.869142 -0.014043
-0.398438 0.898438 -0.054688
255 255 255 255
0.160645 0.679199
0.063965 0.371094
1 0 0 0
1 0 0 0
0.051843 -0.870388 -0.015450
-0.523438 0.835938 -0.078125
255 255 255 255
0.158203 0.681152
0.063477 0.375
1 0 0 0
1 0 0 0
0.055254 -0.869016 -0.016985
-0.414063 0.890625 -0.054688
255 255 255 255
0.174316 0.680176
0.068359 0.373047
1 0 0 0
1 0 0 0
0.052261 -0.854916 -0.017348
-0.984375 0.125000 -0.171875
255 255 255 255
0.183106 0.662598
0.071289 0.337402
1 0 0 0
1 0 0 0
0.052839 -0.849576 -0.017485
0.406250 -0.906250 0.062500
255 255 255 255
0.181641 0.65332
0.070801 0.317871
1 0 0 0
1 0 0 0
0.048233 -0.851805 -0.017911
0.414063 -0.906250 0.078125
255 255 255 255
0.166992 0.654297
0.066406 0.319824
1 0 0 0
1 0 0 0
0.048411 -0.851428 -0.014941
0.406250 -0.906250 0.062500
255 255 255 255
0.166504 0.655762
0.065918 0.323242
1 0 0 0
1 0 0 0
0.052320 -0.849630 -0.014531
0.398438 -0.914063 0.046875
255 255 255 255
0.184082 0.655273
0.071777 0.322266
1 0 0 0
1 0 0 0
0.051482 -0.865178 -0.017817
-0.984375 0.054688 -0.179688
255 255 255 255
0.169434 0.673828
0.066895 0.360352
1 0 0 0
1 0 0 0
0.050995 -0.865225 -0.014857
-0.992188 0.046875 -0.171875
255 255 255 255
0.15918 0.67334
0.063477 0.359375
1 0 0 0
1 0 0 0
0.051127 -0.846372 -0.017298
0.312500 -0.953125 -0.023438
255 255 255 255
0.179688 0.650391
0.070313 0.312012
1 0 0 0
1 0 0 0
0.050283 -0.846701 -0.014438
0.437500 -0.882813 0.148438
255 255 255 255
0.191406 0.652344
0.074219 0.315918
1 0 0 0
1 0 0 0
0.058640 -0.845376 -0.013556
-0.117188 -1.000000 0.000000
255 255 255 255
0.214356 0.650879
0.081543 0.313477
1 0 0 0
1 0 0 0
0.056989 -0.845331 -0.011052
-0.140625 -0.992188 -0.078125
255 255 255 255
0.205078 0.652344
0.078613 0.316406
1 0 0 0
1 0 0 0
0.049182 -0.872601 -0.016856
-0.640625 0.757813 -0.039063
255 255 255 255
0.148438 0.682617
0.060547 0.378418
1 0 0 0
1 0 0 0
0.027663 -0.855027 -0.011164
-0.687500 -0.101563 -0.734375
255 255 255 255
0.055664 0.657227
0.030762 0.326172
1 0 0 0
1 0 0 0
0.037805 -0.849346 -0.017279
-0.273438 -0.109375 -0.968750
255 255 255 255
0.108398 0.649414
0.047852 0.310059
1 0 0 0
1 0 0 0
0.037416 -0.858805 -0.016823
-0.367188 -0.062500 -0.937500
255 255 255 255
0.097168 0.664551
0.043945 0.34082
1 0 0 0
1 0 0 0
0.036699 -0.866622 -0.016526
-0.382813 -0.093750 -0.929688
255 255 255 255
0.089355 0.67334
0.041504 0.359375
1 0 0 0
1 0 0 0
0.038785 -0.860496 -0.017217
-0.789063 -0.625000 -0.093750
255 255 255 255
0.104004 0.666504
0.046387 0.344727
1 0 0 0
1 0 0 0
0.042400 -0.879439 -0.017074
-0.335938 -0.164063 -0.937500
255 255 255 255
0.109375 0.688477
0.047852 0.390625
1 0 0 0
1 0 0 0
0.042476 -0.868762 -0.017409
-0.156250 -0.093750 -0.992188
255 255 255 255
0.111328 0.677246
0.04834 0.366699
1 0 0 0
1 0 0 0
0.036201 -0.845028 -0.017813
-0.265625 -0.093750 -0.968750
255 255 255 255
0.10791 0.645508
0.047363 0.30127
1 0 0 0
1 0 0 0
0.026657 -0.850090 -0.011062
-0.734375 -0.148438 -0.671875
255 255 255 255
0.056152 0.650879
0.030762 0.312988
1 0 0 0
1 0 0 0
0.038954 -0.855620 -0.017112
-0.203125 -0.007813 -0.984375
255 255 255 255
0.106445 0.661621
0.046875 0.335449
1 0 0 0
1 0 0 0
0.042851 -0.863573 -0.017702
-0.398438 -0.328125 -0.867188
255 255 255 255
0.113281 0.671387
0.049316 0.354981
1 0 0 0
1 0 0 0
0.044772 -0.871670 -0.018223
-0.367188 -0.054688 -0.937500
255 255 255 255
0.128418 0.682617
0.053711 0.37793
1 0 0 0
1 0 0 0
0.032771 -0.867204 -0.013747
-0.656250 -0.187500 -0.742188
255 255 255 255
0.071289 0.67334
0.035645 0.358887
1 0 0 0
1 0 0 0
0.035815 -0.881308 -0.013774
-0.570313 -0.312500 -0.773438
255 255 255 255
0.079102 0.689453
0.038086 0.39209
1 0 0 0
1 0 0 0
0.043156 -0.882093 -0.016256
-0.281250 -0.390625 -0.890625
255 255 255 255
0.111328 0.691406
0.04834 0.396973
1 0 0 0
1 0 0 0
0.050828 -0.880746 -0.018672
-0.210938 -0.453125 -0.875000
255 255 255 255
0.145996 0.690918
0.05957 0.395508
1 0 0 0
1 0 0 0
-0.005666 -0.558314 0.008691
0.796875 0.054688 -0.585938
255 255 255 255
1.180664 0.824707
0.133789 0.13916
1 0 0 0
1 0 0 0
-0.006238 -0.551101 0.008716
0.757813 0.054688 -0.632813
255 255 255 255
1.180664 0.820801
0.133789 0.124023
1 0 0 0
1 0 0 0
-0.009218 -0.549484 0.004074
0.867188 0.062500 -0.460938
255 255 255 255
1.193359 0.820801
0.141602 0.124023
1 0 0 0
1 0 0 0
-0.008642 -0.556467 0.004073
0.898438 0.062500 -0.398438
255 255 255 255
1.193359 0.824707
0.141602 0.13916
1 0 0 0
1 0 0 0
0.025775 -0.555565 0.008614
-0.765625 -0.078125 -0.648438
255 255 255 255
1.097168 0.824707
0.083496 0.13916
1 0 0 0
1 0 0 0
0.028283 -0.553256 0.004033
-0.929688 -0.085938 -0.382813
255 255 255 255
1.084961 0.824707
0.075684 0.13916
1 0 0 0
1 0 0 0
0.027713 -0.546357 0.004032
-0.929688 -0.085938 -0.382813
255 255 255 255
1.084961 0.820801
0.075684 0.124023
1 0 0 0
1 0 0 0
-0.006678 -0.558363 0.009326
-0.804688 -0.078125 0.585938
255 255 255 255
1.225586 0.824219
0.399902 0.407715
1 0 0 0
1 0 0 0
-0.010291 -0.549655 0.004534
-0.914063 -0.085938 0.398438
255 255 255 255
1.21582 0.821289
0.392578 0.396973
1 0 0 0
1 0 0 0
0.026796 -0.555447 0.009241
0.773438 0.054688 0.593750
255 255 255 255
1.291992 0.824219
0.45166 0.407715
1 0 0 0
1 0 0 0
0.026271 -0.548322 0.009137
0.773438 0.054688 0.585938
255 255 255 255
1.292969 0.821289
0.452637 0.396973
1 0 0 0
1 0 0 0
0.028821 -0.546346 0.004467
0.890625 0.062500 0.398438
255 255 255 255
1.302734 0.821289
0.459961 0.396973
1 0 0 0
1 0 0 0
0.010509 -0.560392 0.015518
-0.023438 0.164063 -0.984375
255 255 255 255
1.138672 0.825684
0.108398 0.144043
1 0 0 0
1 0 0 0
0.009725 -0.554708 0.015782
-0.007813 -0.007813 -1.000000
255 255 255 255
1.13916 0.822266
0.108887 0.130859
1 0 0 0
1 0 0 0
0.005839 -0.551895 0.015610
0.117188 0.007813 -0.992188
255 255 255 255
1.147949 0.820801
0.11377 0.124023
1 0 0 0
1 0 0 0
0.013126 -0.558073 0.015675
-0.078125 0.007813 -1.000000
255 255 255 255
1.132324 0.824707
0.104492 0.13916
1 0 0 0
1 0 0 0
0.016392 -0.550247 0.014861
-0.312500 -0.031250 -0.953125
255 255 255 255
1.123047 0.820801
0.098633 0.124023
1 0 0 0
1 0 0 0
-0.003469 -0.551320 0.011687
0.593750 0.039063 -0.796875
255 255 255 255
1.171387 0.820801
0.12793 0.124023
1 0 0 0
1 0 0 0
0.022163 -0.549128 0.011685
-0.601563 -0.062500 -0.804688
255 255 255 255
1.107422 0.820801
0.089355 0.124023
1 0 0 0
1 0 0 0
0.022760 -0.556613 0.011711
-0.601563 -0.062500 -0.804688
255 255 255 255
1.107422 0.824707
0.089355 0.13916
1 0 0 0
1 0 0 0
0.003026 -0.559019 0.014861
0.320313 0.015625 -0.945313
255 255 255 255
1.155762 0.824707
0.118652 0.13916
1 0 0 0
1 0 0 0
-0.010777 -0.547066 0.000000
0.976563 0.070313 -0.007813
255 255 255 255
1.203125 0.820801
0.147461 0.124023
1 0 0 0
1 0 0 0
0.029052 -0.550666 0.000000
-1.000000 -0.093750 -0.007813
255 255 255 255
1.075195 0.824707
0.069824 0.13916
1 0 0 0
1 0 0 0
0.010509 -0.560392 0.017067
0.015625 -0.078125 0.976563
255 255 255 255
1.258789 0.825195
0.425781 0.411621
1 0 0 0
1 0 0 0
0.007098 -0.558646 0.016771
-0.132813 -0.046875 0.968750
255 255 255 255
1.252441 0.824219
0.420898 0.407715
1 0 0 0
1 0 0 0
0.005646 -0.551912 0.016795
-0.148438 -0.046875 0.968750
255 255 255 255
1.250977 0.821289
0.419434 0.396973
1 0 0 0
1 0 0 0
0.017413 -0.557752 0.015993
0.367188 0.023438 0.906250
255 255 255 255
1.271484 0.824219
0.436035 0.407715
1 0 0 0
1 0 0 0
0.013204 -0.558067 0.016802
0.109375 -0.015625 0.968750
255 255 255 255
1.26416 0.824219
0.430176 0.407715
1 0 0 0
1 0 0 0
0.013146 -0.551268 0.016856
0.125000 -0.015625 0.968750
255 255 255 255
1.266113 0.821289
0.431152 0.396973
1 0 0 0
1 0 0 0
-0.004201 -0.551379 0.012625
-0.625000 -0.062500 0.765625
255 255 255 255
1.23291 0.821289
0.405762 0.396973
1 0 0 0
1 0 0 0
-0.003510 -0.558920 0.012689
-0.617188 -0.062500 0.773438
255 255 255 255
1.23291 0.824219
0.40625 0.407715
1 0 0 0
1 0 0 0
0.022896 -0.549068 0.012624
0.578125 0.039063 0.781250
255 255 255 255
1.284668 0.821289
0.445801 0.396973
1 0 0 0
1 0 0 0
0.002000 -0.551480 0.015992
-0.351563 -0.046875 0.921875
255 255 255 255
1.244629 0.821289
0.415039 0.396973
1 0 0 0
1 0 0 0
-0.011396 -0.554151 0.000000
-1.000000 -0.093750 -0.007813
255 255 255 255
1.20752 0.824219
0.386231 0.407715
1 0 0 0
1 0 0 0
0.029678 -0.543671 0.000000
0.976563 0.070313 -0.007813
255 255 255 255
1.311035 0.821289
0.466309 0.396973
1 0 0 0
1 0 0 0
0.008115 -0.560644 0.016742
-0.132813 -0.101563 0.968750
255 255 255 255
1.253418 0.825195
0.421875 0.411133
1 0 0 0
1 0 0 0
0.016312 -0.560710 0.015793
0.250000 0.109375 0.937500
255 255 255 255
1.270508 0.826172
0.435059 0.413574
1 0 0 0
1 0 0 0
0.017300 -0.559676 0.015522
0.164063 0.070313 0.960938
255 255 255 255
1.271973 0.825684
0.436035 0.413574
1 0 0 0
1 0 0 0
0.015196 -0.560802 0.016216
0.210938 -0.007813 0.953125
255 255 255 255
1.268555 0.825684
0.433106 0.413086
1 0 0 0
1 0 0 0
0.015942 -0.565020 0.015152
-0.132813 -0.039063 -0.992188
255 255 255 255
1.126953 0.828613
0.101074 0.155273
1 0 0 0
1 0 0 0
0.004483 -0.563264 0.014729
0.257813 -0.070313 -0.960938
255 255 255 255
1.15332 0.827148
0.117188 0.149414
1 0 0 0
1 0 0 0
0.006160 -0.566051 0.015152
0.109375 -0.015625 -0.992188
255 255 255 255
1.149902 0.829102
0.115234 0.155762
1 0 0 0
1 0 0 0
0.006010 -0.561771 0.015152
0.132813 0.085938 -0.992188
255 255 255 255
1.149414 0.826172
0.114746 0.145996
1 0 0 0
1 0 0 0
0.004928 -0.561910 0.014729
0.265625 -0.101563 -0.960938
255 255 255 255
1.151855 0.826172
0.116211 0.146484
1 0 0 0
1 0 0 0
0.003717 -0.561108 0.014458
0.164063 -0.070313 -0.984375
255 255 255 255
1.154297 0.825684
0.118164 0.144043
1 0 0 0
1 0 0 0
0.012461 -0.571033 0.016742
0.078125 -0.046875 0.976563
255 255 255 255
1.260742 0.831055
0.427734 0.431641
1 0 0 0
1 0 0 0
0.010818 -0.571206 0.016742
-0.093750 -0.062500 0.976563
255 255 255 255
1.257813 0.831055
0.425293 0.431641
1 0 0 0
1 0 0 0
0.012461 -0.571033 0.015678
-0.046875 -0.046875 -1.000000
255 255 255 255
1.13623 0.832031
0.106934 0.168457
1 0 0 0
1 0 0 0
-0.005666 -0.558314 -0.008691
0.796875 0.054688 0.562500
255 255 255 255
0.180664 0.824707
0.410156 0.355469
1 0 0 0
1 0 0 0
-0.008642 -0.556467 -0.004073
0.898438 0.062500 0.375000
255 255 255 255
0.193359 0.824707
0.417969 0.355469
1 0 0 0
1 0 0 0
-0.009218 -0.549484 -0.004074
0.867188 0.062500 0.437500
255 255 255 255
0.193359 0.820801
0.417969 0.345703
1 0 0 0
1 0 0 0
-0.006238 -0.551101 -0.008716
0.757813 0.054688 0.609375
255 255 255 255
0.180664 0.820801
0.410156 0.345703
1 0 0 0
1 0 0 0
0.027713 -0.546357 -0.004032
-0.929688 -0.085938 0.359375
255 255 255 255
0.084961 0.820801
0.352051 0.345703
1 0 0 0
1 0 0 0
0.028283 -0.553256 -0.004033
-0.929688 -0.085938 0.359375
255 255 255 255
0.084961 0.824707
0.352051 0.355957
1 0 0 0
1 0 0 0
0.025775 -0.555565 -0.008614
-0.765625 -0.078125 0.625000
255 255 255 255
0.097168 0.824707
0.359863 0.355957
1 0 0 0
1 0 0 0
-0.010291 -0.549655 -0.004534
-0.914063 -0.085938 -0.421875
255 255 255 255
0.21582 0.821289
0.020996 0.174805
1 0 0 0
1 0 0 0
-0.006678 -0.558363 -0.009326
-0.804688 -0.078125 -0.609375
255 255 255 255
0.225586 0.824219
0.028809 0.189941
1 0 0 0
1 0 0 0
0.026796 -0.555447 -0.009241
0.773438 0.054688 -0.617188
255 255 255 255
0.291992 0.824219
0.080078 0.189941
1 0 0 0
1 0 0 0
0.026271 -0.548322 -0.009137
0.773438 0.054688 -0.609375
255 255 255 255
0.292969 0.821289
0.081055 0.174805
1 0 0 0
1 0 0 0
0.005839 -0.551895 -0.015610
0.117188 0.007813 0.968750
255 255 255 255
0.147949 0.820801
0.390137 0.345703
1 0 0 0
1 0 0 0
0.009725 -0.554708 -0.015782
-0.007813 -0.007813 0.984375
255 255 255 255
0.13916 0.822266
0.385254 0.350098
1 0 0 0
1 0 0 0
0.010509 -0.560392 -0.015518
-0.023438 0.164063 0.960938
255 255 255 255
0.138672 0.825684
0.384766 0.358887
1 0 0 0
1 0 0 0
0.013126 -0.558073 -0.015675
-0.078125 0.007813 0.976563
255 255 255 255
0.132324 0.824707
0.380859 0.355957
1 0 0 0
1 0 0 0
0.016392 -0.550247 -0.014861
-0.312500 -0.031250 0.929688
255 255 255 255
0.123047 0.820801
0.375 0.345703
1 0 0 0
1 0 0 0
-0.003469 -0.551320 -0.011687
0.593750 0.039063 0.773438
255 255 255 255
0.171387 0.820801
0.404297 0.345703
1 0 0 0
1 0 0 0
0.022760 -0.556613 -0.011711
-0.601563 -0.062500 0.781250
255 255 255 255
0.107422 0.824707
0.365723 0.355957
1 0 0 0
1 0 0 0
0.022163 -0.549129 -0.011685
-0.601563 -0.062500 0.781250
255 255 255 255
0.107422 0.820801
0.365723 0.345703
1 0 0 0
1 0 0 0
0.003026 -0.559019 -0.014861
0.320313 0.015625 0.921875
255 255 255 255
0.155762 0.824707
0.39502 0.355469
1 0 0 0
1 0 0 0
-0.010777 -0.547066 0.000000
0.976563 0.070313 -0.007813
255 255 255 255
0.203125 0.820801
0.423828 0.345703
1 0 0 0
1 0 0 0
0.029052 -0.550666 0.000000
-1.000000 -0.093750 -0.007813
255 255 255 255
0.075195 0.824707
0.346191 0.355957
1 0 0 0
1 0 0 0
0.005646 -0.551912 -0.016795
-0.148438 -0.046875 -0.992188
255 255 255 255
0.250977 0.821289
0.04834 0.174805
1 0 0 0
1 0 0 0
0.007098 -0.558646 -0.016771
-0.132813 -0.046875 -0.992188
255 255 255 255
0.252441 0.824219
0.049805 0.189941
1 0 0 0
1 0 0 0
0.010509 -0.560392 -0.017067
0.015625 -0.078125 -1.000000
255 255 255 255
0.258789 0.825195
0.054199 0.195313
1 0 0 0
1 0 0 0
0.013146 -0.551268 -0.016856
0.125000 -0.015625 -0.992188
255 255 255 255
0.266113 0.821289
0.060059 0.174805
1 0 0 0
1 0 0 0
0.013204 -0.558067 -0.016802
0.109375 -0.015625 -0.992188
255 255 255 255
0.26416 0.824219
0.058594 0.189941
1 0 0 0
1 0 0 0
0.017413 -0.557752 -0.015993
0.367188 0.023438 -0.929688
255 255 255 255
0.271484 0.824219
0.064453 0.189941
1 0 0 0
1 0 0 0
-0.003510 -0.558920 -0.012689
-0.617188 -0.062500 -0.796875
255 255 255 255
0.23291 0.824219
0.034668 0.189941
1 0 0 0
1 0 0 0
-0.004201 -0.551379 -0.012625
-0.625000 -0.062500 -0.789063
255 255 255 255
0.23291 0.821289
0.034668 0.174805
1 0 0 0
1 0 0 0
0.022896 -0.549068 -0.012624
0.578125 0.039063 -0.804688
255 255 255 255
0.284668 0.821289
0.074707 0.174805
1 0 0 0
1 0 0 0
0.002000 -0.551480 -0.015992
-0.351563 -0.046875 -0.945313
255 255 255 255
0.244629 0.821289
0.043457 0.174805
1 0 0 0
1 0 0 0
-0.011396 -0.554151 0.000000
-1.000000 -0.093750 -0.007813
255 255 255 255
0.20752 0.824219
0.015137 0.189941
1 0 0 0
1 0 0 0
0.029678 -0.543671 0.000000
0.976563 0.070313 -0.007813
255 255 255 255
0.311035 0.821289
0.094727 0.174805
1 0 0 0
1 0 0 0
0.008115 -0.560644 -0.016742
-0.132813 -0.101563 -0.992188
255 255 255 255
0.253418 0.825195
0.050293 0.195313
1 0 0 0
1 0 0 0
0.016312 -0.560710 -0.015793
0.250000 0.109375 -0.960938
255 255 255 255
0.270508 0.826172
0.063477 0.198731
1 0 0 0
1 0 0 0
0.017300 -0.559676 -0.015522
0.171875 0.070313 -0.984375
255 255 255 255
0.271973 0.825684
0.064453 0.198242
1 0 0 0
1 0 0 0
0.015196 -0.560802 -0.016216
0.210938 -0.007813 -0.976563
255 255 255 255
0.268555 0.825684
0.062012 0.197754
1 0 0 0
1 0 0 0
0.015942 -0.565020 -0.015152
-0.132813 -0.039063 0.968750
255 255 255 255
0.126953 0.828613
0.377441 0.367188
1 0 0 0
1 0 0 0
0.004483 -0.563264 -0.014729
0.257813 -0.070313 0.937500
255 255 255 255
0.15332 0.827148
0.393555 0.362793
1 0 0 0
1 0 0 0
0.004928 -0.561910 -0.014729
0.265625 -0.101563 0.937500
255 255 255 255
0.151856 0.826172
0.392578 0.36084
1 0 0 0
1 0 0 0
0.006010 -0.561771 -0.015152
0.132813 0.085938 0.968750
255 255 255 255
0.149414 0.826172
0.391113 0.36084
1 0 0 0
1 0 0 0
0.006160 -0.566051 -0.015152
0.109375 -0.015625 0.968750
255 255 255 255
0.149902 0.829102
0.391602 0.367676
1 0 0 0
1 0 0 0
0.003717 -0.561108 -0.014458
0.164063 -0.070313 0.960938
255 255 255 255
0.154297 0.825684
0.394531 0.359375
1 0 0 0
1 0 0 0
0.012461 -0.571033 -0.016742
0.078125 -0.046875 -1.000000
255 255 255 255
0.260742 0.831055
0.056152 0.224609
1 0 0 0
1 0 0 0
0.010818 -0.571206 -0.016742
-0.093750 -0.062500 -1.000000
255 255 255 255
0.257813 0.831055
0.053711 0.224609
1 0 0 0
1 0 0 0
0.012461 -0.571033 -0.015678
-0.046875 -0.046875 0.976563
255 255 255 255
0.136231 0.832031
0.383301 0.375977
1 0 0 0
1 0 0 0
-0.017970 -0.158197 -0.012787
-0.968750 -0.203125 -0.187500
255 255 255 255
0.049316 0.805176
0.42627 0.380371
1 0 0 0
1 0 0 0
-0.018998 -0.154275 -0.007850
-1.000000 0.000000 -0.046875
255 255 255 255
0.025391 0.799316
0.421387 0.375
1 0 0 0
1 0 0 0
-0.017884 -0.150237 -0.012788
-0.968750 0.203125 -0.179688
255 255 255 255
0.049316 0.793945
0.42627 0.369629
1 0 0 0
1 0 0 0
-0.017905 -0.154178 -0.015792
-0.968750 0.000000 -0.273438
255 255 255 255
0.067871 0.799316
0.430664 0.375
1 0 0 0
1 0 0 0
-0.016099 -0.150163 -0.017077
-0.695313 0.179688 -0.703125
255 255 255 255
0.097656 0.793945
0.436523 0.369629
1 0 0 0
1 0 0 0
-0.016180 -0.158196 -0.017073
-0.695313 -0.187500 -0.703125
255 255 255 255
0.097656 0.805176
0.436523 0.380371
1 0 0 0
1 0 0 0
0.011876 -0.150108 -0.012787
0.945313 0.179688 -0.187500
255 255 255 255
0.291504 0.793945
0.478027 0.369629
1 0 0 0
1 0 0 0
0.012902 -0.154021 -0.007850
0.976563 -0.023438 -0.046875
255 255 255 255
0.318848 0.799316
0.483887 0.375
1 0 0 0
1 0 0 0
0.011788 -0.158060 -0.012788
0.945313 -0.226563 -0.179688
255 255 255 255
0.291504 0.805176
0.478027 0.380371
1 0 0 0
1 0 0 0
0.011809 -0.154123 -0.015791
0.945313 -0.023438 -0.273438
255 255 255 255
0.271973 0.799316
0.473633 0.375
1 0 0 0
1 0 0 0
0.010002 -0.158147 -0.017078
0.671875 -0.203125 -0.703125
255 255 255 255
0.255859 0.805176
0.470215 0.380371
1 0 0 0
1 0 0 0
0.010086 -0.150121 -0.017073
0.671875 0.164063 -0.703125
255 255 255 255
0.255859 0.793945
0.470215 0.369629
1 0 0 0
1 0 0 0
0.041586 -0.702680 0.007404
-0.164063 0.960938 -0.117188
255 255 255 255
0.200195 0.731445
0.481934 0.537598
1 0 0 0
1 0 0 0
0.040095 -0.702641 0.009632
-0.320313 0.929688 0.078125
255 255 255 255
0.211914 0.732422
0.485352 0.539063
1 0 0 0
1 0 0 0
0.039306 -0.702851 0.009054
-0.242188 0.953125 -0.023438
255 255 255 255
0.215332 0.731445
0.486328 0.537598
1 0 0 0
1 0 0 0
0.040805 -0.702841 0.006800
-0.148438 0.968750 -0.093750
255 255 255 255
0.20459 0.729981
0.48291 0.535645
1 0 0 0
1 0 0 0
0.038603 -0.703763 -0.011860
-0.468750 0.812500 -0.312500
255 255 255 255
1.09375 0.734375
0.407227 0.375977
1 0 0 0
1 0 0 0
0.040095 -0.702641 -0.009632
-0.242188 0.953125 -0.007813
255 255 255 255
1.10498 0.73291
0.415527 0.371094
1 0 0 0
1 0 0 0
0.039306 -0.702851 -0.009054
-0.320313 0.929688 -0.109375
255 255 255 255
1.10498 0.732422
0.415039 0.370117
1 0 0 0
1 0 0 0
0.039306 -0.702851 -0.009054
-0.320313 0.929688 -0.109375
255 255 255 255
1.10498 0.732422
0.415039 0.370117
1 0 0 0
1 0 0 0
0.037905 -0.703883 -0.011154
-0.554688 0.718750 -0.406250
255 255 255 255
1.094238 0.734375
0.408203 0.375977
1 0 0 0
1 0 0 0
0.038603 -0.703763 -0.011860
-0.468750 0.812500 -0.312500
255 255 255 255
1.09375 0.734375
0.407227 0.375977
1 0 0 0
1 0 0 0
0.043675 -0.714441 0.006636
-0.445313 -0.234375 0.851563
255 255 255 255
0.195801 0.748535
0.480469 0.557129
1 0 0 0
1 0 0 0
0.044606 -0.717541 0.006308
-0.445313 -0.234375 0.851563
255 255 255 255
0.194336 0.75293
0.479981 0.561523
1 0 0 0
1 0 0 0
0.043766 -0.717675 0.005851
-0.445313 -0.234375 0.851563
255 255 255 255
0.202637 0.753418
0.482422 0.562012
1 0 0 0
1 0 0 0
0.047514 -0.722476 0.002845
0.148438 -0.992188 -0.078125
255 255 255 255
0.173828 0.758789
0.474121 0.567871
1 0 0 0
1 0 0 0
0.048263 -0.722227 -0.000078
0.140625 -0.992188 0.000000
255 255 255 255
0.160645 0.758301
0.470215 0.567871
1 0 0 0
1 0 0 0
0.047276 -0.722383 -0.000088
0.140625 -0.992188 -0.031250
255 255 255 255
0.160156 0.759277
0.470215 0.569336
1 0 0 0
1 0 0 0
0.046593 -0.722600 0.002523
0.148438 -0.984375 -0.101563
255 255 255 255
0.17334 0.759766
0.474121 0.569336
1 0 0 0
1 0 0 0
0.047514 -0.722476 -0.003002
0.148438 -0.984375 0.085938
255 255 255 255
0.144531 0.758789
0.46582 0.568359
1 0 0 0
1 0 0 0
0.046595 -0.722591 -0.002673
0.140625 -0.992188 0.054688
255 255 255 255
0.146484 0.759766
0.466309 0.569824
1 0 0 0
1 0 0 0
0.035575 -0.710254 -0.013290
-0.796875 -0.109375 -0.609375
255 255 255 255
0.07373 0.741699
0.445313 0.549316
1 0 0 0
1 0 0 0
0.036159 -0.713026 -0.013097
-0.726563 -0.414063 -0.570313
255 255 255 255
0.075684 0.745606
0.445801 0.553711
1 0 0 0
1 0 0 0
0.036178 -0.710182 -0.014084
-0.796875 -0.007813 -0.617188
255 255 255 255
0.07666 0.742188
0.446289 0.549805
1 0 0 0
1 0 0 0
0.038603 -0.703763 0.011860
-0.562500 0.710938 0.382813
255 255 255 255
0.222656 0.734375
0.488281 0.541016
1 0 0 0
1 0 0 0
0.037905 -0.703883 0.011154
-0.476563 0.812500 0.296875
255 255 255 255
0.225098 0.733887
0.48877 0.540039
1 0 0 0
1 0 0 0
0.040095 -0.702641 -0.009632
-0.242188 0.953125 -0.007813
255 255 255 255
0.104981 0.73291
0.454102 0.539063
1 0 0 0
1 0 0 0
0.041586 -0.702680 -0.007404
-0.132813 0.968750 0.085938
255 255 255 255
0.114258 0.731445
0.457031 0.537598
1 0 0 0
1 0 0 0
0.040805 -0.702841 -0.006800
-0.164063 0.960938 0.093750
255 255 255 255
0.11084 0.730469
0.456055 0.536621
1 0 0 0
1 0 0 0
0.039306 -0.702851 -0.009054
-0.320313 0.929688 -0.109375
255 255 255 255
0.104981 0.732422
0.454102 0.538574
1 0 0 0
1 0 0 0
0.036335 -0.707494 0.013791
-0.781250 0.273438 0.546875
255 255 255 255
0.235352 0.73877
0.491699 0.545898
1 0 0 0
1 0 0 0
0.035726 -0.707550 0.012999
-0.710938 0.445313 0.523438
255 255 255 255
0.236816 0.73877
0.492188 0.545898
1 0 0 0
1 0 0 0
0.042607 -0.720799 0.008718
-0.320313 -0.750000 0.570313
255 255 255 255
0.200684 0.756836
0.481934 0.566406
1 0 0 0
1 0 0 0
0.043783 -0.721863 0.007971
-0.304688 -0.750000 0.578125
255 255 255 255
0.199707 0.758301
0.481445 0.567871
1 0 0 0
1 0 0 0
0.043021 -0.721999 0.007419
-0.320313 -0.750000 0.570313
255 255 255 255
0.20752 0.758301
0.483887 0.567871
1 0 0 0
1 0 0 0
0.041925 -0.720982 0.008102
-0.335938 -0.750000 0.570313
255 255 255 255
0.205078 0.757324
0.48291 0.566406
1 0 0 0
1 0 0 0
0.044079 -0.723693 0.007919
0.156250 -0.984375 -0.125000
255 255 255 255
0.201172 0.760742
0.481934 0.570313
1 0 0 0
1 0 0 0
0.043242 -0.723783 0.007450
0.156250 -0.984375 -0.125000
255 255 255 255
0.201172 0.762207
0.481934 0.572266
1 0 0 0
1 0 0 0
0.036159 -0.713026 0.013097
-0.765625 -0.312500 0.562500
255 255 255 255
0.235352 0.746582
0.491699 0.554688
1 0 0 0
1 0 0 0
0.035593 -0.710242 0.013276
-0.812500 -0.007813 0.578125
255 255 255 255
0.239258 0.742676
0.493164 0.550293
1 0 0 0
1 0 0 0
0.036746 -0.712960 0.013904
-0.726563 -0.406250 0.546875
255 255 255 255
0.233398 0.745606
0.491211 0.553711
1 0 0 0
1 0 0 0
0.038069 -0.715595 0.013153
-0.687500 -0.500000 0.523438
255 255 255 255
0.229004 0.748535
0.490234 0.557129
1 0 0 0
1 0 0 0
0.037475 -0.715658 0.012351
-0.687500 -0.500000 0.523438
255 255 255 255
0.230469 0.748535
0.490723 0.556641
1 0 0 0
1 0 0 0
0.036335 -0.707494 -0.013791
-0.703125 0.453125 -0.546875
255 255 255 255
0.078613 0.73877
0.446777 0.545898
1 0 0 0
1 0 0 0
0.038603 -0.703763 -0.011860
-0.468750 0.812500 -0.312500
255 255 255 255
0.09375 0.734375
0.451172 0.541016
1 0 0 0
1 0 0 0
0.037905 -0.703883 -0.011154
-0.554688 0.718750 -0.406250
255 255 255 255
0.094238 0.734375
0.451172 0.541016
1 0 0 0
1 0 0 0
0.037905 -0.703883 -0.011154
-0.554688 0.718750 -0.406250
255 255 255 255
0.094238 0.734375
0.451172 0.541016
1 0 0 0
1 0 0 0
0.035718 -0.707537 -0.013005
-0.773438 0.273438 -0.585938
255 255 255 255
0.077148 0.737793
0.446289 0.544922
1 0 0 0
1 0 0 0
0.036335 -0.707494 -0.013791
-0.703125 0.453125 -0.546875
255 255 255 255
0.078613 0.73877
0.446777 0.545898
1 0 0 0
1 0 0 0
0.044606 -0.717540 -0.006465
-0.437500 0.671875 -0.585938
255 255 255 255
0.122559 0.752441
0.459473 0.561523
1 0 0 0
1 0 0 0
0.041925 -0.720982 -0.008259
-0.601563 0.632813 -0.476563
255 255 255 255
0.118164 0.757324
0.45752 0.566406
1 0 0 0
1 0 0 0
0.044079 -0.723693 -0.008076
0.156250 -0.984375 0.101563
255 255 255 255
0.119629 0.760254
0.458496 0.569824
1 0 0 0
1 0 0 0
0.043242 -0.723783 -0.007607
0.156250 -0.984375 0.109375
255 255 255 255
0.119629 0.761231
0.458496 0.571289
1 0 0 0
1 0 0 0
0.038069 -0.715595 -0.013153
-0.687500 -0.500000 -0.546875
255 255 255 255
0.084961 0.749023
0.448242 0.557617
1 0 0 0
1 0 0 0
0.037475 -0.715658 -0.012351
-0.687500 -0.500000 -0.546875
255 255 255 255
0.080566 0.749512
0.447266 0.558106
1 0 0 0
1 0 0 0
-0.018020 -0.100129 -0.000043
-0.007813 -1.000000 -0.007813
255 255 255 255
0.570313 0.936523
0.081543 0.285156
1 0 0 0
1 0 0 0
-0.017922 -0.087992 -0.000043
-0.007813 0.984375 -0.007813
255 255 255 255
0.708008 0.991699
0.081543 0.231445
1 0 0 0
1 0 0 0
0.011980 -0.088203 -0.000049
-0.007813 0.984375 -0.007813
255 255 255 255
0.706055 0.945801
0.014648 0.231445
1 0 0 0
1 0 0 0
-0.021408 -0.100072 0.006869
-0.007813 -1.000000 -0.007813
255 255 255 255
0.551758 0.927246
0.07666 0.268555
1 0 0 0
1 0 0 0
0.011882 -0.100347 -0.000049
-1.000000 0.000000 0.078125
255 255 255 255
0.808594 0.905762
0.469727 0.216309
1 0 0 0
1 0 0 0
0.011980 -0.088203 -0.000049
-0.992188 0.000000 -0.148438
255 255 255 255
0.808594 0.894531
0.469727 0.199219
1 0 0 0
1 0 0 0
0.010400 -0.088202 -0.004917
-0.867188 -0.007813 0.492188
255 255 255 255
0.458984 0.894531
0.352051 0.199219
1 0 0 0
1 0 0 0
0.011980 -0.088203 -0.000049
-0.992188 0.000000 -0.148438
255 255 255 255
0.442383 0.894531
0.346191 0.199219
1 0 0 0
1 0 0 0
0.011882 -0.100347 -0.000049
-1.000000 0.000000 0.078125
255 255 255 255
0.442383 0.905762
0.346191 0.216309
1 0 0 0
1 0 0 0
-0.002686 -0.100254 -0.004520
0.085938 -0.007813 0.976563
255 255 255 255
0.536621 0.905762
0.37793 0.216309
0 0 0 0
1 0 0 0
-0.002588 -0.088113 -0.004524
0.070313 -0.007813 0.976563
255 255 255 255
0.536621 0.894531
0.37793 0.199219
0 0 0 0
1 0 0 0
-0.008559 -0.088070 0.003859
0.140625 -0.015625 -0.992188
255 255 255 255
0.68457 0.894531
0.428223 0.199219
0 0 0 0
1 0 0 0
-0.008657 -0.100209 0.003946
0.125000 -0.015625 -0.992188
255 255 255 255
0.68457 0.905762
0.428223 0.216309
0 0 0 0
1 0 0 0
0.002192 -0.648557 0.008523
0.734375 0.070313 -0.664063
255 255 255 255
0.080566 0.723633
0.378906 0.319824
0 0 0 0
1 0 0 0
0.002895 -0.640967 0.009054
0.796875 -0.046875 -0.585938
255 255 255 255
0.08252 0.717285
0.379395 0.308106
0 0 0 0
1 0 0 0
0.002191 -0.648557 -0.008522
0.718750 0.054688 0.656250
255 255 255 255
0.018555 0.723633
0.353516 0.319824
0 0 0 0
1 0 0 0
0.002895 -0.640967 -0.009054
0.796875 -0.046875 0.562500
255 255 255 255
0.016602 0.717285
0.352539 0.308106
0 0 0 0
1 0 0 0
0.000638 -0.638189 0.006607
0.781250 0.109375 -0.593750
255 255 255 255
0.073242 0.714356
0.375977 0.302734
0 0 0 0
1 0 0 0
-0.001978 -0.639348 0.003069
0.843750 0.031250 -0.507813
255 255 255 255
0.060547 0.714844
0.370606 0.303711
0 0 0 0
1 0 0 0
-0.002356 -0.633772 0.002747
0.906250 0.085938 -0.375000
255 255 255 255
0.05957 0.709473
0.370117 0.294434
0 0 0 0
1 0 0 0
-0.001979 -0.639345 -0.003066
0.812500 0.039063 0.539063
255 255 255 255
0.038086 0.714844
0.361328 0.303711
0 0 0 0
1 0 0 0
0.000639 -0.638190 -0.006608
0.789063 0.125000 0.562500
255 255 255 255
0.025391 0.714356
0.356445 0.302734
0 0 0 0
1 0 0 0
0.001429 -0.641284 -0.006800
0.781250 0.031250 0.585938
255 255 255 255
0.024902 0.717285
0.355957 0.308106
0 0 0 0
1 0 0 0
-0.002358 -0.633779 -0.002741
0.914063 0.070313 0.343750
255 255 255 255
0.039551 0.709473
0.361816 0.294434
0 0 0 0
1 0 0 0
-0.000293 -0.652642 0.002976
0.835938 0.101563 -0.515625
255 255 255 255
0.060059 0.727051
0.370606 0.325684
0 0 0 0
1 0 0 0
0.000085 -0.661830 0.002523
0.890625 0.062500 -0.406250
255 255 255 255
0.058594 0.734863
0.369629 0.34082
0 0 0 0
1 0 0 0
0.001771 -0.656407 0.005851
0.773438 0.031250 -0.617188
255 255 255 255
0.070801 0.730469
0.375 0.33252
0 0 0 0
1 0 0 0
-0.000629 -0.661766 -0.000088
0.976563 0.054688 0.054688
255 255 255 255
0.049316 0.734863
0.366211 0.340332
0 0 0 0
1 0 0 0
0.000080 -0.661820 -0.002673
0.867188 0.070313 0.445313
255 255 255 255
0.039551 0.734863
0.362305 0.34082
0 0 0 0
1 0 0 0
0.004486 -0.641669 0.011154
0.687500 0.023438 -0.710938
255 255 255 255
0.089844 0.718262
0.382813 0.30957
0 0 0 0
1 0 0 0
0.003756 -0.650995 0.009392
0.750000 0.203125 -0.609375
255 255 255 255
0.083496 0.726074
0.379883 0.324707
0 0 0 0
1 0 0 0
0.005225 -0.651235 0.010823
0.632813 0.101563 -0.757813
255 255 255 255
0.088867 0.726563
0.382324 0.325195
0 0 0 0
1 0 0 0
-0.001561 -0.634377 0.004314
0.828125 0.101563 -0.523438
255 255 255 255
0.064941 0.710449
0.372559 0.295898
0 0 0 0
1 0 0 0
0.004288 -0.659233 0.008102
0.632813 -0.039063 -0.765625
255 255 255 255
1.205078 0.757324
0.143066 0.421875
0 0 0 0
1 0 0 0
0.001771 -0.656407 0.005851
0.773438 0.031250 -0.617188
255 255 255 255
1.202637 0.753418
0.142578 0.415039
0 0 0 0
1 0 0 0
0.003439 -0.660464 0.007419
0.687500 0.007813 -0.710938
255 255 255 255
1.20752 0.758301
0.144043 0.424316
0 0 0 0
1 0 0 0
-0.000982 -0.633061 0.005245
0.765625 0.078125 -0.625000
255 255 255 255
0.068359 0.709473
0.374023 0.293945
0 0 0 0
1 0 0 0
-0.003899 -0.626628 0.000000
0.976563 0.085938 -0.007813
255 255 255 255
0.049316 0.703125
0.366211 0.282227
0 0 0 0
1 0 0 0
0.003613 -0.662254 0.007450
0.765625 0.070313 -0.617188
255 255 255 255
0.07666 0.736328
0.376953 0.342773
0 0 0 0
1 0 0 0
0.003439 -0.660464 0.007419
0.687500 0.007813 -0.710938
255 255 255 255
0.076172 0.734375
0.376953 0.339844
0 0 0 0
1 0 0 0
0.008182 -0.650212 0.013097
0.570313 0.054688 -0.812500
255 255 255 255
0.097168 0.726563
0.385742 0.324707
0 0 0 0
1 0 0 0
0.008128 -0.647371 0.013276
0.570313 0.054688 -0.812500
255 255 255 255
0.097656 0.723633
0.385742 0.320313
0 0 0 0
1 0 0 0
0.007471 -0.653068 0.012351
0.578125 0.054688 -0.804688
255 255 255 255
0.094238 0.728516
0.384277 0.329102
0 0 0 0
1 0 0 0
0.005225 -0.651235 -0.010823
0.632813 0.101563 0.734375
255 255 255 255
0.010254 0.726563
0.350098 0.325195
0 0 0 0
1 0 0 0
0.003756 -0.650995 -0.009392
0.750000 0.195313 0.593750
255 255 255 255
0.015137 0.726074
0.352051 0.324707
0 0 0 0
1 0 0 0
0.008149 -0.647379 -0.013290
0.593750 0.000000 0.773438
255 255 255 255
0.000977 0.723633
0.346191 0.320313
0 0 0 0
1 0 0 0
-0.000293 -0.652642 -0.003133
0.835938 0.093750 0.492188
255 255 255 255
0.038086 0.727051
0.361328 0.325684
0 0 0 0
1 0 0 0
0.007417 -0.644759 -0.013005
0.593750 0.078125 0.773438
255 255 255 255
0.002441 0.721191
0.34668 0.315918
0 0 0 0
1 0 0 0
0.001995 -0.653321 -0.006329
0.796875 0.046875 0.554688
255 255 255 255
0.026367 0.728027
0.356445 0.327637
0 0 0 0
1 0 0 0
0.003439 -0.660464 -0.007576
0.687500 0.007813 0.687500
255 255 255 255
1.11377 0.757813
0.117676 0.42334
0 0 0 0
1 0 0 0
0.004288 -0.659233 -0.008259
0.632813 -0.039063 0.742188
255 255 255 255
1.118164 0.757324
0.119141 0.422363
0 0 0 0
1 0 0 0
-0.002035 -0.630732 -0.004168
0.875000 0.085938 0.429688
255 255 255 255
0.03418 0.707031
0.359863 0.289551
0 0 0 0
1 0 0 0
0.003439 -0.660464 -0.007576
0.687500 0.007813 0.687500
255 255 255 255
0.021973 0.734375
0.354981 0.339844
0 0 0 0
1 0 0 0
0.008182 -0.650212 -0.013097
0.570313 0.054688 0.789063
255 255 255 255
0.001953 0.726563
0.34668 0.324707
0 0 0 0
1 0 0 0
0.001434 -0.648663 0.009166
-0.757813 -0.093750 0.640625
255 255 255 255
1.200684 0.741699
0.14209 0.394043
0 0 0 0
1 0 0 0
0.000632 -0.641297 0.007404
-0.804688 -0.054688 0.585938
255 255 255 255
1.200195 0.731445
0.14209 0.375488
0 0 0 0
1 0 0 0
0.002079 -0.640933 0.009632
-0.820313 0.023438 0.562500
255 255 255 255
1.211914 0.732422
0.14502 0.377441
0 0 0 0
1 0 0 0
0.002079 -0.640933 -0.009632
-0.820313 0.023438 -0.585938
255 255 255 255
1.10498 0.73291
0.115234 0.37793
0 0 0 0
1 0 0 0
0.001434 -0.648663 -0.009166
-0.742188 -0.078125 -0.679688
255 255 255 255
1.112793 0.742188
0.117188 0.394531
0 0 0 0
1 0 0 0
0.003779 -0.641704 -0.011860
-0.710938 -0.046875 -0.710938
255 255 255 255
1.09375 0.734375
0.112305 0.380859
0 0 0 0
1 0 0 0
-0.002868 -0.639422 0.003518
-0.875000 -0.062500 0.476563
255 255 255 255
1.174316 0.728516
0.134766 0.370606
0 0 0 0
1 0 0 0
-0.003290 -0.633859 0.003094
-0.929688 -0.109375 0.343750
255 255 255 255
1.172852 0.720703
0.134277 0.356445
0 0 0 0
1 0 0 0
-0.000169 -0.638344 -0.007176
-0.812500 -0.148438 -0.585938
255 255 255 255
1.119629 0.727539
0.119141 0.368652
0 0 0 0
1 0 0 0
-0.002868 -0.639422 -0.003518
-0.835938 -0.062500 -0.562500
255 255 255 255
1.140137 0.728516
0.125 0.370606
0 0 0 0
1 0 0 0
-0.003290 -0.633859 -0.003094
-0.937500 -0.101563 -0.359375
255 255 255 255
1.141602 0.720703
0.125488 0.356445
0 0 0 0
1 0 0 0
-0.000841 -0.661909 0.002845
-0.921875 -0.085938 0.382813
255 255 255 255
1.173828 0.758789
0.134277 0.424805
0 0 0 0
1 0 0 0
-0.001206 -0.652720 0.003324
-0.859375 -0.132813 0.492188
255 255 255 255
1.173828 0.746582
0.134277 0.40332
0 0 0 0
1 0 0 0
0.001155 -0.653230 0.006636
-0.820313 -0.101563 0.554688
255 255 255 255
1.195801 0.748535
0.140625 0.406738
0 0 0 0
1 0 0 0
-0.002109 -0.654239 -0.000079
-1.000000 -0.062500 -0.007813
255 255 255 255
1.156738 0.748535
0.129883 0.40625
0 0 0 0
1 0 0 0
-0.000841 -0.661909 -0.003002
-0.890625 -0.093750 -0.468750
255 255 255 255
1.144531 0.758789
0.126465 0.424805
0 0 0 0
1 0 0 0
0.004597 -0.651319 0.011597
-0.656250 -0.117188 0.734375
255 255 255 255
1.217773 0.746094
0.146973 0.401856
0 0 0 0
1 0 0 0
-0.002426 -0.634533 0.004791
-0.859375 -0.125000 0.492188
255 255 255 255
1.181641 0.72168
0.136719 0.358398
0 0 0 0
1 0 0 0
0.006806 -0.644851 0.013791
-0.617188 -0.078125 0.773438
255 255 255 255
1.235352 0.73877
0.151856 0.38916
0 0 0 0
1 0 0 0
-0.001768 -0.633158 0.005855
-0.789063 -0.109375 0.593750
255 255 255 255
1.187988 0.720215
0.138184 0.355469
0 0 0 0
1 0 0 0
0.003582 -0.659203 0.008718
-0.664063 0.015625 0.734375
255 255 255 255
1.200684 0.756836
0.14209 0.421875
0 0 0 0
1 0 0 0
0.002667 -0.660498 0.007971
-0.718750 -0.031250 0.687500
255 255 255 255
1.199707 0.758301
0.141602 0.424316
0 0 0 0
1 0 0 0
0.007595 -0.650276 0.013904
-0.593750 -0.078125 0.789063
255 255 255 255
1.233398 0.745606
0.151367 0.401367
0 0 0 0
1 0 0 0
0.004597 -0.651319 -0.011597
-0.656250 -0.117188 -0.757813
255 255 255 255
1.095215 0.746582
0.112305 0.402832
0 0 0 0
1 0 0 0
-0.001206 -0.652720 -0.003481
-0.859375 -0.125000 -0.515625
255 255 255 255
1.140137 0.746582
0.125 0.40332
0 0 0 0
1 0 0 0
-0.003333 -0.630026 -0.003805
-0.929688 -0.101563 -0.375000
255 255 255 255
1.137695 0.71582
0.124512 0.347656
0 0 0 0
1 0 0 0
0.006806 -0.644851 -0.013791
-0.617188 -0.101563 -0.789063
255 255 255 255
1.078613 0.73877
0.10791 0.388672
0 0 0 0
1 0 0 0
0.000922 -0.656458 -0.006465
-0.796875 -0.054688 -0.609375
255 255 255 255
1.122559 0.752441
0.120117 0.414063
0 0 0 0
1 0 0 0
0.002667 -0.660498 -0.008128
-0.718750 -0.031250 -0.710938
255 255 255 255
1.12207 0.758301
0.120117 0.424316
0 0 0 0
1 0 0 0
-0.000970 -0.635391 -0.006581
-0.804688 -0.109375 -0.601563
255 255 255 255
1.123047 0.723145
0.120117 0.36084
0 0 0 0
1 0 0 0
0.002776 -0.662348 -0.008076
-0.796875 -0.093750 -0.617188
255 255 255 255
1.119629 0.760254
0.119629 0.427734
0 0 0 0
1 0 0 0
0.002667 -0.660498 -0.008128
-0.718750 -0.031250 -0.710938
255 255 255 255
1.12207 0.758301
0.120117 0.424316
0 0 0 0
1 0 0 0
0.000922 -0.656458 -0.006465
-0.796875 -0.054688 -0.609375
255 255 255 255
1.122559 0.752441
0.120117 0.414063
0 0 0 0
1 0 0 0
0.002776 -0.662348 -0.008076
-0.796875 -0.093750 -0.617188
255 255 255 255
1.119629 0.760254
0.119629 0.427734
0 0 0 0
1 0 0 0
0.006878 -0.653135 -0.013153
-0.601563 -0.078125 -0.804688
255 255 255 255
1.084961 0.749023
0.109863 0.407227
0 0 0 0
1 0 0 0
0.069402 -0.860021 0.000000
0.937500 0.156250 0.234375
255 255 255 255
1.284668 0.674805
0.473145 0.619629
0 0 0 0
1 0 0 0
0.065196 -0.847969 0.007560
0.882813 0.148438 0.390625
255 255 255 255
1.250977 0.657227
0.461914 0.597656
0 0 0 0
1 0 0 0
0.069943 -0.874730 0.007612
0.875000 -0.054688 0.429688
255 255 255 255
1.241699 0.689453
0.458984 0.638672
0 0 0 0
1 0 0 0
0.070959 -0.876931 0.000000
0.914063 -0.312500 0.171875
255 255 255 255
1.261719 0.696777
0.465332 0.647461
0 0 0 0
1 0 0 0
0.045022 -0.842983 0.017492
-0.296875 0.085938 0.929688
255 255 255 255
1.150391 0.645996
0.428711 0.583008
0 0 0 0
1 0 0 0
0.044620 -0.846365 0.017733
-0.632813 -0.164063 0.750000
255 255 255 255
1.150391 0.650391
0.428711 0.588379
0 0 0 0
1 0 0 0
0.030482 -0.850915 0.013565
0.757813 0.296875 0.539063
255 255 255 255
1.073242 0.652344
0.403809 0.591309
0 0 0 0
1 0 0 0
0.032003 -0.850275 0.011059
0.757813 0.304688 0.531250
255 255 255 255
1.081543 0.65332
0.40625 0.592773
0 0 0 0
1 0 0 0
0.033890 -0.856034 0.011731
0.664063 0.617188 0.359375
255 255 255 255
1.085449 0.656738
0.407227 0.59668
0 0 0 0
1 0 0 0
0.032438 -0.855796 0.014345
0.484375 0.828125 0.187500
255 255 255 255
1.078613 0.659668
0.405273 0.600098
0 0 0 0
1 0 0 0
0.035291 -0.856443 0.015810
-0.226563 0.953125 -0.062500
255 255 255 255
1.091797 0.660645
0.409668 0.601563
0 0 0 0
1 0 0 0
0.035949 -0.856776 0.012713
0.062500 0.976563 -0.039063
255 255 255 255
1.091797 0.656738
0.409668 0.597168
0 0 0 0
1 0 0 0
0.036857 -0.856232 0.013260
-0.312500 0.921875 -0.156250
255 255 255 255
1.09668 0.656738
0.411133 0.597168
0 0 0 0
1 0 0 0
0.040596 -0.857671 0.014444
0.921875 0.257813 0.187500
255 255 255 255
1.119629 0.663086
0.418457 0.604981
0 0 0 0
1 0 0 0
0.040146 -0.859750 0.014651
0.898438 -0.265625 0.296875
255 255 255 255
1.118652 0.665527
0.418457 0.608398
0 0 0 0
1 0 0 0
0.038785 -0.860496 0.017217
0.851563 -0.335938 0.351563
255 255 255 255
1.104004 0.666504
0.413574 0.609375
0 0 0 0
1 0 0 0
0.038954 -0.855620 0.017112
0.765625 0.593750 0.125000
255 255 255 255
1.106445 0.661621
0.414551 0.603027
0 0 0 0
1 0 0 0
0.039442 -0.855626 0.014152
0.679688 0.679688 0.148438
255 255 255 255
1.116211 0.660645
0.417481 0.601563
0 0 0 0
1 0 0 0
0.042212 -0.871619 0.016979
-0.007813 0.984375 -0.007813
255 255 255 255
1.115234 0.680176
0.417481 0.626953
0 0 0 0
1 0 0 0
0.042823 -0.871556 0.014043
-0.007813 0.984375 -0.007813
255 255 255 255
1.125488 0.678711
0.420898 0.624512
0 0 0 0
1 0 0 0
0.045913 -0.871595 0.015450
0.070313 0.976563 0.046875
255 255 255 255
1.135254 0.680664
0.423828 0.626953
0 0 0 0
1 0 0 0
0.044772 -0.871670 0.018223
0.140625 0.968750 0.046875
255 255 255 255
1.128418 0.682617
0.421387 0.629395
0 0 0 0
1 0 0 0
0.044243 -0.846535 0.013404
0.929688 -0.335938 -0.015625
255 255 255 255
1.140137 0.657227
0.425293 0.597656
0 0 0 0
1 0 0 0
0.042117 -0.852672 0.014941
0.929688 -0.328125 -0.046875
255 255 255 255
1.118164 0.655273
0.418457 0.594727
0 0 0 0
1 0 0 0
0.042297 -0.852832 0.017931
0.929688 -0.320313 -0.085938
255 255 255 255
1.120605 0.65332
0.418945 0.592285
0 0 0 0
1 0 0 0
0.036443 -0.853868 0.016711
0.585938 0.765625 0.156250
255 255 255 255
1.101563 0.659668
0.412598 0.600586
0 0 0 0
1 0 0 0
0.037405 -0.853744 0.013872
0.625000 0.710938 0.234375
255 255 255 255
1.10791 0.658203
0.415039 0.598145
0 0 0 0
1 0 0 0
0.049182 -0.872601 0.016856
0.218750 0.953125 0.070313
255 255 255 255
1.148438 0.682617
0.428223 0.629883
0 0 0 0
1 0 0 0
0.051173 -0.842134 0.017822
0.210938 0.062500 0.953125
255 255 255 255
1.179688 0.645508
0.438477 0.58252
0 0 0 0
1 0 0 0
0.058630 -0.840782 0.014151
0.562500 0.093750 0.789063
255 255 255 255
1.216309 0.646484
0.450684 0.583496
0 0 0 0
1 0 0 0
0.052855 -0.845789 0.016674
0.343750 0.007813 0.914063
255 255 255 255
1.186523 0.649414
0.440918 0.587402
0 0 0 0
1 0 0 0
0.058699 -0.848126 0.013941
0.437500 0.179688 0.851563
255 255 255 255
1.216797 0.654785
0.450684 0.594727
0 0 0 0
1 0 0 0
0.055054 -0.855314 0.016822
0.343750 0.070313 0.914063
255 255 255 255
1.193359 0.664551
0.442871 0.606445
0 0 0 0
1 0 0 0
0.058536 -0.862265 0.016539
0.367188 0.046875 0.906250
255 255 255 255
1.199707 0.672852
0.445313 0.617188
0 0 0 0
1 0 0 0
0.054387 -0.857308 0.017230
0.929688 -0.296875 0.125000
255 255 255 255
1.185059 0.666016
0.44043 0.608398
0 0 0 0
1 0 0 0
0.058013 -0.876393 0.017085
0.328125 -0.054688 0.921875
255 255 255 255
1.182129 0.687988
0.439453 0.636719
0 0 0 0
1 0 0 0
0.052454 -0.852896 0.017112
0.164063 0.062500 0.960938
255 255 255 255
1.185059 0.661133
0.44043 0.602539
0 0 0 0
1 0 0 0
0.057787 -0.850907 0.014634
0.273438 0.203125 0.914063
255 255 255 255
1.210449 0.658691
0.448731 0.599609
0 0 0 0
1 0 0 0
0.051741 -0.861760 0.017702
0.500000 -0.187500 0.820313
255 255 255 255
1.173828 0.670898
0.436523 0.614746
0 0 0 0
1 0 0 0
0.053984 -0.866419 0.017409
0.156250 -0.031250 0.968750
255 255 255 255
1.174316 0.67627
0.436523 0.621582
0 0 0 0
1 0 0 0
0.055054 -0.855314 0.016822
0.343750 0.070313 0.914063
255 255 255 255
0.193359 0.664551
0.396973 0.375
0 0 0 0
1 0 0 0
0.057787 -0.850907 0.014634
0.273438 0.203125 0.914063
255 255 255 255
0.210449 0.658691
0.402344 0.367188
0 0 0 0
1 0 0 0
0.062428 -0.861363 0.013757
0.656250 0.054688 0.718750
255 255 255 255
1.219238 0.672363
0.45166 0.617188
0 0 0 0
1 0 0 0
0.058395 -0.879168 0.016281
0.382813 -0.242188 0.867188
255 255 255 255
1.180176 0.691406
0.438965 0.641113
0 0 0 0
1 0 0 0
0.050828 -0.880746 0.018672
0.328125 -0.335938 0.859375
255 255 255 255
1.145996 0.690918
0.427246 0.640137
0 0 0 0
1 0 0 0
0.064762 -0.877902 0.013357
0.617188 -0.171875 0.742188
255 255 255 255
1.208496 0.691406
0.447754 0.640625
0 0 0 0
1 0 0 0
0.065196 -0.847969 -0.007560
0.882813 0.148438 -0.414063
255 255 255 255
0.250977 0.657227
0.093262 0.326172
1 0 0 0
1 0 0 0
0.069402 -0.860021 0.000000
0.937500 0.156250 -0.257813
255 255 255 255
0.284668 0.674805
0.104004 0.361816
0 0 0 0
1 0 0 0
0.069943 -0.874730 -0.007612
0.875000 -0.054688 -0.453125
255 255 255 255
0.241699 0.689453
0.089844 0.392578
1 0 0 0
1 0 0 0
0.070959 -0.876931 0.000000
0.914063 -0.312500 -0.195313
255 255 255 255
0.261719 0.696777
0.09668 0.407227
0 0 0 0
1 0 0 0
0.045022 -0.842983 -0.017492
-0.296875 0.085938 -0.953125
255 255 255 255
0.150391 0.645996
0.061035 0.302734
1 0 0 0
1 0 0 0
0.044620 -0.846365 -0.017733
-0.632813 -0.164063 -0.773438
255 255 255 255
0.150391 0.650391
0.061035 0.311523
1 0 0 0
1 0 0 0
0.030482 -0.850915 -0.013565
0.757813 0.296875 -0.562500
255 255 255 255
0.073242 0.652344
0.036621 0.315918
1 0 0 0
1 0 0 0
0.032438 -0.855796 -0.014345
0.484375 0.828125 -0.210938
255 255 255 255
0.078613 0.659668
0.038086 0.330566
1 0 0 0
1 0 0 0
0.033890 -0.856034 -0.011731
0.664063 0.617188 -0.382813
255 255 255 255
0.085449 0.656738
0.040039 0.325195
1 0 0 0
1 0 0 0
0.032003 -0.850275 -0.011059
0.757813 0.304688 -0.554688
255 255 255 255
0.081543 0.65332
0.039063 0.317871
1 0 0 0
1 0 0 0
0.036857 -0.856232 -0.013260
-0.312500 0.921875 0.132813
255 255 255 255
0.09668 0.656738
0.043945 0.325195
0 0 0 0
1 0 0 0
0.035949 -0.856776 -0.012713
0.062500 0.976563 0.015625
255 255 255 255
0.091797 0.656738
0.04248 0.325195
1 0 0 0
1 0 0 0
0.035290 -0.856443 -0.015810
-0.226563 0.953125 0.039063
255 255 255 255
0.091797 0.660645
0.04248 0.33252
1 0 0 0
1 0 0 0
0.038785 -0.860496 -0.017217
0.851563 -0.335938 -0.375000
255 255 255 255
0.104004 0.666504
0.046387 0.344727
1 0 0 0
1 0 0 0
0.040146 -0.859750 -0.014651
0.898438 -0.265625 -0.320313
255 255 255 255
0.118652 0.665527
0.050781 0.343262
1 0 0 0
1 0 0 0
0.040596 -0.857671 -0.014444
0.921875 0.257813 -0.210938
255 255 255 255
0.119629 0.663086
0.05127 0.338379
1 0 0 0
1 0 0 0
0.038954 -0.855620 -0.017112
0.765625 0.593750 -0.148438
255 255 255 255
0.106445 0.661621
0.046875 0.335449
1 0 0 0
1 0 0 0
0.039442 -0.855626 -0.014152
0.679688 0.679688 -0.171875
255 255 255 255
0.116211 0.660645
0.050293 0.333008
1 0 0 0
1 0 0 0
0.042212 -0.871619 -0.016979
-0.007813 0.984375 -0.007813
255 255 255 255
0.115234 0.680176
0.049805 0.374023
1 0 0 0
1 0 0 0
0.044772 -0.871670 -0.018223
0.140625 0.968750 -0.070313
255 255 255 255
0.128418 0.682617
0.053711 0.37793
1 0 0 0
1 0 0 0
0.045913 -0.871595 -0.015450
0.070313 0.976563 -0.070313
255 255 255 255
0.135254 0.680664
0.056152 0.374023
1 0 0 0
1 0 0 0
0.042823 -0.871556 -0.014043
-0.007813 0.984375 -0.007813
255 255 255 255
0.125488 0.678711
0.053223 0.369629
1 0 0 0
1 0 0 0
0.042297 -0.852832 -0.017931
0.929688 -0.320313 0.062500
255 255 255 255
0.120606 0.65332
0.05127 0.317871
1 0 0 0
1 0 0 0
0.042117 -0.852672 -0.014941
0.929688 -0.328125 0.023438
255 255 255 255
0.118164 0.655273
0.050781 0.321289
1 0 0 0
1 0 0 0
0.044243 -0.846535 -0.013404
0.929688 -0.335938 -0.007813
255 255 255 255
0.140137 0.657227
0.057617 0.326172
1 0 0 0
1 0 0 0
0.036443 -0.853868 -0.016711
0.585938 0.765625 -0.179688
255 255 255 255
0.101563 0.659668
0.04541 0.331055
1 0 0 0
1 0 0 0
0.037405 -0.853744 -0.013872
0.625000 0.710938 -0.257813
255 255 255 255
0.10791 0.658203
0.047363 0.327637
1 0 0 0
1 0 0 0
0.049182 -0.872601 -0.016856
0.218750 0.953125 -0.093750
255 255 255 255
0.148438 0.682617
0.060547 0.378418
1 0 0 0
1 0 0 0
0.051173 -0.842134 -0.017822
0.210938 0.062500 -0.976563
255 255 255 255
0.179688 0.645508
0.070313 0.301758
1 0 0 0
1 0 0 0
0.058630 -0.840782 -0.014151
0.562500 0.093750 -0.812500
255 255 255 255
0.216309 0.646484
0.082031 0.303223
1 0 0 0
1 0 0 0
0.052855 -0.845789 -0.016674
0.343750 0.007813 -0.937500
255 255 255 255
0.186523 0.649414
0.072266 0.30957
1 0 0 0
1 0 0 0
0.058699 -0.848126 -0.013941
0.437500 0.179688 -0.875000
255 255 255 255
0.216797 0.654785
0.082031 0.321289
1 0 0 0
1 0 0 0
0.058536 -0.862265 -0.016539
0.367188 0.046875 -0.929688
255 255 255 255
0.199707 0.672852
0.07666 0.358398
1 0 0 0
1 0 0 0
0.055054 -0.855314 -0.016822
0.343750 0.070313 -0.937500
255 255 255 255
0.193359 0.664551
0.074707 0.34082
1 0 0 0
1 0 0 0
0.054387 -0.857308 -0.017230
0.929688 -0.296875 -0.148438
255 255 255 255
0.185059 0.666016
0.072266 0.344238
1 0 0 0
1 0 0 0
0.058013 -0.876393 -0.017085
0.328125 -0.054688 -0.945313
255 255 255 255
0.182129 0.687988
0.071289 0.389648
1 0 0 0
1 0 0 0
0.052454 -0.852896 -0.017112
0.164063 0.062500 -0.984375
255 255 255 255
0.185059 0.661133
0.071777 0.334473
1 0 0 0
1 0 0 0
0.057787 -0.850907 -0.014634
0.273438 0.203125 -0.937500
255 255 255 255
0.210449 0.658691
0.080078 0.329102
1 0 0 0
1 0 0 0
0.051741 -0.861760 -0.017702
0.500000 -0.187500 -0.843750
255 255 255 255
0.173828 0.670898
0.068359 0.354004
1 0 0 0
1 0 0 0
0.053984 -0.866419 -0.017409
0.156250 -0.031250 -0.992188
255 255 255 255
0.174316 0.67627
0.068359 0.365234
1 0 0 0
1 0 0 0
0.057787 -0.850907 -0.014634
0.273438 0.203125 -0.937500
255 255 255 255
1.210449 0.658691
0.351563 0.367188
1 0 0 0
1 0 0 0
0.055054 -0.855314 -0.016822
0.343750 0.070313 -0.937500
255 255 255 255
1.193359 0.664551
0.346191 0.375
1 0 0 0
1 0 0 0
0.062428 -0.861363 -0.013757
0.656250 0.054688 -0.742188
255 255 255 255
0.219238 0.672363
0.083008 0.357422
1 0 0 0
1 0 0 0
0.050828 -0.880746 -0.018672
0.328125 -0.335938 -0.882813
255 255 255 255
0.145996 0.690918
0.05957 0.395508
1 0 0 0
1 0 0 0
0.058395 -0.879168 -0.016281
0.382813 -0.242188 -0.890625
255 255 255 255
0.180176 0.691406
0.070313 0.396484
1 0 0 0
1 0 0 0
0.064762 -0.877902 -0.013357
0.617188 -0.171875 -0.765625
255 255 255 255
0.208496 0.691406
0.07959 0.395996
1 0 0 0
1 0 0 0
-0.006678 -0.558363 0.009326
-0.078125 -0.968750 -0.265625
255 255 255 255
1.225586 0.824219
0.399902 0.407715
1 0 0 0
1 0 0 0
-0.005666 -0.558314 0.008691
-0.093750 -0.984375 -0.187500
255 255 255 255
1.225586 0.824707
0.400391 0.40918
1 0 0 0
1 0 0 0
-0.008642 -0.556467 0.004073
-0.101563 -0.929688 -0.375000
255 255 255 255
1.21582 0.824707
0.392578 0.40918
1 0 0 0
1 0 0 0
-0.009658 -0.556654 0.004649
-0.031250 -0.906250 -0.445313
255 255 255 255
1.216309 0.824219
0.393066 0.407715
1 0 0 0
1 0 0 0
0.025775 -0.555565 0.008614
0.203125 -0.945313 -0.273438
255 255 255 255
1.291992 0.824707
0.45166 0.40918
1 0 0 0
1 0 0 0
0.026796 -0.555447 0.009241
0.218750 -0.960938 -0.179688
255 255 255 255
1.291992 0.824219
0.45166 0.407715
1 0 0 0
1 0 0 0
0.029338 -0.553273 0.004595
0.218750 -0.906250 -0.375000
255 255 255 255
1.301758 0.824219
0.458984 0.407715
1 0 0 0
1 0 0 0
0.028283 -0.553256 0.004033
0.148438 -0.882813 -0.460938
255 255 255 255
1.302246 0.824707
0.459473 0.40918
1 0 0 0
1 0 0 0
0.026271 -0.548322 0.009137
-0.179688 0.937500 0.218750
255 255 255 255
1.292969 0.821289
0.452637 0.396973
1 0 0 0
1 0 0 0
0.025162 -0.548436 0.008636
-0.187500 0.953125 0.132813
255 255 255 255
1.29248 0.820801
0.45166 0.395996
1 0 0 0
1 0 0 0
0.027713 -0.546357 0.004032
-0.203125 0.890625 0.359375
255 255 255 255
1.302246 0.820801
0.459473 0.395996
1 0 0 0
1 0 0 0
0.028821 -0.546346 0.004467
-0.148438 0.867188 0.429688
255 255 255 255
1.302734 0.821289
0.459961 0.396973
1 0 0 0
1 0 0 0
0.017413 -0.557752 0.015993
0.093750 -1.000000 -0.023438
255 255 255 255
1.271484 0.824219
0.436035 0.407715
1 0 0 0
1 0 0 0
0.013126 -0.558073 0.015675
0.062500 -1.000000 -0.007813
255 255 255 255
1.264648 0.824707
0.430664 0.40918
1 0 0 0
1 0 0 0
0.013204 -0.558067 0.016802
0.062500 -1.000000 -0.007813
255 255 255 255
1.26416 0.824219
0.430176 0.407715
1 0 0 0
1 0 0 0
0.013146 -0.551268 0.016856
-0.437500 0.882813 0.054688
255 255 255 255
1.266113 0.821289
0.431152 0.396973
1 0 0 0
1 0 0 0
0.012952 -0.551285 0.015672
-0.593750 0.789063 0.031250
255 255 255 255
1.265137 0.820801
0.430664 0.395996
1 0 0 0
1 0 0 0
0.016392 -0.550247 0.014861
-0.250000 0.953125 0.031250
255 255 255 255
1.272461 0.820801
0.436523 0.395996
1 0 0 0
1 0 0 0
0.016798 -0.550212 0.015990
-0.210938 0.960938 0.039063
255 255 255 255
1.272461 0.821289
0.436523 0.396973
1 0 0 0
1 0 0 0
-0.003510 -0.558920 0.012689
-0.046875 -1.000000 -0.109375
255 255 255 255
1.23291 0.824219
0.40625 0.407715
1 0 0 0
1 0 0 0
0.022896 -0.549068 0.012624
-0.164063 0.968750 0.054688
255 255 255 255
1.284668 0.821289
0.445801 0.396973
1 0 0 0
1 0 0 0
0.022163 -0.549128 0.011685
-0.171875 0.968750 0.039063
255 255 255 255
1.284668 0.820801
0.445801 0.395996
1 0 0 0
1 0 0 0
0.022760 -0.556613 0.011711
0.179688 -0.976563 -0.109375
255 255 255 255
1.283691 0.824707
0.445313 0.40918
1 0 0 0
1 0 0 0
0.023445 -0.556555 0.012689
0.179688 -0.984375 -0.078125
255 255 255 255
1.283691 0.824219
0.445313 0.407715
1 0 0 0
1 0 0 0
0.003026 -0.559019 0.014861
0.046875 -1.000000 -0.023438
255 255 255 255
1.244629 0.824707
0.415039 0.40918
1 0 0 0
1 0 0 0
0.007098 -0.558646 0.016771
0.078125 -1.000000 -0.007813
255 255 255 255
1.252441 0.824219
0.420898 0.407715
1 0 0 0
1 0 0 0
0.009715 -0.554709 0.016982
-0.718750 0.679688 0.039063
255 255 255 255
1.258301 0.822266
0.425293 0.401367
1 0 0 0
1 0 0 0
0.009725 -0.554708 0.015782
-0.734375 0.671875 -0.015625
255 255 255 255
1.258301 0.821777
0.425293 0.399414
1 0 0 0
1 0 0 0
-0.010200 -0.554052 0.000000
-0.007813 -1.000000 -0.007813
255 255 255 255
1.208008 0.824707
0.386231 0.40918
1 0 0 0
1 0 0 0
-0.011396 -0.554151 0.000000
0.070313 -1.000000 -0.007813
255 255 255 255
1.20752 0.824219
0.386231 0.407715
1 0 0 0
1 0 0 0
0.030248 -0.550567 0.000000
0.164063 -0.992188 -0.007813
255 255 255 255
1.310547 0.824219
0.46582 0.407715
1 0 0 0
1 0 0 0
0.029052 -0.550666 0.000000
0.070313 -1.000000 -0.007813
255 255 255 255
1.310059 0.824707
0.46582 0.40918
1 0 0 0
1 0 0 0
0.028482 -0.543770 0.000000
-0.171875 0.968750 -0.007813
255 255 255 255
1.310059 0.820801
0.465332 0.395996
1 0 0 0
1 0 0 0
0.029678 -0.543671 0.000000
-0.093750 0.976563 -0.007813
255 255 255 255
1.311035 0.821289
0.466309 0.396973
1 0 0 0
1 0 0 0
0.017300 -0.559676 0.014458
0.968750 -0.171875 -0.007813
255 255 255 255
1.272461 0.825684
0.436523 0.413086
1 0 0 0
1 0 0 0
0.015942 -0.565020 0.016216
0.890625 -0.414063 -0.007813
255 255 255 255
1.269043 0.828125
0.434082 0.420898
1 0 0 0
1 0 0 0
0.017300 -0.559676 0.015522
0.968750 -0.171875 -0.007813
255 255 255 255
1.271973 0.825684
0.436035 0.413574
1 0 0 0
1 0 0 0
0.015942 -0.565020 0.015152
0.890625 -0.414063 -0.007813
255 255 255 255
1.271484 0.828125
0.435547 0.421875
1 0 0 0
1 0 0 0
0.016312 -0.560710 0.015793
-0.093750 0.976563 -0.007813
255 255 255 255
1.270508 0.826172
0.435059 0.413574
1 0 0 0
1 0 0 0
0.015196 -0.560802 0.016216
0.023438 0.976563 -0.007813
255 255 255 255
1.268555 0.825684
0.433106 0.413086
1 0 0 0
1 0 0 0
0.012461 -0.571033 0.015678
0.843750 -0.507813 -0.007813
255 255 255 255
1.261719 0.831543
0.428223 0.433594
1 0 0 0
1 0 0 0
0.012461 -0.571033 0.016742
0.843750 -0.507813 -0.007813
255 255 255 255
1.260742 0.831055
0.427734 0.431641
1 0 0 0
1 0 0 0
0.003717 -0.561108 0.014458
0.539063 0.812500 -0.007813
255 255 255 255
1.244141 0.826172
0.414551 0.413574
1 0 0 0
1 0 0 0
0.004928 -0.561910 0.014729
0.539063 0.812500 -0.007813
255 255 255 255
1.246094 0.825684
0.416016 0.413086
1 0 0 0
1 0 0 0
-0.006678 -0.558363 -0.009326
-0.078125 -0.968750 0.242188
255 255 255 255
0.225586 0.824219
0.028809 0.189941
1 0 0 0
1 0 0 0
-0.009658 -0.556654 -0.004649
-0.031250 -0.906250 0.421875
255 255 255 255
0.216309 0.824219
0.021484 0.189941
1 0 0 0
1 0 0 0
-0.008642 -0.556467 -0.004073
-0.101563 -0.929688 0.351563
255 255 255 255
0.21582 0.824707
0.020996 0.191895
1 0 0 0
1 0 0 0
-0.005666 -0.558314 -0.008691
-0.093750 -0.984375 0.164063
255 255 255 255
0.225586 0.824707
0.028809 0.191895
1 0 0 0
1 0 0 0
0.025775 -0.555565 -0.008614
0.203125 -0.945313 0.250000
255 255 255 255
0.291992 0.824707
0.080078 0.191895
1 0 0 0
1 0 0 0
0.028283 -0.553256 -0.004033
0.148438 -0.882813 0.437500
255 255 255 255
0.302246 0.824707
0.087891 0.191895
1 0 0 0
1 0 0 0
0.029338 -0.553272 -0.004595
0.218750 -0.906250 0.351563
255 255 255 255
0.301758 0.824219
0.087891 0.189941
1 0 0 0
1 0 0 0
0.026796 -0.555447 -0.009241
0.218750 -0.960938 0.156250
255 255 255 255
0.291992 0.824219
0.080078 0.189941
1 0 0 0
1 0 0 0
0.026271 -0.548322 -0.009137
-0.179688 0.937500 -0.242188
255 255 255 255
0.292969 0.821289
0.081055 0.174805
1 0 0 0
1 0 0 0
0.028821 -0.546346 -0.004467
-0.148438 0.867188 -0.453125
255 255 255 255
0.302734 0.821289
0.088379 0.174805
1 0 0 0
1 0 0 0
0.027713 -0.546357 -0.004032
-0.203125 0.890625 -0.382813
255 255 255 255
0.302246 0.820801
0.087891 0.172852
1 0 0 0
1 0 0 0
0.025162 -0.548436 -0.008636
-0.187500 0.953125 -0.156250
255 255 255 255
0.292481 0.820801
0.080566 0.172852
1 0 0 0
1 0 0 0
0.017413 -0.557752 -0.015993
0.093750 -1.000000 0.000000
255 255 255 255
0.271484 0.824219
0.064453 0.189941
1 0 0 0
1 0 0 0
0.013204 -0.558067 -0.016802
0.062500 -1.000000 -0.015625
255 255 255 255
0.26416 0.824219
0.058594 0.189941
1 0 0 0
1 0 0 0
0.013126 -0.558073 -0.015675
0.062500 -1.000000 -0.015625
255 255 255 255
0.264648 0.824707
0.059082 0.191895
1 0 0 0
1 0 0 0
0.013146 -0.551268 -0.016856
-0.437500 0.882813 -0.078125
255 255 255 255
0.266113 0.821289
0.060059 0.174805
1 0 0 0
1 0 0 0
0.016798 -0.550212 -0.015990
-0.210938 0.960938 -0.062500
255 255 255 255
0.272461 0.821289
0.064941 0.174805
1 0 0 0
1 0 0 0
0.016392 -0.550247 -0.014861
-0.250000 0.953125 -0.054688
255 255 255 255
0.272461 0.820801
0.064941 0.172852
1 0 0 0
1 0 0 0
0.012952 -0.551285 -0.015672
-0.593750 0.789063 -0.054688
255 255 255 255
0.265137 0.820801
0.05957 0.172852
1 0 0 0
1 0 0 0
-0.003510 -0.558920 -0.012689
-0.046875 -1.000000 0.085938
255 255 255 255
0.23291 0.824219
0.034668 0.189941
1 0 0 0
1 0 0 0
0.022896 -0.549068 -0.012624
-0.164063 0.968750 -0.078125
255 255 255 255
0.284668 0.821289
0.074707 0.174805
1 0 0 0
1 0 0 0
0.022163 -0.549129 -0.011685
-0.171875 0.968750 -0.062500
255 255 255 255
0.284668 0.820801
0.074219 0.172852
1 0 0 0
1 0 0 0
0.023445 -0.556555 -0.012689
0.179688 -0.984375 0.054688
255 255 255 255
0.283691 0.824219
0.07373 0.189941
1 0 0 0
1 0 0 0
0.022760 -0.556613 -0.011711
0.179688 -0.976563 0.085938
255 255 255 255
0.283691 0.824707
0.07373 0.191895
1 0 0 0
1 0 0 0
0.003026 -0.559019 -0.014861
0.046875 -1.000000 0.000000
255 255 255 255
0.244629 0.824707
0.043457 0.191895
1 0 0 0
1 0 0 0
0.007098 -0.558646 -0.016771
0.078125 -1.000000 -0.015625
255 255 255 255
0.252441 0.824219
0.049805 0.189941
1 0 0 0
1 0 0 0
0.009715 -0.554709 -0.016982
-0.718750 0.679688 -0.062500
255 255 255 255
0.258301 0.822266
0.054199 0.180664
1 0 0 0
1 0 0 0
0.009725 -0.554708 -0.015782
-0.734375 0.671875 -0.007813
255 255 255 255
0.258301 0.821777
0.054199 0.177734
1 0 0 0
1 0 0 0
-0.011396 -0.554151 0.000000
0.070313 -1.000000 -0.007813
255 255 255 255
0.20752 0.824219
0.015137 0.189941
1 0 0 0
1 0 0 0
-0.010200 -0.554052 0.000000
-0.007813 -1.000000 -0.007813
255 255 255 255
0.208008 0.824707
0.015137 0.191895
1 0 0 0
1 0 0 0
0.030248 -0.550567 0.000000
0.164063 -0.992188 -0.007813
255 255 255 255
0.310547 0.824219
0.094238 0.189941
1 0 0 0
1 0 0 0
0.029052 -0.550666 0.000000
0.070313 -1.000000 -0.007813
255 255 255 255
0.310059 0.824707
0.094238 0.191895
1 0 0 0
1 0 0 0
0.029678 -0.543671 0.000000
-0.093750 0.976563 -0.007813
255 255 255 255
0.311035 0.821289
0.094727 0.174805
1 0 0 0
1 0 0 0
0.028482 -0.543770 0.000000
-0.171875 0.968750 -0.007813
255 255 255 255
0.310059 0.820801
0.094238 0.172852
1 0 0 0
1 0 0 0
0.017300 -0.559676 -0.015522
0.968750 -0.171875 -0.007813
255 255 255 255
0.271973 0.825684
0.064453 0.198242
1 0 0 0
1 0 0 0
0.015942 -0.565020 -0.016216
0.890625 -0.414063 -0.007813
255 255 255 255
0.269043 0.828125
0.0625 0.208984
1 0 0 0
1 0 0 0
0.017300 -0.559676 -0.014458
0.968750 -0.171875 -0.007813
255 255 255 255
0.272461 0.825684
0.06543 0.197754
1 0 0 0
1 0 0 0
0.015942 -0.565020 -0.015152
0.890625 -0.414063 -0.007813
255 255 255 255
0.271484 0.828125
0.063965 0.210449
1 0 0 0
1 0 0 0
0.015196 -0.560802 -0.016216
0.023438 0.976563 -0.007813
255 255 255 255
0.268555 0.825684
0.062012 0.197754
1 0 0 0
1 0 0 0
0.016312 -0.560710 -0.015793
-0.093750 0.976563 -0.007813
255 255 255 255
0.270508 0.826172
0.063477 0.198731
1 0 0 0
1 0 0 0
0.012461 -0.571033 -0.016742
0.843750 -0.507813 -0.007813
255 255 255 255
0.260742 0.831055
0.056152 0.224609
1 0 0 0
1 0 0 0
0.012461 -0.571033 -0.015678
0.843750 -0.507813 -0.007813
255 255 255 255
0.261719 0.831543
0.057129 0.227539
1 0 0 0
1 0 0 0
0.004928 -0.561910 -0.014729
0.539063 0.812500 -0.007813
255 255 255 255
0.246094 0.825684
0.044434 0.197266
1 0 0 0
1 0 0 0
0.003717 -0.561108 -0.014458
0.539063 0.812500 -0.007813
255 255 255 255
0.244141 0.826172
0.043457 0.198731
1 0 0 0
1 0 0 0
-0.003414 -0.282182 -0.015824
-0.054688 0.242188 -0.968750
255 255 255 255
0.057129 0.759277
0.395996 0.536133
1 0 0 0
1 0 0 0
-0.003464 -0.279072 -0.015404
-0.015625 0.125000 -0.992188
255 255 255 255
0.057129 0.754883
0.395996 0.529297
1 0 0 0
1 0 0 0
0.003323 -0.288715 -0.014964
0.390625 0.031250 -0.914063
255 255 255 255
0.09668 0.768555
0.405273 0.550781
1 0 0 0
1 0 0 0
0.005284 -0.292316 -0.014259
0.250000 -0.054688 -0.968750
255 255 255 255
0.108398 0.773438
0.408203 0.559082
1 0 0 0
1 0 0 0
0.005095 -0.283873 -0.014259
0.234375 0.039063 -0.968750
255 255 255 255
0.106934 0.761719
0.407715 0.540039
1 0 0 0
1 0 0 0
0.001346 -0.293245 -0.015206
0.335938 -0.195313 -0.921875
255 255 255 255
0.085449 0.774902
0.402832 0.561035
1 0 0 0
1 0 0 0
-0.003119 -0.295375 -0.015824
0.039063 -0.328125 -0.953125
255 255 255 255
0.060059 0.777344
0.396484 0.56543
1 0 0 0
1 0 0 0
-0.007690 -0.293326 -0.015206
-0.320313 -0.250000 -0.921875
255 255 255 255
0.033691 0.774902
0.390137 0.561035
1 0 0 0
1 0 0 0
-0.003057 -0.297275 -0.015404
-0.007813 -0.226563 -0.976563
255 255 255 255
0.060059 0.780273
0.396484 0.569824
1 0 0 0
1 0 0 0
-0.007892 -0.284300 -0.015206
-0.343750 0.156250 -0.929688
255 255 255 255
0.032227 0.762207
0.389648 0.541016
1 0 0 0
1 0 0 0
0.001144 -0.284228 -0.015206
0.273438 0.203125 -0.937500
255 255 255 255
0.083984 0.762207
0.402344 0.541016
1 0 0 0
1 0 0 0
-0.011827 -0.284012 -0.014259
-0.257813 0.023438 -0.968750
255 255 255 255
0.009277 0.761719
0.384277 0.540527
1 0 0 0
1 0 0 0
-0.009891 -0.288827 -0.014964
-0.414063 -0.054688 -0.914063
255 255 255 255
0.020996 0.768555
0.387207 0.55127
1 0 0 0
1 0 0 0
-0.011637 -0.292464 -0.014259
-0.273438 -0.070313 -0.968750
255 255 255 255
0.010742 0.773926
0.384766 0.559082
1 0 0 0
1 0 0 0
-0.003414 -0.282182 -0.015824
-0.054688 0.242188 -0.968750
255 255 255 255
0.058105 0.759277
0.395996 0.536133
1 0 0 0
1 0 0 0
-0.006032 -0.268267 -0.020196
-0.882813 -0.109375 0.445313
255 255 255 255
0.255859 0.737793
0.316406 0.137695
1 0 0 0
1 0 0 0
-0.003349 -0.270548 -0.019238
-0.007813 -0.078125 0.976563
255 255 255 255
0.242188 0.743652
0.312988 0.146973
1 0 0 0
1 0 0 0
-0.003345 -0.273529 -0.019315
-0.015625 0.023438 0.976563
255 255 255 255
0.242188 0.749512
0.312988 0.155762
1 0 0 0
1 0 0 0
-0.003345 -0.273529 -0.019315
-0.015625 0.023438 0.976563
255 255 255 255
0.323242 0.749512
0.33252 0.155762
1 0 0 0
1 0 0 0
-0.003349 -0.270548 -0.019238
-0.007813 -0.078125 0.976563
255 255 255 255
0.323242 0.743652
0.33252 0.146973
1 0 0 0
1 0 0 0
-0.000652 -0.268211 -0.020152
0.859375 -0.070313 0.460938
255 255 255 255
0.307129 0.737793
0.328613 0.137695
1 0 0 0
1 0 0 0
-0.005472 -0.274173 -0.022239
-0.843750 -0.078125 -0.546875
255 255 255 255
0.26709 0.749512
0.319336 0.155762
1 0 0 0
1 0 0 0
-0.001220 -0.274131 -0.022221
0.812500 -0.070313 -0.562500
255 255 255 255
0.294434 0.749512
0.325684 0.155762
1 0 0 0
1 0 0 0
-0.003350 -0.267466 -0.023383
-0.023438 0.132813 -0.992188
255 255 255 255
0.280762 0.737793
0.322266 0.137695
1 0 0 0
1 0 0 0
-0.005087 -0.263536 -0.019439
-0.804688 0.546875 0.203125
255 255 255 255
0.266113 0.73291
0.318848 0.130371
1 0 0 0
1 0 0 0
-0.003354 -0.262695 -0.018806
-0.109375 0.773438 0.585938
255 255 255 255
0.269531 0.730469
0.319824 0.126953
1 0 0 0
1 0 0 0
-0.003354 -0.262695 -0.018806
-0.109375 0.773438 0.585938
255 255 255 255
0.29834 0.730957
0.32666 0.127441
1 0 0 0
1 0 0 0
-0.000747 -0.265483 -0.019541
0.859375 0.140625 0.437500
255 255 255 255
0.300781 0.735352
0.327148 0.134277
1 0 0 0
1 0 0 0
-0.005575 -0.265332 -0.021448
-0.789063 0.343750 -0.515625
255 255 255 255
0.268555 0.735352
0.319336 0.134277
1 0 0 0
1 0 0 0
-0.001087 -0.265284 -0.021433
0.804688 0.335938 -0.460938
255 255 255 255
0.291992 0.735352
0.325195 0.134277
1 0 0 0
1 0 0 0
-0.006218 -0.284904 -0.017495
-0.890625 0.437500 -0.039063
255 255 255 255
0.248047 0.766602
0.314453 0.181641
1 0 0 0
1 0 0 0
-0.005597 -0.279890 -0.019483
-0.890625 0.117188 0.429688
255 255 255 255
0.255859 0.758789
0.316406 0.17041
1 0 0 0
1 0 0 0
-0.003339 -0.279561 -0.018479
-0.007813 0.265625 0.937500
255 255 255 255
0.242188 0.758789
0.312988 0.17041
1 0 0 0
1 0 0 0
-0.003372 -0.283994 -0.016598
0.125000 0.390625 0.882813
255 255 255 255
0.233887 0.763672
0.311523 0.177734
1 0 0 0
1 0 0 0
-0.003339 -0.279561 -0.018479
-0.007813 0.265625 0.937500
255 255 255 255
0.323242 0.758789
0.33252 0.17041
1 0 0 0
1 0 0 0
-0.001112 -0.279864 -0.019440
0.859375 0.140625 0.437500
255 255 255 255
0.307129 0.758789
0.328613 0.17041
1 0 0 0
1 0 0 0
-0.000456 -0.284856 -0.017497
0.820313 0.523438 0.023438
255 255 255 255
0.325195 0.76709
0.333008 0.182617
1 0 0 0
1 0 0 0
-0.005178 -0.283672 -0.021181
-0.906250 0.000000 -0.437500
255 255 255 255
0.270508 0.763184
0.319824 0.177246
1 0 0 0
1 0 0 0
-0.001108 -0.290871 -0.020558
0.609375 -0.492188 -0.617188
255 255 255 255
0.297363 0.773926
0.326172 0.193359
1 0 0 0
1 0 0 0
-0.005439 -0.286798 -0.020956
-0.757813 0.132813 -0.648438
255 255 255 255
0.270996 0.768066
0.320313 0.184082
1 0 0 0
1 0 0 0
-0.001203 -0.286764 -0.020957
0.789063 0.156250 -0.578125
255 255 255 255
0.300781 0.768555
0.327148 0.18457
1 0 0 0
1 0 0 0
0.000254 -0.292188 -0.016280
0.609375 -0.500000 -0.609375
255 255 255 255
0.307129 0.779297
0.328613 0.20166
1 0 0 0
1 0 0 0
-0.008326 -0.288815 -0.016095
-0.804688 -0.054688 -0.609375
255 255 255 255
0.248047 0.773438
0.314453 0.192871
1 0 0 0
1 0 0 0
-0.003372 -0.283994 -0.016598
-0.023438 0.976563 0.054688
255 255 255 255
0.233887 0.763672
0.311523 0.177734
1 0 0 0
1 0 0 0
-0.003372 -0.283994 -0.016598
-0.023438 0.976563 0.054688
255 255 255 255
0.336914 0.763672
0.335449 0.177246
1 0 0 0
1 0 0 0
0.000254 -0.292188 -0.016280
0.609375 -0.500000 -0.609375
255 255 255 255
0.078613 0.772949
0.400879 0.558106
1 0 0 0
1 0 0 0
-0.008326 -0.288815 -0.016095
-0.804688 -0.054688 -0.609375
255 255 255 255
0.03125 0.768555
0.389648 0.55127
1 0 0 0
1 0 0 0
-0.003372 -0.283994 -0.016598
-0.023438 0.976563 0.054688
255 255 255 255
0.058105 0.761719
0.395996 0.540527
1 0 0 0
1 0 0 0
-0.003372 -0.283994 -0.016598
-0.023438 0.976563 0.054688
255 255 255 255
0.057129 0.761719
0.395996 0.540527
1 0 0 0
1 0 0 0
-0.003464 -0.279072 -0.015404
-0.015625 0.125000 -0.992188
255 255 255 255
0.058594 0.754883
0.395996 0.529297
1 0 0 0
1 0 0 0
-0.010344 -0.154183 -0.020799
-0.250000 -0.007813 -0.976563
255 255 255 255
0.142578 0.799316
0.446289 0.375
1 0 0 0
1 0 0 0
-0.003048 -0.154185 -0.021835
0.039063 -0.007813 -1.000000
255 255 255 255
0.187012 0.799316
0.455566 0.375
1 0 0 0
1 0 0 0
-0.003093 -0.158200 -0.021321
-0.054688 -0.148438 -0.992188
255 255 255 255
0.187012 0.805176
0.455566 0.380371
1 0 0 0
1 0 0 0
-0.017905 -0.154178 -0.015792
-0.820313 0.000000 -0.585938
255 255 255 255
0.067871 0.799316
0.430664 0.375
1 0 0 0
1 0 0 0
0.004248 -0.154169 -0.020799
0.273438 -0.015625 -0.960938
255 255 255 255
0.229004 0.799316
0.464844 0.375
1 0 0 0
1 0 0 0
0.004069 -0.158177 -0.020213
0.281250 -0.171875 -0.945313
255 255 255 255
0.229004 0.805176
0.464844 0.380371
1 0 0 0
1 0 0 0
0.011809 -0.154123 -0.015791
0.796875 -0.023438 -0.585938
255 255 255 255
0.271973 0.799316
0.473633 0.375
1 0 0 0
1 0 0 0
0.039306 -0.702851 0.009054
-0.796875 -0.218750 -0.585938
255 255 255 255
1.08252 0.717285
0.379395 0.244629
1 0 0 0
1 0 0 0
0.041645 -0.710106 0.008523
-0.757813 -0.093750 -0.664063
255 255 255 255
1.080566 0.723633
0.378906 0.256836
1 0 0 0
1 0 0 0
0.041646 -0.710106 -0.008522
-0.742188 -0.109375 0.656250
255 255 255 255
1.018555 0.723633
0.353516 0.256836
1 0 0 0
1 0 0 0
0.039306 -0.702851 -0.009054
-0.796875 -0.218750 0.562500
255 255 255 255
1.016602 0.717285
0.352539 0.244629
1 0 0 0
1 0 0 0
0.040903 -0.699649 0.006607
-0.812500 -0.062500 -0.593750
255 255 255 255
1.073242 0.714356
0.375977 0.239258
1 0 0 0
1 0 0 0
0.043708 -0.700210 0.003069
-0.859375 -0.156250 -0.507813
255 255 255 255
1.060547 0.714844
0.370606 0.240234
1 0 0 0
1 0 0 0
0.042863 -0.694685 0.002747
-0.929688 -0.117188 -0.375000
255 255 255 255
1.05957 0.709473
0.370117 0.230957
1 0 0 0
1 0 0 0
0.043709 -0.700206 -0.003066
-0.828125 -0.140625 0.539063
255 255 255 255
1.038086 0.714844
0.361328 0.240234
1 0 0 0
1 0 0 0
0.040805 -0.702841 -0.006800
-0.789063 -0.140625 0.585938
255 255 255 255
1.024902 0.717285
0.355957 0.244629
1 0 0 0
1 0 0 0
0.040902 -0.699650 -0.006608
-0.820313 -0.054688 0.562500
255 255 255 255
1.025391 0.714356
0.356445 0.239258
1 0 0 0
1 0 0 0
0.042866 -0.694691 -0.002741
-0.929688 -0.132813 0.343750
255 255 255 255
1.039551 0.709473
0.361816 0.230957
1 0 0 0
1 0 0 0
0.044960 -0.713551 0.002976
-0.867188 -0.085938 -0.515625
255 255 255 255
1.060059 0.727051
0.370606 0.262207
1 0 0 0
1 0 0 0
0.043766 -0.717675 0.005851
-0.789063 -0.140625 -0.617188
255 255 255 255
1.070801 0.730469
0.375 0.269043
1 0 0 0
1 0 0 0
0.046593 -0.722600 0.002523
-0.914063 -0.132813 -0.406250
255 255 255 255
1.058594 0.734863
0.369629 0.277344
1 0 0 0
1 0 0 0
0.047276 -0.722383 -0.000088
-0.992188 -0.164063 0.054688
255 255 255 255
1.049316 0.734863
0.366211 0.276856
1 0 0 0
1 0 0 0
0.046595 -0.722591 -0.002673
-0.882813 -0.125000 0.445313
255 255 255 255
1.039551 0.734863
0.362305 0.277344
1 0 0 0
1 0 0 0
0.037905 -0.703883 0.011154
-0.703125 -0.132813 -0.710938
255 255 255 255
1.089844 0.718262
0.382813 0.246582
1 0 0 0
1 0 0 0
0.039268 -0.713380 0.010823
-0.664063 -0.046875 -0.757813
255 255 255 255
1.088867 0.726563
0.382324 0.262207
1 0 0 0
1 0 0 0
0.040649 -0.712826 0.009392
-0.804688 0.031250 -0.609375
255 255 255 255
1.083496 0.726074
0.379883 0.261231
1 0 0 0
1 0 0 0
0.042219 -0.695449 0.004314
-0.859375 -0.085938 -0.523438
255 255 255 255
1.064941 0.710449
0.372559 0.232422
1 0 0 0
1 0 0 0
0.041925 -0.720982 0.008102
-0.632813 -0.179688 -0.765625
255 255 255 255
0.205078 0.757324
0.48291 0.566406
1 0 0 0
1 0 0 0
0.043021 -0.721999 0.007419
-0.703125 -0.148438 -0.710938
255 255 255 255
0.20752 0.758301
0.483887 0.567871
1 0 0 0
1 0 0 0
0.043766 -0.717675 0.005851
-0.789063 -0.140625 -0.617188
255 255 255 255
0.202637 0.753418
0.482422 0.562012
1 0 0 0
1 0 0 0
0.041367 -0.694291 0.005245
-0.789063 -0.093750 -0.625000
255 255 255 255
1.068359 0.709473
0.374023 0.230469
1 0 0 0
1 0 0 0
0.042812 -0.687376 0.000000
-1.000000 -0.132813 -0.007813
255 255 255 255
1.049316 0.703125
0.366211 0.21875
1 0 0 0
1 0 0 0
0.043021 -0.721999 0.007419
-0.703125 -0.148438 -0.710938
255 255 255 255
1.076172 0.734375
0.376953 0.276367
1 0 0 0
1 0 0 0
0.043242 -0.723783 0.007450
-0.789063 -0.101563 -0.617188
255 255 255 255
1.07666 0.736328
0.376953 0.279297
1 0 0 0
1 0 0 0
0.036159 -0.713026 0.013097
-0.593750 -0.078125 -0.812500
255 255 255 255
1.097168 0.726563
0.385742 0.261719
1 0 0 0
1 0 0 0
0.035593 -0.710242 0.013276
-0.593750 -0.070313 -0.812500
255 255 255 255
1.097656 0.723633
0.385742 0.256836
1 0 0 0
1 0 0 0
0.037475 -0.715658 0.012351
-0.601563 -0.078125 -0.804688
255 255 255 255
1.094238 0.728516
0.384277 0.266113
1 0 0 0
1 0 0 0
0.039268 -0.713380 -0.010823
-0.664063 -0.046875 0.734375
255 255 255 255
1.010254 0.726563
0.350098 0.262207
1 0 0 0
1 0 0 0
0.035575 -0.710254 -0.013290
-0.609375 -0.132813 0.773438
255 255 255 255
1.000977 0.723633
0.346191 0.256836
1 0 0 0
1 0 0 0
0.040649 -0.712826 -0.009392
-0.796875 0.023438 0.593750
255 255 255 255
1.015137 0.726074
0.352051 0.261231
1 0 0 0
1 0 0 0
0.044960 -0.713551 -0.003133
-0.859375 -0.093750 0.492188
255 255 255 255
1.038086 0.727051
0.361328 0.262207
1 0 0 0
1 0 0 0
0.035718 -0.707537 -0.013005
-0.617188 -0.054688 0.773438
255 255 255 255
1.002441 0.721191
0.34668 0.252441
1 0 0 0
1 0 0 0
0.042875 -0.714713 -0.006329
-0.812500 -0.132813 0.554688
255 255 255 255
1.026367 0.728027
0.356445 0.26416
1 0 0 0
1 0 0 0
0.043021 -0.721999 -0.007576
-0.703125 -0.148438 0.687500
255 255 255 255
0.11377 0.757813
0.457031 0.567383
1 0 0 0
1 0 0 0
0.041925 -0.720982 -0.008259
-0.632813 -0.179688 0.742188
255 255 255 255
0.118164 0.757324
0.45752 0.566406
1 0 0 0
1 0 0 0
0.041887 -0.691788 -0.004168
-0.898438 -0.109375 0.429688
255 255 255 255
1.03418 0.707031
0.359863 0.226074
1 0 0 0
1 0 0 0
0.043021 -0.721999 -0.007576
-0.703125 -0.148438 0.687500
255 255 255 255
1.021973 0.734375
0.354981 0.276367
1 0 0 0
1 0 0 0
0.036159 -0.713026 -0.013097
-0.593750 -0.078125 0.789063
255 255 255 255
1.001953 0.726563
0.34668 0.261719
1 0 0 0
1 0 0 0
0.042408 -0.710044 0.009166
0.734375 0.070313 0.640625
255 255 255 255
0.200684 0.741699
0.481934 0.549316
1 0 0 0
1 0 0 0
0.040095 -0.702641 0.009632
0.773438 0.195313 0.562500
255 255 255 255
0.211914 0.732422
0.485352 0.539063
1 0 0 0
1 0 0 0
0.041586 -0.702680 0.007404
0.773438 0.117188 0.585938
255 255 255 255
0.200195 0.731445
0.481934 0.537598
1 0 0 0
1 0 0 0
0.040095 -0.702641 -0.009632
0.773438 0.195313 -0.585938
255 255 255 255
0.104981 0.73291
0.454102 0.539063
1 0 0 0
1 0 0 0
0.038603 -0.703763 -0.011860
0.679688 0.101563 -0.710938
255 255 255 255
0.09375 0.734375
0.451172 0.541016
1 0 0 0
1 0 0 0
0.042408 -0.710044 -0.009166
0.718750 0.085938 -0.679688
255 255 255 255
0.112793 0.742188
0.456543 0.549316
1 0 0 0
1 0 0 0
0.044593 -0.700087 0.003518
0.835938 0.132813 0.476563
255 255 255 255
0.174316 0.728516
0.474121 0.534668
1 0 0 0
1 0 0 0
0.043793 -0.694567 0.003094
0.906250 0.093750 0.343750
255 255 255 255
0.172852 0.720703
0.474121 0.525879
1 0 0 0
1 0 0 0
0.041724 -0.699624 -0.007176
0.796875 0.031250 -0.585938
255 255 255 255
0.119629 0.727539
0.458496 0.533203
1 0 0 0
1 0 0 0
0.044593 -0.700087 -0.003518
0.804688 0.117188 -0.562500
255 255 255 255
0.140137 0.728516
0.464356 0.534668
1 0 0 0
1 0 0 0
0.043793 -0.694567 -0.003094
0.906250 0.101563 -0.359375
255 255 255 255
0.141602 0.720703
0.464844 0.525879
1 0 0 0
1 0 0 0
0.043675 -0.714441 0.006636
0.796875 0.078125 0.554688
255 255 255 255
0.195801 0.748535
0.480469 0.557129
1 0 0 0
1 0 0 0
0.045868 -0.713428 0.003324
0.843750 0.054688 0.492188
255 255 255 255
0.173828 0.746582
0.474121 0.554688
1 0 0 0
1 0 0 0
0.047514 -0.722476 0.002845
0.890625 0.109375 0.382813
255 255 255 255
0.173828 0.758789
0.474121 0.567871
1 0 0 0
1 0 0 0
0.047081 -0.714714 -0.000078
0.968750 0.156250 -0.007813
255 255 255 255
0.156738 0.748535
0.469238 0.556641
1 0 0 0
1 0 0 0
0.047514 -0.722476 -0.003002
0.867188 0.101563 -0.468750
255 255 255 255
0.144531 0.758789
0.46582 0.568359
1 0 0 0
1 0 0 0
0.039900 -0.713325 0.011597
0.640625 0.023438 0.734375
255 255 255 255
0.217773 0.746094
0.486816 0.554199
1 0 0 0
1 0 0 0
0.043097 -0.695413 0.004791
0.835938 0.062500 0.492188
255 255 255 255
0.181641 0.72168
0.476563 0.526856
1 0 0 0
1 0 0 0
0.036335 -0.707494 0.013791
0.593750 0.054688 0.773438
255 255 255 255
0.235352 0.73877
0.491699 0.545898
1 0 0 0
1 0 0 0
0.042155 -0.694214 0.005855
0.773438 0.070313 0.593750
255 255 255 255
0.187988 0.720215
0.478027 0.525391
1 0 0 0
1 0 0 0
0.043783 -0.721863 0.007971
0.679688 0.125000 0.687500
255 255 255 255
0.199707 0.758301
0.481445 0.567871
1 0 0 0
1 0 0 0
0.042607 -0.720799 0.008718
0.617188 0.156250 0.734375
255 255 255 255
0.200684 0.756836
0.481934 0.566406
1 0 0 0
1 0 0 0
0.036746 -0.712960 0.013904
0.570313 0.054688 0.789063
255 255 255 255
0.233398 0.745606
0.491211 0.553711
1 0 0 0
1 0 0 0
0.039900 -0.713325 -0.011597
0.640625 0.023438 -0.757813
255 255 255 255
0.095215 0.746582
0.45166 0.554199
1 0 0 0
1 0 0 0
0.045868 -0.713428 -0.003481
0.843750 0.062500 -0.515625
255 255 255 255
0.140137 0.746582
0.464356 0.554688
1 0 0 0
1 0 0 0
0.043000 -0.690816 -0.003805
0.906250 0.101563 -0.375000
255 255 255 255
0.137695 0.71582
0.463867 0.520508
1 0 0 0
1 0 0 0
0.036335 -0.707494 -0.013791
0.601563 0.031250 -0.789063
255 255 255 255
0.078613 0.73877
0.446777 0.545898
1 0 0 0
1 0 0 0
0.044606 -0.717540 -0.006465
0.765625 0.117188 -0.609375
255 255 255 255
0.122559 0.752441
0.459473 0.561523
1 0 0 0
1 0 0 0
0.043783 -0.721863 -0.008128
0.679688 0.125000 -0.710938
255 255 255 255
0.12207 0.758301
0.458496 0.567383
1 0 0 0
1 0 0 0
0.041863 -0.696567 -0.006581
0.781250 0.070313 -0.601563
255 255 255 255
0.123047 0.723145
0.459473 0.528809
1 0 0 0
1 0 0 0
0.044079 -0.723693 -0.008076
0.765625 0.078125 -0.617188
255 255 255 255
0.119629 0.760254
0.458496 0.569824
1 0 0 0
1 0 0 0
0.044606 -0.717540 -0.006465
0.765625 0.117188 -0.609375
255 255 255 255
0.122559 0.752441
0.459473 0.561523
1 0 0 0
1 0 0 0
0.043783 -0.721863 -0.008128
0.679688 0.125000 -0.710938
255 255 255 255
0.12207 0.758301
0.458496 0.567383
1 0 0 0
1 0 0 0
0.044079 -0.723693 -0.008076
0.765625 0.078125 -0.617188
255 255 255 255
0.119629 0.760254
0.458496 0.569824
1 0 0 0
1 0 0 0
0.038069 -0.715595 -0.013153
0.578125 0.054688 -0.804688
255 255 255 255
0.084961 0.749023
0.448242 0.557617
1 0 0 0
1 0 0 0
-0.022301 -0.138792 0.000000
-1.000000 0.000000 -0.109375
255 255 255 255
0.806641 0.062012
0.462402 0.774902
1 0 0 0
1 0 0 0
-0.022301 -0.138792 0.000000
-1.000000 0.000000 -0.109375
255 255 255 255
0.340332 0.062012
0.311523 0.774902
1 0 0 0
1 0 0 0
-0.020281 -0.122349 -0.006340
-0.898438 0.000000 -0.453125
255 255 255 255
0.368164 0.04541
0.320313 0.740234
1 0 0 0
1 0 0 0
-0.015803 -0.122325 -0.011547
-0.617188 0.000000 -0.796875
255 255 255 255
0.396973 0.04541
0.32959 0.740234
1 0 0 0
1 0 0 0
-0.020625 -0.155219 -0.006340
-0.914063 0.000000 -0.421875
255 255 255 255
0.368164 0.078613
0.320313 0.80957
1 0 0 0
1 0 0 0
-0.010177 -0.171590 0.014488
-0.343750 -0.007813 0.921875
255 255 255 255
0.719238 0.095215
0.434082 0.844727
1 0 0 0
1 0 0 0
-0.003359 -0.187955 0.015393
0.031250 -0.007813 0.976563
255 255 255 255
0.689453 0.111816
0.424805 0.879883
1 0 0 0
1 0 0 0
-0.010350 -0.204512 -0.014488
-0.296875 -0.007813 -0.960938
255 255 255 255
0.42627 0.128906
0.339356 0.915039
1 0 0 0
1 0 0 0
-0.020929 -0.204616 -0.006340
-0.851563 -0.007813 -0.546875
255 255 255 255
0.368164 0.128906
0.320313 0.915039
1 0 0 0
1 0 0 0
0.015893 -0.204064 0.000000
0.976563 -0.015625 0.085938
255 255 255 255
0.572266 0.128906
0.386719 0.915039
1 0 0 0
1 0 0 0
0.014238 -0.171220 -0.006340
0.875000 -0.015625 -0.453125
255 255 255 255
0.543457 0.095215
0.377441 0.844727
1 0 0 0
1 0 0 0
-0.010339 -0.270477 0.014488
-0.296875 -0.015625 0.937500
255 255 255 255
0.719238 0.196289
0.28125 0.608398
1 0 0 0
1 0 0 0
-0.016514 -0.254049 0.011547
-0.562500 -0.015625 0.812500
255 255 255 255
0.748535 0.179199
0.290039 0.573731
1 0 0 0
1 0 0 0
-0.020914 -0.270625 0.006340
-0.882813 -0.015625 0.460938
255 255 255 255
0.776856 0.196289
0.299316 0.608398
1 0 0 0
1 0 0 0
-0.022821 -0.254120 0.000000
-1.000000 -0.015625 0.085938
255 255 255 255
0.806641 0.179199
0.308594 0.573731
1 0 0 0
1 0 0 0
-0.016124 -0.303625 0.011547
-0.671875 -0.023438 0.734375
255 255 255 255
0.748535 0.229981
0.290039 0.678223
1 0 0 0
1 0 0 0
-0.016514 -0.254049 -0.011547
-0.671875 -0.015625 -0.757813
255 255 255 255
0.396973 0.179199
0.178711 0.573731
1 0 0 0
1 0 0 0
-0.016124 -0.303625 -0.011547
-0.562500 -0.015625 -0.835938
255 255 255 255
0.396973 0.229981
0.178711 0.678223
1 0 0 0
1 0 0 0
-0.020598 -0.303694 -0.006340
-0.851563 -0.023438 -0.546875
255 255 255 255
0.368164 0.229981
0.169434 0.678223
1 0 0 0
1 0 0 0
0.009515 -0.253591 0.011547
0.648438 -0.007813 0.734375
255 255 255 255
0.629883 0.179199
0.252441 0.573731
1 0 0 0
1 0 0 0
0.009898 -0.303064 0.011547
0.539063 -0.007813 0.812500
255 255 255 255
0.629883 0.229981
0.252441 0.678223
1 0 0 0
1 0 0 0
0.003799 -0.303220 0.014488
0.218750 -0.007813 0.953125
255 255 255 255
0.65918 0.229981
0.262207 0.678223
1 0 0 0
1 0 0 0
0.014372 -0.302941 0.006340
0.828125 0.000000 0.523438
255 255 255 255
0.601074 0.229981
0.243652 0.678223
1 0 0 0
1 0 0 0
-0.002866 -0.319897 0.015393
0.031250 -0.007813 0.976563
255 255 255 255
0.689453 0.24707
0.271484 0.713379
1 0 0 0
1 0 0 0
0.014372 -0.302941 -0.006340
0.890625 0.000000 -0.421875
255 255 255 255
0.543457 0.229981
0.225098 0.678223
1 0 0 0
1 0 0 0
0.009898 -0.303064 -0.011547
0.617188 0.000000 -0.781250
255 255 255 255
0.515137 0.229981
0.216309 0.678223
1 0 0 0
1 0 0 0
-0.008064 -0.378837 -0.014488
-0.296875 -0.023438 -0.960938
255 255 255 255
0.42627 0.310547
0.187988 0.84375
1 0 0 0
1 0 0 0
-0.002551 -0.336433 -0.015393
0.031250 -0.007813 -1.000000
255 255 255 255
0.456543 0.264648
0.197266 0.749023
1 0 0 0
1 0 0 0
0.002348 -0.670807 0.010005
-0.507813 -0.671875 0.539063
255 255 255 255
1.050293 0.844727
0.403809 0.340332
1 0 0 0
1 0 0 0
0.003320 -0.670678 0.008790
0.117188 -0.992188 -0.007813
255 255 255 255
1.050293 0.846191
0.403809 0.342773
1 0 0 0
1 0 0 0
0.000561 -0.671045 0.004799
0.117188 -0.992188 -0.007813
255 255 255 255
1.02832 0.846191
0.395508 0.342773
1 0 0 0
1 0 0 0
-0.000720 -0.671215 0.005568
-0.398438 -0.898438 0.218750
255 255 255 255
1.02832 0.844727
0.395508 0.340332
1 0 0 0
1 0 0 0
0.019985 -0.668400 0.015785
0.125000 -0.992188 -0.007813
255 255 255 255
1.127441 0.846191
0.432129 0.342773
1 0 0 0
1 0 0 0
0.013686 -0.669272 0.016436
-0.132813 -0.625000 0.757813
255 255 255 255
1.101563 0.844727
0.422852 0.340332
1 0 0 0
1 0 0 0
0.008137 -0.670029 0.012599
0.125000 -0.992188 -0.007813
255 255 255 255
1.075684 0.846191
0.413086 0.342773
1 0 0 0
1 0 0 0
-0.000636 -0.671204 0.000000
0.117188 -0.992188 -0.007813
255 255 255 255
1.009277 0.846191
0.388672 0.342773
1 0 0 0
1 0 0 0
0.040695 -0.665432 0.005568
0.593750 -0.765625 0.210938
255 255 255 255
1.220215 0.844727
0.466797 0.340332
1 0 0 0
1 0 0 0
0.039414 -0.665620 0.004799
0.132813 -0.992188 -0.007813
255 255 255 255
1.220215 0.846191
0.466797 0.342773
1 0 0 0
1 0 0 0
0.036653 -0.666023 0.008790
0.132813 -0.992188 -0.007813
255 255 255 255
1.201172 0.846191
0.459961 0.342773
1 0 0 0
1 0 0 0
0.026284 -0.667513 0.016436
0.273438 -0.578125 0.750000
255 255 255 255
1.15332 0.844727
0.441895 0.340332
1 0 0 0
1 0 0 0
0.031834 -0.666720 0.012599
0.132813 -0.992188 -0.007813
255 255 255 255
1.179199 0.846191
0.45166 0.342773
1 0 0 0
1 0 0 0
0.032467 -0.666629 0.014083
0.367188 -0.796875 0.460938
255 255 255 255
1.179199 0.844727
0.45166 0.340332
1 0 0 0
1 0 0 0
0.040611 -0.665444 0.000000
0.132813 -0.992188 -0.007813
255 255 255 255
1.23877 0.846191
0.473633 0.342773
1 0 0 0
1 0 0 0
-0.000526 -0.660812 0.004799
-0.140625 0.968750 -0.007813
255 255 255 255
1.02832 0.833984
0.395508 0.323242
1 0 0 0
1 0 0 0
0.001262 -0.660581 0.010005
-0.507813 0.765625 0.359375
255 255 255 255
1.050293 0.835938
0.403809 0.325684
1 0 0 0
1 0 0 0
0.012603 -0.659094 0.016436
-0.257813 0.789063 0.515625
255 255 255 255
1.101563 0.835938
0.422852 0.325684
1 0 0 0
1 0 0 0
0.007053 -0.659828 0.012599
-0.140625 0.968750 -0.007813
255 255 255 255
1.075684 0.833984
0.413086 0.323242
1 0 0 0
1 0 0 0
0.018903 -0.658248 0.015785
-0.148438 0.968750 -0.007813
255 255 255 255
1.127441 0.833984
0.432129 0.323242
1 0 0 0
1 0 0 0
-0.003196 -0.661154 0.000000
-0.554688 0.820313 -0.007813
255 255 255 255
1.009277 0.835938
0.388672 0.325684
1 0 0 0
1 0 0 0
-0.001723 -0.660965 0.000000
-0.140625 0.968750 -0.007813
255 255 255 255
1.009277 0.833984
0.388672 0.323242
1 0 0 0
1 0 0 0
0.036548 -0.655804 0.010005
0.273438 0.859375 0.367188
255 255 255 255
1.201172 0.835938
0.459961 0.325684
1 0 0 0
1 0 0 0
0.035576 -0.655942 0.008790
-0.148438 0.968750 -0.007813
255 255 255 255
1.201172 0.833984
0.459961 0.323242
1 0 0 0
1 0 0 0
0.038338 -0.655550 0.004799
-0.148438 0.968750 -0.007813
255 255 255 255
1.220215 0.833984
0.466797 0.323242
1 0 0 0
1 0 0 0
0.039619 -0.655367 0.005568
0.625000 0.671875 0.320313
255 255 255 255
1.220215 0.835938
0.466797 0.325684
1 0 0 0
1 0 0 0
0.025204 -0.657388 0.016436
0.015625 0.828125 0.523438
255 255 255 255
1.15332 0.835938
0.441895 0.325684
1 0 0 0
1 0 0 0
0.030756 -0.656619 0.012599
-0.148438 0.968750 -0.007813
255 255 255 255
1.179199 0.833984
0.45166 0.323242
1 0 0 0
1 0 0 0
0.039535 -0.655379 0.000000
-0.148438 0.968750 -0.007813
255 255 255 255
1.23877 0.833984
0.473633 0.323242
1 0 0 0
1 0 0 0
-0.000720 -0.671215 -0.005567
-0.398438 -0.898438 -0.242188
255 255 255 255
1.02832 0.844727
0.395508 0.254883
1 0 0 0
1 0 0 0
0.000561 -0.671045 -0.004799
0.117188 -0.992188 -0.007813
255 255 255 255
1.02832 0.846191
0.395508 0.256836
1 0 0 0
1 0 0 0
0.003320 -0.670678 -0.008790
0.117188 -0.992188 -0.007813
255 255 255 255
1.050293 0.846191
0.403809 0.256836
1 0 0 0
1 0 0 0
0.013686 -0.669272 -0.016436
-0.132813 -0.625000 -0.781250
255 255 255 255
1.101563 0.844727
0.422852 0.254883
1 0 0 0
1 0 0 0
0.019985 -0.668400 -0.015785
0.125000 -0.992188 -0.007813
255 255 255 255
1.127441 0.846191
0.432129 0.256836
1 0 0 0
1 0 0 0
0.007505 -0.670115 -0.014083
-0.171875 -0.867188 -0.492188
255 255 255 255
1.075684 0.844727
0.413086 0.254883
1 0 0 0
1 0 0 0
0.008137 -0.670029 -0.012599
0.125000 -0.992188 -0.007813
255 255 255 255
1.075684 0.846191
0.413086 0.256836
1 0 0 0
1 0 0 0
-0.000636 -0.671204 0.000000
0.117188 -0.992188 -0.007813
255 255 255 255
1.009277 0.846191
0.388672 0.256836
1 0 0 0
1 0 0 0
0.040695 -0.665432 -0.005567
0.593750 -0.765625 -0.234375
255 255 255 255
1.220215 0.844727
0.466797 0.254883
1 0 0 0
1 0 0 0
0.036653 -0.666023 -0.008790
0.132813 -0.992188 -0.007813
255 255 255 255
1.201172 0.846191
0.459961 0.256836
1 0 0 0
1 0 0 0
0.039414 -0.665620 -0.004799
0.132813 -0.992188 -0.007813
255 255 255 255
1.220215 0.846191
0.466797 0.256836
1 0 0 0
1 0 0 0
0.026284 -0.667513 -0.016436
0.273438 -0.578125 -0.773438
255 255 255 255
1.15332 0.844727
0.441895 0.254883
1 0 0 0
1 0 0 0
0.031834 -0.666720 -0.012599
0.132813 -0.992188 -0.007813
255 255 255 255
1.179199 0.846191
0.45166 0.256836
1 0 0 0
1 0 0 0
0.032467 -0.666629 -0.014083
0.367188 -0.796875 -0.484375
255 255 255 255
1.179199 0.844727
0.45166 0.254883
1 0 0 0
1 0 0 0
0.040611 -0.665444 0.000000
0.132813 -0.992188 -0.007813
255 255 255 255
1.23877 0.846191
0.473633 0.256836
1 0 0 0
1 0 0 0
0.001262 -0.660581 -0.010005
-0.507813 0.765625 -0.382813
255 255 255 255
1.050293 0.835938
0.403809 0.240234
1 0 0 0
1 0 0 0
0.002234 -0.660456 -0.008790
-0.140625 0.968750 -0.007813
255 255 255 255
1.050293 0.833984
0.403809 0.237793
1 0 0 0
1 0 0 0
-0.000526 -0.660812 -0.004799
-0.140625 0.968750 -0.007813
255 255 255 255
1.02832 0.833984
0.395508 0.237793
1 0 0 0
1 0 0 0
0.012603 -0.659094 -0.016436
-0.257813 0.789063 -0.539063
255 255 255 255
1.101563 0.835938
0.422852 0.240234
1 0 0 0
1 0 0 0
0.018903 -0.658248 -0.015785
-0.148438 0.968750 -0.007813
255 255 255 255
1.127441 0.833984
0.432129 0.237793
1 0 0 0
1 0 0 0
0.007053 -0.659828 -0.012599
-0.140625 0.968750 -0.007813
255 255 255 255
1.075684 0.833984
0.413086 0.237793
1 0 0 0
1 0 0 0
-0.003196 -0.661154 0.000000
-0.554688 0.820313 -0.007813
255 255 255 255
1.009277 0.835938
0.388672 0.240234
1 0 0 0
1 0 0 0
-0.001723 -0.660965 0.000000
-0.140625 0.968750 -0.007813
255 255 255 255
1.009277 0.833984
0.388672 0.237793
1 0 0 0
1 0 0 0
0.036549 -0.655804 -0.010005
0.273438 0.859375 -0.390625
255 255 255 255
1.201172 0.835938
0.459961 0.240234
1 0 0 0
1 0 0 0
0.039619 -0.655367 -0.005567
0.625000 0.671875 -0.343750
255 255 255 255
1.220215 0.835938
0.466797 0.240234
1 0 0 0
1 0 0 0
0.038338 -0.655550 -0.004799
-0.148438 0.968750 -0.007813
255 255 255 255
1.220215 0.833984
0.466797 0.237793
1 0 0 0
1 0 0 0
0.035576 -0.655942 -0.008790
-0.148438 0.968750 -0.007813
255 255 255 255
1.201172 0.833984
0.459961 0.237793
1 0 0 0
1 0 0 0
0.025204 -0.657388 -0.016436
0.015625 0.828125 -0.546875
255 255 255 255
1.15332 0.835938
0.441895 0.240234
1 0 0 0
1 0 0 0
0.030756 -0.656619 -0.012599
-0.148438 0.968750 -0.007813
255 255 255 255
1.179199 0.833984
0.45166 0.237793
1 0 0 0
1 0 0 0
0.039535 -0.655379 0.000000
-0.148438 0.968750 -0.007813
255 255 255 255
1.23877 0.833984
0.473633 0.237793
1 0 0 0
1 0 0 0
0.010859 -0.738537 0.010005
-0.492188 -0.687500 0.539063
255 255 255 255
1.050293 0.844727
0.403809 0.277344
1 0 0 0
1 0 0 0
0.011828 -0.738380 0.008790
0.148438 -0.992188 -0.007813
255 255 255 255
1.050293 0.846191
0.403809 0.279297
1 0 0 0
1 0 0 0
0.009079 -0.738823 0.004799
0.148438 -0.992188 -0.007813
255 255 255 255
1.02832 0.846191
0.395508 0.279297
1 0 0 0
1 0 0 0
0.007803 -0.739027 0.005567
-0.375000 -0.906250 0.218750
255 255 255 255
1.02832 0.844727
0.395508 0.277344
1 0 0 0
1 0 0 0
0.028424 -0.735652 0.015785
0.148438 -0.992188 -0.007813
255 255 255 255
1.127441 0.846191
0.432129 0.279297
1 0 0 0
1 0 0 0
0.022152 -0.736694 0.016436
-0.117188 -0.632813 0.757813
255 255 255 255
1.101563 0.844727
0.422852 0.277344
1 0 0 0
1 0 0 0
0.016625 -0.737602 0.012599
0.148438 -0.992188 -0.007813
255 255 255 255
1.075684 0.846191
0.413086 0.279297
1 0 0 0
1 0 0 0
0.007887 -0.739014 0.000000
0.148438 -0.992188 -0.007813
255 255 255 255
1.009277 0.846191
0.388672 0.279297
1 0 0 0
1 0 0 0
0.049046 -0.732123 0.005568
0.609375 -0.750000 0.210938
255 255 255 255
1.220215 0.844727
0.466797 0.277344
1 0 0 0
1 0 0 0
0.047771 -0.732346 0.004799
0.156250 -0.992188 -0.007813
255 255 255 255
1.220215 0.846191
0.466797 0.279297
1 0 0 0
1 0 0 0
0.045021 -0.732824 0.008790
0.156250 -0.992188 -0.007813
255 255 255 255
1.201172 0.846191
0.459961 0.279297
1 0 0 0
1 0 0 0
0.034697 -0.734595 0.016436
0.289063 -0.570313 0.750000
255 255 255 255
1.15332 0.844727
0.441895 0.277344
1 0 0 0
1 0 0 0
0.040223 -0.733651 0.012599
0.156250 -0.992188 -0.007813
255 255 255 255
1.179199 0.846191
0.45166 0.279297
1 0 0 0
1 0 0 0
0.040853 -0.733543 0.014083
0.390625 -0.789063 0.460938
255 255 255 255
1.179199 0.844727
0.45166 0.277344
1 0 0 0
1 0 0 0
0.048962 -0.732138 0.000000
0.156250 -0.992188 -0.007813
255 255 255 255
1.23877 0.846191
0.473633 0.279297
1 0 0 0
1 0 0 0
0.007715 -0.728623 0.004799
-0.164063 0.968750 -0.007813
255 255 255 255
1.02832 0.833984
0.395508 0.259766
1 0 0 0
1 0 0 0
0.009496 -0.728344 0.010005
-0.531250 0.750000 0.359375
255 255 255 255
1.050293 0.835938
0.403809 0.262695
1 0 0 0
1 0 0 0
0.020793 -0.726549 0.016436
-0.281250 0.781250 0.515625
255 255 255 255
1.101563 0.835938
0.422852 0.262695
1 0 0 0
1 0 0 0
0.015264 -0.727433 0.012599
-0.164063 0.968750 -0.007813
255 255 255 255
1.075684 0.833984
0.413086 0.259766
1 0 0 0
1 0 0 0
0.027068 -0.725533 0.015785
-0.171875 0.968750 -0.007813
255 255 255 255
1.127441 0.833984
0.432129 0.259766
1 0 0 0
1 0 0 0
0.005056 -0.729037 0.000000
-0.570313 0.804688 -0.007813
255 255 255 255
1.009277 0.835938
0.388672 0.262695
1 0 0 0
1 0 0 0
0.006523 -0.728808 0.000000
-0.164063 0.968750 -0.007813
255 255 255 255
1.009277 0.833984
0.388672 0.259766
1 0 0 0
1 0 0 0
0.044640 -0.722611 0.010005
0.250000 0.867188 0.367188
255 255 255 255
1.201172 0.835938
0.459961 0.262695
1 0 0 0
1 0 0 0
0.043672 -0.722775 0.008790
-0.179688 0.968750 -0.007813
255 255 255 255
1.201172 0.833984
0.459961 0.259766
1 0 0 0
1 0 0 0
0.046422 -0.722309 0.004799
-0.179688 0.968750 -0.007813
255 255 255 255
1.220215 0.833984
0.466797 0.259766
1 0 0 0
1 0 0 0
0.047698 -0.722092 0.005568
0.609375 0.687500 0.320313
255 255 255 255
1.220215 0.835938
0.466797 0.262695
1 0 0 0
1 0 0 0
0.033343 -0.724502 0.016436
-0.007813 0.828125 0.523438
255 255 255 255
1.15332 0.835938
0.441895 0.262695
1 0 0 0
1 0 0 0
0.038872 -0.723583 0.012599
-0.171875 0.968750 -0.007813
255 255 255 255
1.179199 0.833984
0.45166 0.259766
1 0 0 0
1 0 0 0
0.047614 -0.722106 0.000000
-0.179688 0.968750 -0.007813
255 255 255 255
1.23877 0.833984
0.473633 0.259766
1 0 0 0
1 0 0 0
0.007803 -0.739027 -0.005567
-0.375000 -0.906250 -0.242188
255 255 255 255
1.02832 0.844727
0.077148 0.116699
1 0 0 0
1 0 0 0
0.009079 -0.738823 -0.004799
0.148438 -0.992188 -0.007813
255 255 255 255
1.02832 0.846191
0.077148 0.120117
1 0 0 0
1 0 0 0
0.011828 -0.738380 -0.008790
0.148438 -0.992188 -0.007813
255 255 255 255
1.050293 0.846191
0.085449 0.120117
1 0 0 0
1 0 0 0
0.022152 -0.736694 -0.016436
-0.117188 -0.632813 -0.781250
255 255 255 255
1.101563 0.844727
0.104492 0.116699
1 0 0 0
1 0 0 0
0.028424 -0.735652 -0.015785
0.148438 -0.992188 -0.007813
255 255 255 255
1.127441 0.846191
0.11377 0.120117
1 0 0 0
1 0 0 0
0.015995 -0.737704 -0.014083
-0.148438 -0.867188 -0.492188
255 255 255 255
1.075684 0.844727
0.094727 0.116699
1 0 0 0
1 0 0 0
0.016625 -0.737602 -0.012599
0.148438 -0.992188 -0.007813
255 255 255 255
1.075684 0.846191
0.094727 0.120117
1 0 0 0
1 0 0 0
0.007887 -0.739014 0.000000
0.148438 -0.992188 -0.007813
255 255 255 255
1.009277 0.846191
0.069824 0.120117
1 0 0 0
1 0 0 0
0.049046 -0.732123 -0.005567
0.609375 -0.750000 -0.234375
255 255 255 255
1.220215 0.844727
0.148438 0.116699
1 0 0 0
1 0 0 0
0.045021 -0.732824 -0.008790
0.156250 -0.992188 -0.007813
255 255 255 255
1.201172 0.846191
0.141113 0.120117
1 0 0 0
1 0 0 0
0.047771 -0.732346 -0.004799
0.156250 -0.992188 -0.007813
255 255 255 255
1.220215 0.846191
0.148438 0.120117
1 0 0 0
1 0 0 0
0.034697 -0.734594 -0.016436
0.289063 -0.570313 -0.773438
255 255 255 255
1.15332 0.844727
0.123535 0.116699
1 0 0 0
1 0 0 0
0.040223 -0.733651 -0.012599
0.156250 -0.992188 -0.007813
255 255 255 255
1.179199 0.846191
0.132813 0.120117
1 0 0 0
1 0 0 0
0.040853 -0.733543 -0.014083
0.390625 -0.789063 -0.484375
255 255 255 255
1.179199 0.844727
0.132813 0.116699
1 0 0 0
1 0 0 0
0.048962 -0.732138 0.000000
0.156250 -0.992188 -0.007813
255 255 255 255
1.23877 0.846191
0.155273 0.120117
1 0 0 0
1 0 0 0
0.009496 -0.728344 -0.010005
-0.531250 0.750000 -0.382813
255 255 255 255
1.050293 0.835938
0.085449 0.095703
1 0 0 0
1 0 0 0
0.010465 -0.728192 -0.008790
-0.164063 0.968750 -0.007813
255 255 255 255
1.050293 0.833984
0.085449 0.091797
1 0 0 0
1 0 0 0
0.007715 -0.728622 -0.004799
-0.164063 0.968750 -0.007813
255 255 255 255
1.02832 0.833984
0.077148 0.091797
1 0 0 0
1 0 0 0
0.020793 -0.726549 -0.016436
-0.281250 0.781250 -0.539063
255 255 255 255
1.101563 0.835938
0.104492 0.095703
1 0 0 0
1 0 0 0
0.027068 -0.725533 -0.015785
-0.171875 0.968750 -0.007813
255 255 255 255
1.127441 0.833984
0.11377 0.091797
1 0 0 0
1 0 0 0
0.015264 -0.727433 -0.012599
-0.164063 0.968750 -0.007813
255 255 255 255
1.075684 0.833984
0.094727 0.091797
1 0 0 0
1 0 0 0
0.005056 -0.729037 0.000000
-0.570313 0.804688 -0.007813
255 255 255 255
1.009277 0.835938
0.069824 0.095703
1 0 0 0
1 0 0 0
0.006523 -0.728808 0.000000
-0.164063 0.968750 -0.007813
255 255 255 255
1.009277 0.833984
0.069824 0.091797
1 0 0 0
1 0 0 0
0.044640 -0.722611 -0.010005
0.250000 0.867188 -0.390625
255 255 255 255
1.201172 0.835938
0.141113 0.095703
1 0 0 0
1 0 0 0
0.047698 -0.722092 -0.005567
0.609375 0.687500 -0.343750
255 255 255 255
1.220215 0.835938
0.148438 0.095703
1 0 0 0
1 0 0 0
0.046422 -0.722309 -0.004799
-0.179688 0.968750 -0.007813
255 255 255 255
1.220215 0.833984
0.148438 0.091797
1 0 0 0
1 0 0 0
0.043672 -0.722775 -0.008790
-0.179688 0.968750 -0.007813
255 255 255 255
1.201172 0.833984
0.141113 0.091797
1 0 0 0
1 0 0 0
0.033343 -0.724502 -0.016436
-0.007813 0.828125 -0.546875
255 255 255 255
1.15332 0.835938
0.123535 0.095703
1 0 0 0
1 0 0 0
0.038872 -0.723583 -0.012599
-0.171875 0.968750 -0.007813
255 255 255 255
1.179199 0.833984
0.132813 0.091797
1 0 0 0
1 0 0 0
0.047614 -0.722106 0.000000
-0.179688 0.968750 -0.007813
255 255 255 255
1.23877 0.833984
0.155273 0.091797
1 0 0 0
1 0 0 0
-0.018020 -0.100129 -0.000043
0.984375 -0.007813 -0.007813
255 255 255 255
0.625488 0.905762
0.408203 0.216309
1 0 0 0
1 0 0 0
-0.017922 -0.087992 -0.000043
0.984375 -0.007813 -0.007813
255 255 255 255
0.625488 0.894531
0.408203 0.199219
1 0 0 0
1 0 0 0
0.011714 -0.088203 -0.012050
0.531250 -0.015625 -0.843750
255 255 255 255
0.761231 0.917481
0.136231 0.25
1 0 0 0
1 0 0 0
0.005094 -0.100334 -0.015175
0.312500 -0.015625 -0.953125
255 255 255 255
0.727539 0.927246
0.126465 0.268555
1 0 0 0
1 0 0 0
0.016118 -0.100343 -0.006996
0.882813 -0.015625 -0.437500
255 255 255 255
0.786133 0.927246
0.143066 0.268555
1 0 0 0
1 0 0 0
-0.002555 -0.088153 -0.015974
-0.007813 -0.007813 -1.000000
255 255 255 255
0.687012 0.917481
0.114746 0.25
1 0 0 0
1 0 0 0
-0.010389 -0.100223 -0.015175
-0.335938 -0.007813 -0.953125
255 255 255 255
0.646973 0.927246
0.103516 0.268555
1 0 0 0
1 0 0 0
-0.016821 -0.088003 -0.012050
-0.554688 -0.007813 -0.843750
255 255 255 255
0.612793 0.917481
0.09375 0.25
1 0 0 0
1 0 0 0
-0.021408 -0.100072 -0.006996
-0.906250 -0.007813 -0.437500
255 255 255 255
0.589356 0.927246
0.086914 0.268555
1 0 0 0
1 0 0 0
0.011714 -0.088203 0.011923
0.531250 -0.015625 0.820313
255 255 255 255
0.385742 0.917481
0.029297 0.25
1 0 0 0
1 0 0 0
0.011621 -0.100347 0.011923
0.632813 -0.015625 0.742188
255 255 255 255
0.385742 0.927246
0.029297 0.268555
1 0 0 0
1 0 0 0
-0.002648 -0.100293 0.015847
-0.007813 -0.007813 0.984375
255 255 255 255
0.464844 0.927246
0.051758 0.268555
1 0 0 0
1 0 0 0
-0.002555 -0.088153 0.015847
-0.007813 -0.007813 0.984375
255 255 255 255
0.464844 0.917481
0.051758 0.25
1 0 0 0
1 0 0 0
-0.010389 -0.100223 0.015047
-0.335938 -0.007813 0.929688
255 255 255 255
0.502441 0.927246
0.0625 0.268555
1 0 0 0
1 0 0 0
-0.021316 -0.087935 0.006869
-0.835938 -0.007813 0.539063
255 255 255 255
0.551758 0.917481
0.07666 0.25
1 0 0 0
1 0 0 0
-0.021408 -0.100072 0.006869
-0.906250 -0.007813 0.414063
255 255 255 255
0.551758 0.927246
0.07666 0.268555
1 0 0 0
1 0 0 0
-0.010025 -0.303517 0.014488
-0.343750 -0.015625 0.921875
255 255 255 255
0.719238 0.229981
0.28125 0.678223
1 0 0 0
1 0 0 0
-0.020598 -0.303694 0.006340
-0.914063 -0.023438 0.398438
255 255 255 255
0.776856 0.229981
0.299316 0.678223
1 0 0 0
1 0 0 0
-0.021863 -0.336836 0.000000
-1.000000 -0.031250 -0.109375
255 255 255 255
0.806641 0.264648
0.308594 0.749023
1 0 0 0
1 0 0 0
-0.021863 -0.336836 0.000000
-1.000000 -0.031250 -0.109375
255 255 255 255
0.340332 0.264648
0.160645 0.749023
1 0 0 0
1 0 0 0
0.016760 -0.335884 0.000000
0.976563 0.007813 0.085938
255 255 255 255
0.572266 0.264648
0.234375 0.749023
1 0 0 0
1 0 0 0
-0.015991 -0.138758 0.011547
-0.671875 -0.007813 0.734375
255 255 255 255
0.748535 0.062012
0.443848 0.774902
1 0 0 0
1 0 0 0
0.014372 -0.154786 0.006340
0.890625 -0.023438 0.398438
255 255 255 255
0.601074 0.078613
0.395996 0.80957
1 0 0 0
1 0 0 0
-0.020757 -0.171677 0.006340
-0.914063 -0.007813 0.398438
255 255 255 255
0.776856 0.095215
0.453125 0.844727
1 0 0 0
1 0 0 0
-0.003500 -0.253853 -0.015393
-0.007813 -0.007813 -1.000000
255 255 255 255
0.456543 0.179199
0.197266 0.573731
1 0 0 0
1 0 0 0
-0.022821 -0.254120 0.000000
-1.000000 -0.015625 0.085938
255 255 255 255
0.340332 0.179199
0.160645 0.573731
1 0 0 0
1 0 0 0
0.003414 -0.253722 -0.014488
0.273438 -0.007813 -0.960938
255 255 255 255
0.486328 0.179199
0.207031 0.573731
1 0 0 0
1 0 0 0
0.009515 -0.253591 -0.011547
0.593750 -0.007813 -0.796875
255 255 255 255
0.515137 0.179199
0.216309 0.573731
1 0 0 0
1 0 0 0
-0.002780 -0.122211 -0.015393
-0.007813 -0.007813 -1.000000
255 255 255 255
0.456543 0.04541
0.349121 0.740234
1 0 0 0
1 0 0 0
0.003557 -0.187851 0.014488
0.320313 -0.015625 0.921875
255 255 255 255
0.65918 0.111816
0.415039 0.879883
1 0 0 0
1 0 0 0
0.004139 -0.122123 -0.014488
0.273438 -0.015625 -0.960938
255 255 255 255
0.486328 0.04541
0.358887 0.740234
1 0 0 0
1 0 0 0
0.010053 -0.138449 -0.011547
0.593750 -0.015625 -0.796875
255 255 255 255
0.515137 0.062012
0.368164 0.774902
1 0 0 0
1 0 0 0
0.044021 -0.723281 -0.009388
0.046875 -0.007813 -1.000000
255 255 255 255
0.257813 0.224121
0.345215 0.386231
1 0 0 0
1 0 0 0
0.047976 -0.760840 -0.008192
-0.757813 -0.101563 -0.664063
255 255 255 255
0.252441 0.257813
0.343262 0.473145
1 0 0 0
1 0 0 0
0.050609 -0.773362 -0.009398
0.101563 0.007813 -1.000000
255 255 255 255
0.257813 0.27002
0.345703 0.505859
1 0 0 0
1 0 0 0
0.051302 -0.786223 -0.008365
-0.679688 -0.117188 -0.734375
255 255 255 255
0.25293 0.282715
0.34375 0.538086
1 0 0 0
1 0 0 0
0.053301 -0.798855 -0.008195
-0.750000 -0.125000 -0.664063
255 255 255 255
0.25293 0.29541
0.34375 0.571289
0 0 0 0
1 0 0 0
0.056083 -0.811318 -0.009388
0.046875 0.000000 -1.000000
255 255 255 255
0.258301 0.307617
0.345703 0.603516
0 0 0 0
1 0 0 0
0.057027 -0.824134 -0.008167
-0.781250 -0.125000 -0.625000
255 255 255 255
0.25293 0.319824
0.34375 0.635254
0 0 0 0
1 0 0 0
0.060138 -0.845162 -0.008352
-0.734375 -0.117188 -0.679688
255 255 255 255
0.253418 0.33252
0.34375 0.668457
0 0 0 0
1 0 0 0
0.046845 -0.722258 -0.004576
0.914063 0.109375 -0.351563
255 255 255 255
0.275879 0.223633
0.353027 0.384766
1 0 0 0
1 0 0 0
0.057207 -0.798108 -0.004417
0.882813 0.117188 -0.421875
255 255 255 255
0.276856 0.29541
0.353027 0.571289
0 0 0 0
1 0 0 0
0.062038 -0.823134 0.000000
0.968750 0.140625 -0.007813
255 255 255 255
0.291016 0.319824
0.358887 0.635254
0 0 0 0
1 0 0 0
0.058294 -0.797901 0.000000
0.968750 0.132813 -0.007813
255 255 255 255
0.291016 0.29541
0.358887 0.571289
0 0 0 0
1 0 0 0
0.043092 -0.723430 0.008193
-0.789063 -0.109375 0.601563
255 255 255 255
0.329102 0.224121
0.374023 0.386231
1 0 0 0
1 0 0 0
0.047207 -0.747995 0.009388
-0.226563 -0.039063 0.953125
255 255 255 255
0.324219 0.245606
0.37207 0.442383
1 0 0 0
1 0 0 0
0.047976 -0.760840 0.008192
-0.757813 -0.101563 0.640625
255 255 255 255
0.329102 0.257813
0.374023 0.473145
1 0 0 0
1 0 0 0
0.051302 -0.786223 0.008365
-0.679688 -0.117188 0.710938
255 255 255 255
0.329102 0.282715
0.374023 0.538086
1 0 0 0
1 0 0 0
0.050609 -0.773362 0.009398
0.101563 0.007813 0.976563
255 255 255 255
0.323731 0.27002
0.37207 0.505859
1 0 0 0
1 0 0 0
0.056083 -0.811318 0.009388
0.046875 0.000000 0.976563
255 255 255 255
0.323731 0.307617
0.37207 0.603516
0 0 0 0
1 0 0 0
0.053301 -0.798855 0.008195
-0.750000 -0.125000 0.640625
255 255 255 255
0.328613 0.29541
0.374023 0.571289
0 0 0 0
1 0 0 0
0.057027 -0.824134 0.008167
-0.781250 -0.125000 0.601563
255 255 255 255
0.328613 0.319824
0.374023 0.635254
0 0 0 0
1 0 0 0
0.060138 -0.845162 0.008352
-0.734375 -0.117188 0.656250
255 255 255 255
0.328613 0.33252
0.374023 0.668457
0 0 0 0
1 0 0 0
0.046845 -0.722258 0.004576
0.914063 0.109375 0.328125
255 255 255 255
0.305664 0.223633
0.364746 0.384766
1 0 0 0
1 0 0 0
0.057207 -0.798108 0.004417
0.882813 0.117188 0.398438
255 255 255 255
0.305176 0.29541
0.364258 0.571289
0 0 0 0
1 0 0 0
0.019440 -0.791832 0.008790
0.148438 -0.992188 -0.007813
255 255 255 255
1.050293 0.846191
0.403809 0.320313
1 0 0 0
1 0 0 0
0.016691 -0.792274 0.004799
0.148438 -0.992188 -0.007813
255 255 255 255
1.02832 0.846191
0.395508 0.320313
1 0 0 0
1 0 0 0
0.015415 -0.792479 0.005568
-0.375000 -0.906250 0.218750
255 255 255 255
1.02832 0.844727
0.395508 0.318359
1 0 0 0
1 0 0 0
0.036036 -0.789103 0.015785
0.148438 -0.992188 -0.007813
255 255 255 255
1.127441 0.846191
0.432129 0.320313
1 0 0 0
1 0 0 0
0.029764 -0.790146 0.016436
-0.117188 -0.632813 0.757813
255 255 255 255
1.101563 0.844727
0.422852 0.318359
1 0 0 0
1 0 0 0
0.023608 -0.791156 0.014083
-0.148438 -0.867188 0.468750
255 255 255 255
1.075684 0.844727
0.413086 0.318359
1 0 0 0
1 0 0 0
0.024237 -0.791053 0.012599
0.148438 -0.992188 -0.007813
255 255 255 255
1.075684 0.846191
0.413086 0.320313
1 0 0 0
1 0 0 0
0.015499 -0.792465 0.000000
0.148438 -0.992188 -0.007813
255 255 255 255
1.009277 0.846191
0.388672 0.320313
1 0 0 0
1 0 0 0
0.056658 -0.785575 0.005567
0.609375 -0.750000 0.210938
255 255 255 255
1.220215 0.844727
0.466797 0.318359
1 0 0 0
1 0 0 0
0.055383 -0.785798 0.004799
0.156250 -0.992188 -0.007813
255 255 255 255
1.220215 0.846191
0.466797 0.320313
1 0 0 0
1 0 0 0
0.052634 -0.786275 0.008790
0.156250 -0.992188 -0.007813
255 255 255 255
1.201172 0.846191
0.459961 0.320313
1 0 0 0
1 0 0 0
0.042309 -0.788046 0.016436
0.289063 -0.570313 0.750000
255 255 255 255
1.15332 0.844727
0.441895 0.318359
1 0 0 0
1 0 0 0
0.047836 -0.787103 0.012599
0.156250 -0.992188 -0.007813
255 255 255 255
1.179199 0.846191
0.45166 0.320313
1 0 0 0
1 0 0 0
0.048465 -0.786995 0.014083
0.390625 -0.789063 0.460938
255 255 255 255
1.179199 0.844727
0.45166 0.318359
1 0 0 0
1 0 0 0
0.056574 -0.785590 0.000000
0.156250 -0.992188 -0.007813
255 255 255 255
1.23877 0.846191
0.473633 0.320313
1 0 0 0
1 0 0 0
0.015327 -0.782074 0.004799
-0.164063 0.968750 -0.007813
255 255 255 255
1.02832 0.833984
0.395508 0.300781
1 0 0 0
1 0 0 0
0.017108 -0.781795 0.010005
-0.531250 0.750000 0.359375
255 255 255 255
1.050293 0.835938
0.403809 0.303711
1 0 0 0
1 0 0 0
0.028405 -0.780001 0.016436
-0.281250 0.781250 0.515625
255 255 255 255
1.101563 0.835938
0.422852 0.303711
1 0 0 0
1 0 0 0
0.022876 -0.780885 0.012599
-0.164063 0.968750 -0.007813
255 255 255 255
1.075684 0.833984
0.413086 0.300781
1 0 0 0
1 0 0 0
0.034680 -0.778984 0.015785
-0.171875 0.968750 -0.007813
255 255 255 255
1.127441 0.833984
0.432129 0.300781
1 0 0 0
1 0 0 0
0.012668 -0.782488 0.000000
-0.570313 0.804688 -0.007813
255 255 255 255
1.009277 0.835938
0.388672 0.303711
1 0 0 0
1 0 0 0
0.014135 -0.782260 0.000000
-0.164063 0.968750 -0.007813
255 255 255 255
1.009277 0.833984
0.388672 0.300781
1 0 0 0
1 0 0 0
0.052252 -0.776063 0.010005
0.250000 0.867188 0.367188
255 255 255 255
1.201172 0.835938
0.459961 0.303711
1 0 0 0
1 0 0 0
0.051284 -0.776227 0.008790
-0.179688 0.968750 -0.007813
255 255 255 255
1.201172 0.833984
0.459961 0.300781
1 0 0 0
1 0 0 0
0.054034 -0.775760 0.004799
-0.179688 0.968750 -0.007813
255 255 255 255
1.220215 0.833984
0.466797 0.300781
1 0 0 0
1 0 0 0
0.055310 -0.775543 0.005567
0.609375 0.687500 0.320313
255 255 255 255
1.220215 0.835938
0.466797 0.303711
1 0 0 0
1 0 0 0
0.040955 -0.777954 0.016436
-0.007813 0.828125 0.523438
255 255 255 255
1.15332 0.835938
0.441895 0.303711
1 0 0 0
1 0 0 0
0.046484 -0.777034 0.012599
-0.171875 0.968750 -0.007813
255 255 255 255
1.179199 0.833984
0.45166 0.300781
1 0 0 0
1 0 0 0
0.055226 -0.775557 0.000000
-0.179688 0.968750 -0.007813
255 255 255 255
1.23877 0.833984
0.473633 0.300781
1 0 0 0
1 0 0 0
0.018472 -0.791988 -0.010005
-0.492188 -0.687500 -0.562500
255 255 255 255
0.050293 0.844727
0.361816 0.193848
1 0 0 0
1 0 0 0
0.015415 -0.792479 -0.005567
-0.375000 -0.906250 -0.242188
255 255 255 255
0.02832 0.844727
0.353516 0.193848
1 0 0 0
1 0 0 0
0.016691 -0.792274 -0.004799
0.148438 -0.992188 -0.007813
255 255 255 255
0.02832 0.846191
0.353516 0.196289
1 0 0 0
1 0 0 0
0.019440 -0.791832 -0.008790
0.148438 -0.992188 -0.007813
255 255 255 255
0.050293 0.846191
0.361816 0.196289
1 0 0 0
1 0 0 0
0.029764 -0.790146 -0.016436
-0.117188 -0.632813 -0.781250
255 255 255 255
0.101563 0.844727
0.380859 0.193848
1 0 0 0
1 0 0 0
0.036036 -0.789103 -0.015785
0.148438 -0.992188 -0.007813
255 255 255 255
0.127441 0.846191
0.390137 0.196289
1 0 0 0
1 0 0 0
0.024237 -0.791053 -0.012599
0.148438 -0.992188 -0.007813
255 255 255 255
0.075684 0.846191
0.371094 0.196289
1 0 0 0
1 0 0 0
0.015499 -0.792465 0.000000
0.148438 -0.992188 -0.007813
255 255 255 255
0.009277 0.846191
0.346191 0.196289
1 0 0 0
1 0 0 0
0.056658 -0.785575 -0.005567
0.609375 -0.750000 -0.234375
255 255 255 255
0.220215 0.844727
0.424805 0.193848
1 0 0 0
1 0 0 0
0.052634 -0.786275 -0.008790
0.156250 -0.992188 -0.007813
255 255 255 255
0.201172 0.846191
0.417481 0.196289
1 0 0 0
1 0 0 0
0.055383 -0.785798 -0.004799
0.156250 -0.992188 -0.007813
255 255 255 255
0.220215 0.846191
0.424805 0.196289
1 0 0 0
1 0 0 0
0.042309 -0.788046 -0.016436
0.289063 -0.570313 -0.773438
255 255 255 255
0.15332 0.844727
0.399902 0.193848
1 0 0 0
1 0 0 0
0.047836 -0.787103 -0.012599
0.156250 -0.992188 -0.007813
255 255 255 255
0.179199 0.846191
0.40918 0.196289
1 0 0 0
1 0 0 0
0.048465 -0.786995 -0.014083
0.390625 -0.789063 -0.484375
255 255 255 255
0.179199 0.844727
0.40918 0.193848
1 0 0 0
1 0 0 0
0.056574 -0.785590 0.000000
0.156250 -0.992188 -0.007813
255 255 255 255
0.23877 0.846191
0.431641 0.196289
1 0 0 0
1 0 0 0
0.017108 -0.781795 -0.010005
-0.531250 0.750000 -0.382813
255 255 255 255
0.050293 0.835938
0.361816 0.179199
1 0 0 0
1 0 0 0
0.018077 -0.781643 -0.008790
-0.164063 0.968750 -0.007813
255 255 255 255
0.050293 0.833984
0.361816 0.176758
1 0 0 0
1 0 0 0
0.015327 -0.782074 -0.004799
-0.164063 0.968750 -0.007813
255 255 255 255
0.02832 0.833984
0.353516 0.176758
1 0 0 0
1 0 0 0
0.028405 -0.780001 -0.016436
-0.281250 0.781250 -0.539063
255 255 255 255
0.101563 0.835938
0.380859 0.179199
1 0 0 0
1 0 0 0
0.034680 -0.778985 -0.015785
-0.171875 0.968750 -0.007813
255 255 255 255
0.127441 0.833984
0.390137 0.176758
1 0 0 0
1 0 0 0
0.022876 -0.780885 -0.012599
-0.164063 0.968750 -0.007813
255 255 255 255
0.075684 0.833984
0.371094 0.176758
1 0 0 0
1 0 0 0
0.012668 -0.782488 0.000000
-0.570313 0.804688 -0.007813
255 255 255 255
0.009277 0.835938
0.346191 0.179199
1 0 0 0
1 0 0 0
0.014135 -0.782260 0.000000
-0.164063 0.968750 -0.007813
255 255 255 255
0.009277 0.833984
0.346191 0.176758
1 0 0 0
1 0 0 0
0.052252 -0.776063 -0.010005
0.250000 0.867188 -0.390625
255 255 255 255
0.201172 0.835938
0.417481 0.179199
1 0 0 0
1 0 0 0
0.055310 -0.775543 -0.005567
0.609375 0.687500 -0.343750
255 255 255 255
0.220215 0.835938
0.424805 0.179199
1 0 0 0
1 0 0 0
0.054034 -0.775761 -0.004799
-0.179688 0.968750 -0.007813
255 255 255 255
0.220215 0.833984
0.424805 0.176758
1 0 0 0
1 0 0 0
0.051284 -0.776227 -0.008790
-0.179688 0.968750 -0.007813
255 255 255 255
0.201172 0.833984
0.417481 0.176758
1 0 0 0
1 0 0 0
0.040955 -0.777954 -0.016436
-0.007813 0.828125 -0.546875
255 255 255 255
0.15332 0.835938
0.399902 0.179199
1 0 0 0
1 0 0 0
0.046484 -0.777034 -0.012599
-0.171875 0.968750 -0.007813
255 255 255 255
0.179199 0.833984
0.40918 0.176758
1 0 0 0
1 0 0 0
0.055226 -0.775557 0.000000
-0.179688 0.968750 -0.007813
255 255 255 255
0.23877 0.833984
0.431641 0.176758
1 0 0 0
1 0 0 0
0.006506 -0.688892 0.009398
-0.125000 -0.023438 0.976563
255 255 255 255
0.259277 0.390625
0.313477 0.334473
1 0 0 0
1 0 0 0
0.009102 -0.701634 0.008365
0.664063 0.062500 0.710938
255 255 255 255
0.254395 0.40332
0.311523 0.364258
1 0 0 0
1 0 0 0
0.003828 -0.665415 0.009388
-0.070313 -0.015625 0.976563
255 255 255 255
0.258789 0.337891
0.313477 0.208496
1 0 0 0
1 0 0 0
0.004760 -0.665317 0.008193
0.765625 0.070313 0.601563
255 255 255 255
0.253906 0.337891
0.311523 0.208496
1 0 0 0
1 0 0 0
0.018849 -0.778846 0.008167
0.757813 0.093750 0.609375
255 255 255 255
0.254883 0.476074
0.311523 0.539063
1 0 0 0
1 0 0 0
0.024317 -0.817330 0.008192
0.757813 0.101563 0.601563
255 255 255 255
0.254883 0.514648
0.312012 0.630859
0 0 0 0
1 0 0 0
0.014458 -0.753285 0.009389
-0.125000 -0.031250 0.976563
255 255 255 255
0.259766 0.453125
0.313477 0.483887
1 0 0 0
1 0 0 0
0.010470 -0.714545 0.008195
0.734375 0.070313 0.640625
255 255 255 255
0.254395 0.416016
0.311523 0.394531
1 0 0 0
1 0 0 0
0.025380 -0.830820 0.009388
-0.335938 -0.062500 0.921875
255 255 255 255
0.259766 0.527344
0.313477 0.660645
0 0 0 0
1 0 0 0
0.013713 -0.740272 0.008167
0.757813 0.093750 0.601563
255 255 255 255
0.254395 0.44043
0.311523 0.453613
1 0 0 0
1 0 0 0
0.015537 -0.753109 0.008352
0.695313 0.085938 0.671875
255 255 255 255
0.254883 0.453125
0.311523 0.483887
1 0 0 0
1 0 0 0
0.028618 -0.845447 0.008192
0.757813 0.109375 0.601563
255 255 255 255
0.254883 0.529297
0.312012 0.666016
0 0 0 0
1 0 0 0
0.020415 -0.818044 0.004417
-0.914063 -0.148438 0.367188
255 255 255 255
0.27832 0.514648
0.320313 0.630859
0 0 0 0
1 0 0 0
0.011506 -0.753743 0.004366
-0.921875 -0.132813 0.375000
255 255 255 255
0.27832 0.453125
0.320313 0.483887
1 0 0 0
1 0 0 0
0.008686 -0.741033 0.000000
-0.992188 -0.140625 -0.007813
255 255 255 255
0.291992 0.44043
0.325684 0.453613
1 0 0 0
1 0 0 0
0.021320 -0.831586 0.000000
-0.992188 -0.164063 -0.007813
255 255 255 255
0.291992 0.527344
0.325684 0.660645
0 0 0 0
1 0 0 0
0.004761 -0.665317 -0.008193
0.765625 0.070313 -0.625000
255 255 255 255
0.330566 0.337891
0.339844 0.208496
1 0 0 0
1 0 0 0
0.009102 -0.701634 -0.008365
0.664063 0.062500 -0.734375
255 255 255 255
0.330078 0.40332
0.339844 0.364258
1 0 0 0
1 0 0 0
0.024317 -0.817330 -0.008192
0.757813 0.101563 -0.625000
255 255 255 255
0.32959 0.514648
0.339356 0.630859
0 0 0 0
1 0 0 0
0.018849 -0.778846 -0.008167
0.757813 0.093750 -0.632813
255 255 255 255
0.32959 0.476074
0.339356 0.539063
1 0 0 0
1 0 0 0
0.015537 -0.753109 -0.008352
0.710938 0.085938 -0.687500
255 255 255 255
0.32959 0.453125
0.339356 0.483887
1 0 0 0
1 0 0 0
0.016153 -0.766144 -0.009386
0.085938 0.000000 -1.000000
255 255 255 255
0.324707 0.464844
0.337402 0.512207
1 0 0 0
1 0 0 0
0.010470 -0.714545 -0.008195
0.734375 0.070313 -0.664063
255 255 255 255
0.330078 0.416016
0.339356 0.394531
1 0 0 0
1 0 0 0
0.013713 -0.740272 -0.008167
0.757813 0.093750 -0.625000
255 255 255 255
0.330078 0.44043
0.339356 0.453613
1 0 0 0
1 0 0 0
0.028618 -0.845447 -0.008192
0.757813 0.109375 -0.625000
255 255 255 255
0.32959 0.529297
0.339356 0.666016
0 0 0 0
1 0 0 0
0.011506 -0.753743 -0.004366
-0.921875 -0.132813 -0.398438
255 255 255 255
0.306152 0.453125
0.330566 0.483887
1 0 0 0
1 0 0 0
0.024719 -0.846188 -0.004417
-0.937500 -0.156250 -0.343750
255 255 255 255
0.306152 0.529297
0.330566 0.666016
0 0 0 0
1 0 0 0
-0.007858 -0.495017 0.011547
-0.617188 -0.054688 0.773438
255 255 255 255
0.748535 0.435547
0.140137 0.547363
1 0 0 0
1 0 0 0
-0.002637 -0.481758 0.014488
-0.296875 -0.031250 0.937500
255 255 255 255
0.719238 0.421387
0.131348 0.519043
1 0 0 0
1 0 0 0
-0.000874 -0.507507 0.014488
-0.296875 -0.031250 0.937500
255 255 255 255
0.719238 0.450195
0.131348 0.575684
1 0 0 0
1 0 0 0
-0.006011 -0.520819 0.011547
-0.617188 -0.054688 0.773438
255 255 255 255
0.748535 0.464356
0.140137 0.604004
1 0 0 0
1 0 0 0
0.008959 -0.545566 0.015393
-0.007813 -0.007813 0.984375
255 255 255 255
0.689453 0.493164
0.12207 0.661133
1 0 0 0
1 0 0 0
0.001051 -0.533259 0.014488
-0.296875 -0.031250 0.937500
255 255 255 255
0.719238 0.479004
0.131348 0.632813
1 0 0 0
1 0 0 0
0.003137 -0.559010 0.014488
-0.296875 -0.039063 0.937500
255 255 255 255
0.719238 0.507813
0.131348 0.69043
1 0 0 0
1 0 0 0
-0.001830 -0.572425 0.011547
-0.617188 -0.062500 0.773438
255 255 255 255
0.748535 0.522461
0.140137 0.719238
1 0 0 0
1 0 0 0
0.007795 -0.610499 0.014488
-0.296875 -0.039063 0.937500
255 255 255 255
0.719238 0.566406
0.131348 0.807129
1 0 0 0
1 0 0 0
0.002998 -0.624017 0.011547
-0.609375 -0.070313 0.773438
255 255 255 255
0.748535 0.581543
0.140137 0.836426
1 0 0 0
1 0 0 0
0.015932 -0.622611 0.015393
-0.007813 -0.007813 0.984375
255 255 255 255
0.689453 0.581543
0.12207 0.836426
1 0 0 0
1 0 0 0
0.010366 -0.636229 0.014488
-0.296875 -0.039063 0.937500
255 255 255 255
0.719238 0.596191
0.131348 0.866211
1 0 0 0
1 0 0 0
0.005654 -0.649799 0.011547
-0.609375 -0.078125 0.773438
255 255 255 255
0.748535 0.611328
0.140137 0.895508
1 0 0 0
1 0 0 0
0.011450 -0.701317 0.011547
-0.609375 -0.085938 0.773438
255 255 255 255
0.748535 0.671387
0.282715 0.108398
1 0 0 0
1 0 0 0
0.017890 -0.752748 0.011547
-0.609375 -0.093750 0.773438
255 255 255 255
0.748535 0.731934
0.282715 0.225586
1 0 0 0
1 0 0 0
0.021350 -0.778421 0.011547
-0.609375 -0.093750 0.773438
255 255 255 255
0.748535 0.762695
0.282715 0.28418
1 0 0 0
1 0 0 0
0.029168 -0.790194 0.014488
-0.289063 -0.054688 0.937500
255 255 255 255
0.719238 0.777832
0.273926 0.313965
1 0 0 0
1 0 0 0
0.034216 -0.776233 0.015393
-0.007813 -0.007813 0.984375
255 255 255 255
0.689453 0.762695
0.265137 0.28418
1 0 0 0
1 0 0 0
0.024970 -0.804060 0.011547
-0.609375 -0.101563 0.773438
255 255 255 255
0.748535 0.792969
0.282715 0.343262
0 0 0 0
1 0 0 0
0.032862 -0.815747 0.014488
-0.289063 -0.054688 0.937500
255 255 255 255
0.719238 0.808106
0.273926 0.372559
0 0 0 0
1 0 0 0
0.036715 -0.841259 0.014488
-0.289063 -0.054688 0.937500
255 255 255 255
0.719238 0.838867
0.273926 0.431641
0 0 0 0
1 0 0 0
0.032690 -0.855217 0.011547
-0.609375 -0.101563 0.773438
255 255 255 255
0.748535 0.854004
0.282715 0.460938
0 0 0 0
1 0 0 0
0.036568 -0.878533 0.011430
-0.593750 -0.164063 0.773438
255 255 255 255
0.748535 0.883301
0.282715 0.51709
0 0 0 0
1 0 0 0
0.043677 -0.883458 0.013661
-0.250000 -0.156250 0.937500
255 255 255 255
0.719238 0.89209
0.273926 0.535156
0 0 0 0
1 0 0 0
-0.004237 -0.456013 0.014488
-0.296875 -0.031250 0.937500
255 255 255 255
0.719238 0.393555
0.131348 0.462891
1 0 0 0
1 0 0 0
0.001924 -0.442798 0.015393
-0.007813 -0.007813 0.984375
255 255 255 255
0.689453 0.379395
0.12207 0.435547
1 0 0 0
1 0 0 0
-0.009543 -0.469221 0.011547
-0.617188 -0.046875 0.773438
255 255 255 255
0.748535 0.407715
0.140137 0.491211
1 0 0 0
1 0 0 0
-0.006951 -0.404551 0.014488
-0.296875 -0.023438 0.937500
255 255 255 255
0.719238 0.337891
0.28125 0.899902
1 0 0 0
1 0 0 0
0.001924 -0.442798 0.015393
-0.007813 -0.007813 0.984375
255 255 255 255
0.689453 0.379395
0.271484 0.985352
1 0 0 0
1 0 0 0
-0.012425 -0.417656 0.011547
-0.617188 -0.039063 0.773438
255 255 255 255
0.748535 0.351563
0.290039 0.928223
1 0 0 0
1 0 0 0
-0.013622 -0.391892 0.011547
-0.617188 -0.039063 0.773438
255 255 255 255
0.748535 0.324219
0.290039 0.871582
1 0 0 0
1 0 0 0
-0.002332 -0.089399 0.015393
0.031250 -0.015625 0.976563
255 255 255 255
0.689453 0.012207
0.424805 0.67041
1 0 0 0
1 0 0 0
-0.013184 -0.482374 0.006340
-0.882813 -0.070313 0.460938
255 255 255 255
0.776856 0.421387
0.148926 0.519043
1 0 0 0
1 0 0 0
-0.009485 -0.534049 0.006340
-0.882813 -0.078125 0.460938
255 255 255 255
0.776856 0.479004
0.148926 0.632813
1 0 0 0
1 0 0 0
-0.007392 -0.559892 0.006340
-0.882813 -0.085938 0.460938
255 255 255 255
0.776856 0.507813
0.148926 0.69043
1 0 0 0
1 0 0 0
-0.005136 -0.585733 0.006340
-0.882813 -0.093750 0.460938
255 255 255 255
0.776856 0.537109
0.148926 0.748535
1 0 0 0
1 0 0 0
-0.003269 -0.624675 0.000000
-1.000000 -0.109375 -0.007813
255 255 255 255
0.806641 0.581543
0.158203 0.836426
1 0 0 0
1 0 0 0
-0.000140 -0.637399 0.006340
-0.882813 -0.101563 0.460938
255 255 255 255
0.776856 0.596191
0.148926 0.866211
1 0 0 0
1 0 0 0
0.002215 -0.676346 0.000000
-1.000000 -0.125000 -0.007813
255 255 255 255
0.806641 0.641113
0.158203 0.955078
1 0 0 0
1 0 0 0
0.002601 -0.663217 0.006340
-0.882813 -0.109375 0.460938
255 255 255 255
0.776856 0.626465
0.148926 0.925293
1 0 0 0
1 0 0 0
0.008566 -0.714805 0.006340
-0.875000 -0.117188 0.460938
255 255 255 255
0.776856 0.686523
0.291016 0.137695
1 0 0 0
1 0 0 0
0.011789 -0.740567 0.006340
-0.875000 -0.125000 0.460938
255 255 255 255
0.776856 0.716797
0.291016 0.196289
1 0 0 0
1 0 0 0
0.015174 -0.766303 0.006340
-0.875000 -0.125000 0.460938
255 255 255 255
0.776856 0.747559
0.291016 0.254883
1 0 0 0
1 0 0 0
0.022424 -0.817677 0.006340
-0.875000 -0.140625 0.460938
255 255 255 255
0.776856 0.808106
0.291016 0.372559
0 0 0 0
1 0 0 0
0.026288 -0.843306 0.006340
-0.875000 -0.148438 0.460938
255 255 255 255
0.776856 0.838867
0.291016 0.431641
0 0 0 0
1 0 0 0
0.030577 -0.879802 0.000000
-0.968750 -0.257813 -0.007813
255 255 255 255
0.806641 0.883301
0.299805 0.51709
0 0 0 0
1 0 0 0
-0.014790 -0.456547 0.006340
-0.882813 -0.062500 0.460938
255 255 255 255
0.776856 0.393555
0.148926 0.462891
1 0 0 0
1 0 0 0
-0.016233 -0.430730 0.006340
-0.882813 -0.054688 0.460938
255 255 255 255
0.776856 0.365723
0.299316 0.956543
1 0 0 0
1 0 0 0
-0.018630 -0.379137 0.006340
-0.882813 -0.046875 0.460938
255 255 255 255
0.776856 0.310547
0.299316 0.84375
1 0 0 0
1 0 0 0
-0.019835 -0.089524 0.006340
-0.882813 0.000000 0.460938
255 255 255 255
0.776856 0.012207
0.453125 0.67041
1 0 0 0
1 0 0 0
0.050266 -0.882015 0.014359
0.015625 -0.132813 0.968750
255 255 255 255
0.689453 0.89209
0.265137 0.535156
0 0 0 0
1 0 0 0
0.008959 -0.545566 -0.015393
-0.007813 -0.007813 -1.000000
255 255 255 255
0.456543 0.493164
0.050293 0.661133
1 0 0 0
1 0 0 0
-0.000874 -0.507507 -0.014488
-0.296875 -0.031250 -0.960938
255 255 255 255
0.42627 0.450195
0.041016 0.575684
1 0 0 0
1 0 0 0
-0.006011 -0.520818 -0.011547
-0.617188 -0.054688 -0.796875
255 255 255 255
0.396973 0.464356
0.032227 0.604004
1 0 0 0
1 0 0 0
-0.002637 -0.481758 -0.014488
-0.296875 -0.031250 -0.960938
255 255 255 255
0.42627 0.421387
0.041016 0.519043
1 0 0 0
1 0 0 0
0.003137 -0.559010 -0.014488
-0.296875 -0.039063 -0.960938
255 255 255 255
0.42627 0.507813
0.041016 0.69043
1 0 0 0
1 0 0 0
-0.001830 -0.572425 -0.011547
-0.617188 -0.062500 -0.796875
255 255 255 255
0.396973 0.522461
0.032227 0.719238
1 0 0 0
1 0 0 0
0.005386 -0.584758 -0.014488
-0.296875 -0.039063 -0.960938
255 255 255 255
0.42627 0.537109
0.041016 0.748535
1 0 0 0
1 0 0 0
0.000503 -0.598225 -0.011547
-0.617188 -0.070313 -0.796875
255 255 255 255
0.396973 0.551758
0.032227 0.777344
1 0 0 0
1 0 0 0
0.015932 -0.622611 -0.015393
-0.007813 -0.007813 -1.000000
255 255 255 255
0.456543 0.581543
0.050293 0.836426
1 0 0 0
1 0 0 0
0.002998 -0.624017 -0.011547
-0.609375 -0.070313 -0.796875
255 255 255 255
0.396973 0.581543
0.032227 0.836426
1 0 0 0
1 0 0 0
0.010366 -0.636229 -0.014488
-0.296875 -0.039063 -0.960938
255 255 255 255
0.42627 0.596191
0.041016 0.866211
1 0 0 0
1 0 0 0
0.013099 -0.661946 -0.014488
-0.296875 -0.039063 -0.960938
255 255 255 255
0.42627 0.626465
0.041016 0.925293
1 0 0 0
1 0 0 0
0.008472 -0.675567 -0.011547
-0.609375 -0.078125 -0.796875
255 255 255 255
0.396973 0.641113
0.032227 0.955078
1 0 0 0
1 0 0 0
0.014590 -0.727045 -0.011547
-0.609375 -0.085938 -0.796875
255 255 255 255
0.396973 0.70166
0.177734 0.166992
1 0 0 0
1 0 0 0
0.017890 -0.752748 -0.011547
-0.609375 -0.093750 -0.796875
255 255 255 255
0.396973 0.731934
0.177734 0.225586
1 0 0 0
1 0 0 0
0.029168 -0.790194 -0.014488
-0.289063 -0.054688 -0.960938
255 255 255 255
0.42627 0.777832
0.186035 0.313965
1 0 0 0
1 0 0 0
0.034216 -0.776233 -0.015393
-0.007813 -0.007813 -1.000000
255 255 255 255
0.456543 0.762695
0.195313 0.28418
1 0 0 0
1 0 0 0
0.021350 -0.778421 -0.011547
-0.609375 -0.093750 -0.796875
255 255 255 255
0.396973 0.762695
0.177734 0.28418
1 0 0 0
1 0 0 0
0.032862 -0.815747 -0.014488
-0.289063 -0.054688 -0.960938
255 255 255 255
0.42627 0.808106
0.186035 0.372559
0 0 0 0
1 0 0 0
0.036715 -0.841259 -0.014488
-0.289063 -0.054688 -0.960938
255 255 255 255
0.42627 0.838867
0.186035 0.431641
0 0 0 0
1 0 0 0
0.028750 -0.829660 -0.011547
-0.609375 -0.101563 -0.796875
255 255 255 255
0.396973 0.823731
0.177734 0.401856
0 0 0 0
1 0 0 0
0.032690 -0.855217 -0.011547
-0.609375 -0.101563 -0.796875
255 255 255 255
0.396973 0.854004
0.177734 0.460938
0 0 0 0
1 0 0 0
-0.004237 -0.456013 -0.014488
-0.296875 -0.031250 -0.960938
255 255 255 255
0.42627 0.393555
0.041016 0.462891
1 0 0 0
1 0 0 0
-0.011066 -0.443433 -0.011547
-0.617188 -0.046875 -0.796875
255 255 255 255
0.396973 0.379395
0.032227 0.435547
1 0 0 0
1 0 0 0
0.001924 -0.442798 -0.015393
-0.007813 -0.007813 -1.000000
255 255 255 255
0.456543 0.379395
0.050293 0.435547
1 0 0 0
1 0 0 0
-0.009543 -0.469221 -0.011547
-0.617188 -0.046875 -0.796875
255 255 255 255
0.396973 0.407715
0.032227 0.491211
1 0 0 0
1 0 0 0
-0.006951 -0.404550 -0.014488
-0.296875 -0.023438 -0.960938
255 255 255 255
0.42627 0.337891
0.187988 0.899902
1 0 0 0
1 0 0 0
-0.012425 -0.417656 -0.011547
-0.617188 -0.039063 -0.796875
255 255 255 255
0.396973 0.351563
0.178711 0.928223
1 0 0 0
1 0 0 0
0.001924 -0.442798 -0.015393
-0.007813 -0.007813 -1.000000
255 255 255 255
0.456543 0.379395
0.197266 0.985352
1 0 0 0
1 0 0 0
-0.011066 -0.443433 -0.011547
-0.617188 -0.046875 -0.796875
255 255 255 255
0.396973 0.379395
0.178711 0.985352
1 0 0 0
1 0 0 0
-0.009251 -0.089463 -0.014488
-0.242188 -0.007813 -0.976563
255 255 255 255
0.42627 0.012207
0.339356 0.67041
1 0 0 0
1 0 0 0
-0.002332 -0.089399 -0.015393
0.031250 -0.015625 -1.000000
255 255 255 255
0.456543 0.012207
0.349121 0.67041
1 0 0 0
1 0 0 0
-0.013184 -0.482374 -0.006340
-0.882813 -0.070313 -0.484375
255 255 255 255
0.368164 0.421387
0.023438 0.519043
1 0 0 0
1 0 0 0
-0.009485 -0.534049 -0.006340
-0.882813 -0.078125 -0.484375
255 255 255 255
0.368164 0.479004
0.023438 0.632813
1 0 0 0
1 0 0 0
-0.007392 -0.559892 -0.006340
-0.882813 -0.085938 -0.484375
255 255 255 255
0.368164 0.507813
0.023438 0.69043
1 0 0 0
1 0 0 0
-0.005136 -0.585733 -0.006340
-0.882813 -0.093750 -0.484375
255 255 255 255
0.368164 0.537109
0.023438 0.748535
1 0 0 0
1 0 0 0
-0.003269 -0.624675 0.000000
-1.000000 -0.109375 -0.007813
255 255 255 255
0.340332 0.581543
0.014648 0.836426
1 0 0 0
1 0 0 0
-0.000140 -0.637399 -0.006340
-0.882813 -0.101563 -0.484375
255 255 255 255
0.368164 0.596191
0.023438 0.866211
1 0 0 0
1 0 0 0
0.002215 -0.676346 0.000000
-1.000000 -0.125000 -0.007813
255 255 255 255
0.340332 0.641113
0.014648 0.955078
1 0 0 0
1 0 0 0
0.002601 -0.663217 -0.006340
-0.882813 -0.109375 -0.484375
255 255 255 255
0.368164 0.626465
0.023438 0.925293
1 0 0 0
1 0 0 0
0.005503 -0.689021 -0.006340
-0.875000 -0.109375 -0.484375
255 255 255 255
0.368164 0.65625
0.168945 0.079102
1 0 0 0
1 0 0 0
0.005503 -0.689021 -0.006340
-0.875000 -0.109375 -0.484375
255 255 255 255
0.368164 0.65625
0.023438 0.985352
1 0 0 0
1 0 0 0
0.011789 -0.740568 -0.006340
-0.875000 -0.125000 -0.484375
255 255 255 255
0.368164 0.716797
0.168945 0.196289
1 0 0 0
1 0 0 0
0.018719 -0.792007 -0.006340
-0.875000 -0.132813 -0.484375
255 255 255 255
0.368164 0.777832
0.168945 0.313965
1 0 0 0
1 0 0 0
0.022424 -0.817677 -0.006340
-0.875000 -0.140625 -0.484375
255 255 255 255
0.368164 0.808106
0.168945 0.372559
0 0 0 0
1 0 0 0
0.026288 -0.843306 -0.006340
-0.875000 -0.148438 -0.484375
255 255 255 255
0.368164 0.838867
0.168945 0.431641
0 0 0 0
1 0 0 0
0.030577 -0.879802 0.000000
-0.968750 -0.257813 -0.007813
255 255 255 255
0.340332 0.883301
0.160645 0.51709
0 0 0 0
1 0 0 0
-0.014790 -0.456547 -0.006340
-0.882813 -0.062500 -0.484375
255 255 255 255
0.368164 0.393555
0.023438 0.462891
1 0 0 0
1 0 0 0
-0.016233 -0.430730 -0.006340
-0.882813 -0.054688 -0.484375
255 255 255 255
0.368164 0.365723
0.169434 0.956543
1 0 0 0
1 0 0 0
-0.018630 -0.379137 -0.006340
-0.882813 -0.046875 -0.484375
255 255 255 255
0.368164 0.310547
0.169434 0.84375
1 0 0 0
1 0 0 0
0.037997 -0.884691 -0.011081
-0.593750 -0.187500 -0.796875
255 255 255 255
0.396973 0.89209
0.177734 0.535156
0 0 0 0
1 0 0 0
0.050266 -0.882015 -0.014359
0.015625 -0.132813 -0.992188
255 255 255 255
0.456543 0.89209
0.195313 0.535156
0 0 0 0
1 0 0 0
0.012909 -0.506524 0.014488
0.273438 0.007813 0.937500
255 255 255 255
0.65918 0.450195
0.112793 0.575684
1 0 0 0
1 0 0 0
0.018094 -0.493274 0.011547
0.593750 0.031250 0.773438
255 255 255 255
0.629883 0.435547
0.104004 0.547363
1 0 0 0
1 0 0 0
0.019927 -0.518861 0.011547
0.593750 0.031250 0.773438
255 255 255 255
0.629883 0.464356
0.104004 0.604004
1 0 0 0
1 0 0 0
0.011154 -0.480887 0.014488
0.273438 0.007813 0.937500
255 255 255 255
0.65918 0.421387
0.112793 0.519043
1 0 0 0
1 0 0 0
0.014826 -0.532161 0.014488
0.273438 0.007813 0.937500
255 255 255 255
0.65918 0.479004
0.112793 0.632813
1 0 0 0
1 0 0 0
0.024075 -0.570022 0.011547
0.593750 0.039063 0.773438
255 255 255 255
0.629883 0.522461
0.104004 0.719238
1 0 0 0
1 0 0 0
0.019143 -0.583420 0.014488
0.273438 0.015625 0.937500
255 255 255 255
0.65918 0.537109
0.112793 0.748535
1 0 0 0
1 0 0 0
0.026390 -0.595589 0.011547
0.593750 0.046875 0.773438
255 255 255 255
0.629883 0.551758
0.104004 0.777344
1 0 0 0
1 0 0 0
0.021543 -0.609036 0.014488
0.273438 0.015625 0.937500
255 255 255 255
0.65918 0.566406
0.112793 0.807129
1 0 0 0
1 0 0 0
0.031502 -0.646680 0.011547
0.585938 0.054688 0.773438
255 255 255 255
0.629883 0.611328
0.104004 0.895508
1 0 0 0
1 0 0 0
0.034299 -0.672197 0.011547
0.585938 0.054688 0.773438
255 255 255 255
0.629883 0.641113
0.104004 0.955078
1 0 0 0
1 0 0 0
0.032748 -0.711329 0.014488
0.265625 0.023438 0.937500
255 255 255 255
0.65918 0.686523
0.255859 0.137695
1 0 0 0
1 0 0 0
0.037255 -0.697690 0.011547
0.585938 0.062500 0.773438
255 255 255 255
0.629883 0.671387
0.24707 0.108398
1 0 0 0
1 0 0 0
0.035949 -0.736841 0.014488
0.265625 0.023438 0.937500
255 255 255 255
0.65918 0.716797
0.255859 0.196289
1 0 0 0
1 0 0 0
0.043647 -0.748589 0.011547
0.585938 0.070313 0.773438
255 255 255 255
0.629883 0.731934
0.24707 0.225586
1 0 0 0
1 0 0 0
0.042830 -0.787764 0.014488
0.265625 0.031250 0.937500
255 255 255 255
0.65918 0.777832
0.255859 0.313965
1 0 0 0
1 0 0 0
0.047081 -0.773987 0.011547
0.585938 0.070313 0.773438
255 255 255 255
0.629883 0.762695
0.24707 0.28418
1 0 0 0
1 0 0 0
0.046510 -0.813167 0.014488
0.265625 0.031250 0.937500
255 255 255 255
0.65918 0.808106
0.255859 0.372559
0 0 0 0
1 0 0 0
0.050675 -0.799345 0.011547
0.585938 0.078125 0.773438
255 255 255 255
0.629883 0.792969
0.24707 0.343262
0 0 0 0
1 0 0 0
0.050348 -0.838524 0.014488
0.265625 0.031250 0.937500
255 255 255 255
0.65918 0.838867
0.255859 0.431641
0 0 0 0
1 0 0 0
0.058338 -0.849924 0.011547
0.585938 0.085938 0.773438
255 255 255 255
0.629883 0.854004
0.24707 0.460938
0 0 0 0
1 0 0 0
0.061921 -0.873025 0.011430
0.593750 0.031250 0.773438
255 255 255 255
0.629883 0.883301
0.24707 0.51709
0 0 0 0
1 0 0 0
0.009560 -0.455251 0.014488
0.273438 0.007813 0.937500
255 255 255 255
0.65918 0.393555
0.112793 0.462891
1 0 0 0
1 0 0 0
0.008128 -0.429619 0.014488
0.273438 0.000000 0.937500
255 255 255 255
0.65918 0.365723
0.262207 0.956543
1 0 0 0
1 0 0 0
0.016423 -0.467685 0.011547
0.593750 0.023438 0.773438
255 255 255 255
0.629883 0.407715
0.104004 0.491211
1 0 0 0
1 0 0 0
0.013565 -0.416515 0.011547
0.593750 0.015625 0.773438
255 255 255 255
0.629883 0.351563
0.252441 0.928223
1 0 0 0
1 0 0 0
0.005751 -0.378379 0.014488
0.273438 0.000000 0.937500
255 255 255 255
0.65918 0.310547
0.262207 0.84375
1 0 0 0
1 0 0 0
0.012378 -0.390938 0.011547
0.593750 0.015625 0.773438
255 255 255 255
0.629883 0.324219
0.252441 0.871582
1 0 0 0
1 0 0 0
0.010693 -0.089227 0.011547
0.648438 -0.023438 0.734375
255 255 255 255
0.629883 0.012207
0.405273 0.67041
1 0 0 0
1 0 0 0
0.021702 -0.480171 0.006340
0.859375 0.046875 0.460938
255 255 255 255
0.601074 0.421387
0.094727 0.519043
1 0 0 0
1 0 0 0
0.025362 -0.531273 0.006340
0.859375 0.054688 0.460938
255 255 255 255
0.601074 0.479004
0.094727 0.632813
1 0 0 0
1 0 0 0
0.027433 -0.556815 0.006340
0.859375 0.062500 0.460938
255 255 255 255
0.601074 0.507813
0.094727 0.69043
1 0 0 0
1 0 0 0
0.032662 -0.594912 0.000000
0.976563 0.078125 -0.007813
255 255 255 255
0.572266 0.551758
0.085938 0.777344
1 0 0 0
1 0 0 0
0.032057 -0.607869 0.006340
0.859375 0.070313 0.460938
255 255 255 255
0.601074 0.566406
0.094727 0.807129
1 0 0 0
1 0 0 0
0.034610 -0.633373 0.006340
0.859375 0.078125 0.460938
255 255 255 255
0.601074 0.596191
0.094727 0.866211
1 0 0 0
1 0 0 0
0.035134 -0.620409 0.000000
0.976563 0.085938 -0.007813
255 255 255 255
0.572266 0.581543
0.085938 0.836426
1 0 0 0
1 0 0 0
0.037323 -0.658858 0.006340
0.851563 0.085938 0.460938
255 255 255 255
0.601074 0.626465
0.094727 0.925293
1 0 0 0
1 0 0 0
0.043228 -0.709756 0.006340
0.851563 0.093750 0.460938
255 255 255 255
0.601074 0.686523
0.238281 0.137695
1 0 0 0
1 0 0 0
0.049771 -0.760530 0.006340
0.851563 0.101563 0.460938
255 255 255 255
0.601074 0.747559
0.238281 0.254883
1 0 0 0
1 0 0 0
0.053280 -0.785861 0.006340
0.851563 0.109375 0.460938
255 255 255 255
0.601074 0.777832
0.238281 0.313965
1 0 0 0
1 0 0 0
0.060775 -0.836389 0.006340
0.851563 0.125000 0.460938
255 255 255 255
0.601074 0.838867
0.238281 0.431641
0 0 0 0
1 0 0 0
0.060649 -0.823412 0.000000
0.968750 0.140625 -0.007813
255 255 255 255
0.572266 0.823731
0.229981 0.401856
0 0 0 0
1 0 0 0
0.066564 -0.861184 0.000000
0.968750 0.132813 -0.007813
255 255 255 255
0.572266 0.869141
0.229981 0.490234
0 0 0 0
1 0 0 0
0.020113 -0.454618 0.006340
0.859375 0.039063 0.460938
255 255 255 255
0.601074 0.393555
0.094727 0.462891
1 0 0 0
1 0 0 0
0.018686 -0.429066 0.006340
0.859375 0.031250 0.460938
255 255 255 255
0.601074 0.365723
0.243652 0.956543
1 0 0 0
1 0 0 0
0.021207 -0.441735 0.000000
0.976563 0.046875 -0.007813
255 255 255 255
0.572266 0.379395
0.085938 0.435547
1 0 0 0
1 0 0 0
0.021207 -0.441735 0.000000
0.976563 0.046875 -0.007813
255 255 255 255
0.572266 0.379395
0.234375 0.985352
1 0 0 0
1 0 0 0
0.016317 -0.377978 0.006340
0.859375 0.023438 0.460938
255 255 255 255
0.601074 0.310547
0.243652 0.84375
1 0 0 0
1 0 0 0
0.067878 -0.878084 0.000000
0.984375 -0.007813 -0.007813
255 255 255 255
0.572266 0.89209
0.229981 0.535156
0 0 0 0
1 0 0 0
0.011154 -0.480887 -0.014488
0.273438 0.007813 -0.960938
255 255 255 255
0.486328 0.421387
0.05957 0.519043
1 0 0 0
1 0 0 0
0.012909 -0.506524 -0.014488
0.273438 0.007813 -0.960938
255 255 255 255
0.486328 0.450195
0.05957 0.575684
1 0 0 0
1 0 0 0
0.019927 -0.518861 -0.011547
0.593750 0.031250 -0.796875
255 255 255 255
0.515137 0.464356
0.068359 0.604004
1 0 0 0
1 0 0 0
0.014826 -0.532161 -0.014488
0.273438 0.007813 -0.960938
255 255 255 255
0.486328 0.479004
0.05957 0.632813
1 0 0 0
1 0 0 0
0.016904 -0.557794 -0.014488
0.273438 0.015625 -0.960938
255 255 255 255
0.486328 0.507813
0.05957 0.69043
1 0 0 0
1 0 0 0
0.024075 -0.570022 -0.011547
0.593750 0.039063 -0.796875
255 255 255 255
0.515137 0.522461
0.068359 0.719238
1 0 0 0
1 0 0 0
0.026390 -0.595589 -0.011547
0.593750 0.046875 -0.796875
255 255 255 255
0.515137 0.551758
0.068359 0.777344
1 0 0 0
1 0 0 0
0.021543 -0.609036 -0.014488
0.273438 0.015625 -0.960938
255 255 255 255
0.486328 0.566406
0.05957 0.807129
1 0 0 0
1 0 0 0
0.031502 -0.646680 -0.011547
0.585938 0.054688 -0.796875
255 255 255 255
0.515137 0.611328
0.068359 0.895508
1 0 0 0
1 0 0 0
0.034299 -0.672197 -0.011547
0.585938 0.054688 -0.796875
255 255 255 255
0.515137 0.641113
0.068359 0.955078
1 0 0 0
1 0 0 0
0.037255 -0.697690 -0.011547
0.585938 0.062500 -0.796875
255 255 255 255
0.515137 0.671387
0.212891 0.108398
1 0 0 0
1 0 0 0
0.032748 -0.711329 -0.014488
0.265625 0.023438 -0.960938
255 255 255 255
0.486328 0.686523
0.204102 0.137695
1 0 0 0
1 0 0 0
0.035949 -0.736841 -0.014488
0.265625 0.023438 -0.960938
255 255 255 255
0.486328 0.716797
0.204102 0.196289
1 0 0 0
1 0 0 0
0.043647 -0.748589 -0.011547
0.585938 0.070313 -0.796875
255 255 255 255
0.515137 0.731934
0.212891 0.225586
1 0 0 0
1 0 0 0
0.047081 -0.773987 -0.011547
0.585938 0.070313 -0.796875
255 255 255 255
0.515137 0.762695
0.212891 0.28418
1 0 0 0
1 0 0 0
0.042830 -0.787764 -0.014488
0.265625 0.031250 -0.960938
255 255 255 255
0.486328 0.777832
0.204102 0.313965
1 0 0 0
1 0 0 0
0.050675 -0.799345 -0.011547
0.585938 0.078125 -0.796875
255 255 255 255
0.515137 0.792969
0.212891 0.343262
0 0 0 0
1 0 0 0
0.046510 -0.813167 -0.014488
0.265625 0.031250 -0.960938
255 255 255 255
0.486328 0.808106
0.204102 0.372559
0 0 0 0
1 0 0 0
0.050348 -0.838525 -0.014488
0.265625 0.031250 -0.960938
255 255 255 255
0.486328 0.838867
0.204102 0.431641
0 0 0 0
1 0 0 0
0.058338 -0.849924 -0.011547
0.585938 0.085938 -0.796875
255 255 255 255
0.515137 0.854004
0.212891 0.460938
0 0 0 0
1 0 0 0
0.061921 -0.873025 -0.011430
0.593750 0.031250 -0.796875
255 255 255 255
0.515137 0.883301
0.212891 0.51709
0 0 0 0
1 0 0 0
0.009560 -0.455251 -0.014488
0.273438 0.007813 -0.960938
255 255 255 255
0.486328 0.393555
0.05957 0.462891
1 0 0 0
1 0 0 0
0.014913 -0.442098 -0.011547
0.593750 0.023438 -0.796875
255 255 255 255
0.515137 0.379395
0.068359 0.435547
1 0 0 0
1 0 0 0
0.016423 -0.467685 -0.011547
0.593750 0.023438 -0.796875
255 255 255 255
0.515137 0.407715
0.068359 0.491211
1 0 0 0
1 0 0 0
0.006859 -0.403995 -0.014488
0.273438 0.000000 -0.960938
255 255 255 255
0.486328 0.337891
0.207031 0.899902
1 0 0 0
1 0 0 0
0.013565 -0.416515 -0.011547
0.593750 0.015625 -0.796875
255 255 255 255
0.515137 0.351563
0.216309 0.928223
1 0 0 0
1 0 0 0
0.014913 -0.442098 -0.011547
0.593750 0.023438 -0.796875
255 255 255 255
0.515137 0.379395
0.216309 0.985352
1 0 0 0
1 0 0 0
0.021702 -0.480171 -0.006340
0.859375 0.046875 -0.484375
255 255 255 255
0.543457 0.421387
0.077148 0.519043
1 0 0 0
1 0 0 0
0.025362 -0.531273 -0.006340
0.859375 0.054688 -0.484375
255 255 255 255
0.543457 0.479004
0.077148 0.632813
1 0 0 0
1 0 0 0
0.027433 -0.556815 -0.006340
0.859375 0.062500 -0.484375
255 255 255 255
0.543457 0.507813
0.077148 0.69043
1 0 0 0
1 0 0 0
0.029665 -0.582348 -0.006340
0.859375 0.070313 -0.484375
255 255 255 255
0.543457 0.537109
0.077148 0.748535
1 0 0 0
1 0 0 0
0.034610 -0.633373 -0.006340
0.859375 0.078125 -0.484375
255 255 255 255
0.543457 0.596191
0.077148 0.866211
1 0 0 0
1 0 0 0
0.037323 -0.658858 -0.006340
0.851563 0.085938 -0.484375
255 255 255 255
0.543457 0.626465
0.077148 0.925293
1 0 0 0
1 0 0 0
0.043228 -0.709756 -0.006340
0.851563 0.093750 -0.484375
255 255 255 255
0.543457 0.686523
0.221191 0.137695
1 0 0 0
1 0 0 0
0.046420 -0.735160 -0.006340
0.851563 0.101563 -0.484375
255 255 255 255
0.543457 0.716797
0.221191 0.196289
1 0 0 0
1 0 0 0
0.053280 -0.785861 -0.006340
0.851563 0.109375 -0.484375
255 255 255 255
0.543457 0.777832
0.221191 0.313965
1 0 0 0
1 0 0 0
0.060775 -0.836389 -0.006340
0.851563 0.125000 -0.484375
255 255 255 255
0.543457 0.838867
0.221191 0.431641
0 0 0 0
1 0 0 0
0.064760 -0.861578 -0.006340
0.851563 0.117188 -0.484375
255 255 255 255
0.543457 0.869141
0.221191 0.490234
0 0 0 0
1 0 0 0
0.020113 -0.454618 -0.006340
0.859375 0.039063 -0.484375
255 255 255 255
0.543457 0.393555
0.077148 0.462891
1 0 0 0
1 0 0 0
0.018686 -0.429066 -0.006340
0.859375 0.031250 -0.484375
255 255 255 255
0.543457 0.365723
0.225098 0.956543
1 0 0 0
1 0 0 0
0.016317 -0.377978 -0.006340
0.859375 0.023438 -0.484375
255 255 255 255
0.543457 0.310547
0.225098 0.84375
1 0 0 0
1 0 0 0
0.015171 -0.089152 -0.006340
0.890625 -0.023438 -0.421875
255 255 255 255
0.543457 0.012207
0.377441 0.67041
1 0 0 0
1 0 0 0
-0.002950 -0.100253 0.006557
-0.007813 0.984375 -0.007813
255 255 255 255
0.843262 0.969727
0.437988 0.216309
0 0 0 0
1 0 0 0
-0.000293 -0.652642 0.002976
0.914063 0.109375 -0.343750
255 255 255 255
0.060059 0.727051
0.370606 0.325684
0 0 0 0
1 0 0 0
-0.001978 -0.639348 0.003069
0.929688 0.125000 -0.289063
255 255 255 255
0.060547 0.714844
0.370606 0.303711
0 0 0 0
1 0 0 0
-0.001979 -0.639345 -0.003066
0.929688 0.125000 0.265625
255 255 255 255
0.038086 0.714844
0.361328 0.303711
0 0 0 0
1 0 0 0
-0.000293 -0.652642 -0.003133
0.921875 0.093750 0.312500
255 255 255 255
0.038086 0.727051
0.361328 0.325684
0 0 0 0
1 0 0 0
-0.002109 -0.654239 -0.000079
-0.945313 -0.140625 0.296875
255 255 255 255
1.156738 0.748535
0.129883 0.40625
0 0 0 0
1 0 0 0
-0.002868 -0.639422 0.003518
-0.953125 -0.148438 0.257813
255 255 255 255
1.174316 0.728516
0.134766 0.370606
0 0 0 0
1 0 0 0
-0.001206 -0.652720 0.003324
-0.945313 -0.125000 0.312500
255 255 255 255
1.173828 0.746582
0.134277 0.40332
0 0 0 0
1 0 0 0
-0.001206 -0.652720 -0.003481
-0.945313 -0.117188 -0.328125
255 255 255 255
1.140137 0.746582
0.125 0.40332
0 0 0 0
1 0 0 0
-0.002868 -0.639422 -0.003518
-0.953125 -0.148438 -0.281250
255 255 255 255
1.140137 0.728516
0.125 0.370606
0 0 0 0
1 0 0 0
-0.002109 -0.654239 -0.000079
-0.945313 -0.132813 -0.312500
255 255 255 255
1.156738 0.748535
0.129883 0.40625
0 0 0 0
1 0 0 0
0.030771 -0.884663 0.000000
-0.492188 -0.867188 0.125000
255 255 255 255
1.027344 0.695801
0.388184 0.646973
0 0 0 0
1 0 0 0
0.032369 -0.884375 0.007370
-0.625000 -0.789063 0.101563
255 255 255 255
1.055176 0.693359
0.397461 0.643555
0 0 0 0
1 0 0 0
0.033604 -0.885746 0.004556
-0.625000 -0.789063 0.101563
255 255 255 255
1.054688 0.697266
0.397461 0.648438
0 0 0 0
1 0 0 0
0.033026 -0.885937 0.000000
-0.625000 -0.789063 0.101563
255 255 255 255
1.041016 0.699707
0.393066 0.651367
0 0 0 0
1 0 0 0
0.070959 -0.876931 0.000000
0.781250 -0.585938 0.132813
255 255 255 255
1.261719 0.696777
0.465332 0.647461
0 0 0 0
1 0 0 0
0.068726 -0.879096 0.004956
0.859375 -0.476563 0.101563
255 255 255 255
1.23584 0.696777
0.457031 0.647949
0 0 0 0
1 0 0 0
0.037249 -0.885199 0.010995
-0.046875 -0.960938 0.289063
255 255 255 255
1.08252 0.694336
0.406738 0.644531
0 0 0 0
1 0 0 0
0.043671 -0.884679 0.013454
-0.046875 -0.960938 0.289063
255 255 255 255
1.111328 0.694824
0.416016 0.64502
0 0 0 0
1 0 0 0
0.051606 -0.885175 0.009987
0.070313 -0.953125 0.304688
255 255 255 255
1.145508 0.698731
0.427246 0.650391
0 0 0 0
1 0 0 0
0.043671 -0.884679 0.013454
0.070313 -0.953125 0.304688
255 255 255 255
1.111328 0.694824
0.416016 0.64502
0 0 0 0
1 0 0 0
0.043671 -0.884679 0.013454
0.062500 -0.953125 0.296875
255 255 255 255
1.111328 0.694824
0.416016 0.64502
0 0 0 0
1 0 0 0
0.051606 -0.885175 0.009987
0.062500 -0.953125 0.296875
255 255 255 255
1.145508 0.698731
0.427246 0.650391
0 0 0 0
1 0 0 0
0.033604 -0.885746 0.004556
-0.335938 -0.914063 0.250000
255 255 255 255
1.054688 0.697266
0.397461 0.648438
0 0 0 0
1 0 0 0
0.037249 -0.885199 0.010995
-0.335938 -0.914063 0.250000
255 255 255 255
1.08252 0.694336
0.406738 0.644531
0 0 0 0
1 0 0 0
0.058733 -0.883621 0.008673
0.242188 -0.921875 0.296875
255 255 255 255
1.180664 0.698731
0.438965 0.650391
0 0 0 0
1 0 0 0
0.051606 -0.885175 0.009987
0.242188 -0.921875 0.296875
255 255 255 255
1.145508 0.698731
0.427246 0.650391
0 0 0 0
1 0 0 0
0.051314 -0.883363 0.015574
0.257813 -0.906250 0.312500
255 255 255 255
1.145996 0.693848
0.427246 0.644043
0 0 0 0
1 0 0 0
0.058843 -0.881799 0.013620
0.257813 -0.906250 0.312500
255 255 255 255
1.180176 0.694336
0.438477 0.64502
0 0 0 0
1 0 0 0
0.058733 -0.883621 0.008673
0.257813 -0.906250 0.312500
255 255 255 255
1.180664 0.698731
0.438965 0.650391
0 0 0 0
1 0 0 0
0.065038 -0.881467 0.007247
0.351563 -0.882813 0.296875
255 255 255 255
1.212402 0.697754
0.449219 0.648926
0 0 0 0
1 0 0 0
0.058733 -0.883621 0.008673
0.351563 -0.882813 0.296875
255 255 255 255
1.180664 0.698731
0.438965 0.650391
0 0 0 0
1 0 0 0
0.058843 -0.881799 0.013620
0.351563 -0.882813 0.296875
255 255 255 255
1.180176 0.694336
0.438477 0.64502
0 0 0 0
1 0 0 0
0.058843 -0.881799 0.013620
0.375000 -0.867188 0.320313
255 255 255 255
1.180176 0.694336
0.438477 0.64502
0 0 0 0
1 0 0 0
0.065038 -0.881467 0.007247
0.375000 -0.867188 0.320313
255 255 255 255
1.212402 0.697754
0.449219 0.648926
0 0 0 0
1 0 0 0
0.068726 -0.879096 0.004956
0.617188 -0.726563 0.265625
255 255 255 255
1.23584 0.696777
0.457031 0.647949
0 0 0 0
1 0 0 0
0.065038 -0.881467 0.007247
0.617188 -0.726563 0.265625
255 255 255 255
1.212402 0.697754
0.449219 0.648926
0 0 0 0
1 0 0 0
0.044664 -0.886470 0.000000
0.062500 -1.000000 0.015625
255 255 255 255
1.102539 0.707031
0.413086 0.660645
0 0 0 0
1 0 0 0
0.051606 -0.885175 0.009987
0.132813 -0.992188 0.015625
255 255 255 255
1.145508 0.698731
0.427246 0.650391
0 0 0 0
1 0 0 0
0.044664 -0.886470 0.000000
0.132813 -0.992188 0.015625
255 255 255 255
1.102539 0.707031
0.413086 0.660645
0 0 0 0
1 0 0 0
0.044664 -0.886470 0.000000
0.132813 -0.992188 0.015625
255 255 255 255
1.102539 0.707031
0.413086 0.660645
0 0 0 0
1 0 0 0
0.051606 -0.885175 0.009987
0.132813 -0.992188 0.015625
255 255 255 255
1.145508 0.698731
0.427246 0.650391
0 0 0 0
1 0 0 0
0.033604 -0.885746 0.004556
-0.242188 -0.976563 0.054688
255 255 255 255
1.054688 0.697266
0.397461 0.648438
0 0 0 0
1 0 0 0
0.058733 -0.883621 0.008673
0.203125 -0.976563 0.015625
255 255 255 255
1.180664 0.698731
0.438965 0.650391
0 0 0 0
1 0 0 0
0.058618 -0.883888 0.000000
0.203125 -0.976563 0.015625
255 255 255 255
1.184082 0.70752
0.439941 0.661133
0 0 0 0
1 0 0 0
0.051666 -0.885443 0.000000
0.203125 -0.976563 0.015625
255 255 255 255
1.143066 0.708008
0.42627 0.662598
0 0 0 0
1 0 0 0
0.051606 -0.885175 0.009987
0.203125 -0.976563 0.015625
255 255 255 255
1.145508 0.698731
0.427246 0.650391
0 0 0 0
1 0 0 0
0.058733 -0.883621 0.008673
0.203125 -0.976563 0.015625
255 255 255 255
1.180664 0.698731
0.438965 0.650391
0 0 0 0
1 0 0 0
0.065038 -0.881467 0.007247
0.273438 -0.960938 0.054688
255 255 255 255
1.212402 0.697754
0.449219 0.648926
0 0 0 0
1 0 0 0
0.058618 -0.883888 0.000000
0.273438 -0.960938 0.054688
255 255 255 255
1.184082 0.70752
0.439941 0.661133
0 0 0 0
1 0 0 0
0.058618 -0.883888 0.000000
0.312500 -0.945313 0.015625
255 255 255 255
1.184082 0.70752
0.439941 0.661133
0 0 0 0
1 0 0 0
0.058733 -0.883621 0.008673
0.312500 -0.945313 0.015625
255 255 255 255
1.180664 0.698731
0.438965 0.650391
0 0 0 0
1 0 0 0
0.065038 -0.881467 0.007247
0.312500 -0.945313 0.015625
255 255 255 255
1.212402 0.697754
0.449219 0.648926
0 0 0 0
1 0 0 0
0.068726 -0.879096 0.004956
0.515625 -0.843750 0.070313
255 255 255 255
1.23584 0.696777
0.457031 0.647949
0 0 0 0
1 0 0 0
0.064890 -0.881995 0.000000
0.546875 -0.828125 0.039063
255 255 255 255
1.220703 0.70459
0.452148 0.657715
0 0 0 0
1 0 0 0
0.065038 -0.881467 0.007247
0.546875 -0.828125 0.039063
255 255 255 255
1.212402 0.697754
0.449219 0.648926
0 0 0 0
1 0 0 0
0.068726 -0.879096 0.004956
0.546875 -0.828125 0.039063
255 255 255 255
1.23584 0.696777
0.457031 0.647949
0 0 0 0
1 0 0 0
0.037249 -0.885199 0.010995
-0.148438 -0.781250 0.593750
255 255 255 255
1.08252 0.694336
0.406738 0.644531
0 0 0 0
1 0 0 0
0.043156 -0.882093 0.016256
-0.148438 -0.781250 0.593750
255 255 255 255
1.111328 0.691406
0.416016 0.641113
0 0 0 0
1 0 0 0
0.043156 -0.882093 0.016256
-0.195313 -0.742188 0.632813
255 255 255 255
1.111328 0.691406
0.416016 0.641113
0 0 0 0
1 0 0 0
0.043671 -0.884679 0.013454
-0.195313 -0.742188 0.632813
255 255 255 255
1.111328 0.694824
0.416016 0.64502
0 0 0 0
1 0 0 0
0.037249 -0.885199 0.010995
-0.195313 -0.742188 0.632813
255 255 255 255
1.08252 0.694336
0.406738 0.644531
0 0 0 0
1 0 0 0
0.043671 -0.884679 0.013454
-0.093750 -0.742188 0.648438
255 255 255 255
1.111328 0.694824
0.416016 0.64502
0 0 0 0
1 0 0 0
0.043156 -0.882093 0.016256
-0.093750 -0.742188 0.648438
255 255 255 255
1.111328 0.691406
0.416016 0.641113
0 0 0 0
1 0 0 0
0.050828 -0.880746 0.018672
-0.093750 -0.742188 0.648438
255 255 255 255
1.145996 0.690918
0.427246 0.640137
0 0 0 0
1 0 0 0
0.050828 -0.880746 0.018672
-0.054688 -0.773438 0.625000
255 255 255 255
1.145996 0.690918
0.427246 0.640137
0 0 0 0
1 0 0 0
0.043671 -0.884679 0.013454
-0.054688 -0.773438 0.625000
255 255 255 255
1.111328 0.694824
0.416016 0.64502
0 0 0 0
1 0 0 0
0.033604 -0.885746 0.004556
-0.242188 -0.914063 0.328125
255 255 255 255
1.054688 0.697266
0.397461 0.648438
0 0 0 0
1 0 0 0
0.036824 -0.883316 0.013295
-0.640625 -0.656250 0.398438
255 255 255 255
1.083496 0.691895
0.406738 0.641602
0 0 0 0
1 0 0 0
0.037249 -0.885199 0.010995
-0.640625 -0.656250 0.398438
255 255 255 255
1.08252 0.694336
0.406738 0.644531
0 0 0 0
1 0 0 0
0.033604 -0.885746 0.004556
-0.640625 -0.656250 0.398438
255 255 255 255
1.054688 0.697266
0.397461 0.648438
0 0 0 0
1 0 0 0
0.050828 -0.880746 0.018672
0.328125 -0.695313 0.617188
255 255 255 255
1.145996 0.690918
0.427246 0.640137
0 0 0 0
1 0 0 0
0.058395 -0.879168 0.016281
0.328125 -0.695313 0.617188
255 255 255 255
1.180176 0.691406
0.438965 0.641113
0 0 0 0
1 0 0 0
0.058395 -0.879168 0.016281
0.304688 -0.656250 0.679688
255 255 255 255
1.180176 0.691406
0.438965 0.641113
0 0 0 0
1 0 0 0
0.058843 -0.881799 0.013620
0.304688 -0.656250 0.679688
255 255 255 255
1.180176 0.694336
0.438477 0.64502
0 0 0 0
1 0 0 0
0.058843 -0.881799 0.013620
0.414063 -0.609375 0.656250
255 255 255 255
1.180176 0.694336
0.438477 0.64502
0 0 0 0
1 0 0 0
0.058395 -0.879168 0.016281
0.414063 -0.609375 0.656250
255 255 255 255
1.180176 0.691406
0.438965 0.641113
0 0 0 0
1 0 0 0
0.064762 -0.877902 0.013357
0.414063 -0.609375 0.656250
255 255 255 255
1.208496 0.691406
0.447754 0.640625
0 0 0 0
1 0 0 0
0.064762 -0.877902 0.013357
0.421875 -0.625000 0.632813
255 255 255 255
1.208496 0.691406
0.447754 0.640625
0 0 0 0
1 0 0 0
0.058843 -0.881799 0.013620
0.421875 -0.625000 0.632813
255 255 255 255
1.180176 0.694336
0.438477 0.64502
0 0 0 0
1 0 0 0
0.064762 -0.877902 0.013357
0.710938 -0.460938 0.492188
255 255 255 255
1.208496 0.691406
0.447754 0.640625
0 0 0 0
1 0 0 0
0.069437 -0.877156 0.007332
0.710938 -0.460938 0.492188
255 255 255 255
1.237305 0.692871
0.45752 0.642578
0 0 0 0
1 0 0 0
0.069437 -0.877156 0.007332
0.671875 -0.656250 0.312500
255 255 255 255
1.237305 0.692871
0.45752 0.642578
0 0 0 0
1 0 0 0
0.068726 -0.879096 0.004956
0.671875 -0.656250 0.312500
255 255 255 255
1.23584 0.696777
0.457031 0.647949
0 0 0 0
1 0 0 0
0.033026 -0.885937 0.000000
-0.625000 -0.789063 -0.125000
255 255 255 255
0.041016 0.699707
0.025879 0.413574
0 0 0 0
1 0 0 0
0.033604 -0.885746 -0.004556
-0.625000 -0.789063 -0.125000
255 255 255 255
0.054688 0.697266
0.030273 0.408203
1 0 0 0
1 0 0 0
0.032369 -0.884375 -0.007370
-0.625000 -0.789063 -0.125000
255 255 255 255
0.055176 0.693359
0.030762 0.400391
1 0 0 0
1 0 0 0
0.030771 -0.884663 0.000000
-0.492188 -0.867188 -0.148438
255 255 255 255
0.027344 0.695801
0.021484 0.405762
0 0 0 0
1 0 0 0
0.068726 -0.879096 -0.004956
0.859375 -0.476563 -0.125000
255 255 255 255
0.23584 0.696777
0.088379 0.407715
1 0 0 0
1 0 0 0
0.070959 -0.876931 0.000000
0.781250 -0.585938 -0.156250
255 255 255 255
0.261719 0.696777
0.09668 0.407227
0 0 0 0
1 0 0 0
0.043671 -0.884679 -0.013454
-0.046875 -0.960938 -0.312500
255 255 255 255
0.111328 0.694824
0.04834 0.40332
1 0 0 0
1 0 0 0
0.037249 -0.885199 -0.010995
-0.046875 -0.960938 -0.312500
255 255 255 255
0.08252 0.694336
0.039063 0.402344
1 0 0 0
1 0 0 0
0.051606 -0.885175 -0.009987
0.062500 -0.953125 -0.320313
255 255 255 255
0.145508 0.698731
0.05957 0.411621
1 0 0 0
1 0 0 0
0.043671 -0.884679 -0.013454
0.062500 -0.953125 -0.320313
255 255 255 255
0.111328 0.694824
0.04834 0.40332
1 0 0 0
1 0 0 0
0.043671 -0.884679 -0.013454
0.070313 -0.953125 -0.328125
255 255 255 255
0.111328 0.694824
0.04834 0.40332
1 0 0 0
1 0 0 0
0.051606 -0.885175 -0.009987
0.070313 -0.953125 -0.328125
255 255 255 255
0.145508 0.698731
0.05957 0.411621
1 0 0 0
1 0 0 0
0.033604 -0.885746 -0.004556
-0.335938 -0.914063 -0.273438
255 255 255 255
0.054688 0.697266
0.030273 0.408203
1 0 0 0
1 0 0 0
0.037249 -0.885199 -0.010995
-0.335938 -0.914063 -0.273438
255 255 255 255
0.08252 0.694336
0.039063 0.402344
1 0 0 0
1 0 0 0
0.058733 -0.883621 -0.008673
0.257813 -0.906250 -0.335938
255 255 255 255
0.180664 0.698731
0.070801 0.412109
1 0 0 0
1 0 0 0
0.058843 -0.881799 -0.013620
0.257813 -0.906250 -0.335938
255 255 255 255
0.180176 0.694336
0.070313 0.402832
1 0 0 0
1 0 0 0
0.051314 -0.883363 -0.015574
0.257813 -0.906250 -0.335938
255 255 255 255
0.145996 0.693848
0.05957 0.401367
1 0 0 0
1 0 0 0
0.051606 -0.885175 -0.009987
0.242188 -0.921875 -0.320313
255 255 255 255
0.145508 0.698731
0.05957 0.411621
1 0 0 0
1 0 0 0
0.058733 -0.883621 -0.008673
0.242188 -0.921875 -0.320313
255 255 255 255
0.180664 0.698731
0.070801 0.412109
1 0 0 0
1 0 0 0
0.065038 -0.881467 -0.007247
0.375000 -0.867188 -0.343750
255 255 255 255
0.212402 0.697754
0.080566 0.40918
1 0 0 0
1 0 0 0
0.058843 -0.881799 -0.013620
0.375000 -0.867188 -0.343750
255 255 255 255
0.180176 0.694336
0.070313 0.402832
1 0 0 0
1 0 0 0
0.058843 -0.881799 -0.013620
0.351563 -0.882813 -0.320313
255 255 255 255
0.180176 0.694336
0.070313 0.402832
1 0 0 0
1 0 0 0
0.058733 -0.883621 -0.008673
0.351563 -0.882813 -0.320313
255 255 255 255
0.180664 0.698731
0.070801 0.412109
1 0 0 0
1 0 0 0
0.065038 -0.881467 -0.007247
0.351563 -0.882813 -0.320313
255 255 255 255
0.212402 0.697754
0.080566 0.40918
1 0 0 0
1 0 0 0
0.065038 -0.881467 -0.007247
0.617188 -0.726563 -0.289063
255 255 255 255
0.212402 0.697754
0.080566 0.40918
1 0 0 0
1 0 0 0
0.068726 -0.879096 -0.004956
0.617188 -0.726563 -0.289063
255 255 255 255
0.23584 0.696777
0.088379 0.407715
1 0 0 0
1 0 0 0
0.044664 -0.886470 0.000000
0.062500 -1.000000 -0.039063
255 255 255 255
0.102539 0.707031
0.04541 0.428711
0 0 0 0
1 0 0 0
0.051606 -0.885175 -0.009987
0.132813 -0.992188 -0.039063
255 255 255 255
0.145508 0.698731
0.05957 0.411621
1 0 0 0
1 0 0 0
0.044664 -0.886470 0.000000
0.132813 -0.992188 -0.039063
255 255 255 255
0.102539 0.707031
0.04541 0.428711
0 0 0 0
1 0 0 0
0.044664 -0.886470 0.000000
0.132813 -0.992188 -0.039063
255 255 255 255
0.102539 0.707031
0.04541 0.428711
0 0 0 0
1 0 0 0
0.051606 -0.885175 -0.009987
0.132813 -0.992188 -0.039063
255 255 255 255
0.145508 0.698731
0.05957 0.411621
1 0 0 0
1 0 0 0
0.033604 -0.885746 -0.004556
-0.242188 -0.976563 -0.078125
255 255 255 255
0.054688 0.697266
0.030273 0.408203
1 0 0 0
1 0 0 0
0.058733 -0.883621 -0.008673
0.203125 -0.976563 -0.039063
255 255 255 255
0.180664 0.698731
0.070801 0.412109
1 0 0 0
1 0 0 0
0.051606 -0.885175 -0.009987
0.203125 -0.976563 -0.039063
255 255 255 255
0.145508 0.698731
0.05957 0.411621
1 0 0 0
1 0 0 0
0.051666 -0.885443 0.000000
0.203125 -0.976563 -0.039063
255 255 255 255
0.143066 0.708008
0.058594 0.431152
0 0 0 0
1 0 0 0
0.058618 -0.883888 0.000000
0.203125 -0.976563 -0.039063
255 255 255 255
0.184082 0.70752
0.071777 0.429199
0 0 0 0
1 0 0 0
0.058733 -0.883621 -0.008673
0.203125 -0.976563 -0.039063
255 255 255 255
0.180664 0.698731
0.070801 0.412109
1 0 0 0
1 0 0 0
0.065038 -0.881467 -0.007247
0.312500 -0.945313 -0.039063
255 255 255 255
0.212402 0.697754
0.080566 0.40918
1 0 0 0
1 0 0 0
0.058733 -0.883621 -0.008673
0.312500 -0.945313 -0.039063
255 255 255 255
0.180664 0.698731
0.070801 0.412109
1 0 0 0
1 0 0 0
0.058618 -0.883888 0.000000
0.312500 -0.945313 -0.039063
255 255 255 255
0.184082 0.70752
0.071777 0.429199
0 0 0 0
1 0 0 0
0.058618 -0.883888 0.000000
0.273438 -0.960938 -0.078125
255 255 255 255
0.184082 0.70752
0.071777 0.429199
0 0 0 0
1 0 0 0
0.065038 -0.881467 -0.007247
0.273438 -0.960938 -0.078125
255 255 255 255
0.212402 0.697754
0.080566 0.40918
1 0 0 0
1 0 0 0
0.068726 -0.879096 -0.004956
0.546875 -0.828125 -0.062500
255 255 255 255
0.23584 0.696777
0.088379 0.407715
1 0 0 0
1 0 0 0
0.065038 -0.881467 -0.007247
0.546875 -0.828125 -0.062500
255 255 255 255
0.212402 0.697754
0.080566 0.40918
1 0 0 0
1 0 0 0
0.064890 -0.881995 0.000000
0.546875 -0.828125 -0.062500
255 255 255 255
0.220703 0.70459
0.083496 0.42334
0 0 0 0
1 0 0 0
0.068726 -0.879096 -0.004956
0.515625 -0.843750 -0.093750
255 255 255 255
0.23584 0.696777
0.088379 0.407715
1 0 0 0
1 0 0 0
0.037249 -0.885199 -0.010995
-0.195313 -0.742188 -0.656250
255 255 255 255
0.08252 0.694336
0.039063 0.402344
1 0 0 0
1 0 0 0
0.043671 -0.884679 -0.013454
-0.195313 -0.742188 -0.656250
255 255 255 255
0.111328 0.694824
0.04834 0.40332
1 0 0 0
1 0 0 0
0.043156 -0.882093 -0.016256
-0.195313 -0.742188 -0.656250
255 255 255 255
0.111328 0.691406
0.04834 0.396973
1 0 0 0
1 0 0 0
0.043156 -0.882093 -0.016256
-0.148438 -0.781250 -0.617188
255 255 255 255
0.111328 0.691406
0.04834 0.396973
1 0 0 0
1 0 0 0
0.037249 -0.885199 -0.010995
-0.148438 -0.781250 -0.617188
255 255 255 255
0.08252 0.694336
0.039063 0.402344
1 0 0 0
1 0 0 0
0.043671 -0.884679 -0.013454
-0.054688 -0.773438 -0.648438
255 255 255 255
0.111328 0.694824
0.04834 0.40332
1 0 0 0
1 0 0 0
0.050828 -0.880746 -0.018672
-0.054688 -0.773438 -0.648438
255 255 255 255
0.145996 0.690918
0.05957 0.395508
1 0 0 0
1 0 0 0
0.050828 -0.880746 -0.018672
-0.093750 -0.742188 -0.671875
255 255 255 255
0.145996 0.690918
0.05957 0.395508
1 0 0 0
1 0 0 0
0.043156 -0.882093 -0.016256
-0.093750 -0.742188 -0.671875
255 255 255 255
0.111328 0.691406
0.04834 0.396973
1 0 0 0
1 0 0 0
0.043671 -0.884679 -0.013454
-0.093750 -0.742188 -0.671875
255 255 255 255
0.111328 0.694824
0.04834 0.40332
1 0 0 0
1 0 0 0
0.033604 -0.885746 -0.004556
-0.640625 -0.656250 -0.421875
255 255 255 255
0.054688 0.697266
0.030273 0.408203
1 0 0 0
1 0 0 0
0.037249 -0.885199 -0.010995
-0.640625 -0.656250 -0.421875
255 255 255 255
0.08252 0.694336
0.039063 0.402344
1 0 0 0
1 0 0 0
0.036824 -0.883316 -0.013295
-0.640625 -0.656250 -0.421875
255 255 255 255
0.083496 0.691895
0.039551 0.396973
1 0 0 0
1 0 0 0
0.033604 -0.885746 -0.004556
-0.242188 -0.914063 -0.351563
255 255 255 255
0.054688 0.697266
0.030273 0.408203
1 0 0 0
1 0 0 0
0.058843 -0.881799 -0.013620
0.304688 -0.656250 -0.703125
255 255 255 255
0.180176 0.694336
0.070313 0.402832
1 0 0 0
1 0 0 0
0.058395 -0.879168 -0.016281
0.304688 -0.656250 -0.703125
255 255 255 255
0.180176 0.691406
0.070313 0.396484
1 0 0 0
1 0 0 0
0.058395 -0.879168 -0.016281
0.328125 -0.695313 -0.640625
255 255 255 255
0.180176 0.691406
0.070313 0.396484
1 0 0 0
1 0 0 0
0.050828 -0.880746 -0.018672
0.328125 -0.695313 -0.640625
255 255 255 255
0.145996 0.690918
0.05957 0.395508
1 0 0 0
1 0 0 0
0.058843 -0.881799 -0.013620
0.421875 -0.625000 -0.656250
255 255 255 255
0.180176 0.694336
0.070313 0.402832
1 0 0 0
1 0 0 0
0.064762 -0.877902 -0.013357
0.421875 -0.625000 -0.656250
255 255 255 255
0.208496 0.691406
0.07959 0.395996
1 0 0 0
1 0 0 0
0.064762 -0.877902 -0.013357
0.414063 -0.609375 -0.679688
255 255 255 255
0.208496 0.691406
0.07959 0.395996
1 0 0 0
1 0 0 0
0.058395 -0.879168 -0.016281
0.414063 -0.609375 -0.679688
255 255 255 255
0.180176 0.691406
0.070313 0.396484
1 0 0 0
1 0 0 0
0.058843 -0.881799 -0.013620
0.414063 -0.609375 -0.679688
255 255 255 255
0.180176 0.694336
0.070313 0.402832
1 0 0 0
1 0 0 0
0.068726 -0.879096 -0.004956
0.671875 -0.656250 -0.335938
255 255 255 255
0.23584 0.696777
0.088379 0.407715
1 0 0 0
1 0 0 0
0.069437 -0.877156 -0.007332
0.671875 -0.656250 -0.335938
255 255 255 255
0.237305 0.692871
0.088379 0.399414
1 0 0 0
1 0 0 0
0.069437 -0.877156 -0.007332
0.710938 -0.460938 -0.515625
255 255 255 255
0.237305 0.692871
0.088379 0.399414
1 0 0 0
1 0 0 0
0.064762 -0.877902 -0.013357
0.710938 -0.460938 -0.515625
255 255 255 255
0.208496 0.691406
0.07959 0.395996
1 0 0 0
1 0 0 0
0.043708 -0.700210 0.003069
-0.960938 -0.085938 -0.289063
255 255 255 255
1.060547 0.714844
0.370606 0.240234
1 0 0 0
1 0 0 0
0.044960 -0.713551 0.002976
-0.945313 -0.101563 -0.343750
255 255 255 255
1.060059 0.727051
0.370606 0.262207
1 0 0 0
1 0 0 0
0.044960 -0.713551 -0.003133
-0.945313 -0.109375 0.312500
255 255 255 255
1.038086 0.727051
0.361328 0.262207
1 0 0 0
1 0 0 0
0.043709 -0.700206 -0.003066
-0.960938 -0.085938 0.265625
255 255 255 255
1.038086 0.714844
0.361328 0.240234
1 0 0 0
1 0 0 0
0.045868 -0.713428 0.003324
0.921875 0.078125 0.312500
255 255 255 255
0.173828 0.746582
0.474121 0.554688
1 0 0 0
1 0 0 0
0.044593 -0.700087 0.003518
0.937500 0.062500 0.257813
255 255 255 255
0.174316 0.728516
0.474121 0.534668
1 0 0 0
1 0 0 0
0.047081 -0.714714 -0.000078
0.929688 0.062500 0.296875
255 255 255 255
0.156738 0.748535
0.469238 0.556641
1 0 0 0
1 0 0 0
0.045868 -0.713428 -0.003481
0.921875 0.085938 -0.328125
255 255 255 255
0.140137 0.746582
0.464356 0.554688
1 0 0 0
1 0 0 0
0.044671 -0.707429 -0.005154
0.921875 0.093750 -0.328125
255 255 255 255
0.131348 0.738281
0.461914 0.54541
1 0 0 0
1 0 0 0
0.046541 -0.708450 0.000000
0.921875 0.093750 -0.328125
255 255 255 255
0.157227 0.739746
0.469238 0.546875
1 0 0 0
1 0 0 0
-0.003730 -0.629281 0.002832
0.132813 0.781250 0.570313
255 255 255 255
1.171875 0.714844
0.133789 0.345703
0 0 0 0
1 0 0 0
-0.002787 -0.629209 0.002507
0.062500 0.742188 0.632813
255 255 255 255
1.174805 0.713867
0.134766 0.34375
0 0 0 0
1 0 0 0
-0.002399 -0.629945 0.003458
0.140625 0.757813 0.593750
255 255 255 255
1.179688 0.714844
0.136231 0.346191
0 0 0 0
1 0 0 0
-0.002951 -0.630837 0.004555
0.265625 0.625000 0.695313
255 255 255 255
1.180176 0.716797
0.136231 0.349609
0 0 0 0
1 0 0 0
-0.001623 -0.631676 0.004671
0.335938 0.554688 0.726563
255 255 255 255
1.1875 0.717773
0.138184 0.351074
0 0 0 0
1 0 0 0
-0.002461 -0.631768 0.005209
0.406250 0.554688 0.687500
255 255 255 255
1.184082 0.718262
0.137207 0.352051
0 0 0 0
1 0 0 0
-0.000176 -0.635299 0.005980
0.515625 0.375000 0.734375
255 255 255 255
1.192871 0.723633
0.139648 0.361328
0 0 0 0
1 0 0 0
-0.000970 -0.635391 0.006581
0.507813 0.335938 0.757813
255 255 255 255
1.190918 0.723633
0.13916 0.361328
0 0 0 0
1 0 0 0
0.052361 -0.838797 0.013168
-0.257813 0.937500 -0.140625
255 255 255 255
1.194824 0.63916
0.443359 0.574707
0 0 0 0
1 0 0 0
0.053504 -0.838127 0.015860
-0.250000 0.945313 -0.140625
255 255 255 255
1.194336 0.643066
0.443359 0.579102
0 0 0 0
1 0 0 0
0.032676 -0.842221 0.015884
-0.148438 0.960938 -0.140625
255 255 255 255
1.094727 0.643066
0.410645 0.579102
0 0 0 0
1 0 0 0
0.033934 -0.842422 0.013168
-0.156250 0.960938 -0.140625
255 255 255 255
1.09668 0.63916
0.411133 0.574707
0 0 0 0
1 0 0 0
0.053504 -0.838127 -0.015860
-0.250000 0.945313 0.117188
255 255 255 255
0.194336 0.643066
0.074707 0.296387
1 0 0 0
1 0 0 0
0.052361 -0.838797 -0.013168
-0.257813 0.937500 0.117188
255 255 255 255
0.194824 0.63916
0.075195 0.289063
0 0 0 0
1 0 0 0
0.032676 -0.842221 -0.015884
-0.148438 0.960938 0.117188
255 255 255 255
0.094727 0.643066
0.042969 0.296387
1 0 0 0
1 0 0 0
0.033934 -0.842422 -0.013168
-0.156250 0.960938 0.117188
255 255 255 255
0.09668 0.63916
0.043945 0.289063
0 0 0 0
1 0 0 0
0.043226 -0.690003 0.002832
-0.320313 0.726563 0.570313
255 255 255 255
0.171875 0.714844
0.473633 0.519043
1 0 0 0
1 0 0 0
0.042071 -0.690940 0.003458
-0.328125 0.710938 0.593750
255 255 255 255
0.179688 0.714844
0.475586 0.519531
1 0 0 0
1 0 0 0
0.042289 -0.690138 0.002507
-0.250000 0.703125 0.632813
255 255 255 255
0.174805 0.713867
0.474609 0.518066
1 0 0 0
1 0 0 0
0.042804 -0.691691 0.004555
-0.421875 0.546875 0.695313
255 255 255 255
0.180176 0.716797
0.476074 0.521484
1 0 0 0
1 0 0 0
0.042528 -0.692706 0.005209
-0.539063 0.453125 0.687500
255 255 255 255
0.184082 0.718262
0.477051 0.522949
1 0 0 0
1 0 0 0
0.041691 -0.692799 0.004671
-0.476563 0.468750 0.726563
255 255 255 255
0.1875 0.717773
0.478027 0.522461
1 0 0 0
1 0 0 0
0.041863 -0.696567 0.006581
-0.593750 0.210938 0.757813
255 255 255 255
0.190918 0.723633
0.479004 0.528809
1 0 0 0
1 0 0 0
0.041068 -0.696650 0.005980
-0.609375 0.257813 0.734375
255 255 255 255
0.192871 0.723633
0.479492 0.528809
1 0 0 0
1 0 0 0
-0.002399 -0.629945 -0.003458
0.164063 0.726563 -0.648438
255 255 255 255
1.134766 0.714844
0.123535 0.345703
0 0 0 0
1 0 0 0
-0.002787 -0.629209 -0.002507
0.140625 0.765625 -0.609375
255 255 255 255
1.13916 0.713867
0.125 0.34375
0 0 0 0
1 0 0 0
-0.003730 -0.629282 -0.002832
0.070313 0.742188 -0.648438
255 255 255 255
1.142578 0.714844
0.125977 0.345703
0 0 0 0
1 0 0 0
-0.001623 -0.631676 -0.004671
0.414063 0.523438 -0.726563
255 255 255 255
1.127441 0.717773
0.121582 0.350586
0 0 0 0
1 0 0 0
-0.002951 -0.630837 -0.004555
0.195313 0.671875 -0.703125
255 255 255 255
1.134277 0.716797
0.123535 0.349609
0 0 0 0
1 0 0 0
-0.000982 -0.633061 -0.005245
0.492188 0.445313 -0.734375
255 255 255 255
1.123047 0.719727
0.120606 0.354492
0 0 0 0
1 0 0 0
-0.001768 -0.633158 -0.005855
0.460938 0.484375 -0.734375
255 255 255 255
1.126953 0.720215
0.121582 0.355469
0 0 0 0
1 0 0 0
0.035827 -0.849136 0.016595
0.164063 -0.968750 -0.218750
255 255 255 255
1.100098 0.648926
0.412109 0.586914
0 0 0 0
1 0 0 0
0.051218 -0.847032 0.017376
0.812500 0.445313 -0.320313
255 255 255 255
1.179688 0.650879
0.438477 0.589844
0 0 0 0
1 0 0 0
0.056167 -0.852320 0.015804
0.117188 0.937500 -0.273438
255 255 255 255
1.201172 0.661133
0.445801 0.602539
0 0 0 0
1 0 0 0
0.035827 -0.849136 -0.016595
0.164063 -0.968750 0.195313
255 255 255 255
0.100098 0.648926
0.044922 0.309082
1 0 0 0
1 0 0 0
0.051218 -0.847032 -0.017376
0.812500 0.445313 0.296875
255 255 255 255
0.179688 0.650879
0.070313 0.313477
1 0 0 0
1 0 0 0
0.056167 -0.852320 -0.015804
0.117188 0.937500 0.250000
255 255 255 255
0.201172 0.661133
0.077148 0.333984
1 0 0 0
1 0 0 0
0.012768 -0.559266 0.015678
0.976563 -0.093750 -0.031250
255 255 255 255
1.26416 0.824707
0.430176 0.409668
1 0 0 0
1 0 0 0
0.012768 -0.559266 0.016742
0.976563 -0.109375 -0.007813
255 255 255 255
1.263184 0.824707
0.429199 0.409668
1 0 0 0
1 0 0 0
0.008063 -0.559761 0.016742
-0.773438 -0.640625 -0.039063
255 255 255 255
1.253906 0.824707
0.421875 0.409668
1 0 0 0
1 0 0 0
0.008063 -0.559760 0.015678
-0.789063 -0.625000 -0.007813
255 255 255 255
1.252441 0.824707
0.420898 0.409668
1 0 0 0
1 0 0 0
0.016312 -0.560710 0.014729
-0.726563 0.671875 -0.007813
255 255 255 255
1.270996 0.825684
0.435547 0.412109
1 0 0 0
1 0 0 0
0.004928 -0.561910 0.015793
-0.140625 0.968750 -0.007813
255 255 255 255
1.246582 0.826172
0.416504 0.414063
1 0 0 0
1 0 0 0
0.004483 -0.563264 0.015793
-0.921875 -0.406250 -0.007813
255 255 255 255
1.245605 0.82666
0.416016 0.416016
1 0 0 0
1 0 0 0
0.012768 -0.559266 -0.015678
0.976563 -0.093750 0.007813
255 255 255 255
0.26416 0.824707
0.058594 0.192871
1 0 0 0
1 0 0 0
0.012768 -0.559266 -0.016742
0.976563 -0.109375 -0.007813
255 255 255 255
0.263184 0.824707
0.058105 0.192871
1 0 0 0
1 0 0 0
0.008063 -0.559760 -0.016742
-0.773438 -0.640625 0.015625
255 255 255 255
0.253906 0.824707
0.050781 0.192871
1 0 0 0
1 0 0 0
0.008063 -0.559761 -0.015678
-0.789063 -0.625000 -0.007813
255 255 255 255
0.252441 0.824707
0.049805 0.192871
1 0 0 0
1 0 0 0
0.016312 -0.560710 -0.014729
-0.726563 0.671875 -0.007813
255 255 255 255
0.270996 0.825684
0.063965 0.196777
1 0 0 0
1 0 0 0
0.004928 -0.561910 -0.015793
-0.140625 0.968750 -0.007813
255 255 255 255
0.246582 0.826172
0.044922 0.199219
1 0 0 0
1 0 0 0
0.004483 -0.563264 -0.015793
-0.921875 -0.406250 -0.007813
255 255 255 255
0.245606 0.82666
0.044434 0.202148
1 0 0 0
1 0 0 0
-0.017284 -0.157154 -0.015363
-0.843750 -0.429688 -0.359375
255 255 255 255
0.067871 0.805176
0.430664 0.380371
1 0 0 0
1 0 0 0
-0.017223 -0.151225 -0.015365
-0.835938 0.429688 -0.343750
255 255 255 255
0.067871 0.793945
0.430664 0.369629
1 0 0 0
1 0 0 0
0.011127 -0.157076 -0.015365
0.812500 -0.453125 -0.343750
255 255 255 255
0.271973 0.805176
0.473633 0.380371
1 0 0 0
1 0 0 0
0.011189 -0.151154 -0.015363
0.820313 0.406250 -0.359375
255 255 255 255
0.271973 0.793945
0.473633 0.369629
1 0 0 0
1 0 0 0
0.043226 -0.690003 -0.002832
-0.250000 0.710938 -0.648438
255 255 255 255
0.142578 0.714844
0.465332 0.519043
1 0 0 0
1 0 0 0
0.042289 -0.690138 -0.002507
-0.328125 0.710938 -0.609375
255 255 255 255
0.13916 0.713867
0.464356 0.518066
1 0 0 0
1 0 0 0
0.042071 -0.690940 -0.003458
-0.343750 0.671875 -0.648438
255 255 255 255
0.134766 0.714844
0.462891 0.519531
1 0 0 0
1 0 0 0
0.042804 -0.691691 -0.004555
-0.367188 0.609375 -0.703125
255 255 255 255
0.134277 0.716797
0.462891 0.521484
1 0 0 0
1 0 0 0
0.041691 -0.692799 -0.004671
-0.546875 0.421875 -0.726563
255 255 255 255
0.127441 0.717773
0.460938 0.522461
1 0 0 0
1 0 0 0
0.042155 -0.694214 -0.005855
-0.578125 0.367188 -0.734375
255 255 255 255
0.126953 0.720215
0.460449 0.525391
1 0 0 0
1 0 0 0
0.041367 -0.694291 -0.005245
-0.601563 0.320313 -0.734375
255 255 255 255
0.123047 0.719727
0.459473 0.524902
1 0 0 0
1 0 0 0
0.009471 -0.100344 0.005376
-0.007813 -1.000000 -0.007813
255 255 255 255
0.385742 0.936523
0.029297 0.285156
1 0 0 0
1 0 0 0
-0.002759 -0.100253 0.004600
-0.007813 -1.000000 -0.007813
255 255 255 255
0.461426 0.936523
0.050781 0.285156
0 0 0 0
1 0 0 0
-0.016607 -0.100173 0.002583
-0.007813 -1.000000 -0.007813
255 255 255 255
0.52832 0.936523
0.069824 0.285156
1 0 0 0
1 0 0 0
-0.017371 -0.100144 -0.002324
-0.007813 -1.000000 -0.007813
255 255 255 255
0.589356 0.936523
0.086914 0.285156
1 0 0 0
1 0 0 0
-0.008371 -0.100211 -0.003921
-0.007813 -1.000000 -0.007813
255 255 255 255
0.646973 0.936523
0.103516 0.285156
0 0 0 0
1 0 0 0
0.002603 -0.100293 -0.004914
-0.007813 -1.000000 -0.007813
255 255 255 255
0.717285 0.936523
0.123535 0.285156
0 0 0 0
1 0 0 0
0.009471 -0.100344 -0.005473
-0.007813 -1.000000 -0.007813
255 255 255 255
0.761231 0.936523
0.136231 0.285156
1 0 0 0
1 0 0 0
0.010262 -0.088202 0.004571
-0.007813 0.984375 -0.007813
255 255 255 255
0.670898 0.948242
0.021973 0.231445
1 0 0 0
1 0 0 0
0.002701 -0.088151 -0.004917
-0.007813 0.984375 -0.007813
255 255 255 255
0.742676 0.955078
0.123535 0.230957
1 0 0 0
1 0 0 0
-0.008273 -0.088072 -0.003924
-0.007813 0.984375 -0.007813
255 255 255 255
0.734863 0.977051
0.103516 0.231445
0 0 0 0
1 0 0 0
-0.016646 -0.088038 -0.002714
-0.007813 0.984375 -0.007813
255 255 255 255
0.725586 0.990234
0.095215 0.231445
1 0 0 0
1 0 0 0
-0.016509 -0.088034 0.002585
-0.007813 0.984375 -0.007813
255 255 255 255
0.694336 0.989746
0.069824 0.231445
1 0 0 0
1 0 0 0
-0.002661 -0.088113 0.004604
-0.007813 0.984375 -0.007813
255 255 255 255
0.673828 0.967285
0.050781 0.231445
0 0 0 0
1 0 0 0
0.003376 -0.088152 0.005178
-0.007813 0.984375 -0.007813
255 255 255 255
0.668945 0.955566
0.041016 0.231445
1 0 0 0
1 0 0 0
0.007595 -0.650276 -0.013904
0.781250 -0.140625 -0.593750
255 255 255 255
1.078613 0.745606
0.10791 0.401367
0 0 0 0
1 0 0 0
0.007544 -0.647440 0.014084
0.789063 0.070313 0.570313
255 255 255 255
1.236816 0.742188
0.152344 0.39502
0 0 0 0
1 0 0 0
0.023468 -0.856113 0.000000
-0.960938 -0.187500 0.226563
255 255 255 255
1.007324 0.657227
0.381836 0.597656
0 0 0 0
1 0 0 0
0.025314 -0.855754 0.007554
-0.890625 -0.179688 0.421875
255 255 255 255
1.038574 0.657715
0.39209 0.597656
0 0 0 0
1 0 0 0
0.027746 -0.868230 0.007706
-0.875000 -0.187500 0.445313
255 255 255 255
1.039551 0.673828
0.392578 0.618164
0 0 0 0
1 0 0 0
0.055647 -0.845236 0.015114
0.031250 -0.992188 -0.156250
255 255 255 255
1.200195 0.648926
0.445313 0.586914
0 0 0 0
1 0 0 0
0.052001 -0.853081 0.014152
-0.960938 0.234375 0.132813
255 255 255 255
1.179688 0.658691
0.438477 0.599609
0 0 0 0
1 0 0 0
0.053002 -0.870072 0.018199
-0.445313 0.875000 0.062500
255 255 255 255
1.165527 0.682129
0.434082 0.629395
0 0 0 0
1 0 0 0
0.035827 -0.849136 0.016595
-0.406250 -0.234375 0.875000
255 255 255 255
1.100098 0.648926
0.412109 0.586914
0 0 0 0
1 0 0 0
0.032541 -0.845911 0.016044
-0.429688 -0.062500 0.882813
255 255 255 255
1.088867 0.645996
0.408691 0.583008
0 0 0 0
1 0 0 0
0.032676 -0.842221 0.015884
-0.421875 0.039063 0.890625
255 255 255 255
1.094727 0.643066
0.410645 0.579102
0 0 0 0
1 0 0 0
0.031249 -0.853376 0.013859
-0.578125 -0.109375 0.796875
255 255 255 255
1.072754 0.65625
0.40332 0.596191
0 0 0 0
1 0 0 0
0.034695 -0.856595 0.015432
-0.437500 0.031250 0.882813
255 255 255 255
1.088867 0.660645
0.408691 0.601563
0 0 0 0
1 0 0 0
0.034229 -0.860440 0.015606
-0.390625 0.031250 0.906250
255 255 255 255
1.083496 0.665527
0.406738 0.608398
0 0 0 0
1 0 0 0
0.039780 -0.865567 0.017141
-0.179688 -0.054688 0.968750
255 255 255 255
1.100586 0.672852
0.412598 0.617676
0 0 0 0
1 0 0 0
0.038437 -0.871708 0.016520
-0.304688 -0.109375 0.929688
255 255 255 255
1.095215 0.679688
0.410645 0.625977
0 0 0 0
1 0 0 0
0.043457 -0.843430 0.016624
0.585938 0.101563 0.773438
255 255 255 255
1.143066 0.645996
0.42627 0.583496
0 0 0 0
1 0 0 0
0.045857 -0.878939 0.018317
-0.296875 -0.210938 0.914063
255 255 255 255
1.125488 0.689453
0.42041 0.638184
0 0 0 0
1 0 0 0
0.024924 -0.863825 0.000000
-0.960938 -0.195313 0.226563
255 255 255 255
1.005859 0.666992
0.381348 0.610352
0 0 0 0
1 0 0 0
0.023468 -0.856113 0.000000
-0.960938 -0.187500 -0.250000
255 255 255 255
0.007324 0.657227
0.015137 0.326172
0 0 0 0
1 0 0 0
0.025314 -0.855754 -0.007554
-0.890625 -0.179688 -0.445313
255 255 255 255
0.038574 0.657715
0.025391 0.32666
1 0 0 0
1 0 0 0
0.027746 -0.868230 -0.007706
-0.875000 -0.187500 -0.468750
255 255 255 255
0.039551 0.673828
0.025391 0.359863
1 0 0 0
1 0 0 0
0.055647 -0.845236 -0.015114
0.031250 -0.992188 0.132813
255 255 255 255
0.200195 0.648926
0.07666 0.309082
1 0 0 0
1 0 0 0
0.052001 -0.853081 -0.014152
-0.960938 0.234375 -0.156250
255 255 255 255
0.179688 0.658691
0.070313 0.329102
1 0 0 0
1 0 0 0
0.053002 -0.870072 -0.018199
-0.445313 0.875000 -0.085938
255 255 255 255
0.165527 0.682129
0.065918 0.377441
1 0 0 0
1 0 0 0
0.032541 -0.845911 -0.016044
-0.429688 -0.062500 -0.906250
255 255 255 255
0.088867 0.645996
0.041504 0.302734
1 0 0 0
1 0 0 0
0.035827 -0.849136 -0.016595
-0.406250 -0.234375 -0.898438
255 255 255 255
0.100098 0.648926
0.044922 0.309082
1 0 0 0
1 0 0 0
0.032676 -0.842221 -0.015884
-0.421875 0.039063 -0.914063
255 255 255 255
0.094727 0.643066
0.042969 0.296387
1 0 0 0
1 0 0 0
0.031249 -0.853376 -0.013859
-0.578125 -0.109375 -0.820313
255 255 255 255
0.072754 0.65625
0.036133 0.324219
1 0 0 0
1 0 0 0
0.034695 -0.856595 -0.015432
-0.437500 0.031250 -0.906250
255 255 255 255
0.088867 0.660645
0.041504 0.33252
1 0 0 0
1 0 0 0
0.039780 -0.865567 -0.017141
-0.179688 -0.054688 -0.992188
255 255 255 255
0.100586 0.672852
0.044922 0.358398
1 0 0 0
1 0 0 0
0.034229 -0.860440 -0.015606
-0.390625 0.031250 -0.929688
255 255 255 255
0.083496 0.665527
0.039551 0.34375
1 0 0 0
1 0 0 0
0.038437 -0.871708 -0.016520
-0.304688 -0.109375 -0.953125
255 255 255 255
0.095215 0.679688
0.043457 0.37207
1 0 0 0
1 0 0 0
0.043457 -0.843430 -0.016624
0.585938 0.101563 -0.796875
255 255 255 255
0.143066 0.645996
0.058594 0.303223
1 0 0 0
1 0 0 0
0.045857 -0.878939 -0.018317
-0.296875 -0.210938 -0.937500
255 255 255 255
0.125488 0.689453
0.052734 0.39209
1 0 0 0
1 0 0 0
0.024924 -0.863825 0.000000
-0.960938 -0.195313 -0.250000
255 255 255 255
0.005859 0.666992
0.014648 0.34668
0 0 0 0
1 0 0 0
0.010155 -0.558332 0.015650
-0.031250 0.046875 -1.000000
255 255 255 255
1.13916 0.824707
0.108398 0.13916
1 0 0 0
1 0 0 0
0.010150 -0.558333 0.017025
-0.007813 -0.007813 0.984375
255 255 255 255
1.258301 0.824219
0.425293 0.407715
1 0 0 0
1 0 0 0
0.010397 -0.559347 0.017067
-0.007813 -0.007813 0.984375
255 255 255 255
1.258789 0.824707
0.425781 0.409668
1 0 0 0
1 0 0 0
0.008063 -0.559761 0.016742
-0.125000 -0.039063 0.976563
255 255 255 255
1.253906 0.824707
0.421875 0.409668
1 0 0 0
1 0 0 0
0.010397 -0.559347 0.015518
-0.023438 0.023438 -1.000000
255 255 255 255
1.138672 0.825195
0.108398 0.141602
1 0 0 0
1 0 0 0
0.012768 -0.559266 0.015678
0.054688 -0.015625 -1.000000
255 255 255 255
1.133301 0.825195
0.104981 0.141602
1 0 0 0
1 0 0 0
0.012768 -0.559266 0.016742
0.125000 -0.031250 0.968750
255 255 255 255
1.263184 0.824707
0.429199 0.409668
1 0 0 0
1 0 0 0
0.008063 -0.559760 0.015678
-0.062500 0.015625 -1.000000
255 255 255 255
1.144043 0.825195
0.111816 0.14209
1 0 0 0
1 0 0 0
0.016915 -0.562020 0.015793
0.250000 0.085938 0.937500
255 255 255 255
1.271484 0.82666
0.435547 0.415527
1 0 0 0
1 0 0 0
0.016915 -0.562020 0.014729
-0.273438 -0.109375 -0.960938
255 255 255 255
1.124023 0.827148
0.099609 0.148926
1 0 0 0
1 0 0 0
0.016312 -0.560710 0.014729
-0.273438 -0.132813 -0.960938
255 255 255 255
1.125488 0.826172
0.100098 0.145508
1 0 0 0
1 0 0 0
0.004483 -0.563264 0.015793
-0.281250 0.046875 0.937500
255 255 255 255
1.245605 0.82666
0.416016 0.416016
1 0 0 0
1 0 0 0
0.004928 -0.561910 0.015793
-0.289063 0.078125 0.937500
255 255 255 255
1.246582 0.826172
0.416504 0.414063
1 0 0 0
1 0 0 0
0.011051 -0.565535 0.017067
-0.007813 -0.007813 0.984375
255 255 255 255
1.258789 0.828125
0.425781 0.421387
1 0 0 0
1 0 0 0
0.011051 -0.565535 0.015518
-0.007813 -0.007813 -1.000000
255 255 255 255
1.138184 0.828613
0.108398 0.155762
1 0 0 0
1 0 0 0
0.010603 -0.561287 0.017067
-0.007813 -0.007813 0.984375
255 255 255 255
1.258789 0.825684
0.425781 0.413086
1 0 0 0
1 0 0 0
0.010603 -0.561287 0.015518
-0.007813 -0.007813 -1.000000
255 255 255 255
1.138672 0.826172
0.108398 0.145996
1 0 0 0
1 0 0 0
0.010155 -0.558332 -0.015650
-0.031250 0.046875 0.976563
255 255 255 255
0.13916 0.824707
0.384766 0.355957
1 0 0 0
1 0 0 0
0.010150 -0.558333 -0.017025
-0.007813 -0.007813 -1.000000
255 255 255 255
0.258301 0.824219
0.054199 0.189941
1 0 0 0
1 0 0 0
0.008063 -0.559760 -0.016742
-0.125000 -0.039063 -1.000000
255 255 255 255
0.253906 0.824707
0.050781 0.192871
1 0 0 0
1 0 0 0
0.010397 -0.559347 -0.017067
-0.007813 -0.007813 -1.000000
255 255 255 255
0.258789 0.824707
0.054199 0.192383
1 0 0 0
1 0 0 0
0.010397 -0.559347 -0.015518
-0.023438 0.023438 0.976563
255 255 255 255
0.138672 0.825195
0.384766 0.357422
1 0 0 0
1 0 0 0
0.012768 -0.559266 -0.015678
0.054688 -0.015625 0.976563
255 255 255 255
0.133301 0.825195
0.381348 0.357422
1 0 0 0
1 0 0 0
0.012768 -0.559266 -0.016742
0.125000 -0.031250 -0.992188
255 255 255 255
0.263184 0.824707
0.058105 0.192871
1 0 0 0
1 0 0 0
0.008063 -0.559761 -0.015678
-0.062500 0.015625 0.976563
255 255 255 255
0.144043 0.825195
0.388184 0.35791
1 0 0 0
1 0 0 0
0.016915 -0.562020 -0.015793
0.250000 0.085938 -0.960938
255 255 255 255
0.271484 0.82666
0.063965 0.201172
1 0 0 0
1 0 0 0
0.016915 -0.562020 -0.014729
-0.273438 -0.109375 0.937500
255 255 255 255
0.124023 0.827148
0.375977 0.362305
1 0 0 0
1 0 0 0
0.016312 -0.560710 -0.014729
-0.273438 -0.132813 0.937500
255 255 255 255
0.125488 0.826172
0.376465 0.360352
1 0 0 0
1 0 0 0
0.004928 -0.561910 -0.015793
-0.289063 0.078125 -0.960938
255 255 255 255
0.246582 0.826172
0.044922 0.199219
1 0 0 0
1 0 0 0
0.004483 -0.563264 -0.015793
-0.281250 0.046875 -0.960938
255 255 255 255
0.245606 0.82666
0.044434 0.202148
1 0 0 0
1 0 0 0
0.011051 -0.565535 -0.017067
-0.007813 -0.007813 -1.000000
255 255 255 255
0.258789 0.828125
0.054688 0.209473
1 0 0 0
1 0 0 0
0.011051 -0.565535 -0.015518
-0.007813 -0.007813 0.984375
255 255 255 255
0.138184 0.828613
0.384766 0.367188
1 0 0 0
1 0 0 0
0.010603 -0.561287 -0.017067
-0.007813 -0.007813 -1.000000
255 255 255 255
0.258789 0.825684
0.054199 0.197754
1 0 0 0
1 0 0 0
0.010603 -0.561287 -0.015518
-0.007813 -0.007813 0.984375
255 255 255 255
0.138672 0.826172
0.384766 0.360352
1 0 0 0
1 0 0 0
-0.017223 -0.151225 -0.015365
-0.937500 0.210938 -0.289063
255 255 255 255
0.067871 0.793945
0.430664 0.369629
1 0 0 0
1 0 0 0
-0.017284 -0.157154 -0.015363
-0.937500 -0.210938 -0.296875
255 255 255 255
0.067871 0.805176
0.430664 0.380371
1 0 0 0
1 0 0 0
0.011127 -0.157076 -0.015365
0.914063 -0.234375 -0.289063
255 255 255 255
0.271973 0.805176
0.473633 0.380371
1 0 0 0
1 0 0 0
0.011189 -0.151154 -0.015363
0.914063 0.187500 -0.296875
255 255 255 255
0.271973 0.793945
0.473633 0.369629
1 0 0 0
1 0 0 0
0.036746 -0.712960 -0.013904
-0.757813 -0.312500 -0.593750
255 255 255 255
0.078613 0.745606
0.446777 0.553711
1 0 0 0
1 0 0 0
0.036178 -0.710182 0.014084
-0.804688 -0.109375 0.570313
255 255 255 255
0.236816 0.742188
0.492188 0.549805
1 0 0 0
1 0 0 0
0.010262 -0.088202 0.004571
-0.867188 -0.007813 -0.515625
255 255 255 255
0.791992 0.894531
0.464356 0.199219
1 0 0 0
1 0 0 0
-0.017371 -0.100144 -0.002324
0.781250 -0.015625 0.585938
255 255 255 255
0.609863 0.905762
0.402832 0.216309
1 0 0 0
1 0 0 0
-0.016646 -0.088038 -0.002714
0.265625 -0.015625 0.945313
255 255 255 255
0.588379 0.894531
0.395508 0.199219
1 0 0 0
1 0 0 0
-0.008371 -0.100211 -0.003921
0.117188 -0.015625 0.968750
255 255 255 255
0.564941 0.905762
0.387695 0.216309
0 0 0 0
1 0 0 0
-0.008273 -0.088072 -0.003924
0.101563 -0.015625 0.976563
255 255 255 255
0.564941 0.894531
0.387695 0.199219
0 0 0 0
1 0 0 0
0.002603 -0.100293 -0.004914
0.062500 -0.007813 0.976563
255 255 255 255
0.510254 0.905762
0.369141 0.216309
0 0 0 0
1 0 0 0
0.002701 -0.088151 -0.004917
0.062500 -0.007813 0.976563
255 255 255 255
0.510254 0.894531
0.369141 0.199219
1 0 0 0
1 0 0 0
-0.016509 -0.088034 0.002585
0.273438 -0.015625 -0.960938
255 255 255 255
0.660645 0.894531
0.419922 0.199219
1 0 0 0
1 0 0 0
-0.016607 -0.100173 0.002583
0.273438 -0.015625 -0.960938
255 255 255 255
0.660645 0.905762
0.419922 0.216309
1 0 0 0
1 0 0 0
-0.002759 -0.100253 0.004600
0.085938 -0.007813 -1.000000
255 255 255 255
0.714356 0.905762
0.437988 0.216309
0 0 0 0
1 0 0 0
-0.002661 -0.088113 0.004604
0.093750 -0.015625 -1.000000
255 255 255 255
0.714356 0.894531
0.437988 0.199219
0 0 0 0
1 0 0 0
0.009471 -0.100344 0.005376
-0.414063 -0.007813 -0.921875
255 255 255 255
0.775391 0.905762
0.458496 0.216309
1 0 0 0
1 0 0 0
0.003376 -0.088152 0.005178
0.062500 -0.007813 -1.000000
255 255 255 255
0.741699 0.894531
0.447266 0.199219
1 0 0 0
1 0 0 0
-0.000095 -0.637804 0.005670
0.804688 0.125000 -0.554688
255 255 255 255
0.069824 0.713867
0.374512 0.301758
0 0 0 0
1 0 0 0
-0.003096 -0.633151 -0.000003
0.976563 0.054688 -0.070313
255 255 255 255
0.049316 0.708984
0.366211 0.292969
0 0 0 0
1 0 0 0
-0.000097 -0.637808 -0.005668
0.796875 0.117188 0.546875
255 255 255 255
0.028809 0.713867
0.357422 0.301758
0 0 0 0
1 0 0 0
-0.000332 -0.657699 0.002353
0.914063 0.054688 -0.359375
255 255 255 255
0.058105 0.731445
0.369629 0.333984
0 0 0 0
1 0 0 0
-0.000333 -0.657705 -0.002506
0.921875 0.046875 0.320313
255 255 255 255
0.040527 0.731445
0.362305 0.333984
0 0 0 0
1 0 0 0
-0.000824 -0.657960 -0.000084
0.976563 0.054688 -0.062500
255 255 255 255
0.049316 0.731445
0.366211 0.333984
0 0 0 0
1 0 0 0
0.005877 -0.648455 -0.011565
0.593750 0.015625 0.773438
255 255 255 255
0.007324 0.724121
0.349121 0.321289
0 0 0 0
1 0 0 0
0.005867 -0.648365 0.011558
0.585938 0.046875 -0.796875
255 255 255 255
0.091309 0.724121
0.383301 0.320801
0 0 0 0
1 0 0 0
-0.002399 -0.629945 0.003458
0.906250 0.078125 -0.375000
255 255 255 255
0.062012 0.706055
0.371094 0.288086
0 0 0 0
1 0 0 0
-0.002787 -0.629209 0.002507
0.921875 0.062500 -0.343750
255 255 255 255
0.058594 0.705566
0.369629 0.286621
0 0 0 0
1 0 0 0
-0.001623 -0.631676 0.004671
0.796875 0.085938 -0.585938
255 255 255 255
0.066406 0.708008
0.373047 0.291504
0 0 0 0
1 0 0 0
-0.000465 -0.646545 0.004680
0.789063 0.023438 -0.601563
255 255 255 255
0.066406 0.721191
0.373047 0.315918
0 0 0 0
1 0 0 0
-0.000176 -0.635299 0.005980
0.773438 0.078125 -0.617188
255 255 255 255
0.071289 0.711426
0.375 0.297852
0 0 0 0
1 0 0 0
-0.000465 -0.646545 -0.004680
0.789063 0.023438 0.578125
255 255 255 255
0.032227 0.721191
0.359375 0.315918
0 0 0 0
1 0 0 0
-0.002399 -0.629945 -0.003458
0.906250 0.078125 0.351563
255 255 255 255
0.037109 0.706055
0.36084 0.288086
0 0 0 0
1 0 0 0
-0.001561 -0.634377 -0.004314
0.835938 0.101563 0.492188
255 255 255 255
0.033691 0.710449
0.359863 0.295898
0 0 0 0
1 0 0 0
-0.002787 -0.629209 -0.002507
0.921875 0.062500 0.320313
255 255 255 255
0.040527 0.705566
0.362305 0.286621
0 0 0 0
1 0 0 0
-0.001623 -0.631676 -0.004671
0.796875 0.085938 0.562500
255 255 255 255
0.032715 0.708008
0.359375 0.291504
0 0 0 0
1 0 0 0
-0.000982 -0.633061 -0.005245
0.765625 0.078125 0.601563
255 255 255 255
0.030273 0.709473
0.358398 0.293945
0 0 0 0
1 0 0 0
-0.000897 -0.637915 0.006258
-0.828125 -0.148438 0.531250
255 255 255 255
1.189941 0.727051
0.13916 0.367676
0 0 0 0
1 0 0 0
-0.004092 -0.633236 0.000000
-1.000000 -0.078125 0.046875
255 255 255 255
1.157715 0.720215
0.129883 0.354981
0 0 0 0
1 0 0 0
-0.000897 -0.637915 -0.006258
-0.828125 -0.140625 -0.562500
255 255 255 255
1.124023 0.727051
0.120606 0.367676
0 0 0 0
1 0 0 0
-0.001274 -0.657766 0.002638
-0.937500 -0.078125 0.335938
255 255 255 255
1.170898 0.753418
0.133789 0.415039
0 0 0 0
1 0 0 0
-0.001274 -0.657766 -0.002795
-0.945313 -0.070313 -0.343750
255 255 255 255
1.143066 0.753418
0.125977 0.415527
0 0 0 0
1 0 0 0
-0.001822 -0.658029 -0.000079
-1.000000 -0.078125 0.039063
255 255 255 255
1.156738 0.753418
0.129883 0.415527
0 0 0 0
1 0 0 0
0.005252 -0.648419 -0.012345
-0.617188 -0.031250 -0.796875
255 255 255 255
1.089355 0.742676
0.11084 0.396484
0 0 0 0
1 0 0 0
0.007595 -0.650276 -0.013904
-0.593750 -0.078125 -0.812500
255 255 255 255
1.078613 0.745606
0.10791 0.401367
0 0 0 0
1 0 0 0
0.005252 -0.648419 0.012345
-0.609375 -0.070313 0.773438
255 255 255 255
1.224121 0.742676
0.148438 0.395996
0 0 0 0
1 0 0 0
-0.003730 -0.629281 0.002832
-0.945313 -0.085938 0.312500
255 255 255 255
1.171875 0.714844
0.133789 0.345703
0 0 0 0
1 0 0 0
-0.002951 -0.630837 0.004555
-0.898438 -0.109375 0.421875
255 255 255 255
1.180176 0.716797
0.136231 0.349609
0 0 0 0
1 0 0 0
-0.002461 -0.631768 0.005209
-0.828125 -0.109375 0.546875
255 255 255 255
1.184082 0.718262
0.137207 0.352051
0 0 0 0
1 0 0 0
-0.001344 -0.646604 0.005154
-0.812500 -0.054688 0.570313
255 255 255 255
1.183105 0.738281
0.137207 0.387695
0 0 0 0
1 0 0 0
-0.000970 -0.635391 0.006581
-0.796875 -0.101563 0.585938
255 255 255 255
1.190918 0.723633
0.13916 0.361328
0 0 0 0
1 0 0 0
0.007544 -0.647440 0.014084
-0.593750 -0.078125 0.789063
255 255 255 255
1.236816 0.742188
0.152344 0.39502
0 0 0 0
1 0 0 0
-0.001344 -0.646604 -0.005154
-0.812500 -0.046875 -0.601563
255 255 255 255
1.131348 0.738281
0.122559 0.387695
0 0 0 0
1 0 0 0
-0.002426 -0.634534 -0.004791
-0.859375 -0.132813 -0.507813
255 255 255 255
1.132813 0.72168
0.123047 0.358398
0 0 0 0
1 0 0 0
-0.003730 -0.629282 -0.002832
-0.945313 -0.085938 -0.335938
255 255 255 255
1.142578 0.714844
0.125977 0.345703
0 0 0 0
1 0 0 0
-0.002951 -0.630837 -0.004555
-0.898438 -0.109375 -0.445313
255 255 255 255
1.134277 0.716797
0.123535 0.349609
0 0 0 0
1 0 0 0
-0.001768 -0.633158 -0.005855
-0.789063 -0.109375 -0.617188
255 255 255 255
1.126953 0.720215
0.121582 0.355469
0 0 0 0
1 0 0 0
0.068497 -0.855263 0.000000
0.937500 0.164063 0.226563
255 255 255 255
1.285156 0.667481
0.473145 0.610352
0 0 0 0
1 0 0 0
0.066639 -0.855631 0.007577
0.890625 0.156250 0.375000
255 255 255 255
1.25293 0.666504
0.462402 0.609375
0 0 0 0
1 0 0 0
0.067045 -0.847598 0.000000
0.937500 0.164063 0.226563
255 255 255 255
1.283203 0.657715
0.472656 0.597656
0 0 0 0
1 0 0 0
0.043457 -0.843430 0.016624
-0.671875 -0.046875 0.726563
255 255 255 255
1.143066 0.645996
0.42627 0.583496
0 0 0 0
1 0 0 0
0.031249 -0.853376 0.013859
0.765625 0.351563 0.492188
255 255 255 255
1.072754 0.65625
0.40332 0.596191
0 0 0 0
1 0 0 0
0.032932 -0.853112 0.011390
0.750000 0.296875 0.539063
255 255 255 255
1.081055 0.655762
0.40625 0.595215
0 0 0 0
1 0 0 0
0.034695 -0.856595 0.015432
-0.117188 0.968750 -0.085938
255 255 255 255
1.088867 0.660645
0.408691 0.601563
0 0 0 0
1 0 0 0
0.053504 -0.838127 0.015860
0.367188 0.203125 0.882813
255 255 255 255
1.194336 0.643066
0.443359 0.579102
0 0 0 0
1 0 0 0
0.054957 -0.841493 0.016022
0.437500 -0.015625 0.875000
255 255 255 255
1.198242 0.645508
0.444824 0.58252
0 0 0 0
1 0 0 0
0.055647 -0.845236 0.015114
0.460938 -0.132813 0.851563
255 255 255 255
1.200195 0.648926
0.445313 0.586914
0 0 0 0
1 0 0 0
0.062803 -0.848154 0.011105
0.671875 0.148438 0.687500
255 255 255 255
1.235352 0.65625
0.457031 0.596191
0 0 0 0
1 0 0 0
0.051218 -0.847032 0.017376
0.203125 0.148438 0.945313
255 255 255 255
1.179688 0.650879
0.438477 0.589844
0 0 0 0
1 0 0 0
0.056167 -0.852320 0.015804
0.492188 0.085938 0.835938
255 255 255 255
1.201172 0.661133
0.445801 0.602539
0 0 0 0
1 0 0 0
0.058423 -0.855691 0.015680
0.320313 0.164063 0.906250
255 255 255 255
1.205566 0.665527
0.447266 0.60791
0 0 0 0
1 0 0 0
0.055239 -0.862487 0.017156
0.156250 0.015625 0.968750
255 255 255 255
1.186523 0.672363
0.440918 0.616699
0 0 0 0
1 0 0 0
0.058720 -0.867732 0.016558
0.234375 -0.007813 0.945313
255 255 255 255
1.193359 0.679199
0.442871 0.625488
0 0 0 0
1 0 0 0
0.063353 -0.848194 0.010383
0.789063 0.125000 0.554688
255 255 255 255
1.238281 0.65625
0.45752 0.596191
0 0 0 0
1 0 0 0
0.054653 -0.877211 0.018313
0.343750 -0.039063 0.914063
255 255 255 255
1.166992 0.688965
0.43457 0.638184
0 0 0 0
1 0 0 0
0.053002 -0.870072 0.018199
0.343750 0.070313 0.906250
255 255 255 255
1.165527 0.682129
0.434082 0.629395
0 0 0 0
1 0 0 0
0.058423 -0.855691 0.015680
0.320313 0.164063 0.906250
255 255 255 255
0.205566 0.665527
0.400391 0.375977
0 0 0 0
1 0 0 0
0.068497 -0.855263 0.000000
0.937500 0.164063 -0.250000
255 255 255 255
0.285156 0.667481
0.104004 0.34668
0 0 0 0
1 0 0 0
0.066639 -0.855631 -0.007577
0.890625 0.156250 -0.398438
255 255 255 255
0.25293 0.666504
0.09375 0.345703
1 0 0 0
1 0 0 0
0.067045 -0.847598 0.000000
0.937500 0.164063 -0.250000
255 255 255 255
0.283203 0.657715
0.103516 0.32666
0 0 0 0
1 0 0 0
0.043457 -0.843430 -0.016624
-0.671875 -0.046875 -0.750000
255 255 255 255
0.143066 0.645996
0.058594 0.303223
1 0 0 0
1 0 0 0
0.031249 -0.853376 -0.013859
0.765625 0.351563 -0.515625
255 255 255 255
0.072754 0.65625
0.036133 0.324219
1 0 0 0
1 0 0 0
0.032932 -0.853112 -0.011390
0.750000 0.296875 -0.562500
255 255 255 255
0.081055 0.655762
0.038574 0.322754
0 0 0 0
1 0 0 0
0.034695 -0.856595 -0.015432
-0.117188 0.968750 0.062500
255 255 255 255
0.088867 0.660645
0.041504 0.33252
1 0 0 0
1 0 0 0
0.054957 -0.841493 -0.016022
0.437500 -0.015625 -0.898438
255 255 255 255
0.198242 0.645508
0.076172 0.301758
1 0 0 0
1 0 0 0
0.053504 -0.838127 -0.015860
0.367188 0.203125 -0.906250
255 255 255 255
0.194336 0.643066
0.074707 0.296387
1 0 0 0
1 0 0 0
0.055647 -0.845236 -0.015114
0.460938 -0.132813 -0.875000
255 255 255 255
0.200195 0.648926
0.07666 0.309082
1 0 0 0
1 0 0 0
0.062803 -0.848154 -0.011105
0.671875 0.148438 -0.710938
255 255 255 255
0.235352 0.65625
0.087891 0.323731
1 0 0 0
1 0 0 0
0.051218 -0.847032 -0.017376
0.203125 0.148438 -0.968750
255 255 255 255
0.179688 0.650879
0.070313 0.313477
1 0 0 0
1 0 0 0
0.056167 -0.852320 -0.015804
0.492188 0.085938 -0.859375
255 255 255 255
0.201172 0.661133
0.077148 0.333984
1 0 0 0
1 0 0 0
0.055239 -0.862487 -0.017156
0.156250 0.015625 -0.992188
255 255 255 255
0.186523 0.672363
0.072266 0.357422
1 0 0 0
1 0 0 0
0.058423 -0.855691 -0.015680
0.320313 0.164063 -0.929688
255 255 255 255
0.205566 0.665527
0.078613 0.342773
1 0 0 0
1 0 0 0
0.058720 -0.867732 -0.016558
0.234375 -0.007813 -0.968750
255 255 255 255
0.193359 0.679199
0.074707 0.371094
1 0 0 0
1 0 0 0
0.063353 -0.848194 -0.010383
0.789063 0.125000 -0.578125
255 255 255 255
0.238281 0.65625
0.088867 0.324219
1 0 0 0
1 0 0 0
0.054652 -0.877211 -0.018313
0.343750 -0.039063 -0.937500
255 255 255 255
0.166992 0.688965
0.066406 0.391602
1 0 0 0
1 0 0 0
0.053002 -0.870072 -0.018199
0.343750 0.070313 -0.929688
255 255 255 255
0.165527 0.682129
0.065918 0.377441
1 0 0 0
1 0 0 0
0.058423 -0.855691 -0.015680
0.320313 0.164063 -0.929688
255 255 255 255
1.205566 0.665527
0.350098 0.375977
1 0 0 0
1 0 0 0
0.016915 -0.562020 0.014729
0.960938 -0.218750 -0.007813
255 255 255 255
1.272949 0.82666
0.437012 0.416016
1 0 0 0
1 0 0 0
0.016915 -0.562020 0.015793
0.945313 -0.273438 -0.007813
255 255 255 255
1.271484 0.82666
0.435547 0.415527
1 0 0 0
1 0 0 0
0.016312 -0.560710 0.014729
-0.093750 0.976563 -0.007813
255 255 255 255
1.270996 0.825684
0.435547 0.412109
1 0 0 0
1 0 0 0
0.008063 -0.559761 0.016742
-1.000000 -0.070313 -0.007813
255 255 255 255
1.253906 0.824707
0.421875 0.409668
1 0 0 0
1 0 0 0
0.008063 -0.559760 0.015678
-1.000000 -0.070313 -0.007813
255 255 255 255
1.252441 0.824707
0.420898 0.409668
1 0 0 0
1 0 0 0
0.004928 -0.561910 0.015793
0.539063 0.812500 -0.007813
255 255 255 255
1.246582 0.826172
0.416504 0.414063
1 0 0 0
1 0 0 0
0.016915 -0.562020 -0.014729
0.960938 -0.218750 -0.007813
255 255 255 255
0.272949 0.82666
0.06543 0.20166
1 0 0 0
1 0 0 0
0.016915 -0.562020 -0.015793
0.945313 -0.273438 -0.007813
255 255 255 255
0.271484 0.82666
0.063965 0.201172
1 0 0 0
1 0 0 0
0.016312 -0.560710 -0.014729
-0.093750 0.976563 -0.007813
255 255 255 255
0.270996 0.825684
0.063965 0.196777
1 0 0 0
1 0 0 0
0.008063 -0.559760 -0.016742
-1.000000 -0.070313 -0.007813
255 255 255 255
0.253906 0.824707
0.050781 0.192871
1 0 0 0
1 0 0 0
0.008063 -0.559761 -0.015678
-1.000000 -0.070313 -0.007813
255 255 255 255
0.252441 0.824707
0.049805 0.192871
1 0 0 0
1 0 0 0
0.004928 -0.561910 -0.015793
0.539063 0.812500 -0.007813
255 255 255 255
0.246582 0.826172
0.044922 0.199219
1 0 0 0
1 0 0 0
-0.007680 -0.279757 -0.014810
-0.179688 0.093750 -0.984375
255 255 255 255
0.033203 0.755859
0.390137 0.530762
1 0 0 0
1 0 0 0
0.005588 -0.288089 -0.014259
0.281250 -0.007813 -0.960938
255 255 255 255
0.109863 0.767578
0.408691 0.549316
1 0 0 0
1 0 0 0
0.000781 -0.279690 -0.014810
0.156250 0.101563 -0.984375
255 255 255 255
0.08252 0.755371
0.401856 0.530762
1 0 0 0
1 0 0 0
-0.007301 -0.296656 -0.014810
-0.195313 -0.171875 -0.976563
255 255 255 255
0.036133 0.779785
0.390625 0.568359
1 0 0 0
1 0 0 0
0.001158 -0.296580 -0.014810
0.171875 -0.164063 -0.976563
255 255 255 255
0.084473 0.779297
0.402344 0.568359
1 0 0 0
1 0 0 0
-0.012152 -0.288238 -0.014259
-0.304688 -0.015625 -0.960938
255 255 255 255
0.007813 0.767578
0.383789 0.549805
1 0 0 0
1 0 0 0
-0.005887 -0.270885 -0.020344
-0.875000 -0.078125 0.468750
255 255 255 255
0.255859 0.743652
0.316406 0.146973
1 0 0 0
1 0 0 0
-0.000803 -0.270835 -0.020299
0.851563 -0.062500 0.476563
255 255 255 255
0.307129 0.743652
0.328613 0.146973
1 0 0 0
1 0 0 0
-0.000953 -0.273781 -0.020256
0.843750 -0.007813 0.492188
255 255 255 255
0.307129 0.749512
0.328613 0.155762
1 0 0 0
1 0 0 0
-0.005595 -0.271073 -0.022344
-0.828125 -0.031250 -0.578125
255 255 255 255
0.26709 0.743652
0.319336 0.146973
1 0 0 0
1 0 0 0
-0.001087 -0.271023 -0.022325
0.804688 -0.031250 -0.578125
255 255 255 255
0.294434 0.743652
0.325684 0.146973
1 0 0 0
1 0 0 0
-0.003357 -0.270305 -0.023517
-0.007813 -0.007813 -1.000000
255 255 255 255
0.280762 0.743652
0.322266 0.146973
1 0 0 0
1 0 0 0
-0.005646 -0.276750 -0.020025
-0.882813 0.015625 0.468750
255 255 255 255
0.255859 0.754395
0.316406 0.163574
1 0 0 0
1 0 0 0
-0.003341 -0.276499 -0.019066
-0.023438 0.117188 0.968750
255 255 255 255
0.242188 0.754395
0.312988 0.163574
1 0 0 0
1 0 0 0
-0.003341 -0.276499 -0.019066
-0.023438 0.117188 0.968750
255 255 255 255
0.323242 0.754395
0.33252 0.163574
1 0 0 0
1 0 0 0
-0.005337 -0.277264 -0.021930
-0.859375 -0.101563 -0.515625
255 255 255 255
0.26709 0.754395
0.319336 0.163574
1 0 0 0
1 0 0 0
-0.001363 -0.277230 -0.021914
0.820313 -0.093750 -0.546875
255 255 255 255
0.294434 0.754395
0.325684 0.163574
1 0 0 0
1 0 0 0
-0.003374 -0.277018 -0.023349
0.007813 -0.109375 -1.000000
255 255 255 255
0.280762 0.754395
0.322266 0.163574
1 0 0 0
1 0 0 0
-0.003353 -0.267748 -0.018885
-0.015625 -0.171875 0.968750
255 255 255 255
0.242188 0.737793
0.312988 0.137695
1 0 0 0
1 0 0 0
-0.003353 -0.267748 -0.018885
-0.015625 -0.171875 0.968750
255 255 255 255
0.323242 0.737793
0.33252 0.137695
1 0 0 0
1 0 0 0
-0.004614 -0.263133 -0.020291
-0.640625 0.710938 -0.265625
255 255 255 255
0.271973 0.732422
0.320313 0.129395
1 0 0 0
1 0 0 0
-0.002043 -0.263109 -0.020291
0.687500 0.679688 -0.164063
255 255 255 255
0.290527 0.73291
0.324707 0.130371
1 0 0 0
1 0 0 0
-0.005742 -0.282869 -0.018188
-0.718750 0.328125 0.593750
255 255 255 255
0.251953 0.762695
0.31543 0.175781
1 0 0 0
1 0 0 0
-0.003344 -0.282810 -0.017223
0.125000 0.390625 0.882813
255 255 255 255
0.237793 0.761719
0.312012 0.174805
1 0 0 0
1 0 0 0
-0.003344 -0.282810 -0.017223
0.125000 0.390625 0.882813
255 255 255 255
0.333008 0.762207
0.334473 0.174805
1 0 0 0
1 0 0 0
-0.000961 -0.282842 -0.018158
0.945313 0.187500 0.171875
255 255 255 255
0.319336 0.763184
0.331543 0.176758
1 0 0 0
1 0 0 0
-0.005203 -0.280452 -0.021511
-0.867188 -0.093750 -0.515625
255 255 255 255
0.267578 0.758789
0.319336 0.17041
1 0 0 0
1 0 0 0
-0.001501 -0.280430 -0.021500
0.835938 -0.085938 -0.523438
255 255 255 255
0.294434 0.758789
0.325684 0.17041
1 0 0 0
1 0 0 0
-0.003378 -0.284203 -0.022473
-0.234375 -0.117188 -0.968750
255 255 255 255
0.285156 0.76416
0.323242 0.177734
1 0 0 0
1 0 0 0
-0.003381 -0.280791 -0.022961
-0.015625 -0.140625 -0.992188
255 255 255 255
0.280762 0.758789
0.322266 0.17041
1 0 0 0
1 0 0 0
-0.003271 -0.288994 -0.021700
-0.007813 -0.257813 -0.976563
255 255 255 255
0.286621 0.770996
0.323731 0.188477
1 0 0 0
1 0 0 0
-0.005344 -0.290908 -0.020558
-0.492188 -0.617188 -0.632813
255 255 255 255
0.275879 0.773926
0.321289 0.192871
1 0 0 0
1 0 0 0
-0.000329 -0.291624 -0.018655
0.585938 -0.695313 -0.421875
255 255 255 255
0.302734 0.776367
0.327637 0.196777
1 0 0 0
1 0 0 0
-0.003176 -0.292957 -0.019003
-0.156250 -0.898438 -0.437500
255 255 255 255
0.286133 0.777344
0.323731 0.198242
1 0 0 0
1 0 0 0
-0.006091 -0.291678 -0.018656
-0.726563 -0.585938 -0.398438
255 255 255 255
0.269531 0.775879
0.319824 0.196289
1 0 0 0
1 0 0 0
-0.007493 -0.288808 -0.018514
-0.921875 0.109375 -0.382813
255 255 255 255
0.258789 0.772461
0.317383 0.19043
1 0 0 0
1 0 0 0
0.000933 -0.288737 -0.018514
0.890625 -0.140625 -0.398438
255 255 255 255
0.314941 0.772949
0.330566 0.191406
1 0 0 0
1 0 0 0
-0.017284 -0.157154 -0.015363
-0.835938 -0.203125 -0.531250
255 255 255 255
0.067871 0.805176
0.430664 0.380371
1 0 0 0
1 0 0 0
-0.017223 -0.151225 -0.015365
-0.835938 0.195313 -0.523438
255 255 255 255
0.067871 0.793945
0.430664 0.369629
1 0 0 0
1 0 0 0
0.011189 -0.151154 -0.015363
0.812500 0.179688 -0.531250
255 255 255 255
0.271973 0.793945
0.473633 0.369629
1 0 0 0
1 0 0 0
0.011127 -0.157076 -0.015365
0.812500 -0.226563 -0.523438
255 255 255 255
0.271973 0.805176
0.473633 0.380371
1 0 0 0
1 0 0 0
0.041535 -0.699112 0.005670
-0.835938 -0.054688 -0.554688
255 255 255 255
1.069824 0.713867
0.374512 0.238281
1 0 0 0
1 0 0 0
0.043450 -0.693918 -0.000003
-0.992188 -0.156250 -0.070313
255 255 255 255
1.049316 0.708984
0.366211 0.229981
1 0 0 0
1 0 0 0
0.041537 -0.699116 -0.005668
-0.828125 -0.062500 0.546875
255 255 255 255
1.028809 0.713867
0.357422 0.238281
1 0 0 0
1 0 0 0
0.046099 -0.718478 0.002353
-0.929688 -0.156250 -0.359375
255 255 255 255
1.058105 0.731445
0.369629 0.270508
1 0 0 0
1 0 0 0
0.046102 -0.718484 -0.002506
-0.937500 -0.156250 0.320313
255 255 255 255
1.040527 0.731445
0.362305 0.270508
1 0 0 0
1 0 0 0
0.046637 -0.718626 -0.000084
-0.992188 -0.164063 -0.062500
255 255 255 255
1.049316 0.731445
0.366211 0.270996
1 0 0 0
1 0 0 0
0.038026 -0.710809 -0.011565
-0.609375 -0.117188 0.773438
255 255 255 255
1.007324 0.724121
0.349121 0.257813
1 0 0 0
1 0 0 0
0.038016 -0.710719 0.011558
-0.609375 -0.085938 -0.796875
255 255 255 255
1.091309 0.724121
0.383301 0.257813
1 0 0 0
1 0 0 0
0.042071 -0.690940 0.003458
-0.929688 -0.125000 -0.375000
255 255 255 255
1.062012 0.706055
0.371094 0.225098
1 0 0 0
1 0 0 0
0.042289 -0.690138 0.002507
-0.937500 -0.148438 -0.343750
255 255 255 255
1.058594 0.705566
0.369629 0.223633
1 0 0 0
1 0 0 0
0.041691 -0.692799 0.004671
-0.820313 -0.093750 -0.585938
255 255 255 255
1.066406 0.708008
0.373047 0.228027
1 0 0 0
1 0 0 0
0.043800 -0.707563 0.004680
-0.796875 -0.148438 -0.601563
255 255 255 255
1.066406 0.721191
0.373047 0.252441
1 0 0 0
1 0 0 0
0.041068 -0.696650 0.005980
-0.796875 -0.101563 -0.617188
255 255 255 255
1.071289 0.711426
0.375 0.234375
1 0 0 0
1 0 0 0
0.043800 -0.707563 -0.004680
-0.796875 -0.148438 0.578125
255 255 255 255
1.032227 0.721191
0.359375 0.252441
1 0 0 0
1 0 0 0
0.042071 -0.690940 -0.003458
-0.929688 -0.125000 0.351563
255 255 255 255
1.037109 0.706055
0.36084 0.225098
1 0 0 0
1 0 0 0
0.042289 -0.690138 -0.002507
-0.937500 -0.148438 0.320313
255 255 255 255
1.040527 0.705566
0.362305 0.223633
1 0 0 0
1 0 0 0
0.042219 -0.695449 -0.004314
-0.867188 -0.085938 0.492188
255 255 255 255
1.033691 0.710449
0.359863 0.232422
1 0 0 0
1 0 0 0
0.041691 -0.692799 -0.004671
-0.820313 -0.093750 0.562500
255 255 255 255
1.032715 0.708008
0.359375 0.228027
1 0 0 0
1 0 0 0
0.041367 -0.694291 -0.005245
-0.789063 -0.093750 0.601563
255 255 255 255
1.030273 0.709473
0.358398 0.230469
1 0 0 0
1 0 0 0
0.042341 -0.699047 0.006258
0.820313 0.031250 0.531250
255 255 255 255
0.189941 0.727051
0.479004 0.532715
1 0 0 0
1 0 0 0
0.044441 -0.693783 0.000000
0.968750 0.132813 0.046875
255 255 255 255
0.157715 0.720215
0.469727 0.524902
1 0 0 0
1 0 0 0
0.042341 -0.699047 -0.006258
0.812500 0.039063 -0.562500
255 255 255 255
0.124023 0.727051
0.459961 0.532715
1 0 0 0
1 0 0 0
0.047034 -0.718339 0.002638
0.906250 0.132813 0.335938
255 255 255 255
0.170898 0.753418
0.473145 0.562012
1 0 0 0
1 0 0 0
0.047034 -0.718339 -0.002795
0.914063 0.132813 -0.343750
255 255 255 255
0.143066 0.753418
0.465332 0.5625
1 0 0 0
1 0 0 0
0.047626 -0.718476 -0.000078
0.968750 0.132813 0.039063
255 255 255 255
0.156738 0.753418
0.469238 0.5625
1 0 0 0
1 0 0 0
0.036746 -0.712960 -0.013904
0.570313 0.054688 -0.812500
255 255 255 255
0.078613 0.745606
0.446777 0.553711
1 0 0 0
1 0 0 0
0.038629 -0.710638 -0.012345
0.585938 0.101563 -0.796875
255 255 255 255
0.089355 0.742676
0.449707 0.550781
1 0 0 0
1 0 0 0
0.038629 -0.710637 0.012345
0.585938 0.062500 0.773438
255 255 255 255
0.224121 0.742676
0.48877 0.550293
1 0 0 0
1 0 0 0
0.043226 -0.690003 0.002832
0.914063 0.125000 0.312500
255 255 255 255
0.171875 0.714844
0.473633 0.519043
1 0 0 0
1 0 0 0
0.042804 -0.691691 0.004555
0.875000 0.085938 0.421875
255 255 255 255
0.180176 0.716797
0.476074 0.521484
1 0 0 0
1 0 0 0
0.042528 -0.692706 0.005209
0.804688 0.070313 0.546875
255 255 255 255
0.184082 0.718262
0.477051 0.522949
1 0 0 0
1 0 0 0
0.044671 -0.707429 0.005154
0.781250 0.125000 0.570313
255 255 255 255
0.183106 0.738281
0.477051 0.54541
1 0 0 0
1 0 0 0
0.041863 -0.696567 0.006581
0.773438 0.070313 0.585938
255 255 255 255
0.190918 0.723633
0.479004 0.528809
1 0 0 0
1 0 0 0
0.036178 -0.710182 0.014084
0.570313 0.046875 0.789063
255 255 255 255
0.236816 0.742188
0.492188 0.549805
1 0 0 0
1 0 0 0
0.044671 -0.707429 -0.005154
0.773438 0.125000 -0.601563
255 255 255 255
0.131348 0.738281
0.461914 0.54541
1 0 0 0
1 0 0 0
0.043226 -0.690003 -0.002832
0.914063 0.125000 -0.335938
255 255 255 255
0.142578 0.714844
0.465332 0.519043
1 0 0 0
1 0 0 0
0.043097 -0.695413 -0.004791
0.843750 0.054688 -0.507813
255 255 255 255
0.132813 0.72168
0.462402 0.526856
1 0 0 0
1 0 0 0
0.042804 -0.691691 -0.004555
0.875000 0.085938 -0.445313
255 255 255 255
0.134277 0.716797
0.462891 0.521484
1 0 0 0
1 0 0 0
0.042155 -0.694214 -0.005855
0.773438 0.070313 -0.617188
255 255 255 255
0.126953 0.720215
0.460449 0.525391
1 0 0 0
1 0 0 0
-0.002562 -0.105805 0.015393
-0.054688 -0.007813 0.976563
255 255 255 255
0.689453 0.028809
0.424805 0.705078
1 0 0 0
1 0 0 0
-0.009698 -0.122280 0.014488
-0.242188 -0.007813 0.953125
255 255 255 255
0.719238 0.04541
0.434082 0.740234
1 0 0 0
1 0 0 0
-0.009481 -0.105871 0.014488
-0.343750 -0.007813 0.921875
255 255 255 255
0.719238 0.028809
0.434082 0.705078
1 0 0 0
1 0 0 0
-0.015803 -0.122325 0.011547
-0.562500 -0.007813 0.812500
255 255 255 255
0.748535 0.04541
0.443848 0.740234
1 0 0 0
1 0 0 0
-0.015586 -0.105914 0.011547
-0.671875 0.000000 0.734375
255 255 255 255
0.748535 0.028809
0.443848 0.705078
1 0 0 0
1 0 0 0
-0.020281 -0.122348 0.006340
-0.851563 0.000000 0.523438
255 255 255 255
0.776856 0.04541
0.453125 0.740234
1 0 0 0
1 0 0 0
-0.020064 -0.105936 0.006340
-0.906250 0.000000 0.421875
255 255 255 255
0.776856 0.028809
0.453125 0.705078
1 0 0 0
1 0 0 0
-0.022113 -0.122355 0.000000
-1.000000 0.000000 0.085938
255 255 255 255
0.806641 0.04541
0.462402 0.740234
1 0 0 0
1 0 0 0
-0.021897 -0.105942 0.000000
-1.000000 0.000000 -0.054688
255 255 255 255
0.806641 0.028809
0.462402 0.705078
1 0 0 0
1 0 0 0
-0.015586 -0.105914 -0.011547
-0.617188 0.000000 -0.796875
255 255 255 255
0.396973 0.028809
0.32959 0.705078
1 0 0 0
1 0 0 0
-0.009698 -0.122280 -0.014488
-0.296875 -0.007813 -0.960938
255 255 255 255
0.42627 0.04541
0.339356 0.740234
1 0 0 0
1 0 0 0
-0.009481 -0.105871 -0.014488
-0.296875 -0.007813 -0.960938
255 255 255 255
0.42627 0.028809
0.339356 0.705078
1 0 0 0
1 0 0 0
-0.002562 -0.105805 -0.015393
-0.007813 -0.007813 -1.000000
255 255 255 255
0.456543 0.028809
0.349121 0.705078
1 0 0 0
1 0 0 0
-0.021897 -0.105942 0.000000
-1.000000 0.000000 -0.054688
255 255 255 255
0.340332 0.028809
0.311523 0.705078
1 0 0 0
1 0 0 0
-0.022113 -0.122355 0.000000
-1.000000 0.000000 0.085938
255 255 255 255
0.340332 0.04541
0.311523 0.740234
1 0 0 0
1 0 0 0
-0.020064 -0.105936 -0.006340
-0.859375 0.000000 -0.523438
255 255 255 255
0.368164 0.028809
0.320313 0.705078
1 0 0 0
1 0 0 0
0.010462 -0.105628 0.011547
0.539063 -0.023438 0.812500
255 255 255 255
0.629883 0.028809
0.405273 0.705078
1 0 0 0
1 0 0 0
0.010243 -0.122030 0.011547
0.648438 -0.023438 0.734375
255 255 255 255
0.629883 0.04541
0.405273 0.740234
1 0 0 0
1 0 0 0
0.004357 -0.105719 0.014488
0.218750 -0.015625 0.953125
255 255 255 255
0.65918 0.028809
0.415039 0.705078
1 0 0 0
1 0 0 0
0.016773 -0.105518 0.000000
0.976563 -0.023438 0.031250
255 255 255 255
0.572266 0.028809
0.386719 0.705078
1 0 0 0
1 0 0 0
0.016554 -0.121918 0.000000
0.976563 -0.023438 -0.070313
255 255 255 255
0.572266 0.04541
0.386719 0.740234
1 0 0 0
1 0 0 0
0.014721 -0.121952 0.006340
0.890625 -0.023438 0.398438
255 255 255 255
0.601074 0.04541
0.395996 0.740234
1 0 0 0
1 0 0 0
0.014940 -0.105552 0.006340
0.828125 -0.023438 0.523438
255 255 255 255
0.601074 0.028809
0.395996 0.705078
1 0 0 0
1 0 0 0
0.004357 -0.105719 -0.014488
0.273438 -0.015625 -0.960938
255 255 255 255
0.486328 0.028809
0.358887 0.705078
1 0 0 0
1 0 0 0
0.010243 -0.122030 -0.011547
0.593750 -0.023438 -0.796875
255 255 255 255
0.515137 0.04541
0.368164 0.740234
1 0 0 0
1 0 0 0
0.010462 -0.105628 -0.011547
0.593750 -0.023438 -0.796875
255 255 255 255
0.515137 0.028809
0.368164 0.705078
1 0 0 0
1 0 0 0
0.014940 -0.105552 -0.006340
0.859375 -0.023438 -0.484375
255 255 255 255
0.543457 0.028809
0.377441 0.705078
1 0 0 0
1 0 0 0
-0.002969 -0.138637 0.015393
-0.054688 -0.007813 0.976563
255 255 255 255
0.689453 0.062012
0.424805 0.774902
1 0 0 0
1 0 0 0
-0.003127 -0.155064 0.015393
0.031250 -0.007813 0.976563
255 255 255 255
0.689453 0.078613
0.424805 0.80957
1 0 0 0
1 0 0 0
-0.010044 -0.155140 0.014488
-0.242188 -0.007813 0.953125
255 255 255 255
0.719238 0.078613
0.434082 0.80957
1 0 0 0
1 0 0 0
-0.009887 -0.138710 0.014488
-0.343750 -0.007813 0.921875
255 255 255 255
0.719238 0.062012
0.434082 0.774902
1 0 0 0
1 0 0 0
-0.016148 -0.155191 0.011547
-0.562500 -0.007813 0.812500
255 255 255 255
0.748535 0.078613
0.443848 0.80957
1 0 0 0
1 0 0 0
-0.020625 -0.155219 0.006340
-0.851563 -0.007813 0.523438
255 255 255 255
0.776856 0.078613
0.453125 0.80957
1 0 0 0
1 0 0 0
-0.022457 -0.155228 0.000000
-1.000000 0.000000 0.085938
255 255 255 255
0.806641 0.078613
0.462402 0.80957
1 0 0 0
1 0 0 0
-0.015991 -0.138758 -0.011547
-0.617188 -0.007813 -0.796875
255 255 255 255
0.396973 0.062012
0.32959 0.774902
1 0 0 0
1 0 0 0
-0.016148 -0.155191 -0.011547
-0.640625 -0.007813 -0.781250
255 255 255 255
0.396973 0.078613
0.32959 0.80957
1 0 0 0
1 0 0 0
-0.010044 -0.155139 -0.014488
-0.296875 -0.007813 -0.960938
255 255 255 255
0.42627 0.078613
0.339356 0.80957
1 0 0 0
1 0 0 0
-0.003127 -0.155064 -0.015393
-0.007813 -0.007813 -1.000000
255 255 255 255
0.456543 0.078613
0.349121 0.80957
1 0 0 0
1 0 0 0
-0.002969 -0.138637 -0.015393
-0.007813 -0.007813 -1.000000
255 255 255 255
0.456543 0.062012
0.349121 0.774902
1 0 0 0
1 0 0 0
-0.022457 -0.155228 0.000000
-1.000000 0.000000 0.085938
255 255 255 255
0.340332 0.078613
0.311523 0.80957
1 0 0 0
1 0 0 0
-0.020469 -0.138784 -0.006340
-0.859375 0.000000 -0.523438
255 255 255 255
0.368164 0.062012
0.320313 0.774902
1 0 0 0
1 0 0 0
0.009895 -0.154869 0.011547
0.648438 -0.015625 0.734375
255 255 255 255
0.629883 0.078613
0.405273 0.80957
1 0 0 0
1 0 0 0
0.003791 -0.154968 0.014488
0.320313 -0.015625 0.921875
255 255 255 255
0.65918 0.078613
0.415039 0.80957
1 0 0 0
1 0 0 0
0.003949 -0.138546 0.014488
0.218750 -0.015625 0.953125
255 255 255 255
0.65918 0.062012
0.415039 0.774902
1 0 0 0
1 0 0 0
0.016204 -0.154750 0.000000
0.976563 -0.023438 -0.109375
255 255 255 255
0.572266 0.078613
0.386719 0.80957
1 0 0 0
1 0 0 0
0.014531 -0.138369 0.006340
0.828125 -0.023438 0.523438
255 255 255 255
0.601074 0.062012
0.395996 0.774902
1 0 0 0
1 0 0 0
0.003791 -0.154969 -0.014488
0.273438 -0.015625 -0.960938
255 255 255 255
0.486328 0.078613
0.358887 0.80957
1 0 0 0
1 0 0 0
0.003949 -0.138546 -0.014488
0.273438 -0.015625 -0.960938
255 255 255 255
0.486328 0.062012
0.358887 0.774902
1 0 0 0
1 0 0 0
0.009895 -0.154869 -0.011547
0.593750 -0.015625 -0.796875
255 255 255 255
0.515137 0.078613
0.368164 0.80957
1 0 0 0
1 0 0 0
0.014372 -0.154786 -0.006340
0.835938 -0.023438 -0.523438
255 255 255 255
0.543457 0.078613
0.377441 0.80957
1 0 0 0
1 0 0 0
0.014531 -0.138369 -0.006340
0.859375 -0.023438 -0.484375
255 255 255 255
0.543457 0.062012
0.377441 0.774902
1 0 0 0
1 0 0 0
-0.003260 -0.171509 0.015393
-0.054688 -0.007813 0.976563
255 255 255 255
0.689453 0.095215
0.424805 0.844727
1 0 0 0
1 0 0 0
-0.010275 -0.188041 0.014488
-0.242188 -0.007813 0.953125
255 255 255 255
0.719238 0.111816
0.434082 0.879883
1 0 0 0
1 0 0 0
-0.016378 -0.188101 0.011547
-0.562500 -0.007813 0.812500
255 255 255 255
0.748535 0.111816
0.443848 0.879883
1 0 0 0
1 0 0 0
-0.016280 -0.171646 0.011547
-0.671875 -0.007813 0.734375
255 255 255 255
0.748535 0.095215
0.443848 0.844727
1 0 0 0
1 0 0 0
-0.020855 -0.188135 0.006340
-0.851563 -0.007813 0.523438
255 255 255 255
0.776856 0.111816
0.453125 0.879883
1 0 0 0
1 0 0 0
-0.022687 -0.188148 0.000000
-1.000000 -0.007813 0.085938
255 255 255 255
0.806641 0.111816
0.462402 0.879883
1 0 0 0
1 0 0 0
-0.022589 -0.171688 0.000000
-1.000000 -0.007813 -0.109375
255 255 255 255
0.806641 0.095215
0.462402 0.844727
1 0 0 0
1 0 0 0
-0.016280 -0.171646 -0.011547
-0.585938 -0.007813 -0.820313
255 255 255 255
0.396973 0.095215
0.32959 0.844727
1 0 0 0
1 0 0 0
-0.010275 -0.188041 -0.014488
-0.296875 -0.007813 -0.960938
255 255 255 255
0.42627 0.111816
0.339356 0.879883
1 0 0 0
1 0 0 0
-0.010177 -0.171590 -0.014488
-0.296875 -0.007813 -0.960938
255 255 255 255
0.42627 0.095215
0.339356 0.844727
1 0 0 0
1 0 0 0
-0.003260 -0.171509 -0.015393
-0.007813 -0.007813 -1.000000
255 255 255 255
0.456543 0.095215
0.349121 0.844727
1 0 0 0
1 0 0 0
-0.022589 -0.171688 0.000000
-1.000000 -0.007813 -0.109375
255 255 255 255
0.340332 0.095215
0.311523 0.844727
1 0 0 0
1 0 0 0
-0.022687 -0.188148 0.000000
-1.000000 -0.007813 0.085938
255 255 255 255
0.340332 0.111816
0.311523 0.879883
1 0 0 0
1 0 0 0
-0.020855 -0.188136 -0.006340
-0.914063 -0.007813 -0.421875
255 255 255 255
0.368164 0.111816
0.320313 0.879883
1 0 0 0
1 0 0 0
-0.020757 -0.171677 -0.006340
-0.851563 -0.007813 -0.546875
255 255 255 255
0.368164 0.095215
0.320313 0.844727
1 0 0 0
1 0 0 0
0.009760 -0.171305 0.011547
0.539063 -0.015625 0.812500
255 255 255 255
0.629883 0.095215
0.405273 0.844727
1 0 0 0
1 0 0 0
0.009661 -0.187742 0.011547
0.648438 -0.015625 0.734375
255 255 255 255
0.629883 0.111816
0.405273 0.879883
1 0 0 0
1 0 0 0
0.003657 -0.171409 0.014488
0.218750 -0.015625 0.953125
255 255 255 255
0.65918 0.095215
0.415039 0.844727
1 0 0 0
1 0 0 0
0.016070 -0.171183 0.000000
0.976563 -0.015625 0.085938
255 255 255 255
0.572266 0.095215
0.386719 0.844727
1 0 0 0
1 0 0 0
0.015969 -0.187615 0.000000
0.976563 -0.015625 -0.109375
255 255 255 255
0.572266 0.111816
0.386719 0.879883
1 0 0 0
1 0 0 0
0.014238 -0.171220 0.006340
0.828125 -0.015625 0.523438
255 255 255 255
0.601074 0.095215
0.395996 0.844727
1 0 0 0
1 0 0 0
0.003657 -0.171409 -0.014488
0.273438 -0.015625 -0.960938
255 255 255 255
0.486328 0.095215
0.358887 0.844727
1 0 0 0
1 0 0 0
0.009661 -0.187743 -0.011547
0.593750 -0.015625 -0.796875
255 255 255 255
0.515137 0.111816
0.368164 0.879883
1 0 0 0
1 0 0 0
0.009760 -0.171306 -0.011547
0.593750 -0.015625 -0.796875
255 255 255 255
0.515137 0.095215
0.368164 0.844727
1 0 0 0
1 0 0 0
0.014137 -0.187654 -0.006340
0.835938 -0.015625 -0.523438
255 255 255 255
0.543457 0.111816
0.377441 0.879883
1 0 0 0
1 0 0 0
-0.003434 -0.204421 0.015393
-0.054688 -0.007813 0.976563
255 255 255 255
0.689453 0.128906
0.424805 0.915039
1 0 0 0
1 0 0 0
-0.003480 -0.220886 0.015393
0.031250 -0.007813 0.976563
255 255 255 255
0.689453 0.145508
0.424805 0.950195
1 0 0 0
1 0 0 0
-0.010395 -0.220984 0.014488
-0.242188 -0.007813 0.953125
255 255 255 255
0.719238 0.145508
0.434082 0.950195
1 0 0 0
1 0 0 0
-0.016497 -0.221055 0.011547
-0.562500 -0.007813 0.812500
255 255 255 255
0.748535 0.145508
0.443848 0.950195
1 0 0 0
1 0 0 0
-0.020973 -0.221097 0.006340
-0.851563 -0.007813 0.523438
255 255 255 255
0.776856 0.145508
0.453125 0.950195
1 0 0 0
1 0 0 0
-0.020929 -0.204616 0.006340
-0.914063 -0.007813 0.398438
255 255 255 255
0.776856 0.128906
0.453125 0.915039
1 0 0 0
1 0 0 0
-0.022804 -0.221112 0.000000
-1.000000 -0.007813 0.085938
255 255 255 255
0.806641 0.145508
0.462402 0.950195
1 0 0 0
1 0 0 0
-0.016452 -0.204578 -0.011547
-0.585938 -0.007813 -0.820313
255 255 255 255
0.396973 0.128906
0.32959 0.915039
1 0 0 0
1 0 0 0
-0.016497 -0.221055 -0.011547
-0.640625 -0.007813 -0.781250
255 255 255 255
0.396973 0.145508
0.32959 0.950195
1 0 0 0
1 0 0 0
-0.010395 -0.220984 -0.014488
-0.296875 -0.007813 -0.960938
255 255 255 255
0.42627 0.145508
0.339356 0.950195
1 0 0 0
1 0 0 0
-0.003480 -0.220886 -0.015393
-0.007813 -0.007813 -1.000000
255 255 255 255
0.456543 0.145508
0.349121 0.950195
1 0 0 0
1 0 0 0
-0.003434 -0.204420 -0.015393
-0.007813 -0.007813 -1.000000
255 255 255 255
0.456543 0.128906
0.349121 0.915039
1 0 0 0
1 0 0 0
-0.022804 -0.221112 0.000000
-1.000000 -0.007813 0.085938
255 255 255 255
0.340332 0.145508
0.311523 0.950195
1 0 0 0
1 0 0 0
-0.020973 -0.221097 -0.006340
-0.914063 -0.007813 -0.421875
255 255 255 255
0.368164 0.145508
0.320313 0.950195
1 0 0 0
1 0 0 0
0.009538 -0.220650 0.011547
0.648438 -0.015625 0.734375
255 255 255 255
0.629883 0.145508
0.405273 0.950195
1 0 0 0
1 0 0 0
0.003435 -0.220769 0.014488
0.320313 -0.015625 0.921875
255 255 255 255
0.65918 0.145508
0.415039 0.950195
1 0 0 0
1 0 0 0
0.003482 -0.204310 0.014488
0.218750 -0.015625 0.953125
255 255 255 255
0.65918 0.128906
0.415039 0.915039
1 0 0 0
1 0 0 0
0.015845 -0.220512 0.000000
0.976563 -0.015625 -0.109375
255 255 255 255
0.572266 0.145508
0.386719 0.950195
1 0 0 0
1 0 0 0
0.014014 -0.220554 0.006340
0.890625 -0.015625 0.398438
255 255 255 255
0.601074 0.145508
0.395996 0.950195
1 0 0 0
1 0 0 0
0.014061 -0.204104 0.006340
0.828125 -0.015625 0.523438
255 255 255 255
0.601074 0.128906
0.395996 0.915039
1 0 0 0
1 0 0 0
0.003435 -0.220770 -0.014488
0.273438 -0.015625 -0.960938
255 255 255 255
0.486328 0.145508
0.358887 0.950195
1 0 0 0
1 0 0 0
0.003482 -0.204310 -0.014488
0.273438 -0.015625 -0.960938
255 255 255 255
0.486328 0.128906
0.358887 0.915039
1 0 0 0
1 0 0 0
0.009538 -0.220650 -0.011547
0.593750 -0.015625 -0.796875
255 255 255 255
0.515137 0.145508
0.368164 0.950195
1 0 0 0
1 0 0 0
0.014014 -0.220554 -0.006340
0.835938 -0.015625 -0.523438
255 255 255 255
0.543457 0.145508
0.377441 0.950195
1 0 0 0
1 0 0 0
-0.003513 -0.237370 0.015393
-0.054688 -0.007813 0.976563
255 255 255 255
0.689453 0.162109
0.271484 0.539063
1 0 0 0
1 0 0 0
-0.010413 -0.253966 0.014488
-0.242188 -0.015625 0.953125
255 255 255 255
0.719238 0.179199
0.28125 0.573731
1 0 0 0
1 0 0 0
-0.010428 -0.237475 0.014488
-0.343750 -0.007813 0.921875
255 255 255 255
0.719238 0.162109
0.28125 0.539063
1 0 0 0
1 0 0 0
-0.016529 -0.237552 0.011547
-0.671875 -0.007813 0.734375
255 255 255 255
0.748535 0.162109
0.290039 0.539063
1 0 0 0
1 0 0 0
-0.020990 -0.254101 0.006340
-0.851563 -0.015625 0.523438
255 255 255 255
0.776856 0.179199
0.299316 0.573731
1 0 0 0
1 0 0 0
-0.022836 -0.237616 0.000000
-1.000000 -0.007813 -0.109375
255 255 255 255
0.806641 0.162109
0.308594 0.539063
1 0 0 0
1 0 0 0
-0.016529 -0.237552 -0.011547
-0.585938 -0.007813 -0.820313
255 255 255 255
0.396973 0.162109
0.178711 0.539063
1 0 0 0
1 0 0 0
-0.010428 -0.237475 -0.014488
-0.296875 -0.007813 -0.960938
255 255 255 255
0.42627 0.162109
0.187988 0.539063
1 0 0 0
1 0 0 0
-0.003513 -0.237370 -0.015393
-0.007813 -0.007813 -1.000000
255 255 255 255
0.456543 0.162109
0.197266 0.539063
1 0 0 0
1 0 0 0
-0.022836 -0.237616 0.000000
-1.000000 -0.007813 -0.109375
255 255 255 255
0.340332 0.162109
0.160645 0.539063
1 0 0 0
1 0 0 0
-0.021005 -0.237599 -0.006340
-0.851563 -0.007813 -0.546875
255 255 255 255
0.368164 0.162109
0.169434 0.539063
1 0 0 0
1 0 0 0
0.009503 -0.237120 0.011547
0.539063 -0.007813 0.812500
255 255 255 255
0.629883 0.162109
0.252441 0.539063
1 0 0 0
1 0 0 0
0.003401 -0.237246 0.014488
0.218750 -0.007813 0.953125
255 255 255 255
0.65918 0.162109
0.262207 0.539063
1 0 0 0
1 0 0 0
0.015822 -0.253439 0.000000
0.976563 -0.007813 -0.109375
255 255 255 255
0.572266 0.179199
0.234375 0.573731
1 0 0 0
1 0 0 0
0.013979 -0.237019 0.006340
0.828125 -0.015625 0.523438
255 255 255 255
0.601074 0.162109
0.243652 0.539063
1 0 0 0
1 0 0 0
0.003401 -0.237246 -0.014488
0.273438 -0.007813 -0.960938
255 255 255 255
0.486328 0.162109
0.207031 0.539063
1 0 0 0
1 0 0 0
0.009503 -0.237121 -0.011547
0.593750 -0.007813 -0.796875
255 255 255 255
0.515137 0.162109
0.216309 0.539063
1 0 0 0
1 0 0 0
0.013991 -0.253485 -0.006340
0.835938 -0.007813 -0.523438
255 255 255 255
0.543457 0.179199
0.225098 0.573731
1 0 0 0
1 0 0 0
0.013979 -0.237019 -0.006340
0.875000 -0.015625 -0.453125
255 255 255 255
0.543457 0.162109
0.225098 0.539063
1 0 0 0
1 0 0 0
-0.003426 -0.270356 0.015393
-0.007813 -0.007813 0.984375
255 255 255 255
0.689453 0.196289
0.271484 0.608398
1 0 0 0
1 0 0 0
-0.003287 -0.286858 0.015393
-0.007813 -0.007813 0.984375
255 255 255 255
0.689453 0.212891
0.271484 0.643555
1 0 0 0
1 0 0 0
-0.010200 -0.286987 0.014488
-0.296875 -0.015625 0.937500
255 255 255 255
0.719238 0.212891
0.28125 0.643555
1 0 0 0
1 0 0 0
-0.016439 -0.270568 0.011547
-0.617188 -0.015625 0.773438
255 255 255 255
0.748535 0.196289
0.290039 0.608398
1 0 0 0
1 0 0 0
-0.016300 -0.287086 0.011547
-0.617188 -0.015625 0.773438
255 255 255 255
0.748535 0.212891
0.290039 0.643555
1 0 0 0
1 0 0 0
-0.020774 -0.287149 0.006340
-0.882813 -0.023438 0.460938
255 255 255 255
0.776856 0.212891
0.299316 0.643555
1 0 0 0
1 0 0 0
-0.022745 -0.270647 0.000000
-1.000000 -0.007813 -0.007813
255 255 255 255
0.806641 0.196289
0.308594 0.608398
1 0 0 0
1 0 0 0
-0.022605 -0.287173 0.000000
-1.000000 -0.007813 -0.007813
255 255 255 255
0.806641 0.212891
0.308594 0.643555
1 0 0 0
1 0 0 0
-0.010200 -0.286987 -0.014488
-0.343750 -0.015625 -0.945313
255 255 255 255
0.42627 0.212891
0.187988 0.643555
1 0 0 0
1 0 0 0
-0.010339 -0.270477 -0.014488
-0.265625 -0.015625 -0.968750
255 255 255 255
0.42627 0.196289
0.187988 0.608398
1 0 0 0
1 0 0 0
-0.016439 -0.270568 -0.011547
-0.593750 -0.015625 -0.812500
255 255 255 255
0.396973 0.196289
0.178711 0.608398
1 0 0 0
1 0 0 0
-0.016300 -0.287086 -0.011547
-0.648438 -0.015625 -0.773438
255 255 255 255
0.396973 0.212891
0.178711 0.643555
1 0 0 0
1 0 0 0
-0.003287 -0.286858 -0.015393
-0.054688 -0.007813 -1.000000
255 255 255 255
0.456543 0.212891
0.197266 0.643555
1 0 0 0
1 0 0 0
-0.003425 -0.270356 -0.015393
-0.007813 -0.007813 -1.000000
255 255 255 255
0.456543 0.196289
0.197266 0.608398
1 0 0 0
1 0 0 0
-0.020914 -0.270625 -0.006340
-0.882813 -0.015625 -0.484375
255 255 255 255
0.368164 0.196289
0.169434 0.608398
1 0 0 0
1 0 0 0
-0.022745 -0.270647 0.000000
-1.000000 -0.007813 -0.007813
255 255 255 255
0.340332 0.196289
0.160645 0.608398
1 0 0 0
1 0 0 0
-0.022605 -0.287173 0.000000
-1.000000 -0.007813 -0.007813
255 255 255 255
0.340332 0.212891
0.160645 0.643555
1 0 0 0
1 0 0 0
-0.020774 -0.287149 -0.006340
-0.882813 -0.023438 -0.484375
255 255 255 255
0.368164 0.212891
0.169434 0.643555
1 0 0 0
1 0 0 0
0.003488 -0.270216 0.014488
0.273438 -0.007813 0.937500
255 255 255 255
0.65918 0.196289
0.262207 0.608398
1 0 0 0
1 0 0 0
0.009588 -0.270077 0.011547
0.593750 -0.007813 0.773438
255 255 255 255
0.629883 0.196289
0.252441 0.608398
1 0 0 0
1 0 0 0
0.009725 -0.286563 0.011547
0.593750 -0.007813 0.773438
255 255 255 255
0.629883 0.212891
0.252441 0.643555
1 0 0 0
1 0 0 0
0.003625 -0.286709 0.014488
0.273438 -0.007813 0.937500
255 255 255 255
0.65918 0.212891
0.262207 0.643555
1 0 0 0
1 0 0 0
0.014063 -0.269965 0.006340
0.859375 -0.007813 0.460938
255 255 255 255
0.601074 0.196289
0.243652 0.608398
1 0 0 0
1 0 0 0
0.015894 -0.269917 0.000000
0.984375 -0.007813 -0.007813
255 255 255 255
0.572266 0.196289
0.234375 0.608398
1 0 0 0
1 0 0 0
0.016031 -0.286396 0.000000
0.984375 -0.007813 -0.007813
255 255 255 255
0.572266 0.212891
0.234375 0.643555
1 0 0 0
1 0 0 0
0.014200 -0.286446 0.006340
0.859375 0.000000 0.460938
255 255 255 255
0.601074 0.212891
0.243652 0.643555
1 0 0 0
1 0 0 0
0.003488 -0.270216 -0.014488
0.273438 -0.007813 -0.960938
255 255 255 255
0.486328 0.196289
0.207031 0.608398
1 0 0 0
1 0 0 0
0.009725 -0.286563 -0.011547
0.562500 -0.007813 -0.820313
255 255 255 255
0.515137 0.212891
0.216309 0.643555
1 0 0 0
1 0 0 0
0.009588 -0.270077 -0.011547
0.593750 -0.007813 -0.796875
255 255 255 255
0.515137 0.196289
0.216309 0.608398
1 0 0 0
1 0 0 0
0.014200 -0.286446 -0.006340
0.843750 0.000000 -0.507813
255 255 255 255
0.543457 0.212891
0.225098 0.643555
1 0 0 0
1 0 0 0
-0.003113 -0.303378 0.015393
-0.054688 -0.015625 0.976563
255 255 255 255
0.689453 0.229981
0.271484 0.678223
1 0 0 0
1 0 0 0
-0.009777 -0.320046 0.014488
-0.242188 -0.015625 0.953125
255 255 255 255
0.719238 0.24707
0.28125 0.713379
1 0 0 0
1 0 0 0
-0.015876 -0.320162 0.011547
-0.562500 -0.023438 0.812500
255 255 255 255
0.748535 0.24707
0.290039 0.713379
1 0 0 0
1 0 0 0
-0.020349 -0.320239 0.006340
-0.851563 -0.023438 0.523438
255 255 255 255
0.776856 0.24707
0.299316 0.713379
1 0 0 0
1 0 0 0
-0.022180 -0.320267 0.000000
-1.000000 -0.031250 0.085938
255 255 255 255
0.806641 0.24707
0.308594 0.713379
1 0 0 0
1 0 0 0
-0.015876 -0.320163 -0.011547
-0.671875 -0.023438 -0.757813
255 255 255 255
0.396973 0.24707
0.178711 0.713379
1 0 0 0
1 0 0 0
-0.010025 -0.303518 -0.014488
-0.242188 -0.015625 -0.976563
255 255 255 255
0.42627 0.229981
0.187988 0.678223
1 0 0 0
1 0 0 0
-0.002866 -0.319897 -0.015393
-0.054688 -0.015625 -1.000000
255 255 255 255
0.456543 0.24707
0.197266 0.713379
1 0 0 0
1 0 0 0
-0.022180 -0.320267 0.000000
-1.000000 -0.031250 0.085938
255 255 255 255
0.340332 0.24707
0.160645 0.713379
1 0 0 0
1 0 0 0
-0.020349 -0.320238 -0.006340
-0.914063 -0.031250 -0.421875
255 255 255 255
0.368164 0.24707
0.169434 0.713379
1 0 0 0
1 0 0 0
0.010143 -0.319564 0.011547
0.648438 0.000000 0.734375
255 255 255 255
0.629883 0.24707
0.252441 0.713379
1 0 0 0
1 0 0 0
0.004045 -0.319728 0.014488
0.320313 -0.007813 0.921875
255 255 255 255
0.65918 0.24707
0.262207 0.713379
1 0 0 0
1 0 0 0
0.016447 -0.319379 0.000000
0.976563 0.007813 -0.109375
255 255 255 255
0.572266 0.24707
0.234375 0.713379
1 0 0 0
1 0 0 0
0.014617 -0.319435 0.006340
0.890625 0.000000 0.398438
255 255 255 255
0.601074 0.24707
0.243652 0.713379
1 0 0 0
1 0 0 0
0.004045 -0.319729 -0.014488
0.218750 -0.007813 -0.976563
255 255 255 255
0.486328 0.24707
0.207031 0.713379
1 0 0 0
1 0 0 0
0.003799 -0.303219 -0.014488
0.304688 -0.007813 -0.953125
255 255 255 255
0.486328 0.229981
0.207031 0.678223
1 0 0 0
1 0 0 0
0.010143 -0.319564 -0.011547
0.539063 0.000000 -0.835938
255 255 255 255
0.515137 0.24707
0.216309 0.713379
1 0 0 0
1 0 0 0
0.014617 -0.319435 -0.006340
0.828125 0.000000 -0.546875
255 255 255 255
0.543457 0.24707
0.225098 0.713379
1 0 0 0
1 0 0 0
-0.002551 -0.336433 0.015393
-0.054688 -0.015625 0.976563
255 255 255 255
0.689453 0.264648
0.271484 0.749023
1 0 0 0
1 0 0 0
-0.002105 -0.352966 0.015393
-0.007813 -0.007813 0.984375
255 255 255 255
0.689453 0.281738
0.271484 0.78418
1 0 0 0
1 0 0 0
-0.009461 -0.336594 0.014488
-0.343750 -0.023438 0.921875
255 255 255 255
0.719238 0.264648
0.28125 0.749023
1 0 0 0
1 0 0 0
-0.015112 -0.353275 0.011547
-0.585938 -0.031250 0.796875
255 255 255 255
0.748535 0.281738
0.290039 0.78418
1 0 0 0
1 0 0 0
-0.020032 -0.336804 0.006340
-0.914063 -0.031250 0.398438
255 255 255 255
0.776856 0.264648
0.299316 0.749023
1 0 0 0
1 0 0 0
-0.021414 -0.353401 0.000000
-1.000000 -0.039063 0.046875
255 255 255 255
0.806641 0.281738
0.308594 0.78418
1 0 0 0
1 0 0 0
-0.015112 -0.353275 -0.011547
-0.648438 -0.031250 -0.773438
255 255 255 255
0.396973 0.281738
0.178711 0.78418
1 0 0 0
1 0 0 0
-0.009015 -0.353139 -0.014488
-0.320313 -0.023438 -0.953125
255 255 255 255
0.42627 0.281738
0.187988 0.78418
1 0 0 0
1 0 0 0
-0.009461 -0.336594 -0.014488
-0.242188 -0.015625 -0.976563
255 255 255 255
0.42627 0.264648
0.187988 0.749023
1 0 0 0
1 0 0 0
-0.002105 -0.352966 -0.015393
-0.007813 -0.007813 -1.000000
255 255 255 255
0.456543 0.281738
0.197266 0.78418
1 0 0 0
1 0 0 0
-0.021414 -0.353401 0.000000
-1.000000 -0.039063 0.046875
255 255 255 255
0.340332 0.281738
0.160645 0.78418
1 0 0 0
1 0 0 0
-0.019584 -0.353366 -0.006340
-0.898438 -0.039063 -0.453125
255 255 255 255
0.368164 0.281738
0.169434 0.78418
1 0 0 0
1 0 0 0
0.010902 -0.352591 0.011547
0.625000 0.007813 0.750000
255 255 255 255
0.629883 0.281738
0.252441 0.78418
1 0 0 0
1 0 0 0
0.004805 -0.352775 0.014488
0.289063 0.000000 0.929688
255 255 255 255
0.65918 0.281738
0.262207 0.78418
1 0 0 0
1 0 0 0
0.017205 -0.352385 0.000000
0.976563 0.015625 -0.070313
255 255 255 255
0.572266 0.281738
0.234375 0.78418
1 0 0 0
1 0 0 0
0.015374 -0.352446 0.006340
0.875000 0.015625 0.429688
255 255 255 255
0.601074 0.281738
0.243652 0.78418
1 0 0 0
1 0 0 0
0.004359 -0.336253 -0.014488
0.320313 0.000000 -0.945313
255 255 255 255
0.486328 0.264648
0.207031 0.749023
1 0 0 0
1 0 0 0
0.010902 -0.352591 -0.011547
0.562500 0.007813 -0.820313
255 255 255 255
0.515137 0.281738
0.216309 0.78418
1 0 0 0
1 0 0 0
0.015374 -0.352446 -0.006340
0.843750 0.015625 -0.507813
255 255 255 255
0.543457 0.281738
0.225098 0.78418
1 0 0 0
1 0 0 0
0.014006 -0.669228 0.014834
0.125000 -0.992188 -0.007813
255 255 255 255
1.101563 0.846191
0.422852 0.342773
1 0 0 0
1 0 0 0
0.025964 -0.667558 0.014834
0.125000 -0.992188 -0.007813
255 255 255 255
1.15332 0.846191
0.441895 0.342773
1 0 0 0
1 0 0 0
0.002234 -0.660456 0.008790
-0.140625 0.968750 -0.007813
255 255 255 255
1.050293 0.833984
0.403809 0.323242
1 0 0 0
1 0 0 0
0.012923 -0.659052 0.014834
-0.140625 0.968750 -0.007813
255 255 255 255
1.101563 0.833984
0.422852 0.323242
1 0 0 0
1 0 0 0
0.024884 -0.657432 0.014834
-0.148438 0.968750 -0.007813
255 255 255 255
1.15332 0.833984
0.441895 0.323242
1 0 0 0
1 0 0 0
0.014006 -0.669228 -0.014834
0.125000 -0.992188 -0.007813
255 255 255 255
1.101563 0.846191
0.422852 0.256836
1 0 0 0
1 0 0 0
0.025964 -0.667558 -0.014834
0.125000 -0.992188 -0.007813
255 255 255 255
1.15332 0.846191
0.441895 0.256836
1 0 0 0
1 0 0 0
0.012923 -0.659052 -0.014834
-0.140625 0.968750 -0.007813
255 255 255 255
1.101563 0.833984
0.422852 0.237793
1 0 0 0
1 0 0 0
0.024884 -0.657432 -0.014834
-0.148438 0.968750 -0.007813
255 255 255 255
1.15332 0.833984
0.441895 0.237793
1 0 0 0
1 0 0 0
0.022470 -0.736642 0.014834
0.148438 -0.992188 -0.007813
255 255 255 255
1.101563 0.846191
0.422852 0.279297
1 0 0 0
1 0 0 0
0.034378 -0.734649 0.014834
0.156250 -0.992188 -0.007813
255 255 255 255
1.15332 0.846191
0.441895 0.279297
1 0 0 0
1 0 0 0
0.010465 -0.728192 0.008790
-0.164063 0.968750 -0.007813
255 255 255 255
1.050293 0.833984
0.403809 0.259766
1 0 0 0
1 0 0 0
0.021111 -0.726498 0.014834
-0.171875 0.968750 -0.007813
255 255 255 255
1.101563 0.833984
0.422852 0.259766
1 0 0 0
1 0 0 0
0.033024 -0.724555 0.014834
-0.171875 0.968750 -0.007813
255 255 255 255
1.15332 0.833984
0.441895 0.259766
1 0 0 0
1 0 0 0
0.022470 -0.736642 -0.014834
0.148438 -0.992188 -0.007813
255 255 255 255
1.101563 0.846191
0.104492 0.120117
1 0 0 0
1 0 0 0
0.034378 -0.734649 -0.014834
0.156250 -0.992188 -0.007813
255 255 255 255
1.15332 0.846191
0.123535 0.120117
1 0 0 0
1 0 0 0
0.021111 -0.726498 -0.014834
-0.171875 0.968750 -0.007813
255 255 255 255
1.101563 0.833984
0.104492 0.091797
1 0 0 0
1 0 0 0
0.033024 -0.724555 -0.014834
-0.171875 0.968750 -0.007813
255 255 255 255
1.15332 0.833984
0.123535 0.091797
1 0 0 0
1 0 0 0
0.009471 -0.100344 -0.005473
-0.265625 -0.007813 0.945313
255 255 255 255
0.476074 0.905762
0.357422 0.216309
1 0 0 0
1 0 0 0
-0.003513 -0.237370 0.015393
-0.054688 -0.007813 0.976563
255 255 255 255
0.689453 0.162109
0.424805 0.985352
1 0 0 0
1 0 0 0
-0.010428 -0.237475 0.014488
-0.343750 -0.007813 0.921875
255 255 255 255
0.719238 0.162109
0.434082 0.985352
1 0 0 0
1 0 0 0
-0.016529 -0.237552 0.011547
-0.671875 -0.007813 0.734375
255 255 255 255
0.748535 0.162109
0.443848 0.985352
1 0 0 0
1 0 0 0
-0.022836 -0.237616 0.000000
-1.000000 -0.007813 -0.109375
255 255 255 255
0.806641 0.162109
0.462402 0.985352
1 0 0 0
1 0 0 0
-0.010428 -0.237475 -0.014488
-0.296875 -0.007813 -0.960938
255 255 255 255
0.42627 0.162109
0.339356 0.985352
1 0 0 0
1 0 0 0
-0.016529 -0.237552 -0.011547
-0.585938 -0.007813 -0.820313
255 255 255 255
0.396973 0.162109
0.32959 0.985352
1 0 0 0
1 0 0 0
-0.003513 -0.237370 -0.015393
-0.007813 -0.007813 -1.000000
255 255 255 255
0.456543 0.162109
0.349121 0.985352
1 0 0 0
1 0 0 0
-0.022836 -0.237616 0.000000
-1.000000 -0.007813 -0.109375
255 255 255 255
0.340332 0.162109
0.311523 0.985352
1 0 0 0
1 0 0 0
-0.021005 -0.237599 -0.006340
-0.851563 -0.007813 -0.546875
255 255 255 255
0.368164 0.162109
0.320313 0.985352
1 0 0 0
1 0 0 0
0.009503 -0.237120 0.011547
0.539063 -0.007813 0.812500
255 255 255 255
0.629883 0.162109
0.405273 0.985352
1 0 0 0
1 0 0 0
0.003401 -0.237246 0.014488
0.218750 -0.007813 0.953125
255 255 255 255
0.65918 0.162109
0.415039 0.985352
1 0 0 0
1 0 0 0
0.013979 -0.237019 0.006340
0.828125 -0.015625 0.523438
255 255 255 255
0.601074 0.162109
0.395996 0.985352
1 0 0 0
1 0 0 0
0.003401 -0.237246 -0.014488
0.273438 -0.007813 -0.960938
255 255 255 255
0.486328 0.162109
0.358887 0.985352
1 0 0 0
1 0 0 0
0.009503 -0.237121 -0.011547
0.593750 -0.007813 -0.796875
255 255 255 255
0.515137 0.162109
0.368164 0.985352
1 0 0 0
1 0 0 0
0.013979 -0.237019 -0.006340
0.875000 -0.015625 -0.453125
255 255 255 255
0.543457 0.162109
0.377441 0.985352
1 0 0 0
1 0 0 0
0.044623 -0.735452 -0.008192
-0.789063 -0.109375 -0.625000
255 255 255 255
0.252441 0.234863
0.343262 0.413574
1 0 0 0
1 0 0 0
0.045551 -0.735301 -0.009388
0.046875 0.000000 -1.000000
255 255 255 255
0.257324 0.234863
0.345215 0.413574
1 0 0 0
1 0 0 0
0.046280 -0.748150 -0.008192
-0.781250 -0.117188 -0.625000
255 255 255 255
0.252441 0.245606
0.343262 0.442383
1 0 0 0
1 0 0 0
0.049528 -0.773547 -0.008363
-0.687500 -0.101563 -0.734375
255 255 255 255
0.25293 0.27002
0.343262 0.505859
1 0 0 0
1 0 0 0
0.048903 -0.760680 -0.009388
0.046875 0.000000 -1.000000
255 255 255 255
0.257813 0.257813
0.345215 0.473145
1 0 0 0
1 0 0 0
0.054228 -0.798673 -0.009388
0.046875 0.000000 -1.000000
255 255 255 255
0.257813 0.29541
0.345703 0.571289
0 0 0 0
1 0 0 0
0.055158 -0.811498 -0.008192
-0.781250 -0.125000 -0.625000
255 255 255 255
0.25293 0.307617
0.34375 0.603516
0 0 0 0
1 0 0 0
0.057976 -0.823951 -0.009386
0.078125 0.000000 -1.000000
255 255 255 255
0.258301 0.319824
0.345703 0.635254
0 0 0 0
1 0 0 0
0.048538 -0.734815 -0.004417
0.882813 0.101563 -0.421875
255 255 255 255
0.276367 0.234863
0.353027 0.413574
1 0 0 0
1 0 0 0
0.049627 -0.734637 0.000000
0.968750 0.117188 -0.007813
255 255 255 255
0.291016 0.234863
0.358887 0.413574
1 0 0 0
1 0 0 0
0.050192 -0.747494 -0.004417
0.890625 0.109375 -0.414063
255 255 255 255
0.276367 0.245606
0.353027 0.442383
1 0 0 0
1 0 0 0
0.055327 -0.785484 -0.004385
0.914063 0.125000 -0.351563
255 255 255 255
0.276856 0.282715
0.353027 0.538086
1 0 0 0
1 0 0 0
0.051887 -0.760163 -0.004417
0.898438 0.109375 -0.390625
255 255 255 255
0.276856 0.257813
0.353027 0.473145
1 0 0 0
1 0 0 0
0.060146 -0.810523 0.000000
0.968750 0.132813 -0.007813
255 255 255 255
0.291016 0.307617
0.358887 0.603516
0 0 0 0
1 0 0 0
0.059060 -0.810736 -0.004417
0.890625 0.125000 -0.398438
255 255 255 255
0.276856 0.307617
0.353027 0.603516
0 0 0 0
1 0 0 0
0.060953 -0.823353 -0.004417
0.890625 0.125000 -0.398438
255 255 255 255
0.276856 0.319824
0.353027 0.635254
0 0 0 0
1 0 0 0
0.056481 -0.785271 0.000000
0.968750 0.125000 -0.007813
255 255 255 255
0.291016 0.282715
0.358887 0.538086
1 0 0 0
1 0 0 0
0.054708 -0.772629 0.000000
0.968750 0.125000 -0.007813
255 255 255 255
0.291016 0.27002
0.358887 0.505859
1 0 0 0
1 0 0 0
0.051281 -0.747310 0.000000
0.968750 0.117188 -0.007813
255 255 255 255
0.291016 0.245606
0.358887 0.442383
1 0 0 0
1 0 0 0
0.044623 -0.735452 0.008192
-0.789063 -0.109375 0.601563
255 255 255 255
0.32959 0.234863
0.374023 0.413574
1 0 0 0
1 0 0 0
0.045551 -0.735301 0.009388
0.320313 0.031250 0.921875
255 255 255 255
0.324219 0.234863
0.37207 0.413574
1 0 0 0
1 0 0 0
0.046280 -0.748150 0.008192
-0.781250 -0.117188 0.601563
255 255 255 255
0.329102 0.245606
0.374023 0.442383
1 0 0 0
1 0 0 0
0.049528 -0.773547 0.008363
-0.687500 -0.101563 0.710938
255 255 255 255
0.329102 0.27002
0.374023 0.505859
1 0 0 0
1 0 0 0
0.048903 -0.760680 0.009388
0.046875 0.000000 0.976563
255 255 255 255
0.324219 0.257813
0.37207 0.473145
1 0 0 0
1 0 0 0
0.054228 -0.798673 0.009388
0.046875 0.000000 0.976563
255 255 255 255
0.323731 0.29541
0.37207 0.571289
0 0 0 0
1 0 0 0
0.055158 -0.811498 0.008192
-0.781250 -0.125000 0.601563
255 255 255 255
0.328613 0.307617
0.374023 0.603516
0 0 0 0
1 0 0 0
0.057976 -0.823951 0.009386
0.078125 0.000000 0.976563
255 255 255 255
0.323731 0.319824
0.37207 0.635254
0 0 0 0
1 0 0 0
0.048538 -0.734815 0.004417
0.882813 0.101563 0.398438
255 255 255 255
0.305176 0.234863
0.364746 0.413574
1 0 0 0
1 0 0 0
0.050192 -0.747494 0.004417
0.890625 0.109375 0.390625
255 255 255 255
0.305176 0.245606
0.364746 0.442383
1 0 0 0
1 0 0 0
0.055327 -0.785484 0.004385
0.914063 0.125000 0.328125
255 255 255 255
0.305176 0.282715
0.364258 0.538086
1 0 0 0
1 0 0 0
0.051887 -0.760163 0.004417
0.898438 0.109375 0.367188
255 255 255 255
0.305176 0.257813
0.364746 0.473145
1 0 0 0
1 0 0 0
0.060953 -0.823353 0.004417
0.890625 0.125000 0.375000
255 255 255 255
0.305176 0.319824
0.364258 0.635254
0 0 0 0
1 0 0 0
0.059060 -0.810736 0.004417
0.890625 0.125000 0.375000
255 255 255 255
0.305176 0.307617
0.364258 0.603516
0 0 0 0
1 0 0 0
0.030082 -0.790093 0.014834
0.148438 -0.992188 -0.007813
255 255 255 255
1.101563 0.846191
0.422852 0.320313
1 0 0 0
1 0 0 0
0.041990 -0.788100 0.014834
0.156250 -0.992188 -0.007813
255 255 255 255
1.15332 0.846191
0.441895 0.320313
1 0 0 0
1 0 0 0
0.018077 -0.781643 0.008790
-0.164063 0.968750 -0.007813
255 255 255 255
1.050293 0.833984
0.403809 0.300781
1 0 0 0
1 0 0 0
0.028724 -0.779950 0.014834
-0.171875 0.968750 -0.007813
255 255 255 255
1.101563 0.833984
0.422852 0.300781
1 0 0 0
1 0 0 0
0.040636 -0.778007 0.014834
-0.171875 0.968750 -0.007813
255 255 255 255
1.15332 0.833984
0.441895 0.300781
1 0 0 0
1 0 0 0
0.030082 -0.790093 -0.014834
0.148438 -0.992188 -0.007813
255 255 255 255
0.101563 0.846191
0.380859 0.196289
1 0 0 0
1 0 0 0
0.041990 -0.788100 -0.014834
0.156250 -0.992188 -0.007813
255 255 255 255
0.15332 0.846191
0.399902 0.196289
1 0 0 0
1 0 0 0
0.028724 -0.779950 -0.014834
-0.171875 0.968750 -0.007813
255 255 255 255
0.101563 0.833984
0.380859 0.176758
1 0 0 0
1 0 0 0
0.040636 -0.778007 -0.014834
-0.171875 0.968750 -0.007813
255 255 255 255
0.15332 0.833984
0.399902 0.176758
1 0 0 0
1 0 0 0
0.005118 -0.668810 0.008192
0.765625 0.070313 0.601563
255 255 255 255
0.253906 0.34082
0.311523 0.21582
1 0 0 0
1 0 0 0
0.004187 -0.668912 0.009388
0.203125 0.015625 0.953125
255 255 255 255
0.258789 0.341309
0.313477 0.21582
1 0 0 0
1 0 0 0
0.005935 -0.675884 0.008192
0.742188 0.078125 0.632813
255 255 255 255
0.253906 0.37793
0.311523 0.304199
1 0 0 0
1 0 0 0
0.005005 -0.676000 0.009388
-0.343750 -0.046875 0.921875
255 255 255 255
0.258789 0.37793
0.313477 0.304199
1 0 0 0
1 0 0 0
0.007588 -0.688744 0.008363
0.664063 0.070313 0.710938
255 255 255 255
0.253906 0.390625
0.311523 0.334473
1 0 0 0
1 0 0 0
0.020614 -0.791681 0.008192
0.757813 0.093750 0.601563
255 255 255 255
0.254883 0.488281
0.312012 0.567383
1 0 0 0
1 0 0 0
0.022446 -0.804510 0.008192
0.757813 0.101563 0.601563
255 255 255 255
0.254883 0.500488
0.312012 0.59668
0 0 0 0
1 0 0 0
0.021520 -0.804674 0.009388
-0.070313 -0.023438 0.976563
255 255 255 255
0.259766 0.500488
0.313477 0.59668
0 0 0 0
1 0 0 0
0.017898 -0.778996 0.009386
-0.070313 -0.023438 0.976563
255 255 255 255
0.259766 0.476074
0.313477 0.539063
1 0 0 0
1 0 0 0
0.016153 -0.766144 0.009386
-0.085938 -0.023438 0.976563
255 255 255 255
0.259766 0.464844
0.313477 0.512207
1 0 0 0
1 0 0 0
0.017149 -0.765996 0.008202
0.718750 0.078125 0.656250
255 255 255 255
0.254883 0.464844
0.311523 0.512207
1 0 0 0
1 0 0 0
0.009538 -0.714669 0.009388
-0.070313 -0.023438 0.976563
255 255 255 255
0.259277 0.416016
0.313477 0.394531
1 0 0 0
1 0 0 0
0.023392 -0.817500 0.009388
-0.070313 -0.023438 0.976563
255 255 255 255
0.259766 0.514648
0.313477 0.630859
0 0 0 0
1 0 0 0
0.012058 -0.727414 0.008192
0.765625 0.085938 0.601563
255 255 255 255
0.254395 0.428223
0.311523 0.424316
1 0 0 0
1 0 0 0
0.011129 -0.727549 0.009388
-0.070313 -0.015625 0.976563
255 255 255 255
0.259277 0.428223
0.313477 0.424316
1 0 0 0
1 0 0 0
0.026305 -0.830645 0.008192
0.757813 0.109375 0.601563
255 255 255 255
0.254883 0.527344
0.312012 0.660645
0 0 0 0
1 0 0 0
0.001190 -0.669240 0.004417
-0.898438 -0.109375 0.414063
255 255 255 255
0.277832 0.341309
0.320313 0.21582
1 0 0 0
1 0 0 0
0.000097 -0.669358 0.000000
-1.000000 -0.117188 -0.007813
255 255 255 255
0.291992 0.341309
0.325684 0.21582
1 0 0 0
1 0 0 0
0.003552 -0.689273 0.004385
-0.921875 -0.117188 0.367188
255 255 255 255
0.277832 0.390625
0.320313 0.334473
1 0 0 0
1 0 0 0
0.005064 -0.702177 0.004385
-0.937500 -0.117188 0.328125
255 255 255 255
0.277832 0.40332
0.320313 0.364258
1 0 0 0
1 0 0 0
0.002012 -0.676371 0.004417
-0.921875 -0.117188 0.367188
255 255 255 255
0.277832 0.37793
0.320313 0.304199
1 0 0 0
1 0 0 0
0.016708 -0.792352 0.004417
-0.929688 -0.140625 0.351563
255 255 255 255
0.27832 0.488281
0.320313 0.567383
1 0 0 0
1 0 0 0
0.018542 -0.805202 0.004417
-0.914063 -0.140625 0.367188
255 255 255 255
0.27832 0.500488
0.320313 0.59668
0 0 0 0
1 0 0 0
0.013175 -0.766621 0.004404
-0.921875 -0.132813 0.375000
255 255 255 255
0.27832 0.464844
0.320313 0.512207
1 0 0 0
1 0 0 0
0.007052 -0.728137 0.000000
-0.992188 -0.132813 -0.007813
255 255 255 255
0.291992 0.428223
0.325684 0.424316
1 0 0 0
1 0 0 0
0.008142 -0.727980 0.004417
-0.921875 -0.125000 0.367188
255 255 255 255
0.27832 0.428223
0.320313 0.424316
1 0 0 0
1 0 0 0
0.009775 -0.740870 0.004417
-0.921875 -0.132813 0.367188
255 255 255 255
0.27832 0.44043
0.320313 0.453613
1 0 0 0
1 0 0 0
0.010360 -0.753920 0.000000
-0.992188 -0.140625 -0.007813
255 255 255 255
0.291992 0.453125
0.325684 0.483887
1 0 0 0
1 0 0 0
0.003906 -0.702331 0.000000
-1.000000 -0.125000 -0.007813
255 255 255 255
0.291992 0.40332
0.325684 0.364258
1 0 0 0
1 0 0 0
0.002393 -0.689422 0.000000
-1.000000 -0.125000 -0.007813
255 255 255 255
0.291992 0.390625
0.325684 0.334473
1 0 0 0
1 0 0 0
0.000921 -0.676505 0.000000
-1.000000 -0.125000 -0.007813
255 255 255 255
0.291992 0.37793
0.325684 0.304199
1 0 0 0
1 0 0 0
0.019329 -0.818241 0.000000
-0.992188 -0.156250 -0.007813
255 255 255 255
0.291992 0.514648
0.325684 0.630859
0 0 0 0
1 0 0 0
0.022405 -0.831382 0.004417
-0.914063 -0.148438 0.375000
255 255 255 255
0.27832 0.527344
0.320313 0.660645
0 0 0 0
1 0 0 0
0.017455 -0.805394 0.000000
-0.992188 -0.156250 -0.007813
255 255 255 255
0.291992 0.500488
0.325684 0.59668
0 0 0 0
1 0 0 0
0.015621 -0.792538 0.000000
-0.992188 -0.148438 -0.007813
255 255 255 255
0.291992 0.488281
0.325684 0.567383
1 0 0 0
1 0 0 0
0.013827 -0.779671 0.000000
-0.992188 -0.148438 -0.007813
255 255 255 255
0.291992 0.476074
0.325684 0.539063
1 0 0 0
1 0 0 0
0.005118 -0.668810 -0.008192
0.765625 0.070313 -0.625000
255 255 255 255
0.330566 0.34082
0.339844 0.21582
1 0 0 0
1 0 0 0
0.004187 -0.668912 -0.009388
-0.070313 -0.015625 -1.000000
255 255 255 255
0.325684 0.341309
0.337891 0.21582
1 0 0 0
1 0 0 0
0.005005 -0.676000 -0.009388
-0.070313 -0.015625 -1.000000
255 255 255 255
0.325195 0.37793
0.337891 0.304199
1 0 0 0
1 0 0 0
0.005935 -0.675884 -0.008192
0.734375 0.078125 -0.664063
255 255 255 255
0.330566 0.37793
0.339844 0.304199
1 0 0 0
1 0 0 0
0.007588 -0.688744 -0.008363
0.664063 0.070313 -0.734375
255 255 255 255
0.330078 0.390625
0.339844 0.334473
1 0 0 0
1 0 0 0
0.006506 -0.688892 -0.009398
-0.125000 -0.023438 -1.000000
255 255 255 255
0.325195 0.390625
0.337891 0.334473
1 0 0 0
1 0 0 0
0.020614 -0.791681 -0.008192
0.757813 0.093750 -0.625000
255 255 255 255
0.32959 0.488281
0.339356 0.567383
1 0 0 0
1 0 0 0
0.021520 -0.804674 -0.009388
-0.265625 -0.046875 -0.968750
255 255 255 255
0.324707 0.500488
0.337402 0.59668
0 0 0 0
1 0 0 0
0.022446 -0.804510 -0.008192
0.757813 0.101563 -0.625000
255 255 255 255
0.32959 0.500488
0.339356 0.59668
0 0 0 0
1 0 0 0
0.017898 -0.778996 -0.009386
-0.070313 -0.023438 -1.000000
255 255 255 255
0.324707 0.476074
0.337402 0.539063
1 0 0 0
1 0 0 0
0.017149 -0.765996 -0.008202
0.742188 0.078125 -0.656250
255 255 255 255
0.32959 0.464844
0.339356 0.512207
1 0 0 0
1 0 0 0
0.009538 -0.714669 -0.009388
-0.070313 -0.023438 -1.000000
255 255 255 255
0.325195 0.416016
0.337891 0.394531
1 0 0 0
1 0 0 0
0.023392 -0.817500 -0.009388
-0.070313 -0.023438 -1.000000
255 255 255 255
0.324707 0.514648
0.337402 0.630859
0 0 0 0
1 0 0 0
0.011129 -0.727549 -0.009388
-0.070313 -0.015625 -1.000000
255 255 255 255
0.325195 0.428223
0.337891 0.424316
1 0 0 0
1 0 0 0
0.012058 -0.727414 -0.008192
0.765625 0.085938 -0.625000
255 255 255 255
0.330078 0.428223
0.339356 0.424316
1 0 0 0
1 0 0 0
0.014458 -0.753285 -0.009389
-0.375000 -0.062500 -0.929688
255 255 255 255
0.324707 0.453125
0.337402 0.483887
1 0 0 0
1 0 0 0
0.025380 -0.830820 -0.009388
0.359375 0.046875 -0.929688
255 255 255 255
0.324707 0.527344
0.337402 0.660645
0 0 0 0
1 0 0 0
0.026305 -0.830645 -0.008192
0.757813 0.109375 -0.625000
255 255 255 255
0.32959 0.527344
0.339356 0.660645
0 0 0 0
1 0 0 0
0.001190 -0.669240 -0.004417
-0.898438 -0.109375 -0.437500
255 255 255 255
0.306641 0.341309
0.331055 0.21582
1 0 0 0
1 0 0 0
0.002012 -0.676371 -0.004417
-0.921875 -0.117188 -0.390625
255 255 255 255
0.306641 0.37793
0.331055 0.304199
1 0 0 0
1 0 0 0
0.003552 -0.689273 -0.004385
-0.921875 -0.117188 -0.390625
255 255 255 255
0.306641 0.390625
0.331055 0.334473
1 0 0 0
1 0 0 0
0.005064 -0.702177 -0.004385
-0.937500 -0.117188 -0.351563
255 255 255 255
0.306152 0.40332
0.331055 0.364258
1 0 0 0
1 0 0 0
0.016708 -0.792352 -0.004417
-0.929688 -0.140625 -0.375000
255 255 255 255
0.306152 0.488281
0.330566 0.567383
1 0 0 0
1 0 0 0
0.018542 -0.805202 -0.004417
-0.914063 -0.140625 -0.390625
255 255 255 255
0.306152 0.500488
0.330566 0.59668
0 0 0 0
1 0 0 0
0.013175 -0.766621 -0.004404
-0.921875 -0.132813 -0.398438
255 255 255 255
0.306152 0.464844
0.330566 0.512207
1 0 0 0
1 0 0 0
0.009775 -0.740870 -0.004417
-0.921875 -0.132813 -0.390625
255 255 255 255
0.306152 0.44043
0.330566 0.453613
1 0 0 0
1 0 0 0
0.008142 -0.727980 -0.004417
-0.921875 -0.125000 -0.390625
255 255 255 255
0.306152 0.428223
0.330566 0.424316
1 0 0 0
1 0 0 0
0.022405 -0.831382 -0.004417
-0.906250 -0.148438 -0.414063
255 255 255 255
0.306152 0.527344
0.330566 0.660645
0 0 0 0
1 0 0 0
-0.006955 -0.507917 0.011547
-0.617188 -0.054688 0.773438
255 255 255 255
0.748535 0.450195
0.140137 0.575684
1 0 0 0
1 0 0 0
-0.001776 -0.494632 0.014488
-0.296875 -0.031250 0.937500
255 255 255 255
0.719238 0.435547
0.131348 0.547363
1 0 0 0
1 0 0 0
0.000068 -0.520383 0.014488
-0.296875 -0.031250 0.937500
255 255 255 255
0.719238 0.464356
0.131348 0.604004
1 0 0 0
1 0 0 0
0.006018 -0.507025 0.015393
-0.007813 -0.007813 0.984375
255 255 255 255
0.689453 0.450195
0.12207 0.575684
1 0 0 0
1 0 0 0
0.006958 -0.519872 0.015393
-0.007813 -0.007813 0.984375
255 255 255 255
0.689453 0.464356
0.12207 0.604004
1 0 0 0
1 0 0 0
-0.005027 -0.533720 0.011547
-0.617188 -0.054688 0.773438
255 255 255 255
0.748535 0.479004
0.140137 0.632813
1 0 0 0
1 0 0 0
0.002074 -0.546135 0.014488
-0.296875 -0.031250 0.937500
255 255 255 255
0.719238 0.493164
0.131348 0.661133
1 0 0 0
1 0 0 0
0.007938 -0.532719 0.015393
-0.007813 -0.007813 0.984375
255 255 255 255
0.689453 0.479004
0.12207 0.632813
1 0 0 0
1 0 0 0
-0.002936 -0.559524 0.011547
-0.617188 -0.062500 0.773438
255 255 255 255
0.748535 0.507813
0.140137 0.69043
1 0 0 0
1 0 0 0
0.004241 -0.571885 0.014488
-0.296875 -0.039063 0.937500
255 255 255 255
0.719238 0.522461
0.131348 0.719238
1 0 0 0
1 0 0 0
0.010020 -0.558411 0.015393
-0.007813 -0.007813 0.984375
255 255 255 255
0.689453 0.507813
0.12207 0.69043
1 0 0 0
1 0 0 0
0.011122 -0.571255 0.015393
-0.007813 -0.007813 0.984375
255 255 255 255
0.689453 0.522461
0.12207 0.719238
1 0 0 0
1 0 0 0
-0.000684 -0.585325 0.011547
-0.617188 -0.062500 0.773438
255 255 255 255
0.748535 0.537109
0.140137 0.748535
1 0 0 0
1 0 0 0
0.006570 -0.597629 0.014488
-0.296875 -0.039063 0.937500
255 255 255 255
0.719238 0.551758
0.131348 0.777344
1 0 0 0
1 0 0 0
0.012264 -0.584098 0.015393
-0.007813 -0.007813 0.984375
255 255 255 255
0.689453 0.537109
0.12207 0.748535
1 0 0 0
1 0 0 0
0.001730 -0.611122 0.011547
-0.617188 -0.070313 0.773438
255 255 255 255
0.748535 0.566406
0.140137 0.807129
1 0 0 0
1 0 0 0
0.009061 -0.623366 0.014488
-0.296875 -0.039063 0.937500
255 255 255 255
0.719238 0.581543
0.131348 0.836426
1 0 0 0
1 0 0 0
0.014669 -0.609776 0.015393
-0.007813 -0.007813 0.984375
255 255 255 255
0.689453 0.566406
0.12207 0.807129
1 0 0 0
1 0 0 0
0.004306 -0.636909 0.011547
-0.609375 -0.070313 0.773438
255 255 255 255
0.748535 0.596191
0.140137 0.866211
1 0 0 0
1 0 0 0
0.011712 -0.649090 0.014488
-0.296875 -0.039063 0.937500
255 255 255 255
0.719238 0.611328
0.131348 0.895508
1 0 0 0
1 0 0 0
0.017235 -0.635442 0.015393
-0.007813 -0.007813 0.984375
255 255 255 255
0.689453 0.596191
0.12207 0.866211
1 0 0 0
1 0 0 0
0.018578 -0.648270 0.015393
-0.007813 -0.007813 0.984375
255 255 255 255
0.689453 0.611328
0.12207 0.895508
1 0 0 0
1 0 0 0
0.007043 -0.662685 0.011547
-0.609375 -0.078125 0.773438
255 255 255 255
0.748535 0.626465
0.140137 0.925293
1 0 0 0
1 0 0 0
0.014525 -0.674799 0.014488
-0.296875 -0.046875 0.937500
255 255 255 255
0.719238 0.641113
0.131348 0.955078
1 0 0 0
1 0 0 0
0.019962 -0.661094 0.015393
-0.007813 -0.007813 0.984375
255 255 255 255
0.689453 0.626465
0.12207 0.925293
1 0 0 0
1 0 0 0
0.015992 -0.687646 0.014488
-0.296875 -0.046875 0.937500
255 255 255 255
0.719238 0.65625
0.131348 0.985352
1 0 0 0
1 0 0 0
0.009941 -0.688444 0.011547
-0.609375 -0.078125 0.773438
255 255 255 255
0.748535 0.65625
0.140137 0.985352
1 0 0 0
1 0 0 0
0.015992 -0.687646 0.014488
-0.296875 -0.046875 0.937500
255 255 255 255
0.719238 0.65625
0.273926 0.079102
1 0 0 0
1 0 0 0
0.017499 -0.700488 0.014488
-0.296875 -0.046875 0.937500
255 255 255 255
0.719238 0.671387
0.273926 0.108398
1 0 0 0
1 0 0 0
0.009941 -0.688444 0.011547
-0.609375 -0.078125 0.773438
255 255 255 255
0.748535 0.65625
0.282715 0.079102
1 0 0 0
1 0 0 0
0.022849 -0.686726 0.015393
-0.007813 -0.007813 0.984375
255 255 255 255
0.689453 0.65625
0.265137 0.079102
1 0 0 0
1 0 0 0
0.024353 -0.699534 0.015393
-0.007813 -0.007813 0.984375
255 255 255 255
0.689453 0.671387
0.265137 0.108398
1 0 0 0
1 0 0 0
0.022849 -0.686726 0.015393
-0.007813 -0.007813 0.984375
255 255 255 255
0.689453 0.65625
0.12207 0.985352
1 0 0 0
1 0 0 0
0.013000 -0.714184 0.011547
-0.609375 -0.085938 0.773438
255 255 255 255
0.748535 0.686523
0.282715 0.137695
1 0 0 0
1 0 0 0
0.020632 -0.726155 0.014488
-0.289063 -0.046875 0.937500
255 255 255 255
0.719238 0.70166
0.273926 0.166992
1 0 0 0
1 0 0 0
0.025896 -0.712335 0.015393
-0.007813 -0.007813 0.984375
255 255 255 255
0.689453 0.686523
0.265137 0.137695
1 0 0 0
1 0 0 0
0.022260 -0.738978 0.014488
-0.289063 -0.046875 0.937500
255 255 255 255
0.719238 0.716797
0.273926 0.196289
1 0 0 0
1 0 0 0
0.016220 -0.739900 0.011547
-0.609375 -0.085938 0.773438
255 255 255 255
0.748535 0.716797
0.282715 0.196289
1 0 0 0
1 0 0 0
0.023927 -0.751794 0.014488
-0.289063 -0.046875 0.937500
255 255 255 255
0.719238 0.731934
0.273926 0.225586
1 0 0 0
1 0 0 0
0.029104 -0.737918 0.015393
-0.007813 -0.007813 0.984375
255 255 255 255
0.689453 0.716797
0.265137 0.196289
1 0 0 0
1 0 0 0
0.030768 -0.750698 0.015393
-0.007813 -0.007813 0.984375
255 255 255 255
0.689453 0.731934
0.265137 0.225586
1 0 0 0
1 0 0 0
0.019600 -0.765588 0.011547
-0.609375 -0.093750 0.773438
255 255 255 255
0.748535 0.747559
0.282715 0.254883
1 0 0 0
1 0 0 0
0.027381 -0.777403 0.014488
-0.289063 -0.046875 0.937500
255 255 255 255
0.719238 0.762695
0.273926 0.28418
1 0 0 0
1 0 0 0
0.032472 -0.763470 0.015393
-0.007813 -0.007813 0.984375
255 255 255 255
0.689453 0.747559
0.265137 0.254883
1 0 0 0
1 0 0 0
0.023140 -0.791245 0.011547
-0.609375 -0.093750 0.773438
255 255 255 255
0.748535 0.777832
0.282715 0.313965
1 0 0 0
1 0 0 0
0.030995 -0.802976 0.014488
-0.289063 -0.054688 0.937500
255 255 255 255
0.719238 0.792969
0.273926 0.343262
0 0 0 0
1 0 0 0
0.035999 -0.788987 0.015393
-0.007813 -0.007813 0.984375
255 255 255 255
0.689453 0.777832
0.265137 0.313965
1 0 0 0
1 0 0 0
0.037822 -0.801731 0.015393
-0.007813 -0.007813 0.984375
255 255 255 255
0.689453 0.792969
0.265137 0.343262
0 0 0 0
1 0 0 0
0.026840 -0.816865 0.011547
-0.609375 -0.101563 0.773438
255 255 255 255
0.748535 0.808106
0.282715 0.372559
0 0 0 0
1 0 0 0
0.034769 -0.828508 0.014488
-0.289063 -0.054688 0.937500
255 255 255 255
0.719238 0.823731
0.273926 0.401856
0 0 0 0
1 0 0 0
0.039686 -0.814465 0.015393
-0.007813 -0.007813 0.984375
255 255 255 255
0.689453 0.808106
0.265137 0.372559
0 0 0 0
1 0 0 0
0.030700 -0.842444 0.011547
-0.609375 -0.101563 0.773438
255 255 255 255
0.748535 0.838867
0.282715 0.431641
0 0 0 0
1 0 0 0
0.038701 -0.853997 0.014488
-0.289063 -0.054688 0.937500
255 255 255 255
0.719238 0.854004
0.273926 0.460938
0 0 0 0
1 0 0 0
0.043531 -0.839899 0.015393
-0.007813 -0.007813 0.984375
255 255 255 255
0.689453 0.838867
0.265137 0.431641
0 0 0 0
1 0 0 0
0.045514 -0.852599 0.015393
-0.007813 -0.007813 0.984375
255 255 255 255
0.689453 0.854004
0.265137 0.460938
0 0 0 0
1 0 0 0
0.034719 -0.867978 0.011547
-0.601563 -0.117188 0.773438
255 255 255 255
0.748535 0.869141
0.282715 0.490234
0 0 0 0
1 0 0 0
0.042493 -0.877265 0.014281
-0.273438 -0.117188 0.937500
255 255 255 255
0.719238 0.883301
0.273926 0.51709
0 0 0 0
1 0 0 0
0.047536 -0.865286 0.015393
-0.007813 -0.007813 0.984375
255 255 255 255
0.689453 0.869141
0.265137 0.490234
0 0 0 0
1 0 0 0
0.002662 -0.455641 0.015393
-0.007813 -0.007813 0.984375
255 255 255 255
0.689453 0.393555
0.12207 0.462891
1 0 0 0
1 0 0 0
0.003440 -0.468486 0.015393
-0.007813 -0.007813 0.984375
255 255 255 255
0.689453 0.407715
0.12207 0.491211
1 0 0 0
1 0 0 0
-0.003457 -0.468885 0.014488
-0.296875 -0.031250 0.937500
255 255 255 255
0.719238 0.407715
0.131348 0.491211
1 0 0 0
1 0 0 0
-0.004977 -0.443144 0.014488
-0.296875 -0.031250 0.937500
255 255 255 255
0.719238 0.379395
0.131348 0.435547
1 0 0 0
1 0 0 0
-0.010325 -0.456326 0.011547
-0.617188 -0.046875 0.773438
255 255 255 255
0.748535 0.393555
0.140137 0.462891
1 0 0 0
1 0 0 0
0.001227 -0.429957 0.015393
-0.007813 -0.007813 0.984375
255 255 255 255
0.689453 0.365723
0.271484 0.956543
1 0 0 0
1 0 0 0
-0.004977 -0.443144 0.014488
-0.296875 -0.031250 0.937500
255 255 255 255
0.719238 0.379395
0.28125 0.985352
1 0 0 0
1 0 0 0
-0.006333 -0.417412 0.014488
-0.296875 -0.023438 0.937500
255 255 255 255
0.719238 0.351563
0.28125 0.928223
1 0 0 0
1 0 0 0
0.000570 -0.417119 0.015393
-0.007813 -0.007813 0.984375
255 255 255 255
0.689453 0.351563
0.271484 0.928223
1 0 0 0
1 0 0 0
-0.011766 -0.430543 0.011547
-0.617188 -0.046875 0.773438
255 255 255 255
0.748535 0.365723
0.290039 0.956543
1 0 0 0
1 0 0 0
-0.000046 -0.404282 0.015393
-0.007813 -0.007813 0.984375
255 255 255 255
0.689453 0.337891
0.271484 0.899902
1 0 0 0
1 0 0 0
-0.007528 -0.391692 0.014488
-0.296875 -0.023438 0.937500
255 255 255 255
0.719238 0.324219
0.28125 0.871582
1 0 0 0
1 0 0 0
-0.013044 -0.404773 0.011547
-0.617188 -0.039063 0.773438
255 255 255 255
0.748535 0.337891
0.290039 0.899902
1 0 0 0
1 0 0 0
-0.008064 -0.378837 0.014488
-0.296875 -0.023438 0.937500
255 255 255 255
0.719238 0.310547
0.28125 0.84375
1 0 0 0
1 0 0 0
-0.001157 -0.378618 0.015393
-0.007813 -0.007813 0.984375
255 255 255 255
0.689453 0.310547
0.271484 0.84375
1 0 0 0
1 0 0 0
-0.008560 -0.365986 0.014488
-0.296875 -0.023438 0.937500
255 255 255 255
0.719238 0.296875
0.28125 0.815918
1 0 0 0
1 0 0 0
-0.001651 -0.365790 0.015393
-0.007813 -0.007813 0.984375
255 255 255 255
0.689453 0.296875
0.271484 0.815918
1 0 0 0
1 0 0 0
-0.014159 -0.379015 0.011547
-0.617188 -0.039063 0.773438
255 255 255 255
0.748535 0.310547
0.290039 0.84375
1 0 0 0
1 0 0 0
-0.014656 -0.366143 0.011547
-0.617188 -0.031250 0.773438
255 255 255 255
0.748535 0.296875
0.290039 0.815918
1 0 0 0
1 0 0 0
-0.013241 -0.508327 0.000000
-1.000000 -0.085938 -0.007813
255 255 255 255
0.806641 0.450195
0.158203 0.575684
1 0 0 0
1 0 0 0
-0.012320 -0.495291 0.006340
-0.882813 -0.070313 0.460938
255 255 255 255
0.776856 0.435547
0.148926 0.547363
1 0 0 0
1 0 0 0
-0.010471 -0.521129 0.006340
-0.882813 -0.078125 0.460938
255 255 255 255
0.776856 0.464356
0.148926 0.604004
1 0 0 0
1 0 0 0
-0.012295 -0.521254 0.000000
-1.000000 -0.085938 -0.007813
255 255 255 255
0.806641 0.464356
0.158203 0.604004
1 0 0 0
1 0 0 0
-0.011309 -0.534182 0.000000
-1.000000 -0.085938 -0.007813
255 255 255 255
0.806641 0.479004
0.158203 0.632813
1 0 0 0
1 0 0 0
-0.008459 -0.546971 0.006340
-0.882813 -0.085938 0.460938
255 255 255 255
0.776856 0.493164
0.148926 0.661133
1 0 0 0
1 0 0 0
-0.009215 -0.560040 0.000000
-1.000000 -0.093750 -0.007813
255 255 255 255
0.806641 0.507813
0.158203 0.69043
1 0 0 0
1 0 0 0
-0.006284 -0.572813 0.006340
-0.882813 -0.085938 0.460938
255 255 255 255
0.776856 0.522461
0.148926 0.719238
1 0 0 0
1 0 0 0
-0.008107 -0.572969 0.000000
-1.000000 -0.101563 -0.007813
255 255 255 255
0.806641 0.522461
0.158203 0.719238
1 0 0 0
1 0 0 0
-0.006958 -0.585897 0.000000
-1.000000 -0.101563 -0.007813
255 255 255 255
0.806641 0.537109
0.158203 0.748535
1 0 0 0
1 0 0 0
-0.003948 -0.598652 0.006340
-0.882813 -0.093750 0.460938
255 255 255 255
0.776856 0.551758
0.148926 0.777344
1 0 0 0
1 0 0 0
-0.004539 -0.611751 0.000000
-1.000000 -0.109375 -0.007813
255 255 255 255
0.806641 0.566406
0.158203 0.807129
1 0 0 0
1 0 0 0
-0.001450 -0.624486 0.006340
-0.882813 -0.101563 0.460938
255 255 255 255
0.776856 0.581543
0.148926 0.836426
1 0 0 0
1 0 0 0
-0.001959 -0.637597 0.000000
-1.000000 -0.109375 -0.007813
255 255 255 255
0.806641 0.596191
0.158203 0.866211
1 0 0 0
1 0 0 0
0.001210 -0.650310 0.006340
-0.882813 -0.101563 0.460938
255 255 255 255
0.776856 0.611328
0.148926 0.895508
1 0 0 0
1 0 0 0
-0.000608 -0.650517 0.000000
-1.000000 -0.117188 -0.007813
255 255 255 255
0.806641 0.611328
0.158203 0.895508
1 0 0 0
1 0 0 0
0.000783 -0.663433 0.000000
-1.000000 -0.117188 -0.007813
255 255 255 255
0.806641 0.626465
0.158203 0.925293
1 0 0 0
1 0 0 0
0.004031 -0.676121 0.006340
-0.875000 -0.109375 0.460938
255 255 255 255
0.776856 0.641113
0.148926 0.955078
1 0 0 0
1 0 0 0
0.003687 -0.689255 0.000000
-1.000000 -0.125000 -0.007813
255 255 255 255
0.806641 0.65625
0.158203 0.985352
1 0 0 0
1 0 0 0
0.007014 -0.701916 0.006340
-0.875000 -0.117188 0.460938
255 255 255 255
0.776856 0.671387
0.291016 0.108398
1 0 0 0
1 0 0 0
0.003687 -0.689255 0.000000
-1.000000 -0.125000 -0.007813
255 255 255 255
0.806641 0.65625
0.299805 0.079102
1 0 0 0
1 0 0 0
0.006751 -0.715058 0.000000
-1.000000 -0.132813 -0.007813
255 255 255 255
0.806641 0.686523
0.299805 0.137695
1 0 0 0
1 0 0 0
0.010157 -0.727689 0.006340
-0.875000 -0.117188 0.460938
255 255 255 255
0.776856 0.70166
0.291016 0.166992
1 0 0 0
1 0 0 0
0.008344 -0.727951 0.000000
-0.992188 -0.132813 -0.007813
255 255 255 255
0.806641 0.70166
0.299805 0.166992
1 0 0 0
1 0 0 0
0.009977 -0.740839 0.000000
-0.992188 -0.140625 -0.007813
255 255 255 255
0.806641 0.716797
0.299805 0.196289
1 0 0 0
1 0 0 0
0.013462 -0.753439 0.006340
-0.875000 -0.125000 0.460938
255 255 255 255
0.776856 0.731934
0.291016 0.225586
1 0 0 0
1 0 0 0
0.013363 -0.766593 0.000000
-0.992188 -0.140625 -0.007813
255 255 255 255
0.806641 0.747559
0.299805 0.254883
1 0 0 0
1 0 0 0
0.016926 -0.779159 0.006340
-0.875000 -0.132813 0.460938
255 255 255 255
0.776856 0.762695
0.291016 0.28418
1 0 0 0
1 0 0 0
0.015116 -0.779459 0.000000
-0.992188 -0.148438 -0.007813
255 255 255 255
0.806641 0.762695
0.299805 0.28418
1 0 0 0
1 0 0 0
0.016910 -0.792318 0.000000
-0.992188 -0.148438 -0.007813
255 255 255 255
0.806641 0.777832
0.299805 0.313965
1 0 0 0
1 0 0 0
0.020551 -0.804847 0.006340
-0.875000 -0.140625 0.460938
255 255 255 255
0.776856 0.792969
0.291016 0.343262
0 0 0 0
1 0 0 0
0.020616 -0.818007 0.000000
-0.992188 -0.156250 -0.007813
255 255 255 255
0.806641 0.808106
0.299805 0.372559
0 0 0 0
1 0 0 0
0.024336 -0.830497 0.006340
-0.875000 -0.140625 0.460938
255 255 255 255
0.776856 0.823731
0.291016 0.401856
0 0 0 0
1 0 0 0
0.022530 -0.830837 0.000000
-0.992188 -0.156250 -0.007813
255 255 255 255
0.806641 0.823731
0.299805 0.401856
0 0 0 0
1 0 0 0
0.024483 -0.843657 0.000000
-0.992188 -0.164063 -0.007813
255 255 255 255
0.806641 0.838867
0.299805 0.431641
0 0 0 0
1 0 0 0
0.028280 -0.856104 0.006340
-0.875000 -0.148438 0.460938
255 255 255 255
0.776856 0.854004
0.291016 0.460938
0 0 0 0
1 0 0 0
0.026476 -0.856466 0.000000
-0.992188 -0.164063 -0.007813
255 255 255 255
0.806641 0.854004
0.299805 0.460938
0 0 0 0
1 0 0 0
0.032299 -0.879439 0.006288
-0.859375 -0.226563 0.453125
255 255 255 255
0.776856 0.883301
0.291016 0.51709
0 0 0 0
1 0 0 0
-0.014007 -0.469459 0.006340
-0.882813 -0.062500 0.460938
255 255 255 255
0.776856 0.407715
0.148926 0.491211
1 0 0 0
1 0 0 0
-0.015532 -0.443637 0.006340
-0.882813 -0.062500 0.460938
255 255 255 255
0.776856 0.379395
0.148926 0.435547
1 0 0 0
1 0 0 0
-0.016617 -0.456635 0.000000
-1.000000 -0.070313 -0.007813
255 255 255 255
0.806641 0.393555
0.158203 0.462891
1 0 0 0
1 0 0 0
-0.015834 -0.469555 0.000000
-1.000000 -0.070313 -0.007813
255 255 255 255
0.806641 0.407715
0.158203 0.491211
1 0 0 0
1 0 0 0
-0.015532 -0.443637 0.006340
-0.882813 -0.062500 0.460938
255 255 255 255
0.776856 0.379395
0.299316 0.985352
1 0 0 0
1 0 0 0
-0.016894 -0.417826 0.006340
-0.882813 -0.054688 0.460938
255 255 255 255
0.776856 0.351563
0.299316 0.928223
1 0 0 0
1 0 0 0
-0.018061 -0.430804 0.000000
-1.000000 -0.062500 -0.007813
255 255 255 255
0.806641 0.365723
0.308594 0.956543
1 0 0 0
1 0 0 0
-0.018722 -0.417894 0.000000
-1.000000 -0.062500 -0.007813
255 255 255 255
0.806641 0.351563
0.308594 0.928223
1 0 0 0
1 0 0 0
-0.018092 -0.392030 0.006340
-0.882813 -0.046875 0.460938
255 255 255 255
0.776856 0.324219
0.299316 0.871582
1 0 0 0
1 0 0 0
-0.019342 -0.404986 0.000000
-1.000000 -0.054688 -0.007813
255 255 255 255
0.806641 0.337891
0.308594 0.899902
1 0 0 0
1 0 0 0
-0.019128 -0.366249 0.006340
-0.882813 -0.046875 0.460938
255 255 255 255
0.776856 0.296875
0.299316 0.815918
1 0 0 0
1 0 0 0
-0.020460 -0.379185 0.000000
-1.000000 -0.054688 -0.007813
255 255 255 255
0.806641 0.310547
0.308594 0.84375
1 0 0 0
1 0 0 0
-0.020957 -0.366291 0.000000
-1.000000 -0.046875 -0.007813
255 255 255 255
0.806641 0.296875
0.308594 0.815918
1 0 0 0
1 0 0 0
0.004259 -0.481331 0.015393
-0.007813 -0.007813 0.984375
255 255 255 255
0.689453 0.421387
0.12207 0.519043
1 0 0 0
1 0 0 0
-0.008721 -0.482119 0.011547
-0.617188 -0.054688 0.773438
255 255 255 255
0.748535 0.421387
0.140137 0.519043
1 0 0 0
1 0 0 0
-0.015010 -0.482476 0.000000
-1.000000 -0.078125 -0.007813
255 255 255 255
0.806641 0.421387
0.158203 0.519043
1 0 0 0
1 0 0 0
0.000068 -0.520383 -0.014488
-0.296875 -0.031250 -0.960938
255 255 255 255
0.42627 0.464356
0.041016 0.604004
1 0 0 0
1 0 0 0
0.006958 -0.519872 -0.015393
-0.007813 -0.007813 -1.000000
255 255 255 255
0.456543 0.464356
0.050293 0.604004
1 0 0 0
1 0 0 0
0.006018 -0.507025 -0.015393
-0.007813 -0.007813 -1.000000
255 255 255 255
0.456543 0.450195
0.050293 0.575684
1 0 0 0
1 0 0 0
-0.006955 -0.507917 -0.011547
-0.617188 -0.054688 -0.796875
255 255 255 255
0.396973 0.450195
0.032227 0.575684
1 0 0 0
1 0 0 0
-0.001776 -0.494632 -0.014488
-0.296875 -0.031250 -0.960938
255 255 255 255
0.42627 0.435547
0.041016 0.547363
1 0 0 0
1 0 0 0
0.002074 -0.546135 -0.014488
-0.296875 -0.031250 -0.960938
255 255 255 255
0.42627 0.493164
0.041016 0.661133
1 0 0 0
1 0 0 0
0.007938 -0.532719 -0.015393
-0.007813 -0.007813 -1.000000
255 255 255 255
0.456543 0.479004
0.050293 0.632813
1 0 0 0
1 0 0 0
-0.005027 -0.533720 -0.011547
-0.617188 -0.054688 -0.796875
255 255 255 255
0.396973 0.479004
0.032227 0.632813
1 0 0 0
1 0 0 0
0.004241 -0.571885 -0.014488
-0.296875 -0.039063 -0.960938
255 255 255 255
0.42627 0.522461
0.041016 0.719238
1 0 0 0
1 0 0 0
0.011122 -0.571255 -0.015393
-0.007813 -0.007813 -1.000000
255 255 255 255
0.456543 0.522461
0.050293 0.719238
1 0 0 0
1 0 0 0
0.010020 -0.558411 -0.015393
-0.007813 -0.007813 -1.000000
255 255 255 255
0.456543 0.507813
0.050293 0.69043
1 0 0 0
1 0 0 0
-0.002936 -0.559524 -0.011547
-0.617188 -0.062500 -0.796875
255 255 255 255
0.396973 0.507813
0.032227 0.69043
1 0 0 0
1 0 0 0
0.006570 -0.597629 -0.014488
-0.296875 -0.039063 -0.960938
255 255 255 255
0.42627 0.551758
0.041016 0.777344
1 0 0 0
1 0 0 0
0.012264 -0.584098 -0.015393
-0.007813 -0.007813 -1.000000
255 255 255 255
0.456543 0.537109
0.050293 0.748535
1 0 0 0
1 0 0 0
-0.000684 -0.585326 -0.011547
-0.617188 -0.062500 -0.796875
255 255 255 255
0.396973 0.537109
0.032227 0.748535
1 0 0 0
1 0 0 0
0.009061 -0.623365 -0.014488
-0.296875 -0.039063 -0.960938
255 255 255 255
0.42627 0.581543
0.041016 0.836426
1 0 0 0
1 0 0 0
0.014669 -0.609776 -0.015393
-0.007813 -0.007813 -1.000000
255 255 255 255
0.456543 0.566406
0.050293 0.807129
1 0 0 0
1 0 0 0
0.001730 -0.611122 -0.011547
-0.617188 -0.070313 -0.796875
255 255 255 255
0.396973 0.566406
0.032227 0.807129
1 0 0 0
1 0 0 0
0.011712 -0.649090 -0.014488
-0.296875 -0.039063 -0.960938
255 255 255 255
0.42627 0.611328
0.041016 0.895508
1 0 0 0
1 0 0 0
0.018578 -0.648270 -0.015393
-0.007813 -0.007813 -1.000000
255 255 255 255
0.456543 0.611328
0.050293 0.895508
1 0 0 0
1 0 0 0
0.017235 -0.635442 -0.015393
-0.007813 -0.007813 -1.000000
255 255 255 255
0.456543 0.596191
0.050293 0.866211
1 0 0 0
1 0 0 0
0.004306 -0.636909 -0.011547
-0.609375 -0.070313 -0.796875
255 255 255 255
0.396973 0.596191
0.032227 0.866211
1 0 0 0
1 0 0 0
0.014525 -0.674799 -0.014488
-0.296875 -0.046875 -0.960938
255 255 255 255
0.42627 0.641113
0.041016 0.955078
1 0 0 0
1 0 0 0
0.019962 -0.661093 -0.015393
-0.007813 -0.007813 -1.000000
255 255 255 255
0.456543 0.626465
0.050293 0.925293
1 0 0 0
1 0 0 0
0.007043 -0.662684 -0.011547
-0.609375 -0.078125 -0.796875
255 255 255 255
0.396973 0.626465
0.032227 0.925293
1 0 0 0
1 0 0 0
0.015992 -0.687646 -0.014488
-0.296875 -0.046875 -0.960938
255 255 255 255
0.42627 0.65625
0.186035 0.079102
1 0 0 0
1 0 0 0
0.017499 -0.700488 -0.014488
-0.296875 -0.046875 -0.960938
255 255 255 255
0.42627 0.671387
0.186035 0.108398
1 0 0 0
1 0 0 0
0.024353 -0.699534 -0.015393
-0.007813 -0.007813 -1.000000
255 255 255 255
0.456543 0.671387
0.195313 0.108398
1 0 0 0
1 0 0 0
0.022849 -0.686726 -0.015393
-0.007813 -0.007813 -1.000000
255 255 255 255
0.456543 0.65625
0.195313 0.079102
1 0 0 0
1 0 0 0
0.009941 -0.688444 -0.011547
-0.609375 -0.078125 -0.796875
255 255 255 255
0.396973 0.65625
0.177734 0.079102
1 0 0 0
1 0 0 0
0.015992 -0.687646 -0.014488
-0.296875 -0.046875 -0.960938
255 255 255 255
0.42627 0.65625
0.041016 0.985352
1 0 0 0
1 0 0 0
0.009941 -0.688444 -0.011547
-0.609375 -0.078125 -0.796875
255 255 255 255
0.396973 0.65625
0.032227 0.985352
1 0 0 0
1 0 0 0
0.022849 -0.686726 -0.015393
-0.007813 -0.007813 -1.000000
255 255 255 255
0.456543 0.65625
0.050293 0.985352
1 0 0 0
1 0 0 0
0.020632 -0.726155 -0.014488
-0.289063 -0.046875 -0.960938
255 255 255 255
0.42627 0.70166
0.186035 0.166992
1 0 0 0
1 0 0 0
0.025896 -0.712335 -0.015393
-0.007813 -0.007813 -1.000000
255 255 255 255
0.456543 0.686523
0.195313 0.137695
1 0 0 0
1 0 0 0
0.013000 -0.714184 -0.011547
-0.609375 -0.085938 -0.796875
255 255 255 255
0.396973 0.686523
0.177734 0.137695
1 0 0 0
1 0 0 0
0.022260 -0.738978 -0.014488
-0.289063 -0.046875 -0.960938
255 255 255 255
0.42627 0.716797
0.186035 0.196289
1 0 0 0
1 0 0 0
0.023927 -0.751794 -0.014488
-0.289063 -0.046875 -0.960938
255 255 255 255
0.42627 0.731934
0.186035 0.225586
1 0 0 0
1 0 0 0
0.030768 -0.750698 -0.015393
-0.007813 -0.007813 -1.000000
255 255 255 255
0.456543 0.731934
0.195313 0.225586
1 0 0 0
1 0 0 0
0.029104 -0.737918 -0.015393
-0.007813 -0.007813 -1.000000
255 255 255 255
0.456543 0.716797
0.195313 0.196289
1 0 0 0
1 0 0 0
0.016220 -0.739900 -0.011547
-0.609375 -0.085938 -0.796875
255 255 255 255
0.396973 0.716797
0.177734 0.196289
1 0 0 0
1 0 0 0
0.027381 -0.777403 -0.014488
-0.289063 -0.046875 -0.960938
255 255 255 255
0.42627 0.762695
0.186035 0.28418
1 0 0 0
1 0 0 0
0.032472 -0.763470 -0.015393
-0.007813 -0.007813 -1.000000
255 255 255 255
0.456543 0.747559
0.195313 0.254883
1 0 0 0
1 0 0 0
0.019600 -0.765588 -0.011547
-0.609375 -0.093750 -0.796875
255 255 255 255
0.396973 0.747559
0.177734 0.254883
1 0 0 0
1 0 0 0
0.030995 -0.802976 -0.014488
-0.289063 -0.054688 -0.960938
255 255 255 255
0.42627 0.792969
0.186035 0.343262
0 0 0 0
1 0 0 0
0.037822 -0.801731 -0.015393
-0.007813 -0.007813 -1.000000
255 255 255 255
0.456543 0.792969
0.195313 0.343262
0 0 0 0
1 0 0 0
0.035999 -0.788987 -0.015393
-0.007813 -0.007813 -1.000000
255 255 255 255
0.456543 0.777832
0.195313 0.313965
1 0 0 0
1 0 0 0
0.023140 -0.791245 -0.011547
-0.609375 -0.093750 -0.796875
255 255 255 255
0.396973 0.777832
0.177734 0.313965
1 0 0 0
1 0 0 0
0.034769 -0.828508 -0.014488
-0.289063 -0.054688 -0.960938
255 255 255 255
0.42627 0.823731
0.186035 0.401856
0 0 0 0
1 0 0 0
0.039686 -0.814465 -0.015393
-0.007813 -0.007813 -1.000000
255 255 255 255
0.456543 0.808106
0.195313 0.372559
0 0 0 0
1 0 0 0
0.026840 -0.816865 -0.011547
-0.609375 -0.101563 -0.796875
255 255 255 255
0.396973 0.808106
0.177734 0.372559
0 0 0 0
1 0 0 0
0.038701 -0.853997 -0.014488
-0.289063 -0.054688 -0.960938
255 255 255 255
0.42627 0.854004
0.186035 0.460938
0 0 0 0
1 0 0 0
0.045514 -0.852599 -0.015393
-0.007813 -0.007813 -1.000000
255 255 255 255
0.456543 0.854004
0.195313 0.460938
0 0 0 0
1 0 0 0
0.043531 -0.839899 -0.015393
-0.007813 -0.007813 -1.000000
255 255 255 255
0.456543 0.838867
0.195313 0.431641
0 0 0 0
1 0 0 0
0.030700 -0.842444 -0.011547
-0.609375 -0.101563 -0.796875
255 255 255 255
0.396973 0.838867
0.177734 0.431641
0 0 0 0
1 0 0 0
0.042493 -0.877265 -0.014281
-0.273438 -0.117188 -0.960938
255 255 255 255
0.42627 0.883301
0.186035 0.51709
0 0 0 0
1 0 0 0
0.047536 -0.865286 -0.015393
-0.007813 -0.007813 -1.000000
255 255 255 255
0.456543 0.869141
0.195313 0.490234
0 0 0 0
1 0 0 0
0.034719 -0.867978 -0.011547
-0.601563 -0.117188 -0.796875
255 255 255 255
0.396973 0.869141
0.177734 0.490234
0 0 0 0
1 0 0 0
-0.004977 -0.443144 -0.014488
-0.296875 -0.031250 -0.960938
255 255 255 255
0.42627 0.379395
0.041016 0.435547
1 0 0 0
1 0 0 0
-0.010325 -0.456326 -0.011547
-0.617188 -0.046875 -0.796875
255 255 255 255
0.396973 0.393555
0.032227 0.462891
1 0 0 0
1 0 0 0
0.002662 -0.455641 -0.015393
-0.007813 -0.007813 -1.000000
255 255 255 255
0.456543 0.393555
0.050293 0.462891
1 0 0 0
1 0 0 0
-0.003457 -0.468885 -0.014488
-0.296875 -0.031250 -0.960938
255 255 255 255
0.42627 0.407715
0.041016 0.491211
1 0 0 0
1 0 0 0
0.003440 -0.468486 -0.015393
-0.007813 -0.007813 -1.000000
255 255 255 255
0.456543 0.407715
0.050293 0.491211
1 0 0 0
1 0 0 0
-0.006333 -0.417413 -0.014488
-0.296875 -0.023438 -0.960938
255 255 255 255
0.42627 0.351563
0.187988 0.928223
1 0 0 0
1 0 0 0
-0.011766 -0.430543 -0.011547
-0.617188 -0.046875 -0.796875
255 255 255 255
0.396973 0.365723
0.178711 0.956543
1 0 0 0
1 0 0 0
0.001227 -0.429957 -0.015393
-0.007813 -0.007813 -1.000000
255 255 255 255
0.456543 0.365723
0.197266 0.956543
1 0 0 0
1 0 0 0
0.000570 -0.417119 -0.015393
-0.007813 -0.007813 -1.000000
255 255 255 255
0.456543 0.351563
0.197266 0.928223
1 0 0 0
1 0 0 0
-0.004977 -0.443144 -0.014488
-0.296875 -0.031250 -0.960938
255 255 255 255
0.42627 0.379395
0.187988 0.985352
1 0 0 0
1 0 0 0
-0.007528 -0.391692 -0.014488
-0.296875 -0.023438 -0.960938
255 255 255 255
0.42627 0.324219
0.187988 0.871582
1 0 0 0
1 0 0 0
-0.013044 -0.404772 -0.011547
-0.617188 -0.039063 -0.796875
255 255 255 255
0.396973 0.337891
0.178711 0.899902
1 0 0 0
1 0 0 0
-0.000046 -0.404282 -0.015393
-0.007813 -0.007813 -1.000000
255 255 255 255
0.456543 0.337891
0.197266 0.899902
1 0 0 0
1 0 0 0
-0.008560 -0.365986 -0.014488
-0.296875 -0.023438 -0.960938
255 255 255 255
0.42627 0.296875
0.187988 0.815918
1 0 0 0
1 0 0 0
-0.014656 -0.366143 -0.011547
-0.617188 -0.031250 -0.796875
255 255 255 255
0.396973 0.296875
0.178711 0.815918
1 0 0 0
1 0 0 0
-0.014159 -0.379016 -0.011547
-0.617188 -0.039063 -0.796875
255 255 255 255
0.396973 0.310547
0.178711 0.84375
1 0 0 0
1 0 0 0
-0.001157 -0.378618 -0.015393
-0.007813 -0.007813 -1.000000
255 255 255 255
0.456543 0.310547
0.197266 0.84375
1 0 0 0
1 0 0 0
-0.001651 -0.365790 -0.015393
-0.007813 -0.007813 -1.000000
255 255 255 255
0.456543 0.296875
0.197266 0.815918
1 0 0 0
1 0 0 0
-0.010471 -0.521129 -0.006340
-0.882813 -0.078125 -0.484375
255 255 255 255
0.368164 0.464356
0.023438 0.604004
1 0 0 0
1 0 0 0
-0.013241 -0.508327 0.000000
-1.000000 -0.085938 -0.007813
255 255 255 255
0.340332 0.450195
0.014648 0.575684
1 0 0 0
1 0 0 0
-0.012295 -0.521254 0.000000
-1.000000 -0.085938 -0.007813
255 255 255 255
0.340332 0.464356
0.014648 0.604004
1 0 0 0
1 0 0 0
-0.012320 -0.495291 -0.006340
-0.882813 -0.070313 -0.484375
255 255 255 255
0.368164 0.435547
0.023438 0.547363
1 0 0 0
1 0 0 0
-0.008459 -0.546971 -0.006340
-0.882813 -0.085938 -0.484375
255 255 255 255
0.368164 0.493164
0.023438 0.661133
1 0 0 0
1 0 0 0
-0.011309 -0.534182 0.000000
-1.000000 -0.085938 -0.007813
255 255 255 255
0.340332 0.479004
0.014648 0.632813
1 0 0 0
1 0 0 0
-0.006284 -0.572813 -0.006340
-0.882813 -0.085938 -0.484375
255 255 255 255
0.368164 0.522461
0.023438 0.719238
1 0 0 0
1 0 0 0
-0.009215 -0.560040 0.000000
-1.000000 -0.093750 -0.007813
255 255 255 255
0.340332 0.507813
0.014648 0.69043
1 0 0 0
1 0 0 0
-0.008107 -0.572969 0.000000
-1.000000 -0.101563 -0.007813
255 255 255 255
0.340332 0.522461
0.014648 0.719238
1 0 0 0
1 0 0 0
-0.003948 -0.598652 -0.006340
-0.882813 -0.093750 -0.484375
255 255 255 255
0.368164 0.551758
0.023438 0.777344
1 0 0 0
1 0 0 0
-0.006958 -0.585897 0.000000
-1.000000 -0.101563 -0.007813
255 255 255 255
0.340332 0.537109
0.014648 0.748535
1 0 0 0
1 0 0 0
-0.001450 -0.624486 -0.006340
-0.882813 -0.101563 -0.484375
255 255 255 255
0.368164 0.581543
0.023438 0.836426
1 0 0 0
1 0 0 0
-0.004539 -0.611751 0.000000
-1.000000 -0.109375 -0.007813
255 255 255 255
0.340332 0.566406
0.014648 0.807129
1 0 0 0
1 0 0 0
0.001210 -0.650310 -0.006340
-0.882813 -0.101563 -0.484375
255 255 255 255
0.368164 0.611328
0.023438 0.895508
1 0 0 0
1 0 0 0
-0.001959 -0.637597 0.000000
-1.000000 -0.109375 -0.007813
255 255 255 255
0.340332 0.596191
0.014648 0.866211
1 0 0 0
1 0 0 0
-0.000608 -0.650517 0.000000
-1.000000 -0.117188 -0.007813
255 255 255 255
0.340332 0.611328
0.014648 0.895508
1 0 0 0
1 0 0 0
0.004031 -0.676121 -0.006340
-0.875000 -0.109375 -0.484375
255 255 255 255
0.368164 0.641113
0.023438 0.955078
1 0 0 0
1 0 0 0
0.000783 -0.663433 0.000000
-1.000000 -0.117188 -0.007813
255 255 255 255
0.340332 0.626465
0.014648 0.925293
1 0 0 0
1 0 0 0
0.007014 -0.701916 -0.006340
-0.875000 -0.117188 -0.484375
255 255 255 255
0.368164 0.671387
0.168945 0.108398
1 0 0 0
1 0 0 0
0.003687 -0.689255 0.000000
-1.000000 -0.125000 -0.007813
255 255 255 255
0.340332 0.65625
0.160645 0.079102
1 0 0 0
1 0 0 0
0.003687 -0.689255 0.000000
-1.000000 -0.125000 -0.007813
255 255 255 255
0.340332 0.65625
0.014648 0.985352
1 0 0 0
1 0 0 0
0.010157 -0.727689 -0.006340
-0.875000 -0.117188 -0.484375
255 255 255 255
0.368164 0.70166
0.168945 0.166992
1 0 0 0
1 0 0 0
0.006751 -0.715058 0.000000
-1.000000 -0.132813 -0.007813
255 255 255 255
0.340332 0.686523
0.160645 0.137695
1 0 0 0
1 0 0 0
0.008344 -0.727951 0.000000
-0.992188 -0.132813 -0.007813
255 255 255 255
0.340332 0.70166
0.160645 0.166992
1 0 0 0
1 0 0 0
0.013462 -0.753439 -0.006340
-0.875000 -0.125000 -0.484375
255 255 255 255
0.368164 0.731934
0.168945 0.225586
1 0 0 0
1 0 0 0
0.009977 -0.740839 0.000000
-0.992188 -0.140625 -0.007813
255 255 255 255
0.340332 0.716797
0.160645 0.196289
1 0 0 0
1 0 0 0
0.016926 -0.779159 -0.006340
-0.875000 -0.132813 -0.484375
255 255 255 255
0.368164 0.762695
0.168945 0.28418
1 0 0 0
1 0 0 0
0.013363 -0.766593 0.000000
-0.992188 -0.140625 -0.007813
255 255 255 255
0.340332 0.747559
0.160645 0.254883
1 0 0 0
1 0 0 0
0.015116 -0.779459 0.000000
-0.992188 -0.148438 -0.007813
255 255 255 255
0.340332 0.762695
0.160645 0.28418
1 0 0 0
1 0 0 0
0.020551 -0.804847 -0.006340
-0.875000 -0.140625 -0.484375
255 255 255 255
0.368164 0.792969
0.168945 0.343262
0 0 0 0
1 0 0 0
0.016910 -0.792318 0.000000
-0.992188 -0.148438 -0.007813
255 255 255 255
0.340332 0.777832
0.160645 0.313965
1 0 0 0
1 0 0 0
0.024336 -0.830497 -0.006340
-0.875000 -0.140625 -0.484375
255 255 255 255
0.368164 0.823731
0.168945 0.401856
0 0 0 0
1 0 0 0
0.020616 -0.818007 0.000000
-0.992188 -0.156250 -0.007813
255 255 255 255
0.340332 0.808106
0.160645 0.372559
0 0 0 0
1 0 0 0
0.022530 -0.830837 0.000000
-0.992188 -0.156250 -0.007813
255 255 255 255
0.340332 0.823731
0.160645 0.401856
0 0 0 0
1 0 0 0
0.028280 -0.856104 -0.006340
-0.875000 -0.148438 -0.484375
255 255 255 255
0.368164 0.854004
0.168945 0.460938
0 0 0 0
1 0 0 0
0.024483 -0.843657 0.000000
-0.992188 -0.164063 -0.007813
255 255 255 255
0.340332 0.838867
0.160645 0.431641
0 0 0 0
1 0 0 0
0.026476 -0.856466 0.000000
-0.992188 -0.164063 -0.007813
255 255 255 255
0.340332 0.854004
0.160645 0.460938
0 0 0 0
1 0 0 0
0.032299 -0.879439 -0.006288
-0.859375 -0.226563 -0.476563
255 255 255 255
0.368164 0.883301
0.168945 0.51709
0 0 0 0
1 0 0 0
-0.015532 -0.443637 -0.006340
-0.882813 -0.062500 -0.484375
255 255 255 255
0.368164 0.379395
0.023438 0.435547
1 0 0 0
1 0 0 0
-0.016617 -0.456635 0.000000
-1.000000 -0.070313 -0.007813
255 255 255 255
0.340332 0.393555
0.014648 0.462891
1 0 0 0
1 0 0 0
-0.014007 -0.469459 -0.006340
-0.882813 -0.062500 -0.484375
255 255 255 255
0.368164 0.407715
0.023438 0.491211
1 0 0 0
1 0 0 0
-0.015834 -0.469555 0.000000
-1.000000 -0.070313 -0.007813
255 255 255 255
0.340332 0.407715
0.014648 0.491211
1 0 0 0
1 0 0 0
-0.016894 -0.417826 -0.006340
-0.882813 -0.054688 -0.484375
255 255 255 255
0.368164 0.351563
0.169434 0.928223
1 0 0 0
1 0 0 0
-0.018722 -0.417894 0.000000
-1.000000 -0.062500 -0.007813
255 255 255 255
0.340332 0.351563
0.160645 0.928223
1 0 0 0
1 0 0 0
-0.018061 -0.430804 0.000000
-1.000000 -0.062500 -0.007813
255 255 255 255
0.340332 0.365723
0.160645 0.956543
1 0 0 0
1 0 0 0
-0.015532 -0.443637 -0.006340
-0.882813 -0.062500 -0.484375
255 255 255 255
0.368164 0.379395
0.169434 0.985352
1 0 0 0
1 0 0 0
-0.018092 -0.392029 -0.006340
-0.882813 -0.046875 -0.484375
255 255 255 255
0.368164 0.324219
0.169434 0.871582
1 0 0 0
1 0 0 0
-0.019342 -0.404986 0.000000
-1.000000 -0.054688 -0.007813
255 255 255 255
0.340332 0.337891
0.160645 0.899902
1 0 0 0
1 0 0 0
-0.019128 -0.366249 -0.006340
-0.882813 -0.046875 -0.484375
255 255 255 255
0.368164 0.296875
0.169434 0.815918
1 0 0 0
1 0 0 0
-0.020957 -0.366291 0.000000
-1.000000 -0.046875 -0.007813
255 255 255 255
0.340332 0.296875
0.160645 0.815918
1 0 0 0
1 0 0 0
-0.020460 -0.379185 0.000000
-1.000000 -0.054688 -0.007813
255 255 255 255
0.340332 0.310547
0.160645 0.84375
1 0 0 0
1 0 0 0
-0.008721 -0.482118 -0.011547
-0.617188 -0.054688 -0.796875
255 255 255 255
0.396973 0.421387
0.032227 0.519043
1 0 0 0
1 0 0 0
0.004259 -0.481331 -0.015393
-0.007813 -0.007813 -1.000000
255 255 255 255
0.456543 0.421387
0.050293 0.519043
1 0 0 0
1 0 0 0
-0.015010 -0.482476 0.000000
-1.000000 -0.078125 -0.007813
255 255 255 255
0.340332 0.421387
0.014648 0.519043
1 0 0 0
1 0 0 0
0.013847 -0.519343 0.014488
0.273438 0.007813 0.937500
255 255 255 255
0.65918 0.464356
0.112793 0.604004
1 0 0 0
1 0 0 0
0.018990 -0.506068 0.011547
0.593750 0.031250 0.773438
255 255 255 255
0.629883 0.450195
0.104004 0.575684
1 0 0 0
1 0 0 0
0.012011 -0.493706 0.014488
0.273438 0.007813 0.937500
255 255 255 255
0.65918 0.435547
0.112793 0.547363
1 0 0 0
1 0 0 0
0.015845 -0.544978 0.014488
0.273438 0.007813 0.937500
255 255 255 255
0.65918 0.493164
0.112793 0.661133
1 0 0 0
1 0 0 0
0.020903 -0.531654 0.011547
0.593750 0.031250 0.773438
255 255 255 255
0.629883 0.479004
0.104004 0.632813
1 0 0 0
1 0 0 0
0.018003 -0.570608 0.014488
0.273438 0.015625 0.937500
255 255 255 255
0.65918 0.522461
0.112793 0.719238
1 0 0 0
1 0 0 0
0.022978 -0.557235 0.011547
0.593750 0.039063 0.773438
255 255 255 255
0.629883 0.507813
0.104004 0.69043
1 0 0 0
1 0 0 0
0.020323 -0.596229 0.014488
0.273438 0.015625 0.937500
255 255 255 255
0.65918 0.551758
0.112793 0.777344
1 0 0 0
1 0 0 0
0.025213 -0.582807 0.011547
0.593750 0.039063 0.773438
255 255 255 255
0.629883 0.537109
0.104004 0.748535
1 0 0 0
1 0 0 0
0.022803 -0.621839 0.014488
0.273438 0.015625 0.937500
255 255 255 255
0.65918 0.581543
0.112793 0.836426
1 0 0 0
1 0 0 0
0.027608 -0.608368 0.011547
0.585938 0.046875 0.773438
255 255 255 255
0.629883 0.566406
0.104004 0.807129
1 0 0 0
1 0 0 0
0.024103 -0.634638 0.014488
0.273438 0.015625 0.937500
255 255 255 255
0.65918 0.596191
0.112793 0.866211
1 0 0 0
1 0 0 0
0.025444 -0.647433 0.014488
0.273438 0.015625 0.937500
255 255 255 255
0.65918 0.611328
0.112793 0.895508
1 0 0 0
1 0 0 0
0.030164 -0.633914 0.011547
0.585938 0.054688 0.773438
255 255 255 255
0.629883 0.596191
0.104004 0.866211
1 0 0 0
1 0 0 0
0.028245 -0.673009 0.014488
0.273438 0.023438 0.937500
255 255 255 255
0.65918 0.641113
0.112793 0.955078
1 0 0 0
1 0 0 0
0.032881 -0.659441 0.011547
0.585938 0.054688 0.773438
255 255 255 255
0.629883 0.626465
0.104004 0.925293
1 0 0 0
1 0 0 0
0.029706 -0.685788 0.014488
0.265625 0.023438 0.937500
255 255 255 255
0.65918 0.65625
0.255859 0.079102
1 0 0 0
1 0 0 0
0.031207 -0.698562 0.014488
0.265625 0.023438 0.937500
255 255 255 255
0.65918 0.671387
0.255859 0.108398
1 0 0 0
1 0 0 0
0.035757 -0.684946 0.011547
0.585938 0.054688 0.773438
255 255 255 255
0.629883 0.65625
0.24707 0.079102
1 0 0 0
1 0 0 0
0.029706 -0.685788 0.014488
0.265625 0.023438 0.937500
255 255 255 255
0.65918 0.65625
0.112793 0.985352
1 0 0 0
1 0 0 0
0.035757 -0.684946 0.011547
0.585938 0.054688 0.773438
255 255 255 255
0.629883 0.65625
0.104004 0.985352
1 0 0 0
1 0 0 0
0.034328 -0.724088 0.014488
0.265625 0.023438 0.937500
255 255 255 255
0.65918 0.70166
0.255859 0.166992
1 0 0 0
1 0 0 0
0.038793 -0.710426 0.011547
0.585938 0.062500 0.773438
255 255 255 255
0.629883 0.686523
0.24707 0.137695
1 0 0 0
1 0 0 0
0.037610 -0.749585 0.014488
0.265625 0.023438 0.937500
255 255 255 255
0.65918 0.731934
0.255859 0.225586
1 0 0 0
1 0 0 0
0.041989 -0.735876 0.011547
0.585938 0.062500 0.773438
255 255 255 255
0.629883 0.716797
0.24707 0.196289
1 0 0 0
1 0 0 0
0.041050 -0.775047 0.014488
0.265625 0.023438 0.937500
255 255 255 255
0.65918 0.762695
0.255859 0.28418
1 0 0 0
1 0 0 0
0.045344 -0.761293 0.011547
0.585938 0.070313 0.773438
255 255 255 255
0.629883 0.747559
0.24707 0.254883
1 0 0 0
1 0 0 0
0.044650 -0.800471 0.014488
0.265625 0.031250 0.937500
255 255 255 255
0.65918 0.792969
0.255859 0.343262
0 0 0 0
1 0 0 0
0.048858 -0.786671 0.011547
0.585938 0.070313 0.773438
255 255 255 255
0.629883 0.777832
0.24707 0.313965
1 0 0 0
1 0 0 0
0.048409 -0.825852 0.014488
0.265625 0.031250 0.937500
255 255 255 255
0.65918 0.823731
0.255859 0.401856
0 0 0 0
1 0 0 0
0.052532 -0.812008 0.011547
0.585938 0.078125 0.773438
255 255 255 255
0.629883 0.808106
0.24707 0.372559
0 0 0 0
1 0 0 0
0.052326 -0.851185 0.014488
0.265625 0.031250 0.937500
255 255 255 255
0.65918 0.854004
0.255859 0.460938
0 0 0 0
1 0 0 0
0.056363 -0.837297 0.011547
0.585938 0.078125 0.773438
255 255 255 255
0.629883 0.838867
0.24707 0.431641
0 0 0 0
1 0 0 0
0.055996 -0.874332 0.014281
0.273438 -0.023438 0.937500
255 255 255 255
0.65918 0.883301
0.255859 0.51709
0 0 0 0
1 0 0 0
0.060353 -0.862536 0.011547
0.585938 0.078125 0.773438
255 255 255 255
0.629883 0.869141
0.24707 0.490234
0 0 0 0
1 0 0 0
0.008824 -0.442434 0.014488
0.273438 0.007813 0.937500
255 255 255 255
0.65918 0.379395
0.112793 0.435547
1 0 0 0
1 0 0 0
0.015648 -0.454891 0.011547
0.593750 0.023438 0.773438
255 255 255 255
0.629883 0.393555
0.104004 0.462891
1 0 0 0
1 0 0 0
0.010337 -0.468068 0.014488
0.273438 0.007813 0.937500
255 255 255 255
0.65918 0.407715
0.112793 0.491211
1 0 0 0
1 0 0 0
0.007473 -0.416806 0.014488
0.273438 0.000000 0.937500
255 255 255 255
0.65918 0.351563
0.262207 0.928223
1 0 0 0
1 0 0 0
0.014219 -0.429305 0.011547
0.593750 0.023438 0.773438
255 255 255 255
0.629883 0.365723
0.252441 0.956543
1 0 0 0
1 0 0 0
0.008824 -0.442434 0.014488
0.273438 0.007813 0.937500
255 255 255 255
0.65918 0.379395
0.262207 0.985352
1 0 0 0
1 0 0 0
0.006284 -0.391186 0.014488
0.273438 0.000000 0.937500
255 255 255 255
0.65918 0.324219
0.262207 0.871582
1 0 0 0
1 0 0 0
0.012952 -0.403725 0.011547
0.593750 0.015625 0.773438
255 255 255 255
0.629883 0.337891
0.252441 0.899902
1 0 0 0
1 0 0 0
0.005257 -0.365576 0.014488
0.273438 0.000000 0.937500
255 255 255 255
0.65918 0.296875
0.262207 0.815918
1 0 0 0
1 0 0 0
0.011354 -0.365370 0.011547
0.593750 0.007813 0.773438
255 255 255 255
0.629883 0.296875
0.252441 0.815918
1 0 0 0
1 0 0 0
0.011846 -0.378153 0.011547
0.593750 0.015625 0.773438
255 255 255 255
0.629883 0.310547
0.252441 0.84375
1 0 0 0
1 0 0 0
0.024386 -0.518499 0.006340
0.859375 0.054688 0.460938
255 255 255 255
0.601074 0.464356
0.094727 0.604004
1 0 0 0
1 0 0 0
0.025277 -0.505581 0.000000
0.976563 0.062500 -0.007813
255 255 255 255
0.572266 0.450195
0.085938 0.575684
1 0 0 0
1 0 0 0
0.026211 -0.518348 0.000000
0.976563 0.062500 -0.007813
255 255 255 255
0.572266 0.464356
0.085938 0.604004
1 0 0 0
1 0 0 0
0.022556 -0.492948 0.006340
0.859375 0.046875 0.460938
255 255 255 255
0.601074 0.435547
0.094727 0.547363
1 0 0 0
1 0 0 0
0.026377 -0.544045 0.006340
0.859375 0.062500 0.460938
255 255 255 255
0.601074 0.493164
0.094727 0.661133
1 0 0 0
1 0 0 0
0.027186 -0.531115 0.000000
0.976563 0.062500 -0.007813
255 255 255 255
0.572266 0.479004
0.085938 0.632813
1 0 0 0
1 0 0 0
0.028529 -0.569583 0.006340
0.859375 0.062500 0.460938
255 255 255 255
0.601074 0.522461
0.094727 0.719238
1 0 0 0
1 0 0 0
0.029256 -0.556642 0.000000
0.976563 0.070313 -0.007813
255 255 255 255
0.572266 0.507813
0.085938 0.69043
1 0 0 0
1 0 0 0
0.030351 -0.569401 0.000000
0.976563 0.078125 -0.007813
255 255 255 255
0.572266 0.522461
0.085938 0.719238
1 0 0 0
1 0 0 0
0.030841 -0.595110 0.006340
0.859375 0.070313 0.460938
255 255 255 255
0.601074 0.551758
0.094727 0.777344
1 0 0 0
1 0 0 0
0.031487 -0.582159 0.000000
0.976563 0.078125 -0.007813
255 255 255 255
0.572266 0.537109
0.085938 0.748535
1 0 0 0
1 0 0 0
0.033314 -0.620623 0.006340
0.859375 0.078125 0.460938
255 255 255 255
0.601074 0.581543
0.094727 0.836426
1 0 0 0
1 0 0 0
0.033878 -0.607663 0.000000
0.976563 0.085938 -0.007813
255 255 255 255
0.572266 0.566406
0.085938 0.807129
1 0 0 0
1 0 0 0
0.035947 -0.646118 0.006340
0.859375 0.078125 0.460938
255 255 255 255
0.601074 0.611328
0.094727 0.895508
1 0 0 0
1 0 0 0
0.036429 -0.633150 0.000000
0.976563 0.093750 -0.007813
255 255 255 255
0.572266 0.596191
0.085938 0.866211
1 0 0 0
1 0 0 0
0.037765 -0.645887 0.000000
0.976563 0.093750 -0.007813
255 255 255 255
0.572266 0.611328
0.085938 0.895508
1 0 0 0
1 0 0 0
0.038739 -0.671593 0.006340
0.851563 0.085938 0.460938
255 255 255 255
0.601074 0.641113
0.094727 0.955078
1 0 0 0
1 0 0 0
0.039141 -0.658618 0.000000
0.976563 0.093750 -0.007813
255 255 255 255
0.572266 0.626465
0.085938 0.925293
1 0 0 0
1 0 0 0
0.041692 -0.697042 0.006340
0.851563 0.093750 0.460938
255 255 255 255
0.601074 0.671387
0.238281 0.108398
1 0 0 0
1 0 0 0
0.042012 -0.684062 0.000000
0.976563 0.101563 -0.007813
255 255 255 255
0.572266 0.65625
0.229981 0.079102
1 0 0 0
1 0 0 0
0.043507 -0.696774 0.000000
0.976563 0.101563 -0.007813
255 255 255 255
0.572266 0.671387
0.229981 0.108398
1 0 0 0
1 0 0 0
0.042012 -0.684062 0.000000
0.976563 0.101563 -0.007813
255 255 255 255
0.572266 0.65625
0.085938 0.985352
1 0 0 0
1 0 0 0
0.044804 -0.722462 0.006340
0.851563 0.093750 0.460938
255 255 255 255
0.601074 0.70166
0.238281 0.166992
1 0 0 0
1 0 0 0
0.045043 -0.709479 0.000000
0.976563 0.109375 -0.007813
255 255 255 255
0.572266 0.686523
0.229981 0.137695
1 0 0 0
1 0 0 0
0.048075 -0.747850 0.006340
0.851563 0.101563 0.460938
255 255 255 255
0.601074 0.731934
0.238281 0.225586
1 0 0 0
1 0 0 0
0.048233 -0.734865 0.000000
0.968750 0.117188 -0.007813
255 255 255 255
0.572266 0.716797
0.229981 0.196289
1 0 0 0
1 0 0 0
0.049887 -0.747545 0.000000
0.968750 0.117188 -0.007813
255 255 255 255
0.572266 0.731934
0.229981 0.225586
1 0 0 0
1 0 0 0
0.051506 -0.773201 0.006340
0.851563 0.109375 0.460938
255 255 255 255
0.601074 0.762695
0.238281 0.28418
1 0 0 0
1 0 0 0
0.051582 -0.760216 0.000000
0.968750 0.125000 -0.007813
255 255 255 255
0.572266 0.747559
0.229981 0.254883
1 0 0 0
1 0 0 0
0.055095 -0.798511 0.006340
0.851563 0.117188 0.460938
255 255 255 255
0.601074 0.792969
0.238281 0.343262
0 0 0 0
1 0 0 0
0.055090 -0.785528 0.000000
0.968750 0.125000 -0.007813
255 255 255 255
0.572266 0.777832
0.229981 0.313965
1 0 0 0
1 0 0 0
0.056903 -0.798168 0.000000
0.968750 0.132813 -0.007813
255 255 255 255
0.572266 0.792969
0.229981 0.343262
0 0 0 0
1 0 0 0
0.058842 -0.823776 0.006340
0.851563 0.117188 0.460938
255 255 255 255
0.601074 0.823731
0.238281 0.401856
0 0 0 0
1 0 0 0
0.058756 -0.810796 0.000000
0.968750 0.132813 -0.007813
255 255 255 255
0.572266 0.808106
0.229981 0.372559
0 0 0 0
1 0 0 0
0.062748 -0.848990 0.006340
0.851563 0.125000 0.460938
255 255 255 255
0.601074 0.854004
0.238281 0.460938
0 0 0 0
1 0 0 0
0.062581 -0.836016 0.000000
0.968750 0.140625 -0.007813
255 255 255 255
0.572266 0.838867
0.229981 0.431641
0 0 0 0
1 0 0 0
0.064553 -0.848607 0.000000
0.968750 0.140625 -0.007813
255 255 255 255
0.572266 0.854004
0.229981 0.460938
0 0 0 0
1 0 0 0
0.066191 -0.872075 0.006288
0.867188 0.054688 0.453125
255 255 255 255
0.601074 0.883301
0.238281 0.51709
0 0 0 0
1 0 0 0
0.019380 -0.441842 0.006340
0.859375 0.039063 0.460938
255 255 255 255
0.601074 0.379395
0.094727 0.435547
1 0 0 0
1 0 0 0
0.021941 -0.454504 0.000000
0.976563 0.046875 -0.007813
255 255 255 255
0.572266 0.393555
0.085938 0.462891
1 0 0 0
1 0 0 0
0.020887 -0.467394 0.006340
0.859375 0.039063 0.460938
255 255 255 255
0.601074 0.407715
0.094727 0.491211
1 0 0 0
1 0 0 0
0.022714 -0.467273 0.000000
0.976563 0.046875 -0.007813
255 255 255 255
0.572266 0.407715
0.085938 0.491211
1 0 0 0
1 0 0 0
0.018033 -0.416292 0.006340
0.859375 0.031250 0.460938
255 255 255 255
0.601074 0.351563
0.243652 0.928223
1 0 0 0
1 0 0 0
0.019862 -0.416198 0.000000
0.976563 0.039063 -0.007813
255 255 255 255
0.572266 0.351563
0.234375 0.928223
1 0 0 0
1 0 0 0
0.020514 -0.428966 0.000000
0.976563 0.039063 -0.007813
255 255 255 255
0.572266 0.365723
0.234375 0.956543
1 0 0 0
1 0 0 0
0.019380 -0.441842 0.006340
0.859375 0.039063 0.460938
255 255 255 255
0.601074 0.379395
0.243652 0.985352
1 0 0 0
1 0 0 0
0.016849 -0.390748 0.006340
0.859375 0.023438 0.460938
255 255 255 255
0.601074 0.324219
0.243652 0.871582
1 0 0 0
1 0 0 0
0.019250 -0.403432 0.000000
0.976563 0.031250 -0.007813
255 255 255 255
0.572266 0.337891
0.234375 0.899902
1 0 0 0
1 0 0 0
0.015825 -0.365211 0.006340
0.859375 0.023438 0.460938
255 255 255 255
0.601074 0.296875
0.243652 0.815918
1 0 0 0
1 0 0 0
0.017655 -0.365143 0.000000
0.976563 0.023438 -0.007813
255 255 255 255
0.572266 0.296875
0.234375 0.815918
1 0 0 0
1 0 0 0
0.018146 -0.377904 0.000000
0.976563 0.031250 -0.007813
255 255 255 255
0.572266 0.310547
0.234375 0.84375
1 0 0 0
1 0 0 0
0.017239 -0.480479 0.011547
0.593750 0.031250 0.773438
255 255 255 255
0.629883 0.421387
0.104004 0.519043
1 0 0 0
1 0 0 0
0.023528 -0.480043 0.000000
0.976563 0.054688 -0.007813
255 255 255 255
0.572266 0.421387
0.085938 0.519043
1 0 0 0
1 0 0 0
0.018990 -0.506068 -0.011547
0.593750 0.031250 -0.796875
255 255 255 255
0.515137 0.450195
0.068359 0.575684
1 0 0 0
1 0 0 0
0.012011 -0.493706 -0.014488
0.273438 0.007813 -0.960938
255 255 255 255
0.486328 0.435547
0.05957 0.547363
1 0 0 0
1 0 0 0
0.013847 -0.519343 -0.014488
0.273438 0.007813 -0.960938
255 255 255 255
0.486328 0.464356
0.05957 0.604004
1 0 0 0
1 0 0 0
0.020903 -0.531654 -0.011547
0.593750 0.031250 -0.796875
255 255 255 255
0.515137 0.479004
0.068359 0.632813
1 0 0 0
1 0 0 0
0.015845 -0.544978 -0.014488
0.273438 0.007813 -0.960938
255 255 255 255
0.486328 0.493164
0.05957 0.661133
1 0 0 0
1 0 0 0
0.022978 -0.557235 -0.011547
0.593750 0.039063 -0.796875
255 255 255 255
0.515137 0.507813
0.068359 0.69043
1 0 0 0
1 0 0 0
0.018003 -0.570608 -0.014488
0.273438 0.015625 -0.960938
255 255 255 255
0.486328 0.522461
0.05957 0.719238
1 0 0 0
1 0 0 0
0.025213 -0.582807 -0.011547
0.593750 0.039063 -0.796875
255 255 255 255
0.515137 0.537109
0.068359 0.748535
1 0 0 0
1 0 0 0
0.020323 -0.596229 -0.014488
0.273438 0.015625 -0.960938
255 255 255 255
0.486328 0.551758
0.05957 0.777344
1 0 0 0
1 0 0 0
0.027608 -0.608368 -0.011547
0.585938 0.046875 -0.796875
255 255 255 255
0.515137 0.566406
0.068359 0.807129
1 0 0 0
1 0 0 0
0.022803 -0.621839 -0.014488
0.273438 0.015625 -0.960938
255 255 255 255
0.486328 0.581543
0.05957 0.836426
1 0 0 0
1 0 0 0
0.024103 -0.634638 -0.014488
0.273438 0.015625 -0.960938
255 255 255 255
0.486328 0.596191
0.05957 0.866211
1 0 0 0
1 0 0 0
0.030164 -0.633914 -0.011547
0.585938 0.054688 -0.796875
255 255 255 255
0.515137 0.596191
0.068359 0.866211
1 0 0 0
1 0 0 0
0.025444 -0.647433 -0.014488
0.273438 0.015625 -0.960938
255 255 255 255
0.486328 0.611328
0.05957 0.895508
1 0 0 0
1 0 0 0
0.032881 -0.659441 -0.011547
0.585938 0.054688 -0.796875
255 255 255 255
0.515137 0.626465
0.068359 0.925293
1 0 0 0
1 0 0 0
0.028245 -0.673009 -0.014488
0.273438 0.023438 -0.960938
255 255 255 255
0.486328 0.641113
0.05957 0.955078
1 0 0 0
1 0 0 0
0.029706 -0.685788 -0.014488
0.265625 0.023438 -0.960938
255 255 255 255
0.486328 0.65625
0.05957 0.985352
1 0 0 0
1 0 0 0
0.035757 -0.684946 -0.011547
0.585938 0.054688 -0.796875
255 255 255 255
0.515137 0.65625
0.068359 0.985352
1 0 0 0
1 0 0 0
0.029706 -0.685788 -0.014488
0.265625 0.023438 -0.960938
255 255 255 255
0.486328 0.65625
0.204102 0.079102
1 0 0 0
1 0 0 0
0.031207 -0.698562 -0.014488
0.265625 0.023438 -0.960938
255 255 255 255
0.486328 0.671387
0.204102 0.108398
1 0 0 0
1 0 0 0
0.035757 -0.684946 -0.011547
0.585938 0.054688 -0.796875
255 255 255 255
0.515137 0.65625
0.212891 0.079102
1 0 0 0
1 0 0 0
0.038793 -0.710426 -0.011547
0.585938 0.062500 -0.796875
255 255 255 255
0.515137 0.686523
0.212891 0.137695
1 0 0 0
1 0 0 0
0.034328 -0.724088 -0.014488
0.265625 0.023438 -0.960938
255 255 255 255
0.486328 0.70166
0.204102 0.166992
1 0 0 0
1 0 0 0
0.041989 -0.735876 -0.011547
0.585938 0.062500 -0.796875
255 255 255 255
0.515137 0.716797
0.212891 0.196289
1 0 0 0
1 0 0 0
0.037610 -0.749585 -0.014488
0.265625 0.023438 -0.960938
255 255 255 255
0.486328 0.731934
0.204102 0.225586
1 0 0 0
1 0 0 0
0.045344 -0.761293 -0.011547
0.585938 0.070313 -0.796875
255 255 255 255
0.515137 0.747559
0.212891 0.254883
1 0 0 0
1 0 0 0
0.041050 -0.775047 -0.014488
0.265625 0.023438 -0.960938
255 255 255 255
0.486328 0.762695
0.204102 0.28418
1 0 0 0
1 0 0 0
0.048858 -0.786671 -0.011547
0.585938 0.070313 -0.796875
255 255 255 255
0.515137 0.777832
0.212891 0.313965
1 0 0 0
1 0 0 0
0.044650 -0.800471 -0.014488
0.265625 0.031250 -0.960938
255 255 255 255
0.486328 0.792969
0.204102 0.343262
0 0 0 0
1 0 0 0
0.052532 -0.812008 -0.011547
0.585938 0.078125 -0.796875
255 255 255 255
0.515137 0.808106
0.212891 0.372559
0 0 0 0
1 0 0 0
0.048409 -0.825852 -0.014488
0.265625 0.031250 -0.960938
255 255 255 255
0.486328 0.823731
0.204102 0.401856
0 0 0 0
1 0 0 0
0.056363 -0.837297 -0.011547
0.585938 0.078125 -0.796875
255 255 255 255
0.515137 0.838867
0.212891 0.431641
0 0 0 0
1 0 0 0
0.052326 -0.851185 -0.014488
0.265625 0.031250 -0.960938
255 255 255 255
0.486328 0.854004
0.204102 0.460938
0 0 0 0
1 0 0 0
0.060353 -0.862536 -0.011547
0.585938 0.078125 -0.796875
255 255 255 255
0.515137 0.869141
0.212891 0.490234
0 0 0 0
1 0 0 0
0.055996 -0.874332 -0.014281
0.273438 -0.023438 -0.960938
255 255 255 255
0.486328 0.883301
0.204102 0.51709
0 0 0 0
1 0 0 0
0.010337 -0.468068 -0.014488
0.273438 0.007813 -0.960938
255 255 255 255
0.486328 0.407715
0.05957 0.491211
1 0 0 0
1 0 0 0
0.008824 -0.442434 -0.014488
0.273438 0.007813 -0.960938
255 255 255 255
0.486328 0.379395
0.05957 0.435547
1 0 0 0
1 0 0 0
0.015648 -0.454891 -0.011547
0.593750 0.023438 -0.796875
255 255 255 255
0.515137 0.393555
0.068359 0.462891
1 0 0 0
1 0 0 0
0.008824 -0.442434 -0.014488
0.273438 0.007813 -0.960938
255 255 255 255
0.486328 0.379395
0.207031 0.985352
1 0 0 0
1 0 0 0
0.007473 -0.416806 -0.014488
0.273438 0.000000 -0.960938
255 255 255 255
0.486328 0.351563
0.207031 0.928223
1 0 0 0
1 0 0 0
0.014219 -0.429305 -0.011547
0.593750 0.023438 -0.796875
255 255 255 255
0.515137 0.365723
0.216309 0.956543
1 0 0 0
1 0 0 0
0.006284 -0.391185 -0.014488
0.273438 0.000000 -0.960938
255 255 255 255
0.486328 0.324219
0.207031 0.871582
1 0 0 0
1 0 0 0
0.012952 -0.403725 -0.011547
0.593750 0.015625 -0.796875
255 255 255 255
0.515137 0.337891
0.216309 0.899902
1 0 0 0
1 0 0 0
0.005751 -0.378379 -0.014488
0.273438 0.000000 -0.960938
255 255 255 255
0.486328 0.310547
0.207031 0.84375
1 0 0 0
1 0 0 0
0.005257 -0.365575 -0.014488
0.273438 0.000000 -0.960938
255 255 255 255
0.486328 0.296875
0.207031 0.815918
1 0 0 0
1 0 0 0
0.011846 -0.378153 -0.011547
0.593750 0.015625 -0.796875
255 255 255 255
0.515137 0.310547
0.216309 0.84375
1 0 0 0
1 0 0 0
0.011354 -0.365371 -0.011547
0.593750 0.007813 -0.796875
255 255 255 255
0.515137 0.296875
0.216309 0.815918
1 0 0 0
1 0 0 0
0.022556 -0.492948 -0.006340
0.859375 0.046875 -0.484375
255 255 255 255
0.543457 0.435547
0.077148 0.547363
1 0 0 0
1 0 0 0
0.024386 -0.518499 -0.006340
0.859375 0.054688 -0.484375
255 255 255 255
0.543457 0.464356
0.077148 0.604004
1 0 0 0
1 0 0 0
0.026377 -0.544045 -0.006340
0.859375 0.062500 -0.484375
255 255 255 255
0.543457 0.493164
0.077148 0.661133
1 0 0 0
1 0 0 0
0.028529 -0.569583 -0.006340
0.859375 0.062500 -0.484375
255 255 255 255
0.543457 0.522461
0.077148 0.719238
1 0 0 0
1 0 0 0
0.030841 -0.595110 -0.006340
0.859375 0.070313 -0.484375
255 255 255 255
0.543457 0.551758
0.077148 0.777344
1 0 0 0
1 0 0 0
0.033314 -0.620623 -0.006340
0.859375 0.078125 -0.484375
255 255 255 255
0.543457 0.581543
0.077148 0.836426
1 0 0 0
1 0 0 0
0.035947 -0.646118 -0.006340
0.859375 0.078125 -0.484375
255 255 255 255
0.543457 0.611328
0.077148 0.895508
1 0 0 0
1 0 0 0
0.038739 -0.671592 -0.006340
0.851563 0.085938 -0.484375
255 255 255 255
0.543457 0.641113
0.077148 0.955078
1 0 0 0
1 0 0 0
0.041692 -0.697042 -0.006340
0.851563 0.093750 -0.484375
255 255 255 255
0.543457 0.671387
0.221191 0.108398
1 0 0 0
1 0 0 0
0.044804 -0.722462 -0.006340
0.851563 0.093750 -0.484375
255 255 255 255
0.543457 0.70166
0.221191 0.166992
1 0 0 0
1 0 0 0
0.048075 -0.747850 -0.006340
0.851563 0.101563 -0.484375
255 255 255 255
0.543457 0.731934
0.221191 0.225586
1 0 0 0
1 0 0 0
0.051506 -0.773201 -0.006340
0.851563 0.109375 -0.484375
255 255 255 255
0.543457 0.762695
0.221191 0.28418
1 0 0 0
1 0 0 0
0.055095 -0.798511 -0.006340
0.851563 0.117188 -0.484375
255 255 255 255
0.543457 0.792969
0.221191 0.343262
0 0 0 0
1 0 0 0
0.058842 -0.823776 -0.006340
0.851563 0.117188 -0.484375
255 255 255 255
0.543457 0.823731
0.221191 0.401856
0 0 0 0
1 0 0 0
0.062748 -0.848990 -0.006340
0.851563 0.125000 -0.484375
255 255 255 255
0.543457 0.854004
0.221191 0.460938
0 0 0 0
1 0 0 0
0.066191 -0.872075 -0.006288
0.867188 0.054688 -0.476563
255 255 255 255
0.543457 0.883301
0.221191 0.51709
0 0 0 0
1 0 0 0
0.020887 -0.467395 -0.006340
0.859375 0.039063 -0.484375
255 255 255 255
0.543457 0.407715
0.077148 0.491211
1 0 0 0
1 0 0 0
0.019380 -0.441842 -0.006340
0.859375 0.039063 -0.484375
255 255 255 255
0.543457 0.379395
0.077148 0.435547
1 0 0 0
1 0 0 0
0.019380 -0.441842 -0.006340
0.859375 0.039063 -0.484375
255 255 255 255
0.543457 0.379395
0.225098 0.985352
1 0 0 0
1 0 0 0
0.018033 -0.416292 -0.006340
0.859375 0.031250 -0.484375
255 255 255 255
0.543457 0.351563
0.225098 0.928223
1 0 0 0
1 0 0 0
0.016849 -0.390747 -0.006340
0.859375 0.023438 -0.484375
255 255 255 255
0.543457 0.324219
0.225098 0.871582
1 0 0 0
1 0 0 0
0.015825 -0.365211 -0.006340
0.859375 0.023438 -0.484375
255 255 255 255
0.543457 0.296875
0.225098 0.815918
1 0 0 0
1 0 0 0
0.017239 -0.480479 -0.011547
0.593750 0.031250 -0.796875
255 255 255 255
0.515137 0.421387
0.068359 0.519043
1 0 0 0
1 0 0 0
-0.020122 -0.100112 -0.000182
-0.007813 0.984375 -0.007813
255 255 255 255
0.888672 0.998047
0.408203 0.216309
1 0 0 0
1 0 0 0
-0.014322 -0.100167 -0.004949
-0.007813 0.984375 -0.007813
255 255 255 255
0.92041 0.98877
0.395508 0.216309
1 0 0 0
1 0 0 0
-0.009164 -0.100206 -0.005688
-0.007813 0.984375 -0.007813
255 255 255 255
0.924805 0.979981
0.387695 0.216309
0 0 0 0
1 0 0 0
-0.014900 -0.100163 0.004617
-0.007813 0.984375 -0.007813
255 255 255 255
0.856934 0.989746
0.419922 0.216309
1 0 0 0
1 0 0 0
-0.009492 -0.100200 0.005645
-0.007813 0.984375 -0.007813
255 255 255 255
0.849609 0.980469
0.428223 0.216309
0 0 0 0
1 0 0 0
-0.002872 -0.100253 -0.006377
-0.007813 0.984375 -0.007813
255 255 255 255
0.929199 0.969727
0.37793 0.216309
0 0 0 0
1 0 0 0
0.002985 -0.100297 -0.006939
-0.007813 0.984375 -0.007813
255 255 255 255
0.932617 0.959961
0.369141 0.216309
1 0 0 0
1 0 0 0
0.003127 -0.100299 0.006894
-0.007813 0.984375 -0.007813
255 255 255 255
0.84082 0.959961
0.447266 0.216309
1 0 0 0
1 0 0 0
0.012936 -0.100359 -0.003750
-0.007813 0.984375 -0.007813
255 255 255 255
0.911133 0.943359
0.352051 0.216309
1 0 0 0
1 0 0 0
0.012936 -0.100359 0.003387
-0.007813 0.984375 -0.007813
255 255 255 255
0.86377 0.943359
0.464356 0.216309
1 0 0 0
1 0 0 0
-0.001953 -0.647899 0.000000
0.921875 0.117188 -0.328125
255 255 255 255
0.049316 0.722168
0.366211 0.317383
0 0 0 0
1 0 0 0
-0.000293 -0.652642 0.002976
0.921875 0.117188 -0.328125
255 255 255 255
0.060059 0.727051
0.370606 0.325684
0 0 0 0
1 0 0 0
-0.000465 -0.646545 0.004680
0.914063 0.109375 -0.343750
255 255 255 255
0.066406 0.721191
0.373047 0.315918
0 0 0 0
1 0 0 0
-0.001953 -0.647899 0.000000
0.914063 0.109375 -0.343750
255 255 255 255
0.049316 0.722168
0.366211 0.317383
0 0 0 0
1 0 0 0
-0.000465 -0.646545 0.004680
0.929688 0.125000 -0.289063
255 255 255 255
0.066406 0.721191
0.373047 0.315918
0 0 0 0
1 0 0 0
-0.002956 -0.638882 -0.000005
0.929688 0.125000 -0.289063
255 255 255 255
0.049316 0.713867
0.366211 0.302246
0 0 0 0
1 0 0 0
-0.001953 -0.647899 0.000000
0.921875 0.093750 -0.335938
255 255 255 255
0.049316 0.722168
0.366211 0.317383
0 0 0 0
1 0 0 0
-0.000465 -0.646545 0.004680
0.921875 0.093750 -0.335938
255 255 255 255
0.066406 0.721191
0.373047 0.315918
0 0 0 0
1 0 0 0
-0.001953 -0.647899 0.000000
0.921875 0.093750 0.312500
255 255 255 255
0.049316 0.722168
0.366211 0.317383
0 0 0 0
1 0 0 0
-0.000465 -0.646545 -0.004680
0.921875 0.093750 0.312500
255 255 255 255
0.032227 0.721191
0.359375 0.315918
0 0 0 0
1 0 0 0
-0.000293 -0.652642 -0.003133
0.921875 0.109375 0.296875
255 255 255 255
0.038086 0.727051
0.361328 0.325684
0 0 0 0
1 0 0 0
-0.001953 -0.647899 0.000000
0.921875 0.109375 0.296875
255 255 255 255
0.049316 0.722168
0.366211 0.317383
0 0 0 0
1 0 0 0
-0.000465 -0.646545 -0.004680
0.921875 0.093750 0.312500
255 255 255 255
0.032227 0.721191
0.359375 0.315918
0 0 0 0
1 0 0 0
-0.001953 -0.647899 0.000000
0.921875 0.093750 0.312500
255 255 255 255
0.049316 0.722168
0.366211 0.317383
0 0 0 0
1 0 0 0
-0.002956 -0.638882 -0.000005
0.929688 0.125000 0.265625
255 255 255 255
0.049316 0.713867
0.366211 0.302246
0 0 0 0
1 0 0 0
-0.000465 -0.646545 -0.004680
0.929688 0.125000 0.265625
255 255 255 255
0.032227 0.721191
0.359375 0.315918
0 0 0 0
1 0 0 0
-0.001206 -0.652720 0.003324
-0.945313 -0.140625 0.296875
255 255 255 255
1.173828 0.746582
0.134277 0.40332
0 0 0 0
1 0 0 0
-0.002947 -0.648008 0.000000
-0.945313 -0.140625 0.296875
255 255 255 255
1.157227 0.739746
0.129883 0.390625
0 0 0 0
1 0 0 0
-0.002947 -0.648008 0.000000
-0.945313 -0.125000 0.312500
255 255 255 255
1.157227 0.739746
0.129883 0.390625
0 0 0 0
1 0 0 0
-0.001344 -0.646604 0.005154
-0.945313 -0.125000 0.312500
255 255 255 255
1.183105 0.738281
0.137207 0.387695
0 0 0 0
1 0 0 0
-0.003953 -0.638959 0.000000
-0.953125 -0.148438 0.257813
255 255 255 255
1.157227 0.727539
0.129883 0.369141
0 0 0 0
1 0 0 0
-0.001344 -0.646604 0.005154
-0.953125 -0.148438 0.257813
255 255 255 255
1.183105 0.738281
0.137207 0.387695
0 0 0 0
1 0 0 0
-0.001344 -0.646604 0.005154
-0.945313 -0.117188 0.304688
255 255 255 255
1.183105 0.738281
0.137207 0.387695
0 0 0 0
1 0 0 0
-0.002947 -0.648008 0.000000
-0.945313 -0.117188 0.304688
255 255 255 255
1.157227 0.739746
0.129883 0.390625
0 0 0 0
1 0 0 0
-0.001344 -0.646604 -0.005154
-0.945313 -0.117188 -0.328125
255 255 255 255
1.131348 0.738281
0.122559 0.387695
0 0 0 0
1 0 0 0
-0.002947 -0.648008 0.000000
-0.945313 -0.117188 -0.328125
255 255 255 255
1.157227 0.739746
0.129883 0.390625
0 0 0 0
1 0 0 0
-0.002947 -0.648008 0.000000
-0.945313 -0.132813 -0.312500
255 255 255 255
1.157227 0.739746
0.129883 0.390625
0 0 0 0
1 0 0 0
-0.001206 -0.652720 -0.003481
-0.945313 -0.132813 -0.312500
255 255 255 255
1.140137 0.746582
0.125 0.40332
0 0 0 0
1 0 0 0
-0.002947 -0.648008 0.000000
-0.945313 -0.117188 -0.328125
255 255 255 255
1.157227 0.739746
0.129883 0.390625
0 0 0 0
1 0 0 0
-0.001344 -0.646604 -0.005154
-0.945313 -0.117188 -0.328125
255 255 255 255
1.131348 0.738281
0.122559 0.387695
0 0 0 0
1 0 0 0
-0.001344 -0.646604 -0.005154
-0.953125 -0.148438 -0.281250
255 255 255 255
1.131348 0.738281
0.122559 0.387695
0 0 0 0
1 0 0 0
-0.003953 -0.638959 0.000000
-0.953125 -0.148438 -0.281250
255 255 255 255
1.157227 0.727539
0.129883 0.369141
0 0 0 0
1 0 0 0
0.044458 -0.886280 0.008478
-0.046875 -0.953125 0.304688
255 255 255 255
1.110352 0.699219
0.416016 0.650879
0 0 0 0
1 0 0 0
0.037249 -0.885199 0.010995
-0.046875 -0.953125 0.304688
255 255 255 255
1.08252 0.694336
0.406738 0.644531
0 0 0 0
1 0 0 0
0.044458 -0.886280 0.008478
-0.046875 -0.960938 0.289063
255 255 255 255
1.110352 0.699219
0.416016 0.650879
0 0 0 0
1 0 0 0
0.044458 -0.886280 0.008478
0.070313 -0.953125 0.304688
255 255 255 255
1.110352 0.699219
0.416016 0.650879
0 0 0 0
1 0 0 0
0.044458 -0.886280 0.008478
0.062500 -1.000000 0.015625
255 255 255 255
1.110352 0.699219
0.416016 0.650879
0 0 0 0
1 0 0 0
0.038079 -0.886945 0.000000
0.023438 -1.000000 0.039063
255 255 255 255
1.066406 0.703613
0.401367 0.656738
0 0 0 0
1 0 0 0
0.044458 -0.886280 0.008478
0.023438 -1.000000 0.039063
255 255 255 255
1.110352 0.699219
0.416016 0.650879
0 0 0 0
1 0 0 0
0.044458 -0.886280 0.008478
0.132813 -0.992188 0.015625
255 255 255 255
1.110352 0.699219
0.416016 0.650879
0 0 0 0
1 0 0 0
0.044458 -0.886280 -0.008478
-0.046875 -0.960938 -0.312500
255 255 255 255
0.110352 0.699219
0.04834 0.412598
1 0 0 0
1 0 0 0
0.037249 -0.885199 -0.010995
-0.046875 -0.953125 -0.328125
255 255 255 255
0.08252 0.694336
0.039063 0.402344
1 0 0 0
1 0 0 0
0.044458 -0.886280 -0.008478
-0.046875 -0.953125 -0.328125
255 255 255 255
0.110352 0.699219
0.04834 0.412598
1 0 0 0
1 0 0 0
0.044458 -0.886280 -0.008478
0.070313 -0.953125 -0.328125
255 255 255 255
0.110352 0.699219
0.04834 0.412598
1 0 0 0
1 0 0 0
0.044458 -0.886280 -0.008478
0.023438 -1.000000 -0.062500
255 255 255 255
0.110352 0.699219
0.04834 0.412598
1 0 0 0
1 0 0 0
0.038078 -0.886945 0.000000
0.023438 -1.000000 -0.062500
255 255 255 255
0.066406 0.703613
0.03418 0.421875
0 0 0 0
1 0 0 0
0.044458 -0.886280 -0.008478
0.062500 -1.000000 -0.039063
255 255 255 255
0.110352 0.699219
0.04834 0.412598
1 0 0 0
1 0 0 0
0.044458 -0.886280 -0.008478
0.132813 -0.992188 -0.039063
255 255 255 255
0.110352 0.699219
0.04834 0.412598
1 0 0 0
1 0 0 0
0.045547 -0.708561 0.000000
-0.945313 -0.101563 -0.343750
255 255 255 255
1.049316 0.722168
0.366211 0.253906
1 0 0 0
1 0 0 0
0.043800 -0.707563 0.004680
-0.945313 -0.101563 -0.343750
255 255 255 255
1.066406 0.721191
0.373047 0.252441
1 0 0 0
1 0 0 0
0.044960 -0.713551 0.002976
-0.953125 -0.085938 -0.328125
255 255 255 255
1.060059 0.727051
0.370606 0.262207
1 0 0 0
1 0 0 0
0.045547 -0.708561 0.000000
-0.953125 -0.085938 -0.328125
255 255 255 255
1.049316 0.722168
0.366211 0.253906
1 0 0 0
1 0 0 0
0.043800 -0.707563 0.004680
-0.945313 -0.117188 -0.335938
255 255 255 255
1.066406 0.721191
0.373047 0.252441
1 0 0 0
1 0 0 0
0.045547 -0.708561 0.000000
-0.945313 -0.117188 -0.335938
255 255 255 255
1.049316 0.722168
0.366211 0.253906
1 0 0 0
1 0 0 0
0.044562 -0.699541 -0.000005
-0.960938 -0.085938 -0.289063
255 255 255 255
1.049316 0.713867
0.366211 0.239258
1 0 0 0
1 0 0 0
0.043800 -0.707563 0.004680
-0.960938 -0.085938 -0.289063
255 255 255 255
1.066406 0.721191
0.373047 0.252441
1 0 0 0
1 0 0 0
0.045547 -0.708561 0.000000
-0.953125 -0.093750 0.296875
255 255 255 255
1.049316 0.722168
0.366211 0.253906
1 0 0 0
1 0 0 0
0.044960 -0.713551 -0.003133
-0.953125 -0.093750 0.296875
255 255 255 255
1.038086 0.727051
0.361328 0.262207
1 0 0 0
1 0 0 0
0.043800 -0.707563 -0.004680
-0.945313 -0.109375 0.312500
255 255 255 255
1.032227 0.721191
0.359375 0.252441
1 0 0 0
1 0 0 0
0.045547 -0.708561 0.000000
-0.945313 -0.109375 0.312500
255 255 255 255
1.049316 0.722168
0.366211 0.253906
1 0 0 0
1 0 0 0
0.043800 -0.707563 -0.004680
-0.960938 -0.085938 0.265625
255 255 255 255
1.032227 0.721191
0.359375 0.252441
1 0 0 0
1 0 0 0
0.044562 -0.699541 -0.000005
-0.960938 -0.085938 0.265625
255 255 255 255
1.049316 0.713867
0.366211 0.239258
1 0 0 0
1 0 0 0
0.045547 -0.708561 0.000000
-0.945313 -0.109375 0.312500
255 255 255 255
1.049316 0.722168
0.366211 0.253906
1 0 0 0
1 0 0 0
0.043800 -0.707563 -0.004680
-0.945313 -0.109375 0.312500
255 255 255 255
1.032227 0.721191
0.359375 0.252441
1 0 0 0
1 0 0 0
0.044671 -0.707429 0.005154
0.921875 0.078125 0.312500
255 255 255 255
0.183106 0.738281
0.477051 0.54541
1 0 0 0
1 0 0 0
0.046541 -0.708450 0.000000
0.921875 0.078125 0.312500
255 255 255 255
0.157227 0.739746
0.469238 0.546875
1 0 0 0
1 0 0 0
0.046541 -0.708450 0.000000
0.929688 0.062500 0.296875
255 255 255 255
0.157227 0.739746
0.469238 0.546875
1 0 0 0
1 0 0 0
0.045868 -0.713428 0.003324
0.929688 0.062500 0.296875
255 255 255 255
0.173828 0.746582
0.474121 0.554688
1 0 0 0
1 0 0 0
0.046541 -0.708450 0.000000
0.921875 0.093750 0.304688
255 255 255 255
0.157227 0.739746
0.469238 0.546875
1 0 0 0
1 0 0 0
0.044671 -0.707429 0.005154
0.921875 0.093750 0.304688
255 255 255 255
0.183106 0.738281
0.477051 0.54541
1 0 0 0
1 0 0 0
0.044671 -0.707429 0.005154
0.937500 0.062500 0.257813
255 255 255 255
0.183106 0.738281
0.477051 0.54541
1 0 0 0
1 0 0 0
0.045552 -0.699400 0.000000
0.937500 0.062500 0.257813
255 255 255 255
0.157227 0.727539
0.469238 0.533691
1 0 0 0
1 0 0 0
0.045868 -0.713428 -0.003481
0.929688 0.070313 -0.312500
255 255 255 255
0.140137 0.746582
0.464356 0.554688
1 0 0 0
1 0 0 0
0.046541 -0.708450 0.000000
0.929688 0.070313 -0.312500
255 255 255 255
0.157227 0.739746
0.469238 0.546875
1 0 0 0
1 0 0 0
0.046541 -0.708450 0.000000
0.921875 0.085938 -0.328125
255 255 255 255
0.157227 0.739746
0.469238 0.546875
1 0 0 0
1 0 0 0
0.044671 -0.707429 -0.005154
0.921875 0.085938 -0.328125
255 255 255 255
0.131348 0.738281
0.461914 0.54541
1 0 0 0
1 0 0 0
0.045552 -0.699400 0.000000
0.937500 0.062500 -0.281250
255 255 255 255
0.157227 0.727539
0.469238 0.533691
1 0 0 0
1 0 0 0
0.044671 -0.707429 -0.005154
0.937500 0.062500 -0.281250
255 255 255 255
0.131348 0.738281
0.461914 0.54541
1 0 0 0
1 0 0 0
4416
2614 2615 1
10 11 8
8 934 10
934 8 9
9 933 934
933 9 2625
2625 2624 933
2624 2625 923
923 922 2624
922 923 931
931 932 922
932 931 924
924 926 932
926 924 2626
2626 2627 926
2627 2626 941
941 925 2627
925 941 921
921 920 925
920 921 918
918 919 920
12 13 14
14 957 12
15 12 957
957 958 15
2628 15 958
958 2629 2628
946 2628 2629
2629 947 946
955 946 947
947 956 955
950 955 956
956 948 950
2630 950 948
948 2631 2630
965 2630 2631
2631 949 965
943 965 949
949 944 943
942 943 944
944 945 942
1269 22 1270
1270 1271 1269
1022 28 1020
1020 1021 1022
1021 1020 1038
1038 27 1021
27 1038 29
29 1027 27
1027 29 2649
2649 1026 1027
1026 2649 1056
1056 1057 1026
1041 32 1039
1039 1040 1041
1040 1039 30
30 1060 1040
1066 34 1067
1067 1068 1066
1084 1066 1068
1068 35 1084
33 1084 35
35 1072 33
2652 33 1072
1072 1073 2652
1102 2652 1073
1073 1103 1102
1085 36 1086
1086 1087 1085
38 1085 1087
1087 1106 38
1525 63 1523
1523 1524 1525
80 81 1246
1246 1247 80
80 1247 83
83 1252 80
275 1252 83
83 2686 275
275 2686 1253
1253 1254 275
89 1254 1253
1253 2687 89
1255 89 2687
2687 2688 1255
90 1255 2688
2688 88 90
276 90 88
88 1567 276
276 1567 93
93 1256 276
92 1256 93
93 2689 92
91 92 2689
2689 1257 91
1258 91 1257
1257 2690 1258
86 1258 2690
2690 2691 86
1250 86 2691
2691 82 1250
85 1250 82
82 2685 85
277 85 2685
2685 1568 277
69 87 1251
1251 70 69
69 70 2678
2678 1238 69
68 1238 2678
2678 71 68
1239 68 71
71 2679 1239
1240 1239 2679
2679 1241 1240
72 1240 1241
1241 2680 72
72 2680 73
73 1569 72
1569 73 1566
1566 75 1569
1242 75 1566
1566 2681 1242
74 1242 2681
2681 76 74
1243 74 76
76 2682 1243
77 1243 2682
2682 1244 77
77 1244 2683
2683 1245 77
79 1245 2683
2683 2684 79
1249 79 2684
2684 78 1249
84 1249 78
78 1248 84
2694 98 99
99 2695 2694
2694 2695 100
100 2710 2694
100 2695 1343
1351 1343 2695
2695 99 1351
1351 99 122
122 112 1351
1351 112 104
1343 1351 104
1343 103 100
100 103 1355
1355 2696 100
2710 100 2696
2696 97 2710
105 103 1343
1343 2703 105
104 2703 1343
109 104 112
2701 112 122
112 2701 109
122 2702 2701
97 2696 1312
2696 1355 1356
1356 1312 2696
1345 1355 103
1355 1345 2707
2707 1356 1355
1312 102 97
2704 103 105
109 2701 1350
2701 2702 110
110 1350 2701
1350 2700 109
1313 102 1312
101 1312 1356
1312 101 1313
1356 2707 1348
1356 113 101
1357 113 1356
1356 1348 1357
1348 2707 106
1345 2706 2707
2707 2706 1349
1349 106 2707
1344 2700 1350
1350 1315 1344
1314 1315 1350
1350 110 1314
121 1314 110
2709 1357 1348
1354 2709 1348
1348 106 1354
123 2709 1354
1357 2709 123
123 1358 1357
1349 2706 119
1344 1315 108
2708 1314 121
1315 1314 1316
111 1316 1314
1314 2708 111
1315 1316 111
108 1315 115
111 115 1315
1354 114 123
115 116 108
2706 1353 119
1353 2706 1346
1346 2706 1345
1346 1347 1353
1346 120 1347
1346 1352 120
118 1352 1346
1345 2705 1346
1346 117 118
1346 2704 117
2704 1346 2705
2704 2705 103
103 2705 1345
114 1342 1329
1329 2699 114
2699 1329 1330
1330 1328 2699
126 127 2711
2711 2712 126
1398 126 2712
149 126 1398
2712 1390 1398
1390 2712 125
125 2712 2711
2711 2727 125
1398 139 149
1398 131 139
131 1398 1390
139 131 138
138 2717 139
149 139 2717
2717 2719 149
125 132 1390
1390 132 130
1390 2720 131
130 2720 1390
2713 125 2727
125 2713 1402
1402 132 125
2727 124 2713
1397 2717 138
2717 1397 137
137 2719 2717
138 2718 1397
2721 130 132
2721 132 2723
1393 2723 132
132 1402 1393
1359 2713 124
2713 1359 1403
1403 1402 2713
1582 1581 1588
2781 1584 287
1583 2781 287
1585 1584 2781
1598 2781 1583
2781 1598 1585
1583 2793 1598
2793 1602 1598
1584 1585 2782
2782 298 1584
1602 2791 1598
1585 1598 2789
2789 1598 294
2791 294 1598
2789 2790 1585
1585 2790 1603
1603 2782 1585
298 2782 1589
1589 2782 1603
1589 1586 298
1603 2797 1589
1589 2797 2795
2795 2796 1589
2783 1586 1589
1589 2796 2783
1586 2783 1588
1617 2796 2795
2783 1587 1588
315 1587 2783
2783 2796 315
2796 1617 2798
2796 2798 2799
2796 2799 315
1650 1651 1652
1661 1662 2825
2825 2824 1661
2824 2825 1663
1663 1664 2824
1664 1663 1666
1666 2826 1664
2826 1666 1667
1667 1665 2826
1669 1670 31
31 1668 1669
1668 31 1671
1671 1672 1668
1672 1671 1680
1680 1681 1672
372 2839 1695
372 373 2839
372 1696 373
2845 1710 1707
1707 2844 2845
1709 2845 2844
2844 1708 1709
1712 1709 1708
1708 2846 1712
1711 1712 2846
2846 1713 1711
37 1714 1715
1715 1716 37
1717 37 1716
1716 1718 1717
1726 1717 1718
1718 1727 1726
401 403 1741
401 2859 403
401 1742 2859
1760 1761 1759
1759 411 1760
411 1759 1770
1770 1769 411
1769 1770 1752
1752 1751 1769
1751 1752 1753
1753 1754 1751
1754 1753 1777
1777 1778 1754
1773 1774 1763
1763 1762 1773
1762 1763 1764
1764 1765 1762
1765 1764 1768
1768 1767 1765
1767 1768 1756
1756 1755 1767
1755 1756 1757
1757 1758 1755
1758 1757 1779
1779 1780 1758
1783 1781 2860
2860 2861 1783
2861 2860 1784
1784 1782 2861
1788 1782 1784
1784 1787 1788
40 1789 1790
1790 2865 40
1803 1804 1805
1805 419 1803
1813 1803 419
419 1814 1813
1798 1813 1814
1814 1795 1798
1797 1798 1795
1795 1796 1797
1821 1797 1796
1796 1822 1821
1809 1818 1817
1817 1806 1809
1808 1809 1806
1806 1807 1808
1812 1808 1807
1807 1811 1812
1802 1812 1811
1811 1799 1802
1801 1802 1799
1799 1800 1801
1824 1801 1800
1800 1823 1824
2866 1827 1825
1825 2867 2866
1828 2866 2867
2867 1826 1828
1828 1826 1831
1831 1832 1828
1833 1834 44
44 2871 1833
1835 1836 2872
1844 1835 2872
1844 2872 437
1846 1844 437
1835 1844 435
435 1882 1835
1846 1847 1844
1844 1847 1881
1881 435 1844
1846 2877 1847
434 1881 1847
1847 1842 434
1848 1842 1847
2877 1848 1847
433 434 1842
1848 432 1842
1842 1841 433
2875 1841 1842
432 2875 1842
1880 433 1841
2875 1843 1841
1841 1843 2876
1841 2876 1840
1841 1840 1880
429 1880 1840
2876 430 1840
1840 1837 429
1838 1837 1840
430 1838 1840
438 429 1837
1838 2873 1837
1837 2873 1839
1837 1845 438
1845 1837 1839
1883 438 1845
1845 1839 431
1845 431 2874
1845 1849 1883
1849 1845 2874
1884 1849 2874
1912 1913 1914
1904 1917 1918
1918 1905 1904
1905 2916 1904
1904 2916 1903
1903 482 1904
2918 2916 1905
2916 2918 490
490 1903 2916
1905 1906 2918
2917 2918 1906
490 2918 2917
1910 482 1903
2917 1925 490
1906 1907 2917
2917 1907 493
1925 2917 493
1903 1893 1910
1893 1903 2924
1909 1910 1893
493 1907 505
505 1931 493
493 1927 1925
1925 1927 1924
1924 1894 1925
2926 1925 1894
2924 473 1893
2924 1897 473
1894 1924 1922
1893 2920 1909
1921 1909 2920
1894 1900 2926
1899 2926 1900
2920 1919 1921
1922 2919 1894
2919 1922 508
1919 2920 1920
479 1920 2920
2920 1893 479
508 1932 2919
1908 479 1893
2919 1932 1923
1894 2919 1923
1892 1908 1893
473 1892 1893
1923 1926 1894
476 1894 1926
1894 476 1895
1895 1900 1894
2913 473 1897
1896 473 2913
2913 1897 1898
1898 1911 2913
1896 2913 1911
1911 2925 1896
2925 1911 1915
2914 1898 1897
1897 483 2914
1915 1911 2923
2921 1911 1898
2921 481 1911
2923 1911 481
1898 2922 2921
1898 2914 1916
1916 2922 1898
1902 2914 483
1916 2914 1902
483 1899 1902
1902 2928 1916
2927 2928 1902
1902 2929 2927
2915 2929 1902
1902 1899 2915
1899 1900 2915
1930 2927 2929
2915 1900 1901
500 2929 2915
2915 1901 500
2929 2930 1930
2929 2931 2930
2929 500 2931
1964 1965 1966
574 2010 2005
2005 2004 574
2004 2005 2006
2006 568 2004
574 2004 2021
2021 2004 568
2724 1393 1402
1402 1403 2724
1392 2723 1393
2721 2723 1392
124 128 1359
1393 2722 1392
1393 2724 2722
1397 2718 1391
1392 144 2721
1359 128 1360
1360 129 1359
1403 1359 129
1403 1395 2724
129 141 1403
1404 1395 1403
1403 141 1404
1395 134 2724
2724 134 1396
1396 2722 2724
1396 146 2722
2722 146 1400
1392 2722 1400
1392 145 144
2726 1395 1404
1401 134 1395
1395 2726 1401
1401 2726 150
150 2726 1404
1404 1405 150
150 140 1401
1400 1394 1392
145 1392 1399
1392 1394 147
1392 147 1399
140 2716 1376
1376 1389 140
1375 1376 2716
2716 1377 1375
135 143 142
142 1362 135
1391 135 1362
1362 142 136
1391 1362 1397
136 1363 1362
1362 1363 1361
1397 1362 1361
1361 1363 136
136 2725 1361
1361 137 1397
148 137 1361
2725 148 1361
1427 174 1409
1409 1408 1427
1408 1409 1406
1406 1407 1408
1407 1406 153
153 1423 1407
166 1423 153
153 1426 166
166 1426 163
163 1420 166
1419 1420 163
163 2728 1419
2728 163 2735
1419 2728 1421
2735 2732 2728
1421 2728 2732
1421 168 1419
2732 2735 191
2732 2733 1421
191 1418 2732
2733 2732 1418
1422 168 1421
1421 167 1422
1418 191 1448
1418 164 2733
1448 2744 1418
1418 2744 194
194 164 1418
1424 1422 167
167 1425 1424
1424 1425 1410
1410 156 1424
2744 1448 1447
1447 2742 2744
2744 2742 1445
1445 194 2744
1446 1447 1448
1448 1449 1446
156 1410 1411
1411 1412 156
194 1445 2737
2737 2738 194
203 2742 1447
203 1453 2742
1453 1445 2742
1449 1450 1446
155 1412 1411
1411 1428 155
2737 196 2738
1440 190 160
160 1417 1440
1417 160 1415
1415 1416 1417
1437 1416 1415
1415 183 1437
1437 183 1432
1432 180 1437
180 1432 1433
1433 1434 180
176 1434 1433
1433 2729 176
2730 2729 1433
1433 2734 2730
176 2729 1430
2731 1430 2729
2729 2730 2731
1430 1431 176
1441 2731 2730
2730 1429 1441
1429 2730 2734
2734 177 1429
1438 1431 1430
1430 186 1438
199 1441 1429
1429 177 1444
1429 2743 199
1444 2743 1429
1438 186 1436
1436 1435 1438
157 1435 1436
1436 1413 157
2743 1444 193
193 2741 2743
2743 2741 200
200 199 2743
199 200 2739
2739 2740 199
2736 193 1444
1444 1442 2736
157 1413 159
159 1414 157
1451 2741 193
1451 1452 2741
1452 200 2741
2739 201 2740
1442 1443 2736
187 1414 159
159 1439 187
1455 229 1474
1474 1456 1455
1454 1455 1456
1456 1457 1454
207 1454 1457
1457 1470 207
207 1470 220
220 1473 207
219 1473 220
220 1465 219
219 1465 1466
1466 2745 219
2752 219 2745
1468 2745 1466
2745 2749 2752
2749 2745 1468
1466 223 1468
248 2752 2749
1468 2750 2749
2749 1467 248
1467 2749 2750
1468 223 1469
1469 224 1468
1495 248 1467
2750 222 1467
1467 2761 1495
1467 222 253
253 2761 1467
224 1469 1472
1472 1471 224
1460 1471 1472
1472 210 1460
1496 1495 2761
2761 2759 1496
1492 2759 2761
2761 253 1492
1495 1496 1493
1493 1494 1495
1459 1460 210
210 1458 1459
2754 1492 253
253 2755 2754
260 1496 2759
260 2759 1500
1500 2759 1492
1494 1493 1497
1459 1458 231
231 1475 1459
2754 2755 251
218 247 1487
1487 216 218
1463 218 216
216 1464 1463
1463 1464 1484
1484 240 1463
1481 240 1484
1484 237 1481
1480 1481 237
237 1479 1480
1480 1479 233
233 2746 1480
1480 2746 2748
2748 2751 1480
1477 2746 233
2747 2748 2746
2746 1477 2747
233 1476 1477
2748 2747 1488
2751 2748 1478
1488 1478 2748
1478 236 2751
1477 1476 1485
1485 242 1477
1478 1488 258
1491 236 1478
1478 2760 1491
258 2760 1478
1482 242 1485
1485 1483 1482
1482 1483 215
215 1462 1482
249 1491 2760
2760 2758 249
257 2758 2760
2760 258 257
2757 257 258
258 2756 2757
1491 249 2753
2753 1489 1491
213 1462 215
215 1461 213
1498 249 2758
1498 2758 1499
1499 2758 257
2757 2756 256
1489 2753 1490
213 1461 244
244 1486 213
295 3724 3725
3730 3731 307
1615 312 1616
3740 3741 330
343 3746 3747
1647 1648 348
1647 2804 1635
1647 1635 1653
1644 2804 1647
2021 570 574
568 2006 2008
2024 570 2021
2021 2020 2024
2020 2021 2018
568 2018 2021
2008 2009 568
569 2018 568
568 2009 569
2018 2019 2020
2019 2018 569
2009 2008 3139
3139 2007 2009
569 2009 2007
569 2023 2019
2007 2022 569
2023 569 2022
2007 3139 2000
2000 572 2007
573 2022 2007
2007 572 573
3142 2022 573
2022 3142 2023
572 2000 3138
3138 2001 572
573 572 2001
573 2015 3142
2015 573 2013
2001 2013 573
2001 3138 2002
2002 564 2001
567 2013 2001
2001 564 567
2013 3141 2015
3141 2013 567
564 2002 1997
1997 1996 564
567 564 1996
567 2014 3141
2014 567 2012
1996 2012 567
1996 1997 1998
1998 1999 1996
566 2012 1996
1996 1999 566
3140 2012 566
2012 3140 2014
1999 1998 2003
2003 565 1999
566 1999 565
566 2011 3140
565 2016 566
2011 566 2016
2016 2017 2011
2035 2039 584
584 2033 2035
2034 2035 2033
2033 580 2034
2049 2033 584
580 2033 2049
584 578 2049
2037 2034 580
2049 578 2054
2054 2050 2049
2048 2049 2050
2049 2048 580
580 2038 2037
579 2038 580
580 2048 579
2050 2051 2048
579 2048 2051
3144 2037 2038
2038 2036 3144
2036 2038 579
2051 2053 579
579 2052 2036
2052 579 2053
2029 3144 2036
2036 582 2029
583 582 2036
2036 2052 583
583 2052 3146
2053 3146 2052
3143 2029 582
582 2028 3143
2028 582 583
3146 2044 583
2043 583 2044
583 2043 2028
2031 3143 2028
2028 2030 2031
576 2030 2028
2028 2043 576
2044 3145 2043
576 2043 3145
2027 2031 2030
2030 575 2027
575 2030 576
3145 2045 576
2040 576 2045
576 2040 575
2026 2027 575
575 2025 2026
577 2025 575
575 2040 577
577 2040 2041
2045 2041 2040
2032 2026 2025
2025 581 2032
581 2025 577
2041 2042 577
577 2046 581
2046 577 2042
2042 2047 2046
595 2069 2064
2064 2063 595
2063 2064 2065
2065 589 2063
595 2063 2080
2080 2063 589
2080 591 595
589 2065 2067
2083 591 2080
2080 2079 2083
2079 2080 2077
589 2077 2080
2067 2068 589
590 2077 589
589 2068 590
2077 2078 2079
2078 2077 590
2068 2067 3148
3148 2066 2068
590 2068 2066
590 2082 2078
2066 2081 590
2082 590 2081
2066 3148 2059
2059 593 2066
594 2081 2066
2066 593 594
3151 2081 594
2081 3151 2082
593 2059 3147
3147 2060 593
594 593 2060
594 2074 3151
2074 594 2072
2060 2072 594
2060 3147 2061
2061 585 2060
588 2072 2060
2060 585 588
2072 3150 2074
3150 2072 588
585 2061 2056
2056 2055 585
588 585 2055
588 2073 3150
2073 588 2071
2055 2071 588
2055 2056 2057
2057 2058 2055
587 2071 2055
2055 2058 587
3149 2071 587
2071 3149 2073
2058 2057 2062
2062 586 2058
587 2058 586
587 2070 3149
586 2075 587
2070 587 2075
2075 2076 2070
2094 2098 605
605 2092 2094
2093 2094 2092
2092 601 2093
2108 2092 605
601 2092 2108
605 599 2108
2096 2093 601
2108 599 2113
2113 2109 2108
2107 2108 2109
2108 2107 601
601 2097 2096
600 2097 601
601 2107 600
2109 2110 2107
600 2107 2110
3153 2096 2097
2097 2095 3153
2095 2097 600
2110 2112 600
600 2111 2095
2111 600 2112
2088 3153 2095
2095 603 2088
604 603 2095
2095 2111 604
604 2111 3155
2112 3155 2111
3152 2088 603
603 2087 3152
2087 603 604
3155 2103 604
2102 604 2103
604 2102 2087
2090 3152 2087
2087 2089 2090
597 2089 2087
2087 2102 597
2103 3154 2102
597 2102 3154
2086 2090 2089
2089 596 2086
596 2089 597
3154 2104 597
2099 597 2104
597 2099 596
2085 2086 596
596 2084 2085
598 2084 596
596 2099 598
598 2099 2100
2104 2100 2099
2091 2085 2084
2084 602 2091
602 2084 598
2100 2101 598
598 2105 602
2105 598 2101
2101 2106 2105
674 2183 2178
2178 2177 674
2177 2178 2179
2179 667 2177
674 2177 2194
2194 2177 667
2194 669 674
667 2179 2181
2197 669 2194
2194 2193 2197
2193 2194 2191
667 2191 2194
2181 2182 667
668 2191 667
667 2182 668
2191 2192 2193
2192 2191 668
2182 2181 3206
3206 2180 2182
668 2182 2180
668 2196 2192
2180 2195 668
1647 344 1644
340 1635 2804
2804 2805 340
1634 2805 2804
2804 1644 1634
1644 344 328
1631 340 2805
2805 2803 1631
2803 2805 1634
1634 1632 2803
335 2803 1632
335 1631 2803
328 1624 1644
2815 1644 1624
1624 328 1643
337 1631 335
335 1641 337
1632 1633 335
335 1640 1641
324 1633 1632
1632 1620 324
1620 1632 2812
1624 327 2815
327 1629 2815
1643 2806 1624
2806 1643 1654
1636 324 1620
1654 2807 2806
2812 1621 1620
1621 2812 1626
345 2806 2807
1624 2806 345
345 1646 1624
1624 1623 327
1623 1624 1625
1646 1625 1624
1620 2808 1636
342 1636 2808
1620 1621 1622
1626 2800 1621
2800 331 1621
1620 1622 326
2808 1620 1638
1620 326 1638
2808 1642 342
2814 1642 2808
1638 2814 2808
331 2800 1637
1637 2813 331
1627 1637 2800
2800 1626 1627
1639 2813 1637
333 1637 1627
1637 333 2810
2811 1639 1637
2810 2811 1637
1627 2809 333
2801 1627 1626
339 2809 1627
1627 2801 339
1626 338 2801
1630 2801 338
339 2801 1630
1630 2817 339
338 1629 1630
1645 2817 1630
1630 2816 1645
1630 1629 2802
2802 2816 1630
2802 1629 327
2816 2818 1645
1628 2802 327
2802 1628 1649
1649 2816 2802
2818 2816 346
346 2816 2819
2819 2816 1649
368 1687 2832
2832 1687 366
1687 1691 366
1687 365 1691
1687 1689 365
1693 1689 1687
1687 2834 1693
1688 2834 1687
1687 2833 1688
1693 2834 369
2835 2834 1688
1694 2834 2835
2834 1694 369
1688 2833 359
359 1697 1688
1688 1697 376
376 2835 1688
353 1697 359
376 1697 353
2835 360 1694
2835 1690 360
376 1690 2835
360 1690 2837
1698 2837 1690
1698 1690 376
2837 2838 360
2838 2837 377
377 2837 1698
353 1657 376
376 1700 1698
352 1700 376
376 1657 352
351 1657 353
352 1657 351
1698 1699 377
377 378 2838
351 1658 352
353 1655 351
1682 378 1676
1676 1675 1682
1675 1676 1673
1673 1674 1675
2820 1655 353
353 2821 2820
2822 2820 2821
359 2821 353
359 1656 2821
2821 1656 2822
354 2822 1656
1656 363 354
2836 363 1656
359 2836 1656
359 2830 2836
2836 2830 363
1686 2830 359
359 1692 1686
2830 1686 367
367 364 2830
2830 364 363
363 364 1684
367 1684 364
1684 357 363
2827 357 1684
2828 1684 367
1684 2828 2827
367 2829 2828
2827 2828 1683
2828 2829 1685
1685 1683 2828
1683 356 2827
1659 356 1683
1683 362 1659
362 1683 1685
1685 355 362
361 356 1659
361 1659 2823
2823 1659 1660
1659 362 1660
2831 362 355
1660 362 370
362 2831 375
375 370 362
370 371 1660
1660 371 2823
371 1677 1678
1678 1679 371
379 2529 2530
397 2852 1734
2852 394 1734
1734 394 1737
1734 1737 395
1734 395 1735
1734 1735 1739
1739 2853 1734
1734 2853 1733
1733 2854 1734
1739 398 2853
2855 1733 2853
2855 2853 1740
2853 398 1740
388 2854 1733
1733 1743 388
1733 2855 405
405 1743 1733
388 1743 382
382 1743 405
1740 387 2855
2855 387 1736
405 2855 1736
2857 1736 387
1745 1736 2857
405 1736 1745
387 2858 2857
407 2857 2858
1745 2857 407
405 1703 382
383 1703 405
405 1746 383
1745 1746 405
382 1703 380
380 1703 383
407 1744 1745
2858 406 407
383 1704 380
380 1702 382
1720 406 1728
1728 1721 1720
1719 1720 1721
1721 1722 1719
382 1702 2840
2840 2841 382
382 2841 388
2841 2840 2842
388 2841 1701
2842 1701 2841
1701 2842 381
381 392 1701
2856 1701 392
388 1701 2856
388 2856 2850
2856 392 2850
388 2850 1732
1732 1738 388
396 1732 2850
392 393 2850
2850 393 396
1730 393 392
396 393 1730
392 384 1730
1730 384 2848
2848 2847 1730
396 1730 2847
2847 2849 396
1729 2847 2848
2847 1729 1731
1731 2849 2847
2848 385 1729
1729 385 1705
1731 1729 391
1705 391 1729
391 386 1731
390 1705 385
390 2843 1705
1706 1705 2843
1705 1706 391
2851 386 391
400 391 1706
391 400 404
404 2851 391
1706 399 400
2843 399 1706
399 1723 1724
1724 1725 399
2604 2605 408
1772 413 1771
1771 412 1772
412 1771 414
414 1766 412
1766 414 1748
2196 668 2195
2180 3206 2172
2172 672 2180
673 2195 2180
2180 672 673
3209 2195 673
2195 3209 2196
672 2172 3205
3205 2173 672
673 672 2173
673 2188 3209
2188 673 2186
2173 2186 673
2173 3205 2175
2175 2174 2173
665 2186 2173
2173 2174 665
2186 3208 2188
3208 2186 665
2174 2175 2169
2169 666 2174
665 2174 666
665 2187 3208
2187 665 2185
666 2185 665
666 2169 2170
2170 2171 666
664 2185 666
666 2171 664
3207 2185 664
2185 3207 2187
2171 2170 2176
2176 670 2171
664 2171 670
664 2184 3207
670 2189 664
2184 664 2189
2189 2190 2184
2208 2212 684
684 2206 2208
2207 2208 2206
2206 681 2207
2222 2206 684
681 2206 2222
684 679 2222
2210 2207 681
2222 679 2227
2227 2223 2222
2221 2222 2223
2222 2221 681
681 2211 2210
680 2211 681
681 2221 680
2223 2224 2221
680 2221 2224
3211 2210 2211
2211 2209 3211
2209 2211 680
2224 2226 680
680 2225 2209
2225 680 2226
2203 3211 2209
2209 682 2203
683 682 2209
2209 2225 683
683 2225 3213
2226 3213 2225
3210 2203 682
682 2202 3210
2202 682 683
3213 2217 683
2216 683 2217
683 2216 2202
2204 3210 2202
2202 675 2204
676 675 2202
2202 2216 676
2217 3212 2216
676 2216 3212
2201 2204 675
675 2198 2201
2198 675 676
3212 2218 676
2213 676 2218
676 2213 2198
2200 2201 2198
2198 2199 2200
677 2199 2198
2198 2213 677
677 2213 2214
2218 2214 2213
2205 2200 2199
2199 678 2205
678 2199 677
2214 2215 677
677 2219 678
2219 677 2215
2215 2220 2219
2230 2231 3214
3214 3215 2230
3215 3214 3216
3216 3217 3215
3230 3215 3217
2230 3215 3230
3230 685 2230
2228 3217 3216
3217 3234 3230
3234 3217 2228
685 3230 3231
3231 3230 3234
3216 3218 2228
3231 695 685
687 2228 3218
2228 3232 3234
3232 2228 687
3244 3234 3232
3234 3244 3231
3218 2229 687
700 695 3231
3231 3268 700
3231 3244 3269
3269 3268 3231
687 3233 3232
3232 3243 3244
3243 3232 3233
3244 3243 3270
3270 3269 3244
687 2229 2235
2235 3225 687
688 3233 687
687 3225 688
699 700 3268
3268 3251 699
3268 3269 3252
3252 3251 3268
3255 3252 3269
3269 3270 3255
3233 3242 3243
693 3242 3233
3233 688 693
3243 3242 3271
3271 3270 3243
698 3255 3270
3270 3271 698
3239 688 3225
693 688 3239
3271 3242 693
699 3251 3250
3250 3251 3252
3252 3253 3250
3253 3252 3255
3254 3255 698
3255 3254 3253
3250 2244 699
698 3271 701
693 701 3271
3239 3238 693
3276 701 693
693 3238 3276
701 3261 698
3261 701 3276
698 2245 3254
2250 2245 698
698 3261 2250
3275 3276 3238
3263 3276 3275
3276 3263 3261
3261 3263 3264
3264 2250 3261
3238 3239 3240
3238 2242 3275
3240 2242 3238
2253 3275 2242
705 3275 2253
3275 705 3263
3263 705 2251
2251 3264 3263
2242 3240 2241
2242 3241 2253
2241 3241 2242
2253 3265 705
3265 2253 3274
3274 2253 3241
705 3265 2248
2248 2251 705
2248 3265 2249
3274 2249 3265
3241 2241 3237
3237 694 3241
3241 694 3274
2249 3274 702
702 3274 694
2249 3260 2248
2247 3260 2249
702 3259 2249
2249 3259 2247
2247 3259 704
704 3259 702
694 3237 691
691 3249 694
694 3249 702
702 3272 704
3272 702 3249
704 3256 2247
3256 704 3257
3257 704 3272
3249 691 3235
3235 3248 3249
3249 3248 3272
3247 3248 3235
3272 3248 3247
3272 3273 3257
3247 3273 3272
3257 3273 703
703 3273 3247
3257 3258 3256
3258 3257 3262
703 3262 3257
3262 703 3277
3277 703 3245
3247 3245 703
3235 3236 3247
3247 3236 2240
2240 3245 3247
3221 3236 3235
2240 3236 3221
3235 689 3221
689 3235 691
3262 2246 3258
2246 3262 3266
3277 3266 3262
3245 2240 3246
3245 2243 3277
3246 2243 3245
3221 3226 2240
3246 2240 3226
2254 3277 2243
3277 2254 706
706 3266 3277
3266 3267 2246
2252 3267 3266
3266 706 2252
3226 2236 3246
690 3246 2236
2243 3246 690
690 697 2243
2243 697 2254
3229 2236 3226
2236 692 690
692 2236 3229
3226 2233 3229
2233 3226 3221
3229 2239 692
3221 3220 2233
3219 3220 3221
3221 689 3219
1748 1747 1766
1747 1748 1749
1749 1750 1747
1750 1749 1775
1775 1776 1750
417 418 415
415 1786 417
1786 415 2862
2862 1785 1786
1815 423 1816
1816 424 1815
422 1815 424
424 1810 422
1794 422 1810
1810 1791 1794
1793 1794 1791
1791 1792 1793
1820 1793 1792
1792 1819 1820
427 428 425
425 1829 427
2868 427 1829
1829 1830 2868
3770 3771 480
492 3780 3781
1928 1929 499
516 3786 3787
1960 531 1961
1960 1948 2936
1963 1948 1960
1960 2936 1957
1957 2 1960
2936 1948 0
0 2937 2936
1947 1957 2936
2936 2937 1947
515 2 1957
2937 0 1946
1946 2935 2937
1947 2937 2935
2935 1945 1947
1945 2935 520
520 2935 1946
1957 1938 515
1938 1957 2947
1956 515 1938
520 1946 522
522 1953 520
520 1944 1945
520 1953 1954
1945 1944 510
510 1933 1945
2944 1945 1933
2947 513 1938
513 2947 1942
1938 2939 1956
1967 1956 2939
1933 510 1949
2939 2938 1967
1933 1935 2944
1935 1939 2944
528 2938 2939
528 2939 1938
1938 1959 528
1938 513 1936
1936 1937 1938
1959 1938 1937
1949 2940 1933
2940 1949 526
1933 1934 1935
1939 1935 2932
2932 1935 517
1933 511 1934
1951 1933 2940
1933 1951 511
526 1955 2940
2946 2940 1955
2940 2946 1951
1950 2932 517
517 2945 1950
2932 1950 1940
1940 1939 2932
1952 1950 2945
1940 1950 519
1950 2942 519
2943 1950 1952
2942 1950 2943
519 2941 1940
1939 1940 2933
524 2933 1940
1940 2941 524
2933 525 1939
525 2933 1943
1943 2933 524
524 2948 1943
1943 1942 525
1943 2948 1958
1958 2949 1943
1943 2949 2934
2934 1942 1943
2934 513 1942
2949 1958 2950
1941 513 2934
2934 2949 1962
1962 1941 2934
2950 529 2949
529 2951 2949
2951 1962 2949
2118 609 606
606 607 2118
608 2118 607
607 2116 608
2117 608 2116
2116 611 2117
610 2117 611
611 2119 610
610 2119 612
612 2120 610
2120 612 2121
2121 616 2120
616 2121 614
614 2122 616
2122 614 615
615 613 2122
2129 613 615
615 2128 2129
625 2129 2128
2128 624 625
2127 625 624
624 623 2127
2125 2127 623
623 2126 2125
2125 2126 617
617 619 2125
619 617 2123
2123 2124 619
2124 2123 620
620 618 2124
618 620 621
621 622 618
2960 641 2304
2304 2958 2960
2959 2960 2958
2958 2957 2959
2957 2958 2956
2956 2958 2304
2304 631 2956
2956 2955 2957
2955 2956 2954
2954 2956 631
2957 2955 2135
2959 2957 637
2135 637 2957
637 1968 2959
631 630 2954
2954 2953 2955
2982 2135 2955
2955 2953 2982
2953 2954 2952
2952 2954 630
2983 2135 2982
2984 637 2135
2135 2983 2984
637 2984 2985
2985 1968 637
630 2286 2952
2952 629 2953
2979 2982 2953
2953 629 2979
2981 2982 2979
2982 2981 2983
629 2952 2970
2970 2952 2286
2983 2981 1973
2984 2983 3006
1973 3006 2983
3006 2137 2984
2985 2984 2137
2137 3009 2985
2286 728 2970
2970 643 629
2995 2979 629
629 643 2995
2979 2980 2981
2980 2979 2995
2981 2980 3003
3003 1973 2981
643 2970 2968
2968 2970 728
3004 1973 3003
3005 3006 1973
1973 3004 3005
3006 3005 3007
3007 2137 3006
2137 3007 3008
3008 3009 2137
728 2386 2968
2968 2969 643
634 2995 643
643 2969 634
2994 2995 634
2995 2994 2980
2980 2994 3020
3020 3003 2980
3003 1974 3004
1974 3003 3020
2969 2968 2974
2974 2968 2386
3004 1974 3028
3005 3004 546
3028 546 3004
546 548 3005
3007 3005 548
548 3033 3007
3008 3007 3033
3033 638 3008
2386 632 2974
2974 2973 2969
2997 634 2969
2969 2973 2997
634 2993 2994
2993 634 2997
2994 2993 3018
3018 3020 2994
2143 3020 3018
3020 2143 1974
1974 2143 3044
3044 3028 1974
2973 2974 2971
2971 2974 632
3030 546 3028
3031 548 546
546 3030 3031
548 3031 3032
3032 3033 548
3033 3032 3034
3034 638 3033
632 633 2971
2971 2972 2973
542 2997 2973
2973 2972 542
2136 2997 542
2997 2136 2993
2993 2136 3023
3023 3018 2993
3018 3019 2143
3019 3018 3023
2143 3019 552
552 3044 2143
2972 2971 2978
2448 2978 2971
2971 633 2448
2978 635 2972
542 2972 635
3032 3031 3159
3034 3032 636
2232 3219 689
689 3222 2232
691 3222 689
2232 3222 3223
3223 3222 691
3223 3224 2232
691 3237 3223
3224 3223 2234
2234 3223 3237
2234 2238 3224
3237 2241 2234
2238 2234 696
696 2234 2241
696 2237 2238
2241 3240 696
2237 696 3228
3228 696 3240
3228 3227 2237
3240 3239 3228
3227 3228 3225
3225 3228 3239
3225 2235 3227
2450 3720 3721
3722 2451 3723
3732 2452 3733
3726 3727 2453
3734 2454 3735
3738 2455 3739
3736 3737 2456
2457 3742 3743
3748 2458 3749
3744 2459 3745
2461 2462 2463
2466 2467 3752
2468 3753 2469
2476 2477 2478
2479 2480 2481
2489 3757 2490
2494 2495 2496
2499 2500 2501
2503 2504 2505
2508 2509 2510
2511 2512 2513
2517 2518 2519
2524 2525 2526
2533 2534 2535
3758 2539 2540
2543 3761 2544
2547 2548 2549
2554 2555 2556
2560 3765 2561
2565 2566 2567
2570 2571 2572
2575 2576 2577
2579 2580 2581
2586 2587 2588
2589 2590 2591
2599 2600 2601
3772 2606 3773
3766 3767 2607
2608 3776 3777
3778 2609 3779
2610 3782 3783
3788 2611 3789
3784 2612 3785
3792 3793 2613
1982 3057 549
549 3056 1982
3056 549 3055
1982 3056 1981
1981 3077 1982
3055 1980 3056
3074 1981 3056
3056 1980 3074
1980 3055 3054
1981 3074 3075
3077 1981 3076
3075 3076 1981
3076 3078 3077
3054 3053 1980
1979 3074 1980
1980 3053 1979
3074 1979 3073
3073 3075 3074
3053 3054 3052
3075 3073 2130
3076 3075 1983
2130 1983 3075
1983 2131 3076
3078 3076 2131
2131 639 3078
3052 555 3053
3071 1979 3053
3053 555 3071
1979 3071 3072
3072 3073 1979
3073 3072 3101
3101 2130 3073
555 3052 3064
3102 2130 3101
3103 1983 2130
2130 3102 3103
1983 3103 3104
3104 2131 1983
2131 3104 3105
3105 639 2131
3064 551 555
3089 3071 555
555 551 3089
3071 3089 3092
3092 3072 3071
3072 3092 1989
1989 3101 3072
3101 1991 3102
1991 3101 1989
551 3064 3063
3102 1991 3119
3103 3102 3121
3119 3121 3102
3121 547 3103
3104 3103 547
547 3123 3104
3105 3104 3123
3123 2132 3105
3063 1987 551
3090 3089 551
551 1987 3090
3089 3090 3091
3091 3092 3089
3092 3091 1988
1988 1989 3092
3112 1989 1988
1989 3112 1991
1991 3112 554
554 3119 1991
1987 3063 3066
647 3121 3119
3119 3120 647
3120 3119 554
3121 647 3122
3122 547 3121
547 3122 648
648 3123 547
3123 648 3124
3124 2132 3123
3066 556 1987
3093 3090 1987
1987 556 3093
3090 3093 3096
3096 3091 3090
3091 3096 1990
1990 1988 3091
1988 3111 3112
3111 1988 1990
3112 3111 553
553 554 3112
3132 554 553
554 3132 3120
647 3120 3352
3352 3120 3132
3354 3122 647
648 3122 3354
3354 3403 648
3405 3124 648
648 3403 3405
3095 3096 3093
3093 3094 3095
3094 3093 556
3096 3095 560
560 1990 3096
3114 1990 560
1990 3114 3111
3111 3114 559
559 553 3111
553 3131 3132
3131 553 559
2303 3403 3354
3405 3403 2303
3132 3582 3352
3583 3582 3132
3132 3131 3583
2303 3404 3405
3100 3095 3094
1992 560 3095
3095 3100 1992
560 3113 3114
3113 560 1992
3114 3113 2134
2134 559 3114
3134 559 2134
559 3134 3131
3583 3131 3134
747 3404 2303
1992 3118 3113
3118 1992 1993
1993 1992 3100
3113 3118 561
561 2134 3113
2134 3133 3134
3133 2134 561
3134 3633 3583
3634 3633 3134
3134 3133 3634
561 3137 3133
3634 3133 3137
3137 561 563
563 561 3118
1993 3117 3118
3118 3117 563
563 3136 3137
3136 563 3135
3135 563 3117
3137 3136 3684
3137 3706 3634
3684 3706 3137
3135 627 3136
3684 3136 627
2447 3706 3684
3634 3706 2447
2405 3633 3634
2447 3635 3634
3634 3635 2405
3583 3633 2405
627 3135 1995
3117 3115 3135
1995 3135 3115
2405 3635 817
817 3635 2447
627 3682 3684
3684 3682 3681
3681 3683 3684
3684 3683 2447
1995 3128 627
3484 3682 627
627 3128 3484
3681 3682 3484
2447 3683 829
2447 3705 817
829 3705 2447
829 3683 3681
3128 1995 3127
3115 3108 1995
3127 1995 3108
3127 3126 3128
3484 3128 3126
837 3705 829
817 3705 837
3484 3483 3681
3681 3483 768
3681 3679 829
768 3679 3681
1994 3483 3484
3126 3480 3484
3484 3480 1994
768 3483 1994
829 3679 2431
3159 636 3032
636 3160 3034
542 2996 2136
635 3002 542
2996 542 3002
2136 2996 3021
3021 3023 2136
544 3023 3021
3023 544 3019
3019 544 3047
3047 552 3019
635 2978 2977
645 2977 2978
2978 2448 645
2977 2976 635
3002 635 2976
3002 3001 2996
1978 3021 2996
2996 3001 1978
3001 3002 2145
2976 2145 3002
3021 3022 544
3022 3021 1978
544 3022 1977
1977 3047 544
2145 3000 3001
1978 3001 3000
2976 2977 2975
770 2975 2977
2977 645 770
2975 2144 2976
2145 2976 2144
3000 2145 2999
2144 2999 2145
1978 3027 3022
3027 1978 3026
3000 3026 1978
3022 3027 545
545 1977 3022
2999 2998 3000
3026 3000 2998
3026 3025 3027
545 3027 3025
2144 2975 2964
2337 2964 2975
2975 770 2337
2964 2142 2144
2999 2144 2142
2998 2999 2990
2142 2990 2999
3025 3026 3024
2998 3024 3026
2990 2989 2998
3024 2998 2989
3024 646 3025
3025 644 545
644 3025 646
646 3024 3013
2989 3013 3024
2142 2964 2963
2336 2963 2964
2964 2337 2336
2963 2962 2142
2990 2142 2962
2989 2990 536
2962 536 2990
536 2988 2989
3013 2989 2988
3013 539 646
646 3049 644
3049 646 539
539 3013 3012
2988 3012 3013
2962 2963 2961
534 2961 2963
2963 2336 534
2961 1971 2962
536 2962 1971
2988 536 2986
1971 2986 536
2986 2987 2988
3012 2988 2987
3012 3011 539
539 3039 3049
3039 539 3011
3011 3012 3010
2987 3010 3012
1971 2961 2967
537 2967 2961
2961 534 537
2967 1970 1971
2986 1971 1970
2987 2986 2992
1970 2992 2986
1970 2967 2965
2965 2967 537
2992 1972 2987
3017 3010 2987
2987 1972 3017
3010 535 3011
535 3010 3017
1975 3011 535
3011 1975 3039
1972 2992 1969
1969 2992 1970
2965 2966 1970
1970 2966 1969
537 642 2965
1969 2991 1972
3014 3017 1972
1972 2991 3014
3016 3017 3014
3017 3016 535
535 3035 1975
1976 3035 535
535 3016 1976
3014 3015 3016
3016 3015 541
541 1976 3016
3037 1975 3035
3035 3036 3037
3036 3035 1976
3041 1976 541
1976 3041 3036
541 3040 3041
3041 3040 3164
3036 3041 3165
3164 3165 3041
3161 3037 3036
3165 3162 3036
3036 3162 3161
3037 3161 3163
3163 3038 3037
1975 3037 3038
3038 3163 3169
3038 3039 1975
3169 3048 3038
3039 3038 3048
3048 3169 3170
3048 3049 3039
3049 3048 3050
3170 3050 3048
3050 3170 3171
3050 644 3049
644 3050 3051
3171 3051 3050
3051 545 644
545 3051 3045
3045 3051 3171
3171 543 3045
3045 1977 545
1977 3045 3046
3046 3045 543
543 3168 3046
3046 3047 1977
3047 3046 3042
3042 3046 3168
3168 3166 3042
3042 552 3047
552 3042 3043
3043 3042 3166
3166 3167 3043
3043 3044 552
3044 3043 3029
3029 3043 3167
3167 3157 3029
3029 3028 3044
3028 3029 3030
3030 3029 3157
3157 3158 3030
3031 3030 3158
3158 3159 3031
2146 650 3172
3172 3173 2146
3173 3172 3174
2146 3173 3180
3180 2154 2146
3174 651 3173
3173 651 3182
3182 3180 3173
2154 3180 3181
3181 3180 3182
3176 651 3174
3182 651 3176
3174 2147 3176
3181 652 2154
3176 3184 3182
3182 3190 3181
3190 3182 3184
2148 3176 2147
3184 3176 2148
2147 3175 2148
2167 652 3181
3181 3199 2167
3181 3190 3200
3200 3199 3181
2148 653 3184
3184 658 3190
658 3184 653
3190 658 3202
3202 3200 3190
654 2148 3175
653 2148 654
3175 2149 654
659 2167 3199
3199 3192 659
3192 3199 3200
3200 2159 3192
3200 3202 3195
3195 2159 3200
654 3183 653
653 3189 658
3189 653 3183
658 3189 660
660 3202 658
2162 3195 3202
3202 660 2162
659 3192 3191
3191 3192 2159
2159 3193 3191
3193 2159 3195
2160 3195 2162
3195 2160 3193
654 2149 2150
3191 2158 659
3183 3188 3189
3201 660 3189
3189 3188 3201
661 2162 660
660 3201 661
3194 2162 661
2162 3194 2160
2157 3188 3183
3201 3188 2157
661 3201 2168
2157 2168 3201
661 2161 3194
2164 2161 661
661 3196 2164
2168 3196 661
3196 2168 3204
3204 2168 2157
3197 2164 3196
3196 2163 3197
3204 2163 3196
2163 3204 3203
3203 3204 3185
2157 3185 3204
2165 3197 2163
2163 3198 2165
3203 3198 2163
3185 2156 3203
3198 3203 663
663 3203 2156
2166 2165 3198
3198 662 2166
2431 3680 829
829 3680 837
2431 3679 768
3126 3127 550
3108 649 3127
550 3127 649
550 3125 3126
3481 3480 3126
3126 3125 3481
1994 3480 3481
2432 3680 2431
837 3680 2432
1994 3477 768
768 3477 2332
2332 3479 768
768 3479 2431
3481 3482 1994
769 3477 1994
1994 3482 769
2332 3477 769
2431 3479 3475
2431 3677 2432
3475 3677 2431
3475 3479 2332
3125 550 557
557 550 3106
649 3106 550
557 3130 3125
3481 3125 3130
2355 3482 3481
3130 3533 3481
3481 3533 2355
769 3482 2355
819 3677 3475
2432 3677 819
2355 3533 3534
3534 3533 3130
3130 557 2133
3106 3110 557
2133 557 3110
2133 3129 3130
3130 3129 3534
3534 3535 2355
2355 3531 769
787 3531 2355
2355 3535 787
3110 3109 2133
558 3109 3110
1986 3110 3106
3110 1986 558
785 3531 787
769 3531 785
787 3532 785
785 3532 3528
558 1986 3088
3088 3087 558
785 3478 769
3528 3527 785
2333 3478 785
785 3527 2333
769 3478 2332
2332 3478 2333
2354 3527 3528
2333 3527 2354
3528 3529 2354
3087 3088 3085
3082 3088 1986
3088 3082 3081
3081 3085 3088
3085 3086 3087
2354 3529 788
3086 3085 540
3085 3081 1984
1984 540 3085
2333 3472 2332
752 3472 2333
2354 3473 2333
2333 3473 752
2332 3472 3475
3475 3472 752
540 2139 3086
788 3530 2354
3061 2139 540
3062 540 1984
540 3062 3061
752 3473 2335
2335 3473 2354
2354 3530 2335
752 3474 3475
2335 3476 752
2334 3474 752
752 3476 2334
3475 3474 819
819 3474 2334
2334 3676 819
819 3676 2433
1984 3058 3062
2433 3678 819
819 3678 2432
2446 3678 2433
2432 3678 2446
2433 3703 2446
3058 1984 538
538 1984 3081
538 3059 3058
2446 3703 2404
2446 3704 2432
2432 3704 837
3628 3704 2446
2446 3629 3628
2404 3629 2446
837 3704 3628
3628 3629 2402
2402 3629 2404
2404 3630 2402
3059 538 2138
3081 3080 538
538 3080 3084
3084 2138 538
2138 3060 3059
2402 3630 801
3060 2138 2140
2138 3084 3097
3097 2140 2138
3628 3632 837
837 3632 817
3083 3084 3080
3084 3083 628
628 3097 3084
2140 3067 3060
3067 2140 2141
2140 3097 3099
3099 2141 2140
3098 3099 3097
3097 628 3098
2141 3068 3067
3068 2141 3069
2141 3099 562
562 3069 2141
3100 562 3099
3099 3098 3100
1993 3098 628
3100 3098 1993
628 3083 626
628 3116 1993
626 3116 628
3069 3070 3068
3070 3069 3065
3065 3069 562
3094 562 3100
562 3094 3065
3117 1993 3116
3115 3116 626
3116 3115 3117
3065 640 3070
640 3065 556
556 3065 3094
626 3108 3115
3108 626 3107
3107 626 3083
556 3066 640
3107 649 3108
649 3107 1985
3083 3079 3107
1985 3107 3079
3080 3079 3083
1985 3106 649
3106 1985 1986
1986 1985 3082
3079 3082 1985
3079 3080 3081
3081 3082 3079
735 3373 2293
2293 3372 735
735 3372 715
715 3304 735
2294 3372 2293
715 3372 2294
2293 3371 2294
3303 3304 715
2294 3371 3370
715 3301 3303
714 3301 715
2294 3300 715
715 3300 714
716 3301 714
3303 3301 716
3370 3369 2294
2267 3300 2294
2294 3369 2267
714 3300 2267
716 3310 3303
2292 3369 3370
2267 3369 2292
3370 3368 2292
2267 3297 714
714 3302 716
3299 3302 714
714 3297 3299
2266 3297 2267
3299 3297 2266
2267 3296 2266
2292 3296 2267
716 3302 794
794 3302 3299
794 3553 716
716 3553 3558
3558 3310 716
2266 3296 2264
2264 3296 2292
2292 3368 2291
2292 3367 2264
2291 3367 2292
2368 3553 794
3558 3553 2368
733 3367 2291
2264 3367 733
2266 3298 3299
3299 3551 794
3299 3298 3550
3550 3551 3299
794 3554 2368
2367 3554 794
794 3551 2367
2367 3551 3550
2368 3559 3558
2291 3366 733
2368 3554 2394
2394 3554 2367
2394 3601 2368
2368 3601 806
806 3559 2368
807 3601 2394
806 3601 807
3550 3298 2265
2265 3298 2266
3550 3552 2367
2265 3548 3550
793 3552 3550
3550 3548 793
2367 3552 2392
2392 3598 2367
2367 3598 2394
2392 3552 793
2394 3602 807
3600 3602 2394
2394 3598 3600
3600 3598 2392
2366 3548 2265
793 3548 2366
807 3606 806
2439 3602 3600
807 3602 2439
2266 3294 2265
2264 3294 2266
2366 3549 793
663 662 3198
2156 656 663
3187 2156 3185
657 656 2156
2156 3187 657
3185 3186 3187
3186 3185 2157
3187 3186 2151
2151 3179 3187
657 3187 3179
3179 655 657
3177 2151 3186
2157 2155 3186
3186 2155 3177
3183 2155 2157
654 3177 2155
2155 3183 654
3178 2151 3177
2151 3178 2152
2152 3179 2151
2153 655 3179
3179 2152 2153
2150 3177 654
3177 2150 3178
742 743 2300
2300 3392 742
742 3392 2277
2277 724 742
740 3392 2300
2277 3392 740
2300 741 740
2278 724 2277
740 741 3391
740 3333 2277
2277 3333 723
723 3334 2277
2277 3334 2278
723 3333 2276
2276 3333 740
3391 3390 740
740 3390 2276
725 3334 723
2278 3334 725
725 2305 2278
2299 3390 3391
2276 3390 2299
3391 3389 2299
2276 3330 723
723 3335 725
3332 3335 723
723 3330 3332
2275 3330 2276
2299 3329 2276
2276 3329 2275
3332 3330 2275
725 3335 798
798 3335 3332
798 3572 725
725 3572 748
748 2305 725
2275 3329 721
721 3329 2299
2299 3389 3388
2299 3387 721
3388 3387 2299
2379 3572 798
748 3572 2379
2298 3387 3388
721 3387 2298
2275 3331 3332
3332 3570 798
3332 3331 2377
2377 3570 3332
798 3573 2379
2378 3573 798
798 3570 2378
2378 3570 2377
2379 799 748
3388 3386 2298
2379 3573 814
814 3573 2378
814 3622 2379
2379 3622 815
815 799 2379
813 3622 814
815 3622 813
2377 3331 722
722 3331 2275
2377 3571 2378
722 3568 2377
797 3571 2377
2377 3568 797
2378 3571 2398
2398 3619 2378
2378 3619 814
2398 3571 797
814 2400 813
3621 2400 814
814 3619 3621
3621 3619 2398
2375 3568 722
797 3568 2375
813 2406 815
2444 2400 3621
813 2400 2444
2275 3327 722
721 3327 2275
2375 3569 797
797 3617 2398
797 3569 811
811 3617 797
2398 3620 3621
2399 3620 2398
2398 3617 2399
2399 3617 811
3621 3620 2443
2443 3699 3621
3621 3699 2444
2443 3620 2399
2376 3569 2375
811 3569 2376
2426 3699 2443
2444 3699 2426
2274 3327 721
722 3327 2274
721 3326 2274
2298 3326 721
811 3618 2399
2376 3614 811
3616 3618 811
811 3614 3616
2399 3618 835
835 3698 2399
2399 3698 2443
835 3618 3616
2274 3326 2273
2273 3326 2298
2397 3614 2376
3616 3614 2397
2273 3323 2274
2274 3328 722
3325 3328 2274
2274 3323 3325
722 3328 2375
2375 3328 3325
2271 3323 2273
3325 3323 2271
2397 3615 3616
3616 3697 835
3616 3615 2442
2442 3697 3616
812 3615 2397
2442 3615 812
2423 3697 2442
835 3697 2423
2271 3324 3325
3325 3566 2375
3325 3324 2373
2373 3566 3325
2375 3566 2376
2376 3566 2373
2272 3324 2271
2373 3324 2272
812 3696 2442
2442 3665 2423
2421 3665 2442
2442 3696 2421
834 3696 812
2421 3696 834
2422 3665 2421
2423 3665 2422
2373 3567 2376
2272 3564 2373
2374 3567 2373
2373 3564 2374
2376 3567 2397
2397 3567 2374
796 3564 2272
2374 3564 796
2421 3664 2422
825 3664 2421
834 3663 2421
2421 3663 825
2322 3664 825
2422 3664 2322
825 3663 2420
2420 3663 834
796 3565 2374
2374 3612 2397
2374 3565 2396
2396 3612 2374
2397 3612 812
812 3612 2396
2372 3565 796
2396 3565 2372
2420 3662 825
825 3451 2322
3447 3451 825
825 3662 3447
2419 3662 2420
3447 3662 2419
2322 3451 761
761 3451 3447
2396 3613 812
2372 3609 2396
3611 3613 2396
2396 3609 3611
812 3613 834
834 3613 3611
809 3609 2372
3611 3609 809
3447 3446 761
3445 3446 3447
2419 3448 3447
3447 3448 3445
2320 3446 3445
761 3446 2320
3445 3448 760
760 3448 2419
809 3610 3611
3611 3695 834
3611 3610 2441
2441 3695 3611
834 3695 2420
2420 3695 2441
810 3610 809
2441 3610 810
3445 3449 2320
760 3442 3445
2319 3449 3445
3445 3442 2319
2320 3449 2348
2348 3449 2319
759 3442 760
2319 3442 759
810 3694 2441
2441 3661 2420
824 3661 2441
2441 3694 824
2420 3661 2419
2419 3661 824
2440 3694 810
824 3694 2440
759 3444 2319
2319 3506 2348
2319 3444 777
777 3506 2319
758 3444 759
777 3444 758
3508 3506 777
2348 3506 3508
824 3660 2419
2418 3660 824
2440 3659 824
824 3659 2418
2419 3660 760
793 3596 2392
793 3549 2391
2391 3596 793
2392 3599 3600
2393 3599 2392
2392 3596 2393
2393 3596 2391
3600 3599 2438
2438 3691 3600
3600 3691 2439
2438 3599 2393
2365 3549 2366
2391 3549 2365
2415 3691 2438
2439 3691 2415
2263 3294 2264
2265 3294 2263
2264 3293 2263
733 3293 2264
2391 3597 2393
2365 3594 2391
2390 3597 2391
2391 3594 2390
2393 3597 831
831 3690 2393
2393 3690 2438
831 3597 2390
2263 3293 712
712 3293 733
805 3594 2365
2390 3594 805
712 3291 2263
2263 3295 2265
713 3295 2263
2263 3291 713
2265 3295 2366
2366 3295 713
709 3291 712
713 3291 709
805 3595 2390
2390 3689 831
2390 3595 2437
2437 3689 2390
3593 3595 805
2437 3595 3593
2413 3689 2437
831 3689 2413
709 3292 713
713 3546 2366
713 3292 2364
2364 3546 713
2366 3546 2365
2365 3546 2364
3289 3292 709
2364 3292 3289
3593 3688 2437
2437 3645 2413
2412 3645 2437
2437 3688 2412
2436 3688 3593
2412 3688 2436
820 3645 2412
2413 3645 820
2364 3547 2365
3289 3544 2364
2363 3547 2364
2364 3544 2363
2365 3547 805
805 3547 2363
790 3544 3289
2363 3544 790
2412 3644 820
2411 3644 2412
2436 3643 2412
2412 3643 2411
3418 3644 2411
820 3644 3418
2411 3643 821
821 3643 2436
790 3545 2363
2363 3591 805
2363 3545 2389
2389 3591 2363
805 3591 3593
3593 3591 2389
792 3545 790
2389 3545 792
821 3642 2411
2411 3419 3418
2306 3419 2411
2411 3642 2306
2410 3642 821
2306 3642 2410
3418 3419 2310
2310 3419 2306
2389 3592 3593
792 3589 2389
804 3592 2389
2389 3589 804
3593 3592 2436
2436 3592 804
2388 3589 792
804 3589 2388
2306 3414 2310
749 3414 2306
2410 3415 2306
2306 3415 749
751 3414 749
2310 3414 751
749 3415 3410
3410 3415 2410
2388 3590 804
804 3687 2436
804 3590 2435
2435 3687 804
2436 3687 821
821 3687 2435
3587 3590 2388
2435 3590 3587
749 3416 751
3410 3409 749
2308 3416 749
749 3409 2308
751 3416 2339
2339 3416 2308
2307 3409 3410
2308 3409 2307
3587 3686 2435
2435 3641 821
2409 3641 2435
2435 3686 2409
821 3641 2410
2410 3641 2409
830 3686 3587
2409 3686 830
2307 3412 2308
2308 3485 2339
2308 3412 771
771 3485 2308
750 3412 2307
771 3412 750
3487 3485 771
2339 3485 3487
2409 3640 2410
2408 3640 2409
830 3638 2409
2409 3638 2408
2410 3640 3410
3410 3640 2408
2408 3638 818
818 3638 830
771 3486 3487
750 3488 771
772 3486 771
771 3488 772
2338 3488 750
772 3488 2338
818 3639 2408
2408 3411 3410
753 3411 2408
2408 3639 753
3410 3411 2307
2307 3411 753
753 3639 2407
2407 3639 818
2338 3538 772
3526 3538 2338
753 3413 2307
2407 3537 753
753 3537 2309
2309 3413 753
2307 3413 750
750 3413 2309
2309 3537 3471
3471 3537 2407
2309 3536 750
750 3536 2338
2331 3536 2309
2309 3470 2331
3471 3470 2309
2328 3470 3471
2331 3470 2328
2338 3536 2331
2338 3525 3526
2331 3525 2338
3526 3525 2353
2353 3524 3526
2353 3525 2331
2328 3468 2331
2331 3468 2353
2329 3468 2328
2353 3468 2329
786 3524 2353
2353 3523 786
2329 3523 2353
2328 3467 2329
3471 3469 2328
2330 3467 2328
2328 3469 2330
2330 3469 2428
2428 3469 3471
2428 3674 2330
2429 3674 2428
3471 3673 2428
2428 3675 2429
2430 3675 2428
2428 3673 2430
2407 3673 3471
2430 3673 2407
2445 3675 2430
2429 3675 2445
2445 3702 2429
2403 3702 2445
2430 3701 2445
2407 3707 2430
2430 3707 2434
2434 3701 2430
2445 3701 3626
3626 3701 2434
2445 3624 2403
3626 3624 2445
818 3707 2407
2434 3707 818
2403 3624 2401
2401 3624 3626
2401 3623 2403
818 3685 2434
2434 3637 3626
803 3637 2434
2434 3685 803
3626 3625 2401
3626 3637 2387
2387 3625 3626
2387 3637 803
803 3685 830
830 3685 818
2401 3625 2382
2382 3625 2387
791 3623 2401
2401 3575 791
2382 3575 2401
791 3575 2380
2380 3575 2382
803 3588 2387
802 3588 803
830 3586 803
803 3586 802
2387 3636 2382
2359 3636 2387
2387 3588 2359
2359 3588 802
3587 3586 830
802 3586 3587
2382 3576 2380
2382 3636 2361
2361 3576 2382
760 3660 2418
2418 3659 2417
2417 3659 2440
777 3507 3508
758 3503 777
776 3507 777
777 3503 776
2346 3503 758
776 3503 2346
2417 3657 2418
2418 3443 760
3436 3443 2418
2418 3657 3436
760 3443 759
759 3443 3436
3656 3657 2417
3436 3657 3656
2346 3504 776
3436 3435 759
3434 3435 3436
3656 3437 3436
3436 3437 3434
758 3435 3434
759 3435 758
758 3438 2346
3434 3438 758
2417 3658 3656
833 3658 2417
2417 3693 833
2440 3693 2417
833 3693 3605
3605 3693 2440
3605 3604 833
808 3604 3605
2440 3608 3605
810 3608 2440
2395 3608 810
3605 3608 2395
3605 3603 808
2395 3603 3605
808 3603 2370
2370 3603 2395
2370 3557 808
3555 3557 2370
810 3607 2395
809 3607 810
2395 3607 795
2395 3561 2370
795 3561 2395
795 3607 809
2370 3556 3555
2370 3561 2369
2369 3556 2370
2369 3561 795
3555 3556 3309
3309 3556 2369
3309 3308 3555
809 3563 795
2372 3563 809
795 3560 2369
795 3563 2371
2371 3560 795
2371 3563 2372
2369 3560 719
2369 3313 3309
719 3313 2369
719 3560 2371
3305 3308 3309
3309 3306 3305
3309 3313 717
717 3306 3309
717 3313 719
3305 3306 2268
2268 3306 717
2372 3562 2371
796 3562 2372
2371 3562 3318
2371 3317 719
3318 3317 2371
3318 3562 796
719 3312 717
719 3317 3314
3314 3312 719
3314 3317 3318
2268 3307 3305
717 3311 2268
718 3311 717
717 3312 718
718 3312 3314
2295 3311 718
2268 3311 2295
736 3307 2268
2295 3374 2268
2268 3374 736
796 3321 3318
2272 3321 796
3318 3316 3314
3318 3321 720
720 3316 3318
720 3321 2272
3314 3315 718
2269 3315 3314
3314 3316 2269
2269 3316 720
736 3374 734
734 3374 2295
718 3377 2295
718 3315 2296
2296 3377 718
2296 3315 2269
2295 3376 734
3378 3376 2295
2295 3377 3378
3378 3377 2296
734 3375 736
2272 3320 720
2271 3320 2272
720 3319 2269
2270 3319 720
720 3320 2270
2270 3320 2271
2269 3380 2296
2269 3319 2297
2297 3380 2269
2297 3319 2270
2296 3379 3378
738 3379 2296
2296 3380 738
738 3380 2297
2271 3322 2270
2273 3322 2271
2270 3382 2297
2270 3322 737
737 3382 2270
737 3322 2273
2297 3381 738
3383 3381 2297
2297 3382 3383
3383 3382 737
737 3384 3383
739 3384 737
737 3385 739
2273 3385 737
2298 3385 2273
739 3385 2298
2298 3386 739
2352 784 783
783 3522 2352
2352 3522 780
780 782 2352
780 3522 765
765 3522 783
783 2356 765
3521 782 780
765 2356 766
765 3466 780
780 3519 3521
2327 3519 780
780 3466 2327
764 3466 765
2327 3466 764
765 3464 764
766 3464 765
2351 3519 2327
3521 3519 2351
2351 3520 3521
764 3464 767
767 3464 766
766 2357 767
764 3460 2327
2327 3460 2325
2325 3463 2327
2327 3463 2351
767 3465 764
3461 3460 764
764 3465 3461
2325 3460 3461
2326 3463 2325
2351 3463 2326
3518 3520 2351
2351 3516 3518
2326 3516 2351
827 3465 767
3461 3465 827
767 3672 827
767 2357 789
789 3672 767
2350 3516 2326
3518 3516 2350
827 3672 2427
2427 3672 789
2350 3517 3518
3461 3462 2325
827 3670 3461
3461 3670 2425
2425 3462 3461
2426 3670 827
827 3671 2426
2427 3671 827
2425 3670 2426
789 828 2427
2444 3671 2427
2426 3671 2444
2427 3700 2444
2427 828 836
836 3700 2427
781 3517 2350
2444 3700 813
813 3700 836
763 3462 2425
2325 3462 763
2426 3669 2425
2425 3669 826
2425 3668 763
826 3668 2425
2443 3669 2426
826 3669 2443
836 2406 813
2424 3668 826
763 3668 2424
763 3457 2325
2324 3457 763
2424 3458 763
763 3458 2324
2325 3457 2326
2326 3457 2324
2324 3458 3454
3454 3458 2424
2443 3698 826
826 3667 2424
826 3698 835
835 3667 826
2424 3667 2423
2424 3666 3454
2423 3666 2424
2423 3667 835
2422 3666 2423
3454 3666 2422
2324 3459 2326
3454 3453 2324
762 3459 2324
2324 3453 762
2326 3459 2350
2350 3459 762
2321 3453 3454
2422 3455 3454
3454 3455 2321
762 3453 2321
2322 3455 2422
2321 3455 2322
2321 3456 762
762 3514 2350
762 3456 2349
2349 3514 762
2323 3456 2321
2349 3456 2323
2361 3636 2359
2380 3574 791
2380 3576 3337
3337 3576 2361
2280 3574 2380
2380 3336 2280
3337 3336 2380
3587 3585 802
802 3585 2360
802 3540 2359
2360 3540 802
2359 3540 2358
2358 3541 2359
2359 3541 2361
2358 3540 2360
2388 3585 3587
2360 3585 2388
2279 3336 3337
2280 3336 2279
2361 3406 3337
711 3406 2361
2361 3541 711
711 3541 2358
3337 3338 2279
3337 3406 2256
2256 3338 3337
2256 3406 711
2279 3339 2280
2279 3338 2281
2281 3338 2256
707 3339 2279
2279 3340 707
2281 3340 2279
2301 3340 2281
707 3340 2301
2301 3394 707
711 3279 2256
2256 3407 2281
2255 3407 2256
2256 3279 2255
2281 3393 2301
2281 3407 2287
2287 3393 2281
2287 3407 2255
2301 3393 3396
3396 3393 2287
744 3394 2301
2301 3395 744
3396 3395 2301
2255 3279 2257
2257 3279 711
2287 3408 3396
2255 3356 2287
730 3408 2287
2287 3356 730
2257 3278 2255
2255 3278 731
731 3356 2255
730 3356 731
2258 3278 2257
731 3278 2258
2257 3280 2258
711 3281 2257
3282 3280 2257
2257 3281 3282
2358 3281 711
3282 3281 2358
2258 3280 2260
2260 3280 3282
731 3355 730
3358 3355 731
731 3357 3358
2258 3357 731
2260 3283 2258
2258 3283 2288
2288 3357 2258
3358 3357 2288
710 3283 2260
2288 3283 710
3282 3285 2260
2358 3539 3282
3282 3539 2362
2362 3285 3282
2360 3539 2358
2362 3539 2360
2260 3284 710
2259 3284 2260
2260 3285 2259
2259 3285 2362
2288 3359 3358
729 3359 2288
2288 3360 729
710 3360 2288
710 3284 2261
2261 3284 2259
2261 3286 710
710 3286 2289
2289 3360 710
729 3360 2289
2262 3286 2261
2289 3286 2262
2362 3542 2259
2360 3543 2362
792 3542 2362
2362 3543 792
2388 3543 2360
2259 3288 2261
2259 3542 790
790 3288 2259
790 3542 792
792 3543 2388
2289 3361 729
2261 3287 2262
3289 3287 2261
2261 3288 3289
3289 3288 790
3363 3361 2289
2289 3362 3363
2262 3362 2289
2262 3287 709
709 3287 3289
3363 3362 2290
2290 3362 2262
2290 3364 3363
732 3364 2290
2290 3365 732
732 3365 733
733 3366 732
712 3365 2290
733 3365 712
712 3290 709
2290 3290 712
709 3290 2262
2262 3290 2290
3487 3490 2339
2339 3490 773
773 3489 2339
2339 3489 751
2340 3489 773
751 3489 2340
773 3492 2340
2340 3492 3493
2340 3420 751
751 3420 2310
2310 3420 2311
2311 3420 2340
2340 3491 2311
3493 3491 2340
2341 3491 3493
2311 3491 2341
3493 3495 2341
2341 3495 774
2311 3417 2310
2310 3417 3418
2312 3417 2311
2341 3423 2311
2311 3423 2312
3418 3417 2312
2313 3423 2341
2341 3494 2313
774 3494 2341
2312 3423 2313
775 3494 774
2313 3494 775
774 3497 775
2312 3422 3418
3418 3422 820
754 3422 2312
2312 3421 754
2313 3421 2312
820 3422 754
755 3421 2313
775 3426 2313
2313 3426 755
754 3421 755
775 3497 2342
2315 3426 775
775 3496 2315
2342 3496 775
755 3426 2315
2343 3496 2342
2315 3496 2343
754 3646 820
820 3646 2413
755 3425 754
754 3425 2414
2414 3646 754
2413 3646 2414
2314 3425 755
755 3424 2314
2315 3424 755
2414 3425 2314
2342 3499 2343
2316 3424 2315
2343 3430 2315
2315 3430 2316
2314 3424 2316
756 3430 2343
2343 3498 756
2343 3499 3500
3500 3498 2343
2316 3430 756
2345 3498 3500
756 3498 2345
2414 3647 2413
2413 3647 831
822 3647 2414
2414 3648 822
2314 3648 2414
831 3647 822
822 3648 3649
3649 3648 2314
3500 3502 2345
756 3427 2316
2345 3433 756
756 3433 2317
2317 3427 756
822 3690 831
3649 3650 822
822 3650 2438
2438 3690 822
2317 3433 2318
2318 3433 2345
2415 3650 3649
2438 3650 2415
3428 3427 2317
2316 3427 3428
2318 3431 2317
2317 3431 757
2317 3432 3428
757 3432 2317
3439 3431 2318
757 3431 3439
823 3432 757
3428 3432 823
3428 3429 2316
823 3651 3428
3428 3651 3649
3649 3429 3428
3649 3651 2415
2415 3651 823
823 3652 2415
2415 3652 2439
2316 3429 2314
2314 3429 3649
2416 3652 823
2439 3652 2416
823 3653 2416
757 3653 823
3439 3441 757
757 3441 3654
3654 3653 757
2416 3653 3654
2318 3440 3439
2416 3692 2439
2439 3692 807
2321 3450 2323
2322 3450 2321
781 3514 2349
2350 3514 781
761 3450 2322
2323 3450 761
2349 3515 781
3513 3515 2349
2349 3511 3513
2323 3511 2349
761 3452 2323
2323 3452 778
778 3511 2323
3513 3511 778
2320 3452 761
778 3452 2320
778 3512 3513
779 3512 778
778 3509 779
2320 3509 778
2348 3509 2320
779 3509 2348
2348 3510 779
3508 3510 2348
3716 842 3717
3716 3717 841
839 3716 841
839 841 3715
3714 839 3715
3714 3715 2449
3713 3714 2449
3713 2449 3712
3710 3713 3712
3710 3712 3711
3709 3710 3711
840 3709 3711
840 838 3709
840 3708 838
3718 843 3719
3728 844 3729
845 2460 846
847 2464 848
849 2465 851
2531 2532 850
2516 855 852
2470 853 2471
3750 854 3751
2472 2473 856
3755 857 3756
2487 858 2488
3754 2486 859
860 861 862
863 2491 864
2474 2475 865
2497 866 2498
2492 2493 867
2482 868 2483
869 2484 2485
2502 870 871
2514 872 2515
2506 873 2507
874 2520 2521
2527 875 2528
2522 2523 876
877 2536 878
879 2537 881
880 2602 2603
882 2538 883
3759 884 3760
2541 885 2542
886 887 2592
2545 888 2546
889 2559 3764
2562 890 2563
3762 891 3763
892 2564 893
894 895 896
897 2568 2569
2573 898 2574
899 2550 2551
2552 900 2553
901 902 2578
903 2557 2558
2582 904 2583
2584 905 2585
906 2593 2594
2597 907 2598
2595 2596 908
3768 909 3769
3774 910 3775
3794 911 3795
3790 912 3791
6 914 4
4 913 6
913 4 2623
2623 2622 913
2622 2623 915
915 916 2622
916 915 2621
2621 2620 916
2620 2621 2619
2619 3 2620
3 2619 5
5 2618 3
2618 5 2616
2616 2617 2618
2617 2616 7
7 917 2617
929 930 927
927 928 929
928 927 935
935 936 928
937 938 939
939 940 937
951 952 953
953 954 951
959 951 954
954 960 959
961 962 963
963 964 961
966 967 968
968 969 966
970 971 972
972 973 970
17 974 19
19 975 17
2638 17 975
975 2639 2638
976 2638 2639
2639 977 976
2636 976 977
977 2637 2636
2635 2636 2637
2637 18 2635
16 2635 18
18 2633 16
2632 16 2633
2633 2634 2632
20 2632 2634
2634 978 20
26 979 980
980 981 26
981 980 24
24 1010 981
1010 24 2645
2645 2646 1010
2646 2645 2643
2643 25 2646
25 2643 1000
1000 2644 25
2644 1000 2640
2640 1001 2644
1001 2640 2641
2641 2642 1001
2642 2641 1011
1011 1012 2642
986 987 985
985 984 986
984 985 982
982 983 984
983 982 994
994 995 983
21 988 23
23 989 21
990 991 992
992 993 990
1004 1005 1003
1003 1002 1004
1002 1003 997
997 996 1002
996 997 998
998 999 996
999 998 1015
1015 1016 999
1008 1009 1006
1006 1007 1008
1007 1006 1013
1013 1014 1007
1023 1024 1025
1025 2648 1023
2648 1025 1058
1058 1059 2648
1032 1033 1034
1034 1035 1032
1036 1037 1017
1017 1019 1036
1019 1017 2647
2647 1018 1019
1018 2647 1031
1031 1030 1018
1030 1031 1028
1028 1029 1030
1029 1028 1050
1050 1051 1029
1044 1045 1042
1042 1043 1044
1043 1042 1061
1061 1062 1043
1046 1047 1048
1048 1049 1046
1052 1053 1054
1054 1055 1052
1069 1070 1071
1071 2651 1069
1105 1069 2651
2651 1104 1105
1078 1079 1080
1080 1081 1078
1065 1082 1083
1083 1063 1065
2650 1065 1063
1063 1064 2650
1075 2650 1064
1064 1076 1075
1074 1075 1076
1076 1077 1074
1096 1074 1077
1077 1097 1096
1088 1089 1090
1090 1091 1088
1107 1088 1091
1091 1108 1107
1092 1093 1094
1094 1095 1092
1098 1099 1100
1100 1101 1098
1115 1116 1113
1113 1114 1115
1114 1113 1120
1120 1119 1114
1119 1120 1118
1118 1117 1119
1117 1118 1110
1110 1109 1117
1109 1110 1111
1111 1112 1109
1112 1111 1121
1121 1122 1112
2653 1123 1124
1124 2654 2653
2653 2654 1125
1125 1126 2653
2863 1127 1128
1128 2864 2863
1129 1130 2655
2655 2656 1129
416 1132 1131
1131 2657 416
2658 1133 1134
1134 39 2658
39 1134 41
41 1140 39
1137 1135 2659
2659 1136 1137
1136 2659 1138
1138 1139 1136
3654 3655 2416
2416 3655 832
832 3692 2416
807 3692 832
2347 3440 2318
832 3606 807
2318 3501 2347
2345 3501 2318
2344 3501 2345
2347 3501 2344
2344 3505 2347
2345 3502 2344
53 1185 54
54 1184 53
2667 1185 53
53 1184 47
47 1177 53
53 1177 49
49 1186 53
53 1186 2667
1177 47 1178
1178 1179 1177
1180 49 1177
1177 1179 1180
1179 1178 1190
1190 48 1179
1191 1180 1179
1179 48 1191
59 48 1190
1191 48 59
1190 1195 59
59 1196 1191
59 1195 58
58 1194 59
2669 1196 59
59 1194 2669
55 1187 56
56 1188 55
56 1187 2668
1183 1188 56
2668 1189 56
56 52 1183
50 52 56
56 1189 50
1183 52 1181
1181 52 50
1181 1182 1183
50 51 1181
1182 1181 1192
1192 1181 51
1192 1193 1182
51 57 1192
1193 1192 60
60 1192 57
60 1197 1193
57 1199 60
61 1197 60
60 1198 61
2670 1198 60
60 1199 2670
264 1501 265
265 1502 264
265 1501 2763
266 1502 265
2763 1504 265
265 1503 266
2762 1503 265
265 1504 2762
268 1507 269
269 1508 268
269 1507 2765
270 1508 269
2765 1510 269
269 1509 270
2764 1509 269
269 1510 2764
467 455 1871
455 1879 1871
1871 1879 2896
1871 2908 467
1876 467 2908
2896 2897 1871
461 2908 1871
1871 1875 461
1875 1871 2897
2908 461 1873
2908 2904 1876
1873 2904 2908
462 1873 461
2904 1873 462
466 1876 2904
462 2905 2904
2904 2905 466
461 2902 462
461 1875 458
458 2902 461
2897 446 1875
458 1875 446
1870 2897 2896
2899 446 2897
2897 1870 2899
462 2902 463
463 2902 458
463 2903 462
2905 462 2903
465 466 2905
2903 2906 2905
2905 2906 465
2906 2903 463
458 1874 463
446 2900 458
1874 458 2900
446 2899 2901
2901 2900 446
463 2907 2906
2907 463 1874
1877 465 2906
2906 2907 1877
2888 2899 1870
2889 2901 2899
2899 2888 2889
2900 1872 1874
1865 1874 1872
1874 1865 2907
2900 2901 2898
2898 1872 2900
2901 2889 2887
2887 2898 2901
464 1877 2907
2907 1865 464
1856 2887 2889
2889 448 1856
448 2889 2888
1872 2898 1866
1872 2894 1865
1866 2894 1872
1878 1865 2894
1878 464 1865
2898 2887 2884
2884 1866 2898
2887 1856 440
440 2884 2887
2878 440 1856
1856 2881 2878
2881 1856 448
2894 1866 1867
2885 1867 1866
1866 2884 2885
1867 2895 2894
2894 2895 1878
2884 440 1852
1852 2885 2884
440 2878 1851
1851 1852 440
2890 1851 2878
2878 1850 2890
1850 2878 2881
442 2890 1850
2881 444 1850
441 1850 444
1850 441 442
444 2881 2883
448 2883 2881
1860 442 441
2883 1858 444
1863 444 1858
444 1863 441
441 1859 1860
1859 441 1863
2883 448 1857
1857 2882 2883
1858 2883 2882
1863 2892 1859
1860 1859 2892
2892 1863 449
1858 449 1863
2882 445 1858
449 1858 445
2888 1857 448
2892 452 1860
449 452 2892
452 449 1864
445 1864 449
2882 1857 2880
1857 2888 447
447 2880 1857
2880 2879 2882
445 2882 2879
2879 1855 445
1864 445 1855
1870 447 2888
1864 2893 452
2893 1864 1862
1855 1862 1864
1861 452 2893
2879 2880 1853
2880 447 2886
2886 1853 2880
1869 2886 447
447 1870 1869
1853 1854 2879
1855 2879 1854
1854 2891 1855
1862 1855 2891
1862 451 2893
2893 451 1861
451 1862 460
2891 460 1862
460 1861 451
2896 1869 1870
3352 3351 647
647 3351 3354
3349 3351 3352
3354 3351 3349
3349 3353 3354
3354 3353 2303
2285 3353 3349
2303 3353 2285
3352 3350 3349
3349 3350 726
3349 3347 2285
726 3347 3349
2384 3350 3352
726 3350 2384
3352 3582 2384
2282 3347 726
2285 3347 2282
2285 3401 2303
2303 3401 747
2282 3348 2285
2285 3348 745
745 3401 2285
747 3401 745
2284 3348 2282
745 3348 2284
2384 3582 3583
726 3346 2282
2384 3580 726
726 3580 800
800 3346 726
3583 3584 2384
2385 3580 2384
2384 3584 2385
800 3580 2385
2282 3346 3344
2282 3343 2284
3344 3343 2282
3344 3346 800
745 3402 747
2284 3398 745
3400 3402 745
745 3398 3400
2405 3584 3583
2385 3584 2405
708 3343 3344
2284 3343 708
1142 1139 1138
1138 1141 1142
1147 1148 1149
1149 1150 1147
1153 1147 1150
1150 1154 1153
1151 1153 1154
1154 1152 1151
1146 1151 1152
1152 1143 1146
1145 1146 1143
1143 1144 1145
1155 1145 1144
1144 1156 1155
1160 1157 2660
2660 2661 1160
1159 2661 2660
2660 1158 1159
1164 1161 2869
2869 2870 1164
2662 1162 1163
1163 2663 2662
1165 1166 426
426 2664 1165
1167 1168 2665
2665 45 1167
43 1167 45
45 1174 43
2666 1171 1169
1169 1170 2666
1172 2666 1170
1170 1173 1172
1172 1173 1175
1175 1176 1172
1201 1202 65
65 1200 1201
67 1201 1200
1200 1231 67
2677 67 1231
1231 2676 2677
2675 2677 2676
2676 66 2675
1222 2675 66
66 2674 1222
2673 1222 2674
2674 1221 2673
2672 2673 1221
1221 2671 2672
1233 2672 2671
2671 1232 1233
1204 1207 1208
1208 1205 1204
1203 1204 1205
1205 1206 1203
1215 1203 1206
1206 1216 1215
64 1209 62
62 1210 64
1211 1212 1213
1213 1214 1211
1224 1226 1225
1225 1223 1224
1220 1224 1223
1223 1217 1220
1219 1220 1217
1217 1218 1219
1237 1219 1218
1218 1236 1237
1227 1228 1229
1229 1230 1227
1234 1227 1230
1230 1235 1234
1259 1260 1261
1261 1262 1259
1262 1261 1281
1281 1282 1262
1282 1281 1287
1287 1288 1282
1288 1287 1296
1296 2693 1288
2693 1296 1297
1297 1295 2693
1295 1297 1298
1298 1299 1295
1263 1264 1265
1266 1267 1268
1283 1284 1285
1285 1286 1283
1289 1290 1291
1291 1292 1289
1293 1294 1273
1273 1272 1293
1272 1273 1274
1274 1275 1272
1275 1274 1276
1276 1277 1275
1277 1276 1308
1308 1309 1277
1300 1301 1302
1301 1300 1278
1278 1280 1301
1280 1278 2692
2692 1279 1280
1279 2692 1310
1310 1311 1279
1303 1304 1305
96 1306 94
94 1307 96
1331 1321 2698
2698 1320 1331
1320 2698 1322
1322 1323 1320
1326 1327 1324
1324 1325 1326
1325 1324 1336
1336 1337 1325
1332 1333 1334
1334 1335 1332
1338 1339 1317
1317 1319 1338
1319 1317 2697
2697 1318 1319
1318 2697 1340
1340 1341 1318
1367 1368 1369
1369 2715 1367
1378 1367 2715
2715 1370 1378
1371 1372 1373
1373 1374 1371
1383 1371 1374
1374 1384 1383
1379 1380 1381
1381 1382 1379
1366 1385 1386
1386 1364 1366
2714 1366 1364
1364 1365 2714
1387 2714 1365
1365 1388 1387
1515 1516 1513
1513 1514 1515
1536 1515 1514
1514 1535 1536
1542 1536 1535
1535 1541 1542
1550 1542 1541
1541 2767 1550
1549 1550 2767
2767 1551 1549
1553 1549 1551
1551 1552 1553
1517 1518 1519
1520 1521 1522
1537 1538 1539
1539 1540 1537
1543 1544 1545
1545 1546 1543
1529 1548 1547
1547 1526 1529
1528 1529 1526
1526 1527 1528
1531 1528 1527
1527 1530 1531
1563 1531 1530
1530 1562 1563
1554 1555 1556
1557 1558 1559
1534 1559 1558
1558 1532 1534
2766 1534 1532
1532 1533 2766
1564 2766 1533
1533 1565 1564
272 1560 274
274 1561 272
278 1570 1571
1571 2768 278
278 2768 280
280 2779 278
285 2779 280
280 2780 285
2777 285 2780
2780 2778 2777
1578 2777 2778
2778 1577 1578
2776 1578 1577
1577 2775 2776
2776 2775 286
286 284 2776
2114 284 286
286 2115 2114
2114 2115 282
282 2769 2114
283 2769 282
282 2770 283
2771 283 2770
2770 2772 2771
1575 2771 2772
2772 1576 1575
2773 1575 1576
1576 2774 2773
2773 2774 281
281 3156 2773
279 3156 281
281 1572 279
1574 279 1572
1572 1573 1574
1599 1600 1601
1604 1605 1592
1592 1591 1604
1591 1592 2784
1590 2784 1592
1592 296 1590
1591 2784 2786
2784 1590 305
305 2786 2784
2786 1593 1591
1593 2786 2785
2785 2786 305
1590 296 1596
305 1612 2785
2785 1594 1593
2785 306 1594
306 2785 1612
1596 1579 1590
2792 1590 1579
1579 1596 1597
318 1594 306
306 1618 318
1612 1614 306
1610 1614 1612
1612 1581 1610
1581 1612 2794
1579 287 2792
2792 287 1584
1609 1610 1581
1597 2788 1579
2788 1597 1608
2794 1588 1581
1586 1588 2794
1608 1606 2788
1581 2787 1609
320 1609 2787
1606 1607 2788
2788 1607 293
293 1579 2788
2787 1619 320
1595 1579 293
2787 1611 1619
1611 2787 1581
1580 1579 1595
287 1579 1580
1581 1613 1611
290 1613 1581
1581 1582 290
2302 3398 2284
3400 3398 2302
2385 3581 800
800 3577 3344
2383 3577 800
800 3581 2383
816 3581 2385
2405 3631 2385
2385 3631 816
2383 3581 816
2381 3577 2383
3344 3577 2381
2302 3399 3400
817 3631 2405
816 3631 817
2383 3578 2381
816 3627 2383
2383 3627 2402
2402 3578 2383
817 3632 816
3628 3627 816
816 3632 3628
2402 3627 3628
2381 3578 801
801 3578 2402
801 3579 2381
2381 3579 2283
2283 3341 2381
2381 3341 3344
708 3341 2283
3344 3341 708
2283 3342 708
708 3342 727
727 3345 708
708 3345 2284
2302 3345 727
2284 3345 2302
727 3397 2302
2302 3397 746
746 3399 2302
267 1505 2910
470 1505 267
2910 1888 267
267 1888 2909
2909 1506 267
267 1885 470
468 1885 267
267 1506 468
469 470 1885
1885 1886 469
1887 1886 1885
1885 468 1887
472 469 1886
1886 1889 472
1890 1889 1886
1886 1887 1890
271 1889 1890
472 1889 271
271 1512 472
1890 1511 271
2911 1512 271
271 1891 2911
2912 1891 271
271 1511 2912
