16
WP_A_0300
-1
0 0 0 0 0 0 1
Blade00
0
0 -0.123914 0 0 0 0 1
Blade01
1
0 -0.523381 0 0 0 0 1
WP_A_301
-1
0 0 0 0 0 0 1
Blade02
2
0 -1.005004 0 0 0 0 1
dymmy
-1
0 0 0 0 0 0 1
dymmy_3
-1
0 0 0 0 0 0 1
dymmy_4
-1
0 0 0 0 0 0 1
dymmy_5
-1
0 0 0 0 0 0 1
dymmy_6
-1
0 0 0 0 0 0 1
dymmy_7
-1
0 0 0 0 0 0 1
dymmy_8
-1
0 0 0 0 0 0 1
dymmy_2
-1
0 0 0 0 0 0 1
Box001
-1
0.240286 -2.48879 0.468244 0 0 0 1
Box002
-1
0.240286 -1.694578 0.468244 0 0 0 1
Box003
-1
0 -0.096375 0 -1 0 0 0
3
m0_0300_4_weapon
2
3

0

0

0
3350
0.029951 0.203945 0.000000
0.976563 0.062500 -0.007813
255 255 255 255
0.239746 0.320801
0.601074 0.374512
2 0 0 0
1 0 0 0
0.028293 0.204099 -0.007620
0.929688 0.218750 -0.210938
255 255 255 255
0.208984 0.320801
0.594727 0.374512
2 0 0 0
1 0 0 0
0.021358 0.113654 -0.007628
0.953125 -0.070313 -0.226563
255 255 255 255
0.208984 0.40918
0.594727 0.444336
2 0 0 0
1 0 0 0
-0.019596 -0.083212 0.002181
-0.929688 -0.015625 0.367188
255 255 255 255
1.311035 0.984863
0.404297 0.520996
2 0 0 0
1 0 0 0
-0.019656 -0.115497 0.002181
-0.945313 -0.015625 0.320313
255 255 255 255
1.310059 0.927246
0.404297 0.495117
2 0 0 0
1 0 0 0
-0.020409 -0.115499 -0.000005
-0.953125 -0.015625 0.312500
255 255 255 255
1.323242 0.92627
0.404785 0.494629
2 0 0 0
1 0 0 0
0.011561 0.213004 0.006869
-0.367188 0.890625 0.187500
255 255 255 255
1.167969 0.86377
0.651367 0.749023
2 0 0 0
1 0 0 0
0.013034 0.211787 0.011973
-0.484375 0.796875 0.320313
255 255 255 255
1.178711 0.870117
0.653809 0.753906
2 0 0 0
1 0 0 0
0.001075 0.211815 0.009444
-0.039063 0.929688 0.304688
255 255 255 255
1.119629 0.871094
0.642578 0.754395
2 0 0 0
1 0 0 0
-0.002333 0.212723 0.005656
-0.085938 0.960938 0.148438
255 255 255 255
1.09668 0.867676
0.638184 0.751953
2 0 0 0
1 0 0 0
0.013242 0.213971 -0.007065
-0.515625 0.820313 -0.195313
255 255 255 255
0.178711 0.863281
0.719727 0.740723
2 0 0 0
1 0 0 0
0.013242 0.213971 -0.007065
-0.515625 0.820313 -0.195313
255 255 255 255
0.178711 0.863281
0.719727 0.740723
2 0 0 0
1 0 0 0
-0.002333 0.212723 -0.005657
-0.085938 0.960938 -0.171875
255 255 255 255
0.09668 0.867676
0.704102 0.744141
2 0 0 0
1 0 0 0
0.001075 0.211815 -0.009444
-0.039063 0.929688 -0.328125
255 255 255 255
0.119629 0.871094
0.708496 0.746582
2 0 0 0
1 0 0 0
0.013034 0.211787 -0.011973
-0.484375 0.796875 -0.343750
255 255 255 255
0.178711 0.870117
0.719727 0.746094
2 0 0 0
1 0 0 0
-0.002333 0.212723 0.005656
-0.085938 0.960938 0.148438
255 255 255 255
1.09668 0.867676
0.638184 0.751953
2 0 0 0
1 0 0 0
-0.020409 -0.115499 -0.000005
-0.007813 -1.000000 -0.007813
255 255 255 255
1.323242 0.92627
0.404785 0.494629
2 0 0 0
1 0 0 0
-0.019656 -0.115497 0.002181
-0.007813 -1.000000 -0.007813
255 255 255 255
1.310059 0.927246
0.404297 0.495117
2 0 0 0
1 0 0 0
0.001953 -0.115439 0.006226
-0.007813 -1.000000 -0.007813
255 255 255 255
1.148926 0.927734
0.392578 0.495606
2 0 0 0
1 0 0 0
-0.001055 -0.032169 0.018247
-0.007813 -0.351563 0.921875
255 255 255 255
1.468262 0.96582
0.64502 0.5
2 0 0 0
1 0 0 0
0.000599 -0.035904 0.016829
0.171875 -0.289063 0.921875
255 255 255 255
1.477051 0.967773
0.647461 0.501953
2 0 0 0
1 0 0 0
-0.016812 -0.040374 0.009944
-0.734375 0.085938 0.656250
255 255 255 255
1.40332 0.975098
0.629395 0.508789
2 0 0 0
1 0 0 0
-0.018642 -0.024655 0.005754
-0.875000 0.015625 0.476563
255 255 255 255
1.383789 0.958984
0.624512 0.493164
2 0 0 0
1 0 0 0
-0.021573 -0.040759 0.000000
-0.929688 0.023438 0.359375
255 255 255 255
1.358398 0.976074
0.618164 0.509766
2 0 0 0
1 0 0 0
-0.018642 -0.024655 -0.005795
-0.875000 0.015625 -0.500000
255 255 255 255
1.383789 0.958984
0.625488 0.470703
2 0 0 0
1 0 0 0
-0.018232 0.014935 0.005968
-0.882813 0.023438 0.460938
255 255 255 255
1.383789 0.958984
0.624512 0.51709
2 0 0 0
1 0 0 0
-0.007127 0.000418 0.015623
-0.335938 -0.101563 0.921875
255 255 255 255
1.444336 0.973145
0.639648 0.53125
2 0 0 0
1 0 0 0
-0.016539 -0.000805 0.010522
-0.742188 0.109375 0.648438
255 255 255 255
1.40332 0.975098
0.629395 0.533203
2 0 0 0
1 0 0 0
0.001060 0.004063 0.016615
0.414063 -0.171875 0.867188
255 255 255 255
1.477051 0.967773
0.647461 0.525879
2 0 0 0
1 0 0 0
-0.003601 0.009257 0.018301
-0.171875 -0.234375 0.945313
255 255 255 255
1.456543 0.964356
0.642578 0.522949
2 0 0 0
1 0 0 0
-0.021254 -0.001136 -0.000003
-0.937500 0.031250 0.335938
255 255 255 255
1.358398 0.976074
0.618164 0.53418
2 0 0 0
1 0 0 0
-0.018232 0.014935 -0.006017
-0.882813 0.023438 -0.484375
255 255 255 255
1.383789 0.958984
0.6875 0.430664
2 0 0 0
1 0 0 0
-0.017850 0.028129 0.005930
-0.882813 0.039063 0.460938
255 255 255 255
1.383789 0.937988
0.690918 0.518066
2 0 0 0
1 0 0 0
-0.006848 0.013564 0.015711
-0.335938 -0.093750 0.921875
255 255 255 255
1.444336 0.952148
0.706055 0.532227
2 0 0 0
1 0 0 0
-0.016325 0.012382 0.010590
-0.742188 0.125000 0.648438
255 255 255 255
1.40332 0.954102
0.695801 0.53418
2 0 0 0
1 0 0 0
0.001403 0.017172 0.016663
0.414063 -0.164063 0.875000
255 255 255 255
1.477051 0.946777
0.713867 0.526856
2 0 0 0
1 0 0 0
-0.003248 0.022387 0.018278
-0.171875 -0.218750 0.945313
255 255 255 255
1.456543 0.943848
0.708984 0.523438
2 0 0 0
1 0 0 0
-0.021069 0.012069 -0.000004
-0.937500 0.046875 0.343750
255 255 255 255
1.358398 0.955078
0.68457 0.535156
2 0 0 0
1 0 0 0
-0.017850 0.028129 -0.005983
-0.882813 0.039063 -0.484375
255 255 255 255
1.383789 0.937988
0.685059 0.47168
2 0 0 0
1 0 0 0
-0.017269 0.041322 0.005809
-0.890625 0.039063 0.445313
255 255 255 255
1.383789 0.979492
0.631348 0.609863
2 0 0 0
1 0 0 0
-0.006471 0.026708 0.015632
-0.335938 -0.070313 0.921875
255 255 255 255
1.444336 0.993652
0.646484 0.623535
2 0 0 0
1 0 0 0
-0.015974 0.025568 0.010548
-0.734375 0.132813 0.648438
255 255 255 255
1.40332 0.995606
0.636231 0.625488
2 0 0 0
1 0 0 0
0.001805 0.030280 0.016524
0.406250 -0.148438 0.875000
255 255 255 255
1.477051 0.988281
0.654297 0.618652
2 0 0 0
1 0 0 0
-0.002808 0.035515 0.018029
-0.171875 -0.203125 0.945313
255 255 255 255
1.456543 0.985352
0.649414 0.615234
2 0 0 0
1 0 0 0
-0.020164 0.025273 -0.000009
-0.953125 0.046875 0.304688
255 255 255 255
1.358398 0.996582
0.625488 0.626465
2 0 0 0
1 0 0 0
-0.017269 0.041322 -0.005868
-0.898438 0.039063 -0.460938
255 255 255 255
1.383789 0.979492
0.75293 0.630371
2 0 0 0
1 0 0 0
-0.014077 0.065113 0.009933
-0.726563 0.125000 0.664063
255 255 255 255
1.40332 0.995606
0.64209 0.737305
2 0 0 0
1 0 0 0
-0.015258 0.080884 0.005601
-0.890625 0.039063 0.453125
255 255 255 255
1.383789 0.979492
0.637207 0.721191
2 0 0 0
1 0 0 0
-0.001122 0.074886 0.017174
-0.171875 -0.210938 0.945313
255 255 255 255
1.456543 0.985352
0.654785 0.727051
2 0 0 0
1 0 0 0
0.003316 0.069591 0.015628
-0.289063 0.460938 0.820313
255 255 255 255
1.477051 0.988281
0.659668 0.729981
2 0 0 0
1 0 0 0
-0.018165 0.064874 0.000000
-0.945313 0.046875 0.312500
255 255 255 255
1.358398 0.996582
0.631348 0.738281
2 0 0 0
1 0 0 0
-0.013468 0.078290 0.009933
-0.726563 0.132813 0.664063
255 255 255 255
1.40332 0.975098
0.760742 0.668945
2 0 0 0
1 0 0 0
-0.014578 0.094066 0.005601
-0.890625 0.046875 0.453125
255 255 255 255
1.383789 0.958984
0.755859 0.65332
2 0 0 0
1 0 0 0
-0.000470 0.088005 0.017174
-0.171875 -0.203125 0.945313
255 255 255 255
1.456543 0.964356
0.773438 0.65918
2 0 0 0
1 0 0 0
0.003945 0.082690 0.015628
-0.281250 0.460938 0.820313
255 255 255 255
1.477051 0.967773
0.77832 0.662109
2 0 0 0
1 0 0 0
-0.017557 0.078069 0.000000
-0.945313 0.046875 0.312500
255 255 255 255
1.358398 0.976074
0.75 0.669922
2 0 0 0
1 0 0 0
-0.008574 0.157281 0.009933
-0.718750 0.148438 0.664063
255 255 255 255
1.40332 0.975098
0.637695 0.645508
2 0 0 0
1 0 0 0
-0.009257 0.173082 0.005601
-0.882813 0.070313 0.453125
255 255 255 255
1.383789 0.958984
0.633301 0.629883
2 0 0 0
1 0 0 0
0.004683 0.166643 0.017174
-0.179688 -0.203125 0.945313
255 255 255 255
1.456543 0.964356
0.650879 0.635742
2 0 0 0
1 0 0 0
0.008952 0.161210 0.015628
-0.273438 0.468750 0.820313
255 255 255 255
1.477051 0.967773
0.655762 0.638672
2 0 0 0
1 0 0 0
-0.012666 0.157171 0.000000
-0.945313 0.078125 0.312500
255 255 255 255
1.358398 0.976074
0.626953 0.646484
2 0 0 0
1 0 0 0
-0.015648 -0.066928 0.010278
-0.007813 0.984375 -0.007813
255 255 255 255
1.067383 0.620117
0.691406 0.372559
2 0 0 0
1 0 0 0
-0.020786 -0.066911 0.000000
-0.007813 0.984375 -0.007813
255 255 255 255
1.02002 0.620117
0.680664 0.372559
2 0 0 0
1 0 0 0
-0.010899 -0.066944 0.009316
-0.007813 0.984375 -0.007813
255 255 255 255
1.08252 0.615234
0.694824 0.368652
2 0 0 0
1 0 0 0
-0.009958 -0.066947 0.013895
-0.007813 0.984375 -0.007813
255 255 255 255
1.097656 0.620117
0.697754 0.372559
2 0 0 0
1 0 0 0
0.000016 -0.066981 0.015660
-0.007813 0.984375 -0.007813
255 255 255 255
1.146973 0.620117
0.708984 0.372559
2 0 0 0
1 0 0 0
0.006862 -0.076420 0.014841
-0.007813 -1.000000 -0.007813
255 255 255 255
1.179199 0.629883
0.71582 0.381348
2 0 0 0
1 0 0 0
-0.018099 -0.076417 0.007431
-0.007813 -1.000000 -0.007813
255 255 255 255
1.05127 0.629883
0.687988 0.381348
2 0 0 0
1 0 0 0
-0.006862 -0.076418 0.014841
-0.007813 -1.000000 -0.007813
255 255 255 255
1.113281 0.629883
0.701172 0.381348
2 0 0 0
1 0 0 0
0.003368 0.201192 0.014550
-0.382813 0.218750 0.875000
255 255 255 255
1.134277 0.886719
0.64502 0.766602
2 0 0 0
1 0 0 0
0.002636 0.189277 0.012898
-0.476563 0.023438 0.859375
255 255 255 255
1.09668 0.90332
0.638184 0.778809
2 0 0 0
1 0 0 0
-0.004628 0.189509 0.010644
-0.593750 0.054688 0.789063
255 255 255 255
1.06543 0.897461
0.632324 0.774414
2 0 0 0
1 0 0 0
-0.003518 0.203896 0.010753
-0.578125 0.242188 0.765625
255 255 255 255
1.095215 0.879883
0.637695 0.761231
2 0 0 0
1 0 0 0
-0.009035 0.190195 0.004311
-0.929688 0.070313 0.359375
255 255 255 255
1.029297 0.89209
0.625488 0.770508
2 0 0 0
1 0 0 0
-0.007526 0.207846 0.004287
-0.882813 0.312500 0.343750
255 255 255 255
1.068359 0.87207
0.632813 0.755371
2 0 0 0
1 0 0 0
-0.003518 0.203896 -0.010753
-0.578125 0.242188 -0.789063
255 255 255 255
0.095215 0.879883
0.704102 0.753418
2 0 0 0
1 0 0 0
-0.004628 0.189509 -0.010645
-0.726563 0.046875 -0.695313
255 255 255 255
0.06543 0.897461
0.698242 0.766602
2 0 0 0
1 0 0 0
0.002391 0.189152 -0.014550
-0.515625 0.054688 -0.859375
255 255 255 255
0.104981 0.901367
0.706055 0.769531
2 0 0 0
1 0 0 0
0.003368 0.201192 -0.014550
-0.382813 0.218750 -0.898438
255 255 255 255
0.134277 0.886719
0.711426 0.758789
2 0 0 0
1 0 0 0
-0.007526 0.207846 -0.004287
-0.851563 0.343750 -0.398438
255 255 255 255
0.068359 0.87207
0.698731 0.747559
2 0 0 0
1 0 0 0
-0.009035 0.190195 -0.004312
-0.953125 0.070313 -0.304688
255 255 255 255
0.029297 0.89209
0.691406 0.762695
2 0 0 0
1 0 0 0
0.027652 0.201158 0.010671
0.593750 0.109375 0.765625
255 255 255 255
1.265137 0.879395
0.669922 0.760742
2 0 0 0
1 0 0 0
0.031667 0.186936 0.004311
0.906250 -0.054688 0.351563
255 255 255 255
1.316895 0.896484
0.679688 0.773438
2 0 0 0
1 0 0 0
0.020344 0.187894 0.014550
0.507813 0.007813 0.835938
255 255 255 255
1.252441 0.898438
0.667481 0.774902
2 0 0 0
1 0 0 0
0.032505 0.204130 0.004287
0.875000 0.273438 0.335938
255 255 255 255
1.297363 0.873535
0.675781 0.756348
2 0 0 0
1 0 0 0
0.027652 0.201158 -0.010671
0.593750 0.109375 -0.789063
255 255 255 255
0.265137 0.879395
0.736328 0.75293
2 0 0 0
1 0 0 0
0.020344 0.187894 -0.014550
0.460938 -0.015625 -0.882813
255 255 255 255
0.252441 0.898438
0.733887 0.76709
2 0 0 0
1 0 0 0
0.027425 0.187178 -0.010563
0.578125 -0.015625 -0.812500
255 255 255 255
0.280762 0.897461
0.739258 0.766602
2 0 0 0
1 0 0 0
0.020521 0.199609 -0.014550
0.367188 0.195313 -0.906250
255 255 255 255
0.222656 0.885254
0.728027 0.757324
2 0 0 0
1 0 0 0
0.032505 0.204130 -0.004287
0.898438 0.218750 -0.328125
255 255 255 255
0.297363 0.873535
0.742188 0.748535
2 0 0 0
1 0 0 0
0.020521 0.199609 0.014550
0.367188 0.195313 0.882813
255 255 255 255
1.222656 0.885254
0.662109 0.765137
2 0 0 0
1 0 0 0
0.013034 0.211787 0.011973
0.023438 0.382813 0.898438
255 255 255 255
1.178711 0.870117
0.653809 0.753906
2 0 0 0
1 0 0 0
-0.002333 0.212723 0.005656
-0.687500 0.578125 0.406250
255 255 255 255
1.09668 0.867676
0.638184 0.751953
2 0 0 0
1 0 0 0
0.001075 0.211815 0.009444
-0.484375 0.500000 0.695313
255 255 255 255
1.119629 0.871094
0.642578 0.754395
2 0 0 0
1 0 0 0
-0.002333 0.212723 -0.005657
-0.687500 0.578125 -0.429688
255 255 255 255
0.09668 0.867676
0.704102 0.744141
2 0 0 0
1 0 0 0
0.032505 0.204130 -0.004287
0.898438 0.218750 -0.328125
255 255 255 255
0.297363 0.873535
0.742188 0.748535
2 0 0 0
1 0 0 0
0.024786 0.209575 0.009444
0.554688 0.406250 0.687500
255 255 255 255
1.241699 0.870117
0.665527 0.753906
2 0 0 0
1 0 0 0
0.028303 0.209822 -0.005657
0.765625 0.445313 -0.429688
255 255 255 255
0.265625 0.867676
0.736328 0.744141
2 0 0 0
1 0 0 0
0.024786 0.209575 0.009444
0.554688 0.406250 0.687500
255 255 255 255
1.241699 0.870117
0.665527 0.753906
2 0 0 0
1 0 0 0
0.013034 0.211787 -0.011973
0.023438 0.382813 -0.921875
255 255 255 255
0.178711 0.870117
0.719727 0.746094
2 0 0 0
1 0 0 0
-0.007526 0.207846 0.004287
-0.882813 0.312500 0.343750
255 255 255 255
1.068359 0.87207
0.632813 0.755371
2 0 0 0
1 0 0 0
-0.009035 0.190195 -0.004312
-0.953125 0.070313 -0.304688
255 255 255 255
0.029297 0.89209
0.691406 0.762695
2 0 0 0
1 0 0 0
0.001075 0.211815 -0.009444
-0.484375 0.500000 -0.718750
255 255 255 255
0.119629 0.871094
0.708496 0.746582
2 0 0 0
1 0 0 0
-0.002333 0.212723 -0.005657
-0.687500 0.578125 -0.429688
255 255 255 255
0.09668 0.867676
0.704102 0.744141
2 0 0 0
1 0 0 0
0.031667 0.186936 0.004311
0.906250 -0.054688 0.351563
255 255 255 255
1.316895 0.896484
0.679688 0.773438
2 0 0 0
1 0 0 0
0.024786 0.209575 -0.009444
0.554688 0.406250 -0.710938
255 255 255 255
0.241699 0.870117
0.731934 0.746094
2 0 0 0
1 0 0 0
0.017183 -0.110376 -0.003046
0.898438 -0.007813 -0.406250
255 255 255 255
0.040527 0.939453
0.342773 0.095703
2 0 0 0
1 0 0 0
0.017183 -0.110376 0.002867
0.898438 -0.007813 0.382813
255 255 255 255
1.040527 0.939453
0.385254 0.500488
2 0 0 0
1 0 0 0
0.018055 -0.083115 -0.000096
0.984375 -0.007813 -0.007813
255 255 255 255
1.033691 0.98584
0.384766 0.521484
2 0 0 0
1 0 0 0
0.015437 -0.115401 0.006148
0.859375 -0.031250 0.460938
255 255 255 255
1.047363 0.929199
0.385742 0.496094
2 0 0 0
1 0 0 0
0.015575 -0.083115 0.006166
0.882813 -0.007813 0.421875
255 255 255 255
1.043457 0.985352
0.385254 0.521484
2 0 0 0
1 0 0 0
0.017183 -0.110376 -0.003046
0.898438 -0.007813 -0.406250
255 255 255 255
0.040527 0.939453
0.342773 0.095703
2 0 0 0
1 0 0 0
0.018055 -0.083115 -0.000096
0.984375 -0.007813 -0.007813
255 255 255 255
0.033691 0.98584
0.342285 0.116699
2 0 0 0
1 0 0 0
0.015575 -0.083115 -0.006323
0.875000 -0.007813 -0.453125
255 255 255 255
0.043457 0.985352
0.343262 0.116699
2 0 0 0
1 0 0 0
0.015437 -0.115401 -0.006302
0.859375 -0.031250 -0.484375
255 255 255 255
0.047363 0.929199
0.343262 0.09082
2 0 0 0
1 0 0 0
-0.019596 -0.083212 -0.002191
-0.929688 -0.015625 -0.390625
255 255 255 255
0.311035 0.984863
0.361816 0.116211
2 0 0 0
1 0 0 0
-0.019596 -0.083212 0.002181
-0.929688 -0.015625 0.367188
255 255 255 255
1.311035 0.984863
0.404297 0.520996
2 0 0 0
1 0 0 0
-0.020409 -0.115499 -0.000005
-0.953125 -0.015625 -0.335938
255 255 255 255
0.323242 0.92627
0.362793 0.089844
2 0 0 0
1 0 0 0
-0.016887 -0.067319 0.009933
-0.734375 0.093750 0.664063
255 255 255 255
1.40332 0.995606
0.689453 0.509277
2 0 0 0
1 0 0 0
-0.018705 -0.051608 0.005601
-0.890625 0.007813 0.453125
255 255 255 255
1.383789 0.979492
0.685059 0.493164
2 0 0 0
1 0 0 0
-0.004338 -0.057029 0.017174
-0.164063 -0.210938 0.945313
255 255 255 255
1.456543 0.985352
0.702637 0.499023
2 0 0 0
1 0 0 0
0.000311 -0.062140 0.015628
-0.304688 0.445313 0.820313
255 255 255 255
1.477051 0.988281
0.70752 0.501953
2 0 0 0
1 0 0 0
-0.020961 -0.067723 0.000000
-0.953125 0.007813 0.312500
255 255 255 255
1.358398 0.996582
0.678711 0.509766
2 0 0 0
1 0 0 0
0.021056 -0.051969 0.000000
0.937500 -0.015625 0.273438
255 255 255 255
1.588379 0.979004
0.733887 0.493164
2 0 0 0
1 0 0 0
0.019512 -0.067914 -0.004885
0.937500 -0.015625 -0.296875
255 255 255 255
1.566895 0.996582
0.671875 0.425293
2 0 0 0
1 0 0 0
0.019512 -0.067914 0.004885
0.937500 -0.015625 0.273438
255 255 255 255
1.566895 0.996582
0.729004 0.509766
2 0 0 0
1 0 0 0
0.004891 -0.065117 -0.016392
0.375000 0.171875 -0.906250
255 255 255 255
1.492676 0.992188
0.653809 0.421387
2 0 0 0
1 0 0 0
0.019512 -0.067914 -0.004885
0.703125 -0.007813 -0.695313
255 255 255 255
1.566895 0.996582
0.671875 0.425293
2 0 0 0
1 0 0 0
0.012972 -0.052354 -0.010255
0.570313 0.039063 -0.812500
255 255 255 255
1.53125 0.979981
0.663086 0.40918
2 0 0 0
1 0 0 0
0.021056 -0.051969 0.000000
0.937500 -0.015625 -0.296875
255 255 255 255
1.588379 0.979004
0.676758 0.408691
2 0 0 0
1 0 0 0
0.000311 -0.062140 -0.015629
-0.304688 0.445313 -0.843750
255 255 255 255
1.477051 0.988281
0.650391 0.417481
2 0 0 0
1 0 0 0
0.032223 0.199378 0.000076
0.929688 -0.054688 0.296875
255 255 255 255
1.588379 0.958496
0.742676 0.652344
2 0 0 0
1 0 0 0
0.031546 0.184229 0.000070
0.929688 -0.054688 0.296875
255 255 255 255
1.588379 0.976074
0.742676 0.668945
2 0 0 0
1 0 0 0
0.019530 0.186401 0.013917
0.414063 0.031250 0.882813
255 255 255 255
1.507813 0.973633
0.723633 0.666504
2 0 0 0
1 0 0 0
0.020712 0.198778 0.012562
0.226563 0.117188 0.945313
255 255 255 255
1.513672 0.960938
0.725098 0.654785
2 0 0 0
1 0 0 0
0.013844 0.189952 0.015063
-0.195313 0.351563 0.890625
255 255 255 255
1.485352 0.969727
0.718262 0.663086
2 0 0 0
1 0 0 0
0.011415 0.191124 0.013669
-0.359375 0.453125 0.789063
255 255 255 255
1.477051 0.967773
0.716309 0.661133
2 0 0 0
1 0 0 0
-0.005302 0.187376 -0.008688
-0.703125 0.093750 -0.718750
255 255 255 255
1.40332 0.975098
0.698242 0.557129
2 0 0 0
1 0 0 0
0.003573 0.188066 -0.012886
-0.312500 -0.070313 -0.953125
255 255 255 255
1.444336 0.973145
0.70752 0.555176
2 0 0 0
1 0 0 0
-0.003574 0.201789 -0.008106
-0.773438 0.093750 -0.640625
255 255 255 255
1.40332 0.958984
0.698242 0.542481
2 0 0 0
1 0 0 0
0.007343 0.196305 -0.015022
-0.164063 -0.187500 -0.976563
255 255 255 255
1.456543 0.964356
0.710449 0.547852
2 0 0 0
1 0 0 0
0.011415 0.191124 -0.013670
0.375000 -0.164063 -0.914063
255 255 255 255
1.477051 0.967773
0.715332 0.550293
2 0 0 0
1 0 0 0
-0.009209 0.187271 0.000001
-0.937500 0.078125 -0.359375
255 255 255 255
1.358398 0.976074
0.687988 0.558106
2 0 0 0
1 0 0 0
-0.007937 0.202597 0.000003
-0.929688 0.062500 -0.382813
255 255 255 255
1.358398 0.958496
0.687988 0.541992
2 0 0 0
1 0 0 0
0.024302 0.184793 0.009946
0.562500 -0.007813 0.796875
255 255 255 255
1.53125 0.959473
0.728027 0.631348
2 0 0 0
1 0 0 0
0.029412 0.169540 0.004414
0.851563 -0.046875 0.476563
255 255 255 255
1.566895 0.976074
0.736328 0.646484
2 0 0 0
1 0 0 0
0.012723 0.175179 0.015343
-0.101563 0.359375 0.906250
255 255 255 255
1.485352 0.969727
0.717285 0.641113
2 0 0 0
1 0 0 0
0.031898 0.184555 0.000065
0.906250 -0.054688 0.367188
255 255 255 255
1.588379 0.958496
0.741211 0.630371
2 0 0 0
1 0 0 0
0.031195 0.169410 0.000060
0.906250 -0.054688 0.367188
255 255 255 255
1.588379 0.976074
0.741211 0.646484
2 0 0 0
1 0 0 0
-0.007571 0.172603 -0.008938
-0.687500 0.148438 -0.718750
255 255 255 255
1.40332 0.975098
0.759277 0.580078
2 0 0 0
1 0 0 0
0.010009 0.176351 -0.014063
-0.328125 0.460938 -0.828125
255 255 255 255
1.477051 0.967773
0.776367 0.573242
2 0 0 0
1 0 0 0
0.005727 0.181532 -0.015454
-0.164063 -0.187500 -0.976563
255 255 255 255
1.456543 0.964356
0.771484 0.570313
2 0 0 0
1 0 0 0
-0.008257 0.187675 -0.005040
-0.867188 0.070313 -0.507813
255 255 255 255
1.383789 0.958984
0.754883 0.564941
2 0 0 0
1 0 0 0
-0.011677 0.172498 0.000000
-0.937500 0.078125 -0.367188
255 255 255 255
1.358398 0.976074
0.748535 0.581055
2 0 0 0
1 0 0 0
-0.016887 -0.053564 0.009933
-0.734375 0.093750 0.664063
255 255 255 255
1.40332 0.995606
0.690918 0.467773
2 0 0 0
1 0 0 0
-0.018705 -0.037854 0.005601
-0.890625 0.007813 0.453125
255 255 255 255
1.383789 0.979492
0.686035 0.45166
2 0 0 0
1 0 0 0
-0.004338 -0.043275 0.017174
-0.164063 -0.210938 0.945313
255 255 255 255
1.456543 0.985352
0.703613 0.45752
2 0 0 0
1 0 0 0
0.000311 -0.048386 0.015628
-0.304688 0.445313 0.820313
255 255 255 255
1.477051 0.988281
0.708496 0.460449
2 0 0 0
1 0 0 0
-0.020961 -0.053968 0.000000
-0.953125 0.007813 0.312500
255 255 255 255
1.358398 0.996582
0.680176 0.468262
2 0 0 0
1 0 0 0
0.021056 -0.038215 0.000000
0.937500 -0.015625 0.273438
255 255 255 255
1.588379 0.979004
0.735352 0.45166
2 0 0 0
1 0 0 0
0.019512 -0.054160 -0.004885
0.937500 -0.015625 -0.296875
255 255 255 255
1.566895 0.996582
0.671387 0.405762
2 0 0 0
1 0 0 0
0.019512 -0.054160 0.004885
0.937500 -0.015625 0.273438
255 255 255 255
1.566895 0.996582
0.729981 0.468262
2 0 0 0
1 0 0 0
0.004891 -0.051363 -0.016392
0.375000 0.171875 -0.906250
255 255 255 255
1.492676 0.992188
0.65332 0.401856
2 0 0 0
1 0 0 0
0.019512 -0.054160 -0.004885
0.703125 -0.007813 -0.695313
255 255 255 255
1.566895 0.996582
0.671387 0.405762
2 0 0 0
1 0 0 0
0.012972 -0.038600 -0.010255
0.570313 0.039063 -0.812500
255 255 255 255
1.53125 0.979981
0.662598 0.390137
2 0 0 0
1 0 0 0
0.021056 -0.038215 0.000000
0.937500 -0.015625 -0.296875
255 255 255 255
1.588379 0.979004
0.67627 0.38916
2 0 0 0
1 0 0 0
0.000311 -0.048386 -0.015629
-0.304688 0.445313 -0.843750
255 255 255 255
1.477051 0.988281
0.649414 0.397949
2 0 0 0
1 0 0 0
0.016316 -0.041095 0.008292
0.648438 0.000000 0.726563
255 255 255 255
1.546875 0.975586
0.664063 0.509766
2 0 0 0
1 0 0 0
0.005367 -0.029352 0.016681
0.242188 0.054688 0.945313
255 255 255 255
1.498047 0.962402
0.652344 0.496582
2 0 0 0
1 0 0 0
0.019808 -0.025172 0.004882
0.781250 -0.015625 0.585938
255 255 255 255
1.567383 0.958984
0.669434 0.493164
2 0 0 0
1 0 0 0
0.021628 -0.041124 -0.000010
0.906250 0.007813 0.375000
255 255 255 255
1.588379 0.976074
0.674316 0.509766
2 0 0 0
1 0 0 0
0.021282 -0.025195 -0.000012
0.921875 -0.007813 0.320313
255 255 255 255
1.588379 0.958496
0.674316 0.493164
2 0 0 0
1 0 0 0
-0.018577 -0.011457 0.005864
-0.882813 0.015625 0.468750
255 255 255 255
1.383789 0.937988
0.62793 0.429688
2 0 0 0
1 0 0 0
-0.007469 -0.025877 0.015118
-0.335938 -0.117188 0.921875
255 255 255 255
1.444336 0.952148
0.642578 0.443848
2 0 0 0
1 0 0 0
-0.016733 -0.027183 0.010170
-0.742188 0.093750 0.656250
255 255 255 255
1.40332 0.954102
0.632324 0.445801
2 0 0 0
1 0 0 0
0.000564 -0.022160 0.016132
0.414063 -0.179688 0.867188
255 255 255 255
1.477051 0.946777
0.650391 0.438477
2 0 0 0
1 0 0 0
-0.004078 -0.017007 0.017864
-0.164063 -0.242188 0.937500
255 255 255 255
1.456543 0.943848
0.645508 0.435547
2 0 0 0
1 0 0 0
-0.021377 -0.027551 -0.000001
-0.937500 0.023438 0.343750
255 255 255 255
1.358398 0.955078
0.621582 0.446777
2 0 0 0
1 0 0 0
-0.018577 -0.011457 -0.005907
-0.882813 0.015625 -0.484375
255 255 255 255
1.383789 0.937988
0.687012 0.408203
2 0 0 0
1 0 0 0
0.019767 -0.028106 0.004988
0.867188 -0.023438 0.445313
255 255 255 255
1.566895 0.955078
0.672363 0.446777
2 0 0 0
1 0 0 0
0.006027 -0.016269 0.017114
0.257813 -0.031250 0.945313
255 255 255 255
1.498047 0.941895
0.655762 0.433594
2 0 0 0
1 0 0 0
0.020146 -0.012146 0.004976
0.789063 -0.023438 0.578125
255 255 255 255
1.567383 0.937988
0.672852 0.430176
2 0 0 0
1 0 0 0
0.003196 -0.023226 0.017430
0.062500 0.000000 0.976563
255 255 255 255
1.485352 0.949219
0.652344 0.440918
2 0 0 0
1 0 0 0
0.019767 -0.028106 -0.005035
0.875000 -0.023438 -0.460938
255 255 255 255
1.566895 0.955078
0.731445 0.424805
2 0 0 0
1 0 0 0
-0.018458 0.001740 0.005941
-0.882813 0.015625 0.460938
255 255 255 255
1.383789 0.979492
0.6875 0.386719
2 0 0 0
1 0 0 0
-0.007326 -0.012729 0.015411
-0.335938 -0.109375 0.921875
255 255 255 255
1.444336 0.993652
0.702148 0.400391
2 0 0 0
1 0 0 0
-0.016659 -0.013994 0.010372
-0.742188 0.093750 0.648438
255 255 255 255
1.40332 0.995606
0.691895 0.402344
2 0 0 0
1 0 0 0
0.000780 -0.009048 0.016423
0.414063 -0.171875 0.867188
255 255 255 255
1.477051 0.988281
0.710449 0.395508
2 0 0 0
1 0 0 0
-0.003874 -0.003874 0.018146
-0.171875 -0.242188 0.937500
255 255 255 255
1.456543 0.985352
0.705078 0.39209
2 0 0 0
1 0 0 0
-0.021338 -0.014343 -0.000002
-0.937500 0.023438 0.343750
255 255 255 255
1.358398 0.996582
0.681152 0.40332
2 0 0 0
1 0 0 0
-0.018458 0.001740 -0.005986
-0.882813 0.015625 -0.484375
255 255 255 255
1.383789 0.979492
0.625977 0.450684
2 0 0 0
1 0 0 0
0.016784 -0.015013 0.008649
0.656250 -0.007813 0.718750
255 255 255 255
1.546875 0.996582
0.727539 0.40332
2 0 0 0
1 0 0 0
0.005502 -0.003058 0.015985
0.250000 0.109375 0.937500
255 255 255 255
1.498047 0.983398
0.715332 0.390137
2 0 0 0
1 0 0 0
0.020559 0.000878 0.005043
0.789063 -0.023438 0.578125
255 255 255 255
1.567383 0.979492
0.732422 0.386719
2 0 0 0
1 0 0 0
0.022132 -0.015085 -0.000007
0.906250 -0.007813 0.359375
255 255 255 255
1.588379 0.996582
0.737793 0.40332
2 0 0 0
1 0 0 0
0.022054 0.000843 -0.000008
0.921875 -0.023438 0.312500
255 255 255 255
1.588379 0.979004
0.737793 0.386231
2 0 0 0
1 0 0 0
0.014210 0.013619 0.010935
0.585938 0.023438 0.781250
255 255 255 255
1.53125 0.959473
0.661133 0.517578
2 0 0 0
1 0 0 0
0.020483 -0.002055 0.005165
0.875000 -0.031250 0.429688
255 255 255 255
1.566895 0.976074
0.669922 0.533691
2 0 0 0
1 0 0 0
0.005671 0.001004 0.017391
0.390625 0.171875 0.875000
255 255 255 255
1.492676 0.97168
0.651367 0.529785
2 0 0 0
1 0 0 0
0.022500 0.013859 -0.000006
0.929688 -0.031250 0.304688
255 255 255 255
1.588379 0.958496
0.674805 0.51709
2 0 0 0
1 0 0 0
0.001060 0.004063 0.016615
-0.304688 0.468750 0.804688
255 255 255 255
1.477051 0.967773
0.647461 0.525879
2 0 0 0
1 0 0 0
0.020483 -0.002055 -0.005205
0.875000 -0.031250 -0.453125
255 255 255 255
1.566895 0.976074
0.73291 0.447754
2 0 0 0
1 0 0 0
0.014613 0.026671 0.010880
0.585938 0.031250 0.781250
255 255 255 255
1.53125 0.938477
0.727539 0.518555
2 0 0 0
1 0 0 0
0.020920 0.010968 0.005203
0.875000 -0.023438 0.437500
255 255 255 255
1.566895 0.955078
0.736328 0.534668
2 0 0 0
1 0 0 0
0.006026 0.014093 0.017481
0.390625 0.179688 0.875000
255 255 255 255
1.492676 0.950684
0.717773 0.530762
2 0 0 0
1 0 0 0
0.022911 0.026875 -0.000004
0.929688 -0.023438 0.312500
255 255 255 255
1.588379 0.937988
0.741699 0.517578
2 0 0 0
1 0 0 0
0.001403 0.017172 0.016663
-0.296875 0.476563 0.804688
255 255 255 255
1.477051 0.946777
0.713867 0.526856
2 0 0 0
1 0 0 0
0.020920 0.010968 -0.005239
0.875000 -0.023438 -0.460938
255 255 255 255
1.566895 0.955078
0.730469 0.48877
2 0 0 0
1 0 0 0
0.014977 0.039721 0.010682
0.585938 0.039063 0.781250
255 255 255 255
1.53125 0.979981
0.667481 0.610352
2 0 0 0
1 0 0 0
0.021340 0.023990 0.005190
0.867188 -0.015625 0.445313
255 255 255 255
1.566895 0.996582
0.67627 0.626465
2 0 0 0
1 0 0 0
0.006419 0.027181 0.017386
0.382813 0.187500 0.875000
255 255 255 255
1.492676 0.992188
0.658203 0.622559
2 0 0 0
1 0 0 0
0.023225 0.039888 -0.000002
0.921875 -0.015625 0.320313
255 255 255 255
1.588379 0.979004
0.681641 0.609375
2 0 0 0
1 0 0 0
0.001805 0.030280 0.016524
-0.296875 0.484375 0.796875
255 255 255 255
1.477051 0.988281
0.654297 0.618652
2 0 0 0
1 0 0 0
0.021340 0.023990 -0.005221
0.875000 -0.015625 -0.460938
255 255 255 255
1.566895 0.996582
0.79834 0.646973
2 0 0 0
1 0 0 0
0.015254 0.052769 0.010312
0.578125 0.054688 0.781250
255 255 255 255
1.53125 0.959473
0.791504 0.720215
2 0 0 0
1 0 0 0
0.021687 0.037011 0.005112
0.867188 0.000000 0.453125
255 255 255 255
1.566895 0.976074
0.799805 0.736328
2 0 0 0
1 0 0 0
0.006832 0.040266 0.017058
0.382813 0.203125 0.875000
255 255 255 255
1.492676 0.97168
0.781738 0.732422
2 0 0 0
1 0 0 0
0.023373 0.052899 -0.000001
0.914063 0.000000 0.335938
255 255 255 255
1.588379 0.958496
0.805176 0.719727
2 0 0 0
1 0 0 0
0.002257 0.043386 0.016152
-0.289063 0.492188 0.796875
255 255 255 255
1.477051 0.967773
0.77832 0.728516
2 0 0 0
1 0 0 0
0.021687 0.037011 -0.005138
0.867188 0.000000 -0.468750
255 255 255 255
1.566895 0.976074
0.800781 0.560059
2 0 0 0
1 0 0 0
-0.015446 0.038752 -0.010488
-0.734375 0.156250 -0.664063
255 255 255 255
1.40332 0.975098
0.760254 0.55957
2 0 0 0
1 0 0 0
-0.005983 0.039850 -0.015710
-0.351563 -0.054688 -0.945313
255 255 255 255
1.444336 0.973145
0.770508 0.557617
2 0 0 0
1 0 0 0
-0.016454 0.054511 -0.005657
-0.890625 0.062500 -0.468750
255 255 255 255
1.383789 0.958984
0.755859 0.543457
2 0 0 0
1 0 0 0
-0.002282 0.048641 -0.017994
-0.179688 -0.179688 -0.976563
255 255 255 255
1.456543 0.964356
0.773438 0.549316
2 0 0 0
1 0 0 0
0.002257 0.043386 -0.016588
0.414063 -0.132813 -0.898438
255 255 255 255
1.477051 0.967773
0.778809 0.552246
2 0 0 0
1 0 0 0
-0.019619 0.038476 -0.000011
-0.953125 0.062500 -0.328125
255 255 255 255
1.358398 0.976074
0.749512 0.560547
2 0 0 0
1 0 0 0
0.015752 0.065814 0.010255
0.570313 0.023438 0.789063
255 255 255 255
1.53125 0.938477
0.668457 0.586426
2 0 0 0
1 0 0 0
0.021728 0.050029 0.004885
0.867188 -0.031250 0.453125
255 255 255 255
1.566895 0.955078
0.676758 0.602051
2 0 0 0
1 0 0 0
0.007216 0.053350 0.016391
0.375000 0.156250 0.882813
255 255 255 255
1.492676 0.950684
0.65918 0.598145
2 0 0 0
1 0 0 0
0.023844 0.065908 0.000000
0.921875 -0.031250 0.328125
255 255 255 255
1.588379 0.937988
0.682129 0.585449
2 0 0 0
1 0 0 0
0.002746 0.056490 0.015628
-0.289063 0.460938 0.820313
255 255 255 255
1.477051 0.946777
0.655273 0.594238
2 0 0 0
1 0 0 0
0.021728 0.050029 -0.004885
0.867188 -0.031250 -0.476563
255 255 255 255
1.566895 0.955078
0.799316 0.692383
2 0 0 0
1 0 0 0
-0.014626 0.051933 -0.009933
-0.726563 0.125000 -0.687500
255 255 255 255
1.40332 0.954102
0.759766 0.691406
2 0 0 0
1 0 0 0
0.002746 0.056490 -0.015629
-0.289063 0.460938 -0.843750
255 255 255 255
1.477051 0.946777
0.777832 0.68457
2 0 0 0
1 0 0 0
-0.001715 0.061765 -0.017175
-0.171875 -0.210938 -0.968750
255 255 255 255
1.456543 0.943848
0.772949 0.681641
2 0 0 0
1 0 0 0
-0.015878 0.067699 -0.005601
-0.890625 0.039063 -0.476563
255 255 255 255
1.383789 0.937988
0.755371 0.675781
2 0 0 0
1 0 0 0
-0.018713 0.051676 0.000000
-0.945313 0.039063 -0.335938
255 255 255 255
1.358398 0.955078
0.749023 0.692383
2 0 0 0
1 0 0 0
0.023010 0.063045 0.004885
0.937500 -0.007813 0.273438
255 255 255 255
1.566895 0.996582
0.681641 0.737793
2 0 0 0
1 0 0 0
0.016363 0.078857 0.010255
0.570313 0.015625 0.789063
255 255 255 255
1.53125 0.979981
0.672852 0.722168
2 0 0 0
1 0 0 0
0.024456 0.078915 0.000000
0.937500 -0.007813 0.273438
255 255 255 255
1.588379 0.979004
0.686523 0.721191
2 0 0 0
1 0 0 0
-0.014077 0.065113 -0.009933
-0.726563 0.125000 -0.687500
255 255 255 255
1.40332 0.995606
0.636231 0.665527
2 0 0 0
1 0 0 0
0.003316 0.069591 -0.015629
-0.289063 0.460938 -0.843750
255 255 255 255
1.477051 0.988281
0.654297 0.658203
2 0 0 0
1 0 0 0
-0.001122 0.074886 -0.017175
-0.171875 -0.210938 -0.968750
255 255 255 255
1.456543 0.985352
0.649414 0.655273
2 0 0 0
1 0 0 0
-0.015258 0.080884 -0.005601
-0.890625 0.039063 -0.476563
255 255 255 255
1.383789 0.979492
0.631836 0.649414
2 0 0 0
1 0 0 0
-0.015258 0.080884 0.005601
-0.890625 0.039063 0.453125
255 255 255 255
1.383789 0.979492
0.637207 0.721191
2 0 0 0
1 0 0 0
-0.018165 0.064874 0.000000
-0.945313 0.046875 -0.335938
255 255 255 255
1.358398 0.996582
0.625488 0.666016
2 0 0 0
1 0 0 0
0.023481 0.076059 0.004885
0.937500 -0.023438 0.273438
255 255 255 255
1.566895 0.976074
0.800293 0.669922
2 0 0 0
1 0 0 0
0.017033 0.091897 0.010255
0.570313 0.015625 0.789063
255 255 255 255
1.53125 0.959473
0.791504 0.653809
2 0 0 0
1 0 0 0
0.025126 0.091918 0.000000
0.937500 -0.023438 0.273438
255 255 255 255
1.588379 0.958496
0.805176 0.65332
2 0 0 0
1 0 0 0
-0.013468 0.078290 -0.009933
-0.726563 0.132813 -0.687500
255 255 255 255
1.40332 0.975098
0.63916 0.690918
2 0 0 0
1 0 0 0
0.003945 0.082690 -0.015629
-0.281250 0.460938 -0.843750
255 255 255 255
1.477051 0.967773
0.656738 0.683594
2 0 0 0
1 0 0 0
-0.000470 0.088005 -0.017175
-0.171875 -0.203125 -0.968750
255 255 255 255
1.456543 0.964356
0.651856 0.680664
2 0 0 0
1 0 0 0
-0.014578 0.094066 -0.005601
-0.890625 0.046875 -0.476563
255 255 255 255
1.383789 0.958984
0.634277 0.674805
2 0 0 0
1 0 0 0
-0.014578 0.094066 0.005601
-0.890625 0.046875 0.453125
255 255 255 255
1.383789 0.958984
0.755859 0.65332
2 0 0 0
1 0 0 0
-0.017557 0.078069 0.000000
-0.945313 0.046875 -0.335938
255 255 255 255
1.358398 0.976074
0.62793 0.691895
2 0 0 0
1 0 0 0
0.017762 0.104933 0.010255
0.570313 0.015625 0.789063
255 255 255 255
1.53125 0.938477
0.729492 0.675293
2 0 0 0
1 0 0 0
0.023525 0.089069 0.004885
0.867188 -0.046875 0.453125
255 255 255 255
1.566895 0.955078
0.738281 0.690918
2 0 0 0
1 0 0 0
0.009059 0.092586 0.016391
0.382813 0.156250 0.882813
255 255 255 255
1.492676 0.950684
0.720215 0.687012
2 0 0 0
1 0 0 0
0.025855 0.104919 0.000000
0.921875 -0.046875 0.328125
255 255 255 255
1.588379 0.937988
0.743164 0.674316
2 0 0 0
1 0 0 0
0.004632 0.095785 0.015628
-0.281250 0.460938 0.820313
255 255 255 255
1.477051 0.946777
0.716309 0.683106
2 0 0 0
1 0 0 0
-0.012801 0.091464 -0.009933
-0.726563 0.132813 -0.687500
255 255 255 255
1.40332 0.954102
0.760254 0.713379
2 0 0 0
1 0 0 0
0.004632 0.095785 -0.015629
-0.281250 0.460938 -0.843750
255 255 255 255
1.477051 0.946777
0.777832 0.706055
2 0 0 0
1 0 0 0
0.000242 0.101120 -0.017175
-0.171875 -0.203125 -0.968750
255 255 255 255
1.456543 0.943848
0.772949 0.703125
2 0 0 0
1 0 0 0
-0.013840 0.107245 -0.005601
-0.890625 0.046875 -0.476563
255 255 255 255
1.383789 0.937988
0.755371 0.697754
2 0 0 0
1 0 0 0
-0.013840 0.107245 0.005601
-0.890625 0.046875 0.453125
255 255 255 255
1.383789 0.937988
0.693848 0.674805
2 0 0 0
1 0 0 0
-0.016890 0.091261 0.000000
-0.945313 0.054688 -0.335938
255 255 255 255
1.358398 0.955078
0.749023 0.714356
2 0 0 0
1 0 0 0
0.018549 0.117967 0.010255
0.570313 0.007813 0.789063
255 255 255 255
1.53125 0.979981
0.668945 0.564941
2 0 0 0
1 0 0 0
0.024241 0.102077 0.004885
0.859375 -0.046875 0.453125
255 255 255 255
1.566895 0.996582
0.677246 0.580566
2 0 0 0
1 0 0 0
0.009791 0.105658 0.016391
0.382813 0.156250 0.882813
255 255 255 255
1.492676 0.992188
0.659668 0.57666
2 0 0 0
1 0 0 0
0.026642 0.117916 0.000000
0.914063 -0.046875 0.335938
255 255 255 255
1.588379 0.979004
0.682617 0.563965
2 0 0 0
1 0 0 0
0.005378 0.108878 0.015628
-0.281250 0.460938 0.820313
255 255 255 255
1.477051 0.988281
0.655762 0.572754
2 0 0 0
1 0 0 0
0.024241 0.102077 -0.004885
0.859375 -0.046875 -0.476563
255 255 255 255
1.566895 0.996582
0.679199 0.713379
2 0 0 0
1 0 0 0
-0.012074 0.104635 -0.009933
-0.726563 0.132813 -0.687500
255 255 255 255
1.40332 0.995606
0.639648 0.712891
2 0 0 0
1 0 0 0
0.005378 0.108878 -0.015629
-0.281250 0.460938 -0.843750
255 255 255 255
1.477051 0.988281
0.657227 0.705566
2 0 0 0
1 0 0 0
0.001012 0.114233 -0.017175
-0.171875 -0.203125 -0.968750
255 255 255 255
1.456543 0.985352
0.652344 0.702637
2 0 0 0
1 0 0 0
-0.013041 0.120420 -0.005601
-0.890625 0.054688 -0.476563
255 255 255 255
1.383789 0.979492
0.634766 0.697266
2 0 0 0
1 0 0 0
-0.013041 0.120420 0.005601
-0.890625 0.054688 0.453125
255 255 255 255
1.383789 0.979492
0.633301 0.563965
2 0 0 0
1 0 0 0
-0.016164 0.104451 0.000000
-0.945313 0.062500 -0.335938
255 255 255 255
1.358398 0.996582
0.628906 0.713867
2 0 0 0
1 0 0 0
0.019395 0.130996 0.010255
0.570313 0.007813 0.789063
255 255 255 255
1.53125 0.959473
0.729004 0.61084
2 0 0 0
1 0 0 0
0.025015 0.115081 0.004885
0.859375 -0.054688 0.453125
255 255 255 255
1.566895 0.976074
0.737305 0.626465
2 0 0 0
1 0 0 0
0.010582 0.118727 0.016391
0.382813 0.148438 0.882813
255 255 255 255
1.492676 0.97168
0.719238 0.622559
2 0 0 0
1 0 0 0
0.027488 0.130909 0.000000
0.914063 -0.046875 0.335938
255 255 255 255
1.588379 0.958496
0.742676 0.609863
2 0 0 0
1 0 0 0
0.006183 0.121967 0.015628
-0.281250 0.460938 0.820313
255 255 255 255
1.477051 0.967773
0.71582 0.618652
2 0 0 0
1 0 0 0
0.025015 0.115081 -0.004885
0.859375 -0.054688 -0.476563
255 255 255 255
1.566895 0.976074
0.739258 0.603027
2 0 0 0
1 0 0 0
-0.011287 0.117802 -0.009933
-0.726563 0.140625 -0.687500
255 255 255 255
1.40332 0.975098
0.699707 0.602539
2 0 0 0
1 0 0 0
0.006183 0.121967 -0.015629
-0.281250 0.460938 -0.843750
255 255 255 255
1.477051 0.967773
0.717773 0.595215
2 0 0 0
1 0 0 0
0.001841 0.127341 -0.017175
-0.171875 -0.203125 -0.968750
255 255 255 255
1.456543 0.964356
0.712891 0.592285
2 0 0 0
1 0 0 0
-0.012184 0.133592 -0.005601
-0.890625 0.054688 -0.476563
255 255 255 255
1.383789 0.958984
0.695313 0.586914
2 0 0 0
1 0 0 0
-0.012184 0.133592 0.005601
-0.890625 0.054688 0.453125
255 255 255 255
1.383789 0.958984
0.693359 0.609863
2 0 0 0
1 0 0 0
-0.015378 0.117637 0.000000
-0.945313 0.062500 -0.335938
255 255 255 255
1.358398 0.976074
0.688965 0.603516
2 0 0 0
1 0 0 0
0.020299 0.144022 0.010255
0.570313 0.007813 0.789063
255 255 255 255
1.53125 0.938477
0.668945 0.542481
2 0 0 0
1 0 0 0
0.025848 0.128082 0.004885
0.867188 -0.062500 0.445313
255 255 255 255
1.566895 0.955078
0.677246 0.558594
2 0 0 0
1 0 0 0
0.011431 0.131793 0.016391
0.382813 0.148438 0.882813
255 255 255 255
1.492676 0.950684
0.659668 0.554688
2 0 0 0
1 0 0 0
0.028392 0.143898 0.000000
0.921875 -0.062500 0.312500
255 255 255 255
1.588379 0.937988
0.682617 0.541992
2 0 0 0
1 0 0 0
0.007047 0.135052 0.015628
-0.273438 0.468750 0.820313
255 255 255 255
1.477051 0.946777
0.655762 0.550781
2 0 0 0
1 0 0 0
0.025848 0.128082 -0.004885
0.867188 -0.062500 -0.468750
255 255 255 255
1.566895 0.955078
0.738281 0.580566
2 0 0 0
1 0 0 0
-0.010442 0.130966 -0.009933
-0.726563 0.140625 -0.687500
255 255 255 255
1.40332 0.954102
0.698731 0.580078
2 0 0 0
1 0 0 0
0.007047 0.135052 -0.015629
-0.273438 0.468750 -0.843750
255 255 255 255
1.477051 0.946777
0.716797 0.572754
2 0 0 0
1 0 0 0
0.002730 0.140446 -0.017175
-0.171875 -0.203125 -0.968750
255 255 255 255
1.456543 0.943848
0.711426 0.569824
2 0 0 0
1 0 0 0
-0.011268 0.146760 -0.005601
-0.890625 0.062500 -0.476563
255 255 255 255
1.383789 0.937988
0.694336 0.563965
2 0 0 0
1 0 0 0
-0.014534 0.130819 0.000000
-0.945313 0.070313 -0.335938
255 255 255 255
1.358398 0.955078
0.687988 0.581055
2 0 0 0
1 0 0 0
0.021262 0.157044 0.010255
0.570313 0.000000 0.789063
255 255 255 255
1.53125 0.979981
0.791504 0.587402
2 0 0 0
1 0 0 0
0.026739 0.141079 0.004885
0.867188 -0.062500 0.445313
255 255 255 255
1.566895 0.996582
0.800293 0.603027
2 0 0 0
1 0 0 0
0.012339 0.144854 0.016391
0.382813 0.148438 0.882813
255 255 255 255
1.492676 0.992188
0.782227 0.599121
2 0 0 0
1 0 0 0
0.029354 0.156883 0.000000
0.921875 -0.062500 0.312500
255 255 255 255
1.588379 0.979004
0.805176 0.586426
2 0 0 0
1 0 0 0
0.007970 0.148133 0.015628
-0.273438 0.468750 0.820313
255 255 255 255
1.477051 0.988281
0.77832 0.595215
2 0 0 0
1 0 0 0
0.026739 0.141079 -0.004885
0.867188 -0.062500 -0.468750
255 255 255 255
1.566895 0.996582
0.79834 0.626465
2 0 0 0
1 0 0 0
-0.009537 0.144126 -0.009933
-0.718750 0.148438 -0.687500
255 255 255 255
1.40332 0.995606
0.758789 0.625977
2 0 0 0
1 0 0 0
0.007970 0.148133 -0.015629
-0.273438 0.468750 -0.843750
255 255 255 255
1.477051 0.988281
0.776367 0.618652
2 0 0 0
1 0 0 0
0.003677 0.153546 -0.017175
-0.171875 -0.203125 -0.968750
255 255 255 255
1.456543 0.985352
0.771484 0.615723
2 0 0 0
1 0 0 0
-0.010292 0.159923 -0.005601
-0.890625 0.062500 -0.476563
255 255 255 255
1.383789 0.979492
0.753906 0.609863
2 0 0 0
1 0 0 0
-0.013630 0.143997 0.000000
-0.945313 0.070313 -0.335938
255 255 255 255
1.358398 0.996582
0.748047 0.626465
2 0 0 0
1 0 0 0
0.028267 0.154071 0.004885
0.937500 -0.046875 0.273438
255 255 255 255
1.566895 0.976074
0.677246 0.646484
2 0 0 0
1 0 0 0
0.022284 0.170061 0.010255
0.570313 0.000000 0.789063
255 255 255 255
1.53125 0.959473
0.668945 0.630371
2 0 0 0
1 0 0 0
0.030375 0.169864 0.000000
0.937500 -0.046875 0.273438
255 255 255 255
1.588379 0.958496
0.682617 0.629883
2 0 0 0
1 0 0 0
-0.008574 0.157281 -0.009933
-0.718750 0.148438 -0.687500
255 255 255 255
1.40332 0.975098
0.700195 0.712891
2 0 0 0
1 0 0 0
0.008952 0.161210 -0.015629
-0.273438 0.468750 -0.843750
255 255 255 255
1.477051 0.967773
0.718262 0.705566
2 0 0 0
1 0 0 0
0.004683 0.166643 -0.017175
-0.179688 -0.203125 -0.968750
255 255 255 255
1.456543 0.964356
0.713379 0.702637
2 0 0 0
1 0 0 0
-0.009257 0.173082 -0.005601
-0.882813 0.070313 -0.476563
255 255 255 255
1.383789 0.958984
0.695801 0.697266
2 0 0 0
1 0 0 0
-0.009257 0.173082 0.005601
-0.882813 0.070313 0.453125
255 255 255 255
1.383789 0.958984
0.633301 0.629883
2 0 0 0
1 0 0 0
-0.012666 0.157171 0.000000
-0.945313 0.078125 -0.335938
255 255 255 255
1.358398 0.976074
0.689453 0.713867
2 0 0 0
1 0 0 0
-0.003391 0.207036 0.007620
-0.492188 0.218750 0.828125
255 255 255 255
1.065918 0.320801
0.516113 0.373535
2 0 0 0
1 0 0 0
-0.000815 0.211191 0.006963
-0.429688 0.398438 0.789063
255 255 255 255
1.065918 0.31543
0.516113 0.369629
2 0 0 0
1 0 0 0
0.006188 0.206148 0.012317
-0.257813 0.210938 0.921875
255 255 255 255
1.114258 0.320801
0.525391 0.373535
2 0 0 0
1 0 0 0
-0.004041 0.051229 0.012336
-0.281250 -0.023438 0.945313
255 255 255 255
1.114258 0.474121
0.525391 0.494141
2 0 0 0
1 0 0 0
0.008548 0.050734 0.012336
0.257813 -0.046875 0.945313
255 255 255 255
1.163086 0.474121
0.535156 0.494141
2 0 0 0
1 0 0 0
-0.005296 0.012930 0.011029
-0.234375 0.007813 0.953125
255 255 255 255
1.114258 0.51416
0.525391 0.525391
2 0 0 0
1 0 0 0
0.002253 0.050981 0.013416
-0.015625 -0.062500 0.976563
255 255 255 255
1.138672 0.474121
0.530273 0.494141
2 0 0 0
1 0 0 0
-0.006049 -0.025381 0.012336
-0.281250 0.000000 0.945313
255 255 255 255
1.114258 0.554199
0.525391 0.556641
2 0 0 0
1 0 0 0
-0.014928 0.013183 0.007627
-0.484375 0.000000 0.859375
255 255 255 255
1.065918 0.51416
0.516113 0.525391
2 0 0 0
1 0 0 0
0.006743 -0.012830 0.012106
0.218750 0.000000 0.953125
255 255 255 255
1.163086 0.540527
0.535156 0.546387
2 0 0 0
1 0 0 0
0.000250 -0.025464 0.013416
-0.007813 -0.007813 0.984375
255 255 255 255
1.138672 0.554199
0.530273 0.556641
2 0 0 0
1 0 0 0
0.000000 -0.076445 0.013416
-0.007813 -0.007813 0.984375
255 255 255 255
1.138672 0.60791
0.530273 0.599121
2 0 0 0
1 0 0 0
-0.015935 -0.076445 0.007627
-0.523438 -0.007813 0.835938
255 255 255 255
1.065918 0.60791
0.516113 0.599121
2 0 0 0
1 0 0 0
0.000839 0.140504 0.012336
-0.281250 0.007813 0.945313
255 255 255 255
1.114258 0.383789
0.525391 0.422852
2 0 0 0
1 0 0 0
-0.007136 0.102577 0.010070
-0.453125 0.015625 0.875000
255 255 255 255
1.089844 0.421875
0.520508 0.453125
2 0 0 0
1 0 0 0
-0.001760 0.179345 0.010070
-0.453125 0.023438 0.875000
255 255 255 255
1.089844 0.345703
0.520508 0.393066
2 0 0 0
1 0 0 0
0.012451 0.205568 0.013395
0.007813 0.179688 0.960938
255 255 255 255
1.138672 0.320801
0.530273 0.373535
2 0 0 0
1 0 0 0
-0.013138 0.064412 0.007627
-0.523438 0.007813 0.835938
255 255 255 255
1.065918 0.460938
0.516113 0.483887
2 0 0 0
1 0 0 0
-0.010452 0.115602 0.007627
-0.523438 0.015625 0.835938
255 255 255 255
1.065918 0.40918
0.516113 0.442871
2 0 0 0
1 0 0 0
0.018713 0.204987 0.012317
0.273438 0.156250 0.921875
255 255 255 255
1.163086 0.320801
0.535156 0.373535
2 0 0 0
1 0 0 0
0.013215 0.025143 0.010070
0.398438 -0.015625 0.890625
255 255 255 255
1.187012 0.500488
0.539551 0.514648
2 0 0 0
1 0 0 0
0.007298 0.012600 0.012336
0.195313 0.000000 0.960938
255 255 255 255
1.163086 0.51416
0.535156 0.525391
2 0 0 0
1 0 0 0
0.016045 -0.038348 0.007627
0.500000 -0.015625 0.835938
255 255 255 255
1.208984 0.567383
0.543945 0.567383
2 0 0 0
1 0 0 0
0.006299 -0.076445 0.012336
0.257813 -0.007813 0.945313
255 255 255 255
1.163086 0.60791
0.535156 0.599121
2 0 0 0
1 0 0 0
0.019865 0.151897 0.010070
0.429688 -0.046875 0.875000
255 255 255 255
1.187012 0.371094
0.539551 0.413086
2 0 0 0
1 0 0 0
0.013406 0.139624 0.012336
0.257813 -0.031250 0.945313
255 255 255 255
1.163086 0.383789
0.535156 0.422852
2 0 0 0
1 0 0 0
0.028293 0.204099 0.007620
0.507813 0.125000 0.828125
255 255 255 255
1.208984 0.320801
0.543945 0.373535
2 0 0 0
1 0 0 0
0.017705 0.037688 0.007627
0.500000 -0.031250 0.835938
255 255 255 255
1.208984 0.487305
0.543945 0.504395
2 0 0 0
1 0 0 0
0.015935 -0.076445 0.007627
0.500000 -0.007813 0.835938
255 255 255 255
1.208984 0.60791
0.543945 0.599121
2 0 0 0
1 0 0 0
0.021358 0.113654 0.007627
0.500000 -0.039063 0.835938
255 255 255 255
1.208984 0.40918
0.543945 0.442871
2 0 0 0
1 0 0 0
-0.004515 0.038465 -0.012019
-0.226563 -0.023438 -0.984375
255 255 255 255
0.114258 0.487305
0.576172 0.505859
2 0 0 0
1 0 0 0
0.008076 0.038025 -0.012019
0.203125 -0.039063 -0.984375
255 255 255 255
0.163086 0.487305
0.585938 0.505859
2 0 0 0
1 0 0 0
0.002253 0.050981 -0.013416
-0.007813 -0.007813 -1.000000
255 255 255 255
0.138672 0.474121
0.581055 0.495117
2 0 0 0
1 0 0 0
-0.005853 -0.012610 -0.011935
-0.210938 0.015625 -0.984375
255 255 255 255
0.114258 0.540527
0.576172 0.547363
2 0 0 0
1 0 0 0
0.007298 0.012600 -0.012336
0.218750 -0.023438 -0.976563
255 255 255 255
0.163086 0.51416
0.585938 0.526367
2 0 0 0
1 0 0 0
-0.005296 0.012930 -0.012336
-0.242188 -0.007813 -0.976563
255 255 255 255
0.114258 0.51416
0.576172 0.526367
2 0 0 0
1 0 0 0
-0.014145 0.038801 -0.007628
-0.523438 0.007813 -0.859375
255 255 255 255
0.065918 0.487305
0.566895 0.505859
2 0 0 0
1 0 0 0
-0.015488 -0.012441 -0.007628
-0.523438 0.000000 -0.859375
255 255 255 255
0.065918 0.540527
0.566895 0.547363
2 0 0 0
1 0 0 0
0.000000 -0.076445 -0.013416
-0.007813 -0.007813 -1.000000
255 255 255 255
0.138672 0.60791
0.581055 0.600098
2 0 0 0
1 0 0 0
0.000250 -0.025464 -0.013416
-0.007813 0.023438 -1.000000
255 255 255 255
0.138672 0.554199
0.581055 0.558106
2 0 0 0
1 0 0 0
-0.015935 -0.076445 -0.007628
-0.523438 -0.007813 -0.859375
255 255 255 255
0.065918 0.60791
0.566895 0.600098
2 0 0 0
1 0 0 0
-0.000834 0.115013 -0.012336
-0.281250 0.007813 -0.968750
255 255 255 255
0.114258 0.40918
0.576172 0.444336
2 0 0 0
1 0 0 0
-0.007136 0.102577 -0.010071
-0.453125 0.015625 -0.898438
255 255 255 255
0.089844 0.421875
0.571289 0.454102
2 0 0 0
1 0 0 0
0.006188 0.206148 -0.012317
-0.257813 0.210938 -0.945313
255 255 255 255
0.114258 0.320801
0.576172 0.374512
2 0 0 0
1 0 0 0
-0.001760 0.179345 -0.010071
-0.453125 0.023438 -0.898438
255 255 255 255
0.089844 0.345703
0.571289 0.394531
2 0 0 0
1 0 0 0
0.012451 0.205568 -0.013395
0.007813 0.179688 -0.984375
255 255 255 255
0.138672 0.320801
0.581055 0.374512
2 0 0 0
1 0 0 0
-0.003391 0.207036 -0.007620
-0.492188 0.218750 -0.851563
255 255 255 255
0.065918 0.320801
0.566895 0.374512
2 0 0 0
1 0 0 0
-0.010452 0.115602 -0.007628
-0.523438 0.015625 -0.859375
255 255 255 255
0.065918 0.40918
0.566895 0.444336
2 0 0 0
1 0 0 0
0.018713 0.204987 -0.012317
0.273438 0.156250 -0.945313
255 255 255 255
0.163086 0.320801
0.585938 0.374512
2 0 0 0
1 0 0 0
0.014102 0.050515 -0.010071
0.429688 -0.031250 -0.898438
255 255 255 255
0.187012 0.474121
0.59082 0.495117
2 0 0 0
1 0 0 0
0.012550 -0.000235 -0.010071
0.406250 -0.023438 -0.906250
255 255 255 255
0.187012 0.527344
0.59082 0.537109
2 0 0 0
1 0 0 0
0.006743 -0.012830 -0.011935
0.187500 0.007813 -0.984375
255 255 255 255
0.163086 0.540527
0.585938 0.547363
2 0 0 0
1 0 0 0
0.011858 -0.076445 -0.010071
0.429688 -0.007813 -0.898438
255 255 255 255
0.187012 0.60791
0.59082 0.600098
2 0 0 0
1 0 0 0
0.010297 0.088848 -0.012336
0.257813 -0.023438 -0.968750
255 255 255 255
0.163086 0.435059
0.585938 0.464356
2 0 0 0
1 0 0 0
0.018092 0.126571 -0.010071
0.429688 -0.039063 -0.898438
255 255 255 255
0.187012 0.396484
0.59082 0.434082
2 0 0 0
1 0 0 0
0.013406 0.139624 -0.012336
0.257813 -0.031250 -0.968750
255 255 255 255
0.163086 0.383789
0.585938 0.424316
2 0 0 0
1 0 0 0
0.028293 0.204099 -0.007620
0.507813 0.125000 -0.851563
255 255 255 255
0.208984 0.320801
0.594727 0.374512
2 0 0 0
1 0 0 0
0.016931 0.012348 -0.007628
0.500000 -0.023438 -0.859375
255 255 255 255
0.208984 0.51416
0.594727 0.526367
2 0 0 0
1 0 0 0
0.015935 -0.076445 -0.007628
0.500000 -0.007813 -0.859375
255 255 255 255
0.208984 0.60791
0.594727 0.600098
2 0 0 0
1 0 0 0
0.021358 0.113654 -0.007628
0.500000 -0.039063 -0.859375
255 255 255 255
0.208984 0.40918
0.594727 0.444336
2 0 0 0
1 0 0 0
0.006130 0.038880 0.014336
0.578125 -0.429688 0.664063
255 255 255 255
0.188965 0.117676
0.48877 0.413574
2 0 0 0
1 0 0 0
0.004291 0.035674 0.013349
0.367188 0.148438 0.890625
255 255 255 255
0.184082 0.125977
0.488281 0.416992
2 0 0 0
1 0 0 0
-0.000048 0.035962 0.014468
-0.218750 -0.187500 0.945313
255 255 255 255
0.150391 0.124512
0.484863 0.416504
2 0 0 0
1 0 0 0
-0.010103 -0.014168 0.011552
-0.085938 0.289063 0.929688
255 255 255 255
0.064453 0.246582
0.476074 0.466309
2 0 0 0
1 0 0 0
-0.014524 -0.013688 0.007321
-0.945313 -0.281250 -0.210938
255 255 255 255
0.02002 0.248047
0.471191 0.466797
2 0 0 0
1 0 0 0
-0.013981 -0.006188 0.010213
-0.539063 0.250000 0.789063
255 255 255 255
0.03418 0.229981
0.472656 0.459473
2 0 0 0
1 0 0 0
-0.007469 -0.021537 0.012181
-0.671875 0.414063 0.593750
255 255 255 255
0.082031 0.266602
0.477539 0.474609
2 0 0 0
1 0 0 0
-0.006533 -0.014714 0.013663
-0.320313 0.117188 0.921875
255 255 255 255
0.090332 0.249512
0.478516 0.467285
2 0 0 0
1 0 0 0
-0.007473 -0.018614 0.012741
-0.234375 -0.640625 0.726563
255 255 255 255
0.080078 0.258789
0.477539 0.471191
2 0 0 0
1 0 0 0
-0.008182 0.026766 0.013098
-0.500000 0.132813 0.835938
255 255 255 255
0.083984 0.147949
0.478027 0.425781
2 0 0 0
1 0 0 0
-0.009926 0.028001 0.009778
-0.828125 0.523438 0.171875
255 255 255 255
0.066895 0.143555
0.476074 0.424316
2 0 0 0
1 0 0 0
-0.005635 0.030062 0.013187
-0.367188 0.234375 0.882813
255 255 255 255
0.099609 0.139648
0.479492 0.422363
2 0 0 0
1 0 0 0
-0.004179 -0.017948 0.012956
-0.414063 -0.531250 0.726563
255 255 255 255
0.106445 0.258301
0.480469 0.470703
2 0 0 0
1 0 0 0
-0.004442 -0.023900 0.014444
-0.351563 -0.023438 0.921875
255 255 255 255
0.108887 0.270508
0.480469 0.476074
2 0 0 0
1 0 0 0
-0.011071 -0.002409 0.009993
-0.710938 0.359375 0.585938
255 255 255 255
0.044922 0.218262
0.474121 0.45459
2 0 0 0
1 0 0 0
-0.005080 0.009057 0.012873
0.148438 -0.062500 0.968750
255 255 255 255
0.099609 0.191406
0.479492 0.443848
2 0 0 0
1 0 0 0
-0.009868 -0.008555 0.011938
-0.242188 -0.054688 0.953125
255 255 255 255
0.063965 0.233887
0.476074 0.460938
2 0 0 0
1 0 0 0
-0.007518 0.032997 0.008372
-0.898438 0.367188 0.226563
255 255 255 255
0.078613 0.126953
0.477539 0.417481
2 0 0 0
1 0 0 0
-0.006172 0.033496 0.012588
-0.570313 0.351563 0.718750
255 255 255 255
0.103027 0.130371
0.479981 0.418945
2 0 0 0
1 0 0 0
-0.006420 0.023611 0.012788
-0.656250 -0.648438 0.398438
255 255 255 255
0.092285 0.155762
0.479004 0.429199
2 0 0 0
1 0 0 0
-0.008661 0.022621 0.008204
-0.757813 -0.664063 -0.039063
255 255 255 255
0.056152 0.159668
0.475098 0.430664
2 0 0 0
1 0 0 0
-0.004868 0.021077 0.011517
-0.546875 -0.609375 0.570313
255 255 255 255
0.092773 0.163574
0.479004 0.432129
2 0 0 0
1 0 0 0
-0.001327 0.022317 0.013889
-0.273438 -0.109375 0.937500
255 255 255 255
0.128418 0.158691
0.482422 0.430176
2 0 0 0
1 0 0 0
-0.006420 0.023611 0.012788
0.171875 0.367188 0.890625
255 255 255 255
0.092285 0.155762
0.479004 0.429199
2 0 0 0
1 0 0 0
-0.001193 -0.011076 0.013697
0.007813 0.273438 0.937500
255 255 255 255
0.128906 0.240234
0.482422 0.463379
2 0 0 0
1 0 0 0
0.002045 -0.016140 0.014359
0.023438 0.414063 0.882813
255 255 255 255
0.155273 0.252441
0.485352 0.46875
2 0 0 0
1 0 0 0
-0.001070 0.031570 0.014743
0.046875 0.156250 0.960938
255 255 255 255
0.130859 0.137207
0.48291 0.421387
2 0 0 0
1 0 0 0
-0.004994 0.037247 0.010283
-0.796875 0.414063 0.421875
255 255 255 255
0.106445 0.117676
0.480469 0.413574
2 0 0 0
1 0 0 0
0.002275 0.030798 0.012582
-0.125000 0.101563 0.968750
255 255 255 255
0.157715 0.138184
0.485352 0.421875
2 0 0 0
1 0 0 0
0.003123 -0.034479 0.016047
0.132813 0.296875 0.921875
255 255 255 255
0.164063 0.294922
0.486328 0.48584
2 0 0 0
1 0 0 0
-0.003242 -0.032400 0.015148
-0.609375 -0.085938 0.781250
255 255 255 255
0.128418 0.291992
0.482422 0.484863
2 0 0 0
1 0 0 0
-0.003422 -0.028894 0.012557
-0.882813 -0.226563 0.421875
255 255 255 255
0.11084 0.285156
0.480957 0.481934
2 0 0 0
1 0 0 0
0.006410 -0.027093 0.015984
-0.257813 0.085938 0.945313
255 255 255 255
0.181641 0.280273
0.487793 0.479981
2 0 0 0
1 0 0 0
0.006410 -0.027093 0.015984
0.726563 0.023438 0.648438
255 255 255 255
0.181641 0.280273
0.487793 0.479981
2 0 0 0
1 0 0 0
0.004434 -0.034428 0.014899
0.804688 -0.453125 0.335938
255 255 255 255
0.171387 0.296875
0.486816 0.486816
2 0 0 0
1 0 0 0
0.005749 0.028996 0.014946
-0.140625 -0.031250 0.968750
255 255 255 255
0.183594 0.142578
0.488281 0.423828
2 0 0 0
1 0 0 0
0.006324 0.033019 0.014716
0.289063 0.312500 0.875000
255 255 255 255
0.191895 0.133301
0.48877 0.419922
2 0 0 0
1 0 0 0
0.010041 0.025361 0.013707
0.789063 0.070313 0.562500
255 255 255 255
0.211914 0.151367
0.491211 0.427246
2 0 0 0
1 0 0 0
-0.010746 0.006595 0.007809
-0.984375 -0.218750 0.031250
255 255 255 255
0.032227 0.19043
0.472656 0.443359
2 0 0 0
1 0 0 0
-0.009839 0.010008 0.012278
-0.328125 -0.125000 0.921875
255 255 255 255
0.065918 0.189941
0.476074 0.442871
2 0 0 0
1 0 0 0
0.007364 -0.028076 0.011173
0.960938 -0.195313 -0.117188
255 255 255 255
0.205078 0.286133
0.490234 0.482422
2 0 0 0
1 0 0 0
0.003852 -0.036399 0.009607
0.601563 -0.789063 -0.070313
255 255 255 255
0.173828 0.310059
0.487305 0.492188
2 0 0 0
1 0 0 0
-0.008203 -0.023611 0.012668
-0.882813 -0.296875 0.367188
255 255 255 255
0.084961 0.270996
0.478027 0.476074
2 0 0 0
1 0 0 0
0.001502 -0.035289 0.013916
-0.382813 -0.914063 0.148438
255 255 255 255
0.153809 0.300293
0.484863 0.488281
2 0 0 0
1 0 0 0
-0.003799 -0.033596 0.010587
-0.929688 -0.382813 -0.023438
255 255 255 255
0.117188 0.299805
0.481445 0.487793
2 0 0 0
1 0 0 0
0.006091 -0.021149 0.009526
0.937500 -0.273438 0.109375
255 255 255 255
0.225586 0.27002
0.492188 0.475586
2 0 0 0
1 0 0 0
0.005224 -0.020555 0.014855
0.773438 -0.289063 0.531250
255 255 255 255
0.186035 0.265137
0.488281 0.473633
2 0 0 0
1 0 0 0
0.005029 0.008177 0.015846
0.609375 0.054688 0.757813
255 255 255 255
0.1875 0.193848
0.48877 0.444824
2 0 0 0
1 0 0 0
0.006764 -0.013018 0.016007
-0.085938 0.093750 0.968750
255 255 255 255
0.189453 0.246094
0.48877 0.46582
2 0 0 0
1 0 0 0
0.004564 -0.008373 0.014325
-0.195313 -0.234375 0.937500
255 255 255 255
0.171387 0.233887
0.486816 0.460938
2 0 0 0
1 0 0 0
0.009464 -0.000333 0.010050
0.953125 0.117188 -0.187500
255 255 255 255
0.233398 0.214356
0.493164 0.453125
2 0 0 0
1 0 0 0
0.008632 -0.014549 0.015001
0.703125 -0.125000 0.664063
255 255 255 255
0.20166 0.249512
0.489746 0.467285
2 0 0 0
1 0 0 0
0.008896 0.015688 0.009232
0.960938 -0.210938 -0.015625
255 255 255 255
0.23291 0.175293
0.493164 0.437012
2 0 0 0
1 0 0 0
0.002155 0.044355 0.015392
-0.140625 0.093750 0.968750
255 255 255 255
0.166504 0.106445
0.486328 0.40918
2 0 0 0
1 0 0 0
0.000342 0.041559 0.014232
-0.257813 -0.093750 0.945313
255 255 255 255
0.154785 0.112793
0.485352 0.411621
2 0 0 0
1 0 0 0
-0.000924 0.047143 0.010292
-0.664063 0.726563 -0.132813
255 255 255 255
0.149414 0.09375
0.484863 0.403809
2 0 0 0
1 0 0 0
0.003602 0.040926 0.014711
-0.390625 0.187500 0.882813
255 255 255 255
0.172363 0.114746
0.486816 0.412109
2 0 0 0
1 0 0 0
0.005946 0.047344 0.009256
0.585938 0.750000 0.195313
255 255 255 255
0.193359 0.091797
0.489258 0.402832
2 0 0 0
1 0 0 0
0.002155 0.044355 0.015392
0.671875 0.585938 0.382813
255 255 255 255
0.166504 0.106445
0.486328 0.40918
2 0 0 0
1 0 0 0
0.002848 0.048448 0.011085
-0.007813 0.937500 0.265625
255 255 255 255
0.171387 0.092285
0.486816 0.402832
2 0 0 0
1 0 0 0
0.004066 -0.011304 0.012931
-0.468750 0.000000 0.867188
255 255 255 255
0.165039 0.240723
0.486328 0.463867
2 0 0 0
1 0 0 0
-0.000245 -0.020185 0.015493
-0.359375 -0.234375 0.890625
255 255 255 255
0.143066 0.263672
0.483887 0.473145
2 0 0 0
1 0 0 0
-0.011585 0.012670 0.007623
-0.773438 0.617188 0.093750
255 255 255 255
0.055176 0.174805
0.475098 0.437012
2 0 0 0
1 0 0 0
-0.009361 0.013809 0.011955
-0.328125 0.765625 0.523438
255 255 255 255
0.073242 0.182617
0.477051 0.439941
2 0 0 0
1 0 0 0
-0.005974 0.014122 0.011797
-0.210938 0.695313 0.656250
255 255 255 255
0.095215 0.179199
0.479004 0.438477
2 0 0 0
1 0 0 0
0.001819 0.013916 0.014502
-0.343750 0.156250 0.906250
255 255 255 255
0.15625 0.179688
0.485352 0.438965
2 0 0 0
1 0 0 0
0.010041 0.025361 0.013707
-0.148438 0.015625 0.968750
255 255 255 255
0.211914 0.151367
0.491211 0.427246
2 0 0 0
1 0 0 0
0.010041 0.025361 0.013707
-0.296875 0.171875 0.921875
255 255 255 255
0.211914 0.151367
0.491211 0.427246
2 0 0 0
1 0 0 0
0.006169 0.037881 0.009270
0.968750 -0.125000 0.078125
255 255 255 255
0.217285 0.117188
0.491699 0.413086
2 0 0 0
1 0 0 0
-0.006636 0.010383 0.013562
-0.226563 -0.085938 0.953125
255 255 255 255
0.086426 0.189453
0.478027 0.442871
2 0 0 0
1 0 0 0
-0.000048 0.035962 -0.014578
-0.234375 -0.187500 -0.960938
255 255 255 255
0.150391 0.124512
0.444824 0.446289
2 0 0 0
1 0 0 0
0.004291 0.035674 -0.013572
0.343750 0.156250 -0.921875
255 255 255 255
0.184082 0.125977
0.454102 0.446777
2 0 0 0
1 0 0 0
0.006130 0.038880 -0.014671
0.562500 -0.437500 -0.695313
255 255 255 255
0.188965 0.117676
0.455078 0.443359
2 0 0 0
1 0 0 0
-0.013981 -0.006188 -0.010211
-0.531250 0.250000 -0.812500
255 255 255 255
0.03418 0.229981
0.414063 0.486816
2 0 0 0
1 0 0 0
-0.014524 -0.013688 -0.007319
-0.945313 -0.281250 0.187500
255 255 255 255
0.02002 0.248047
0.410645 0.494141
2 0 0 0
1 0 0 0
-0.010103 -0.014168 -0.011518
-0.078125 0.289063 -0.953125
255 255 255 255
0.064453 0.246582
0.422363 0.493652
2 0 0 0
1 0 0 0
-0.007469 -0.021537 -0.012108
-0.664063 0.421875 -0.617188
255 255 255 255
0.082031 0.266602
0.426758 0.500977
2 0 0 0
1 0 0 0
-0.007473 -0.018614 -0.012671
-0.226563 -0.640625 -0.750000
255 255 255 255
0.080078 0.258789
0.42627 0.498047
2 0 0 0
1 0 0 0
-0.006533 -0.014714 -0.013586
-0.312500 0.117188 -0.953125
255 255 255 255
0.090332 0.249512
0.429199 0.494629
2 0 0 0
1 0 0 0
-0.005635 0.030062 -0.013200
-0.375000 0.234375 -0.898438
255 255 255 255
0.099609 0.139648
0.431641 0.452148
2 0 0 0
1 0 0 0
-0.009926 0.028001 -0.009775
-0.828125 0.523438 -0.195313
255 255 255 255
0.066895 0.143555
0.422852 0.453613
2 0 0 0
1 0 0 0
-0.008182 0.026766 -0.013097
-0.507813 0.132813 -0.859375
255 255 255 255
0.083984 0.147949
0.427246 0.455078
2 0 0 0
1 0 0 0
-0.004179 -0.017948 -0.012844
-0.414063 -0.531250 -0.757813
255 255 255 255
0.106445 0.258301
0.433594 0.498047
2 0 0 0
1 0 0 0
-0.004442 -0.023900 -0.014326
-0.343750 -0.031250 -0.945313
255 255 255 255
0.108887 0.270508
0.434082 0.502441
2 0 0 0
1 0 0 0
-0.009868 -0.008555 -0.011906
-0.234375 -0.054688 -0.976563
255 255 255 255
0.063965 0.233887
0.422363 0.488281
2 0 0 0
1 0 0 0
-0.001193 -0.011076 -0.013583
0.015625 0.265625 -0.960938
255 255 255 255
0.128906 0.240234
0.439453 0.490723
2 0 0 0
1 0 0 0
-0.011071 -0.002409 -0.009974
-0.710938 0.359375 -0.609375
255 255 255 255
0.044922 0.218262
0.416992 0.482422
2 0 0 0
1 0 0 0
-0.006172 0.033496 -0.012602
-0.578125 0.351563 -0.742188
255 255 255 255
0.103027 0.130371
0.432617 0.448242
2 0 0 0
1 0 0 0
-0.007518 0.032997 -0.008374
-0.898438 0.367188 -0.250000
255 255 255 255
0.078613 0.126953
0.42627 0.447266
2 0 0 0
1 0 0 0
-0.008661 0.022621 -0.008194
-0.757813 -0.664063 0.015625
255 255 255 255
0.056152 0.159668
0.419922 0.459961
2 0 0 0
1 0 0 0
-0.006420 0.023611 -0.012785
-0.656250 -0.648438 -0.421875
255 255 255 255
0.092285 0.155762
0.429688 0.458008
2 0 0 0
1 0 0 0
-0.004868 0.021077 -0.011511
-0.546875 -0.609375 -0.593750
255 255 255 255
0.092773 0.163574
0.429688 0.461426
2 0 0 0
1 0 0 0
-0.006420 0.023611 -0.012785
0.171875 0.367188 -0.914063
255 255 255 255
0.092285 0.155762
0.429688 0.458008
2 0 0 0
1 0 0 0
-0.001327 0.022317 -0.013922
-0.289063 -0.109375 -0.960938
255 255 255 255
0.128418 0.158691
0.439453 0.459473
2 0 0 0
1 0 0 0
0.002045 -0.016140 -0.014225
0.023438 0.414063 -0.906250
255 255 255 255
0.155273 0.252441
0.446289 0.495606
2 0 0 0
1 0 0 0
0.002275 0.030798 -0.012709
-0.148438 0.101563 -0.984375
255 255 255 255
0.157715 0.138184
0.446777 0.45166
2 0 0 0
1 0 0 0
-0.004994 0.037247 -0.010305
-0.796875 0.406250 -0.437500
255 255 255 255
0.106445 0.117676
0.433594 0.443359
2 0 0 0
1 0 0 0
-0.001070 0.031570 -0.014821
0.031250 0.156250 -0.984375
255 255 255 255
0.130859 0.137207
0.439941 0.451172
2 0 0 0
1 0 0 0
-0.003422 -0.028894 -0.012418
-0.875000 -0.226563 -0.445313
255 255 255 255
0.11084 0.285156
0.43457 0.508301
2 0 0 0
1 0 0 0
-0.003242 -0.032400 -0.015004
-0.601563 -0.085938 -0.804688
255 255 255 255
0.128418 0.291992
0.439453 0.510742
2 0 0 0
1 0 0 0
0.003123 -0.034479 -0.015865
0.125000 0.296875 -0.945313
255 255 255 255
0.164063 0.294922
0.448731 0.512207
2 0 0 0
1 0 0 0
0.006410 -0.027093 -0.015859
-0.257813 0.085938 -0.968750
255 255 255 255
0.181641 0.280273
0.453125 0.506348
2 0 0 0
1 0 0 0
0.004434 -0.034428 -0.014727
0.804688 -0.453125 -0.359375
255 255 255 255
0.171387 0.296875
0.450684 0.512695
2 0 0 0
1 0 0 0
0.006410 -0.027093 -0.015859
0.718750 0.015625 -0.679688
255 255 255 255
0.181641 0.280273
0.453125 0.506348
2 0 0 0
1 0 0 0
0.009273 0.020428 -0.014500
0.609375 -0.101563 -0.781250
255 255 255 255
0.207031 0.163086
0.459961 0.460938
2 0 0 0
1 0 0 0
0.010041 0.025361 -0.014154
0.781250 0.070313 -0.593750
255 255 255 255
0.211914 0.151367
0.461426 0.456543
2 0 0 0
1 0 0 0
0.005749 0.028996 -0.015224
-0.179688 -0.031250 -0.992188
255 255 255 255
0.183594 0.142578
0.453613 0.453125
2 0 0 0
1 0 0 0
0.006324 0.033019 -0.015040
0.265625 0.312500 -0.906250
255 255 255 255
0.191895 0.133301
0.456055 0.449707
2 0 0 0
1 0 0 0
-0.009839 0.010008 -0.012261
-0.328125 -0.125000 -0.945313
255 255 255 255
0.065918 0.189941
0.422852 0.471191
2 0 0 0
1 0 0 0
-0.010746 0.006595 -0.007793
-0.984375 -0.218750 -0.054688
255 255 255 255
0.032227 0.19043
0.413574 0.47168
2 0 0 0
1 0 0 0
0.007364 -0.028076 -0.011063
0.960938 -0.195313 0.085938
255 255 255 255
0.205078 0.286133
0.459473 0.508789
2 0 0 0
1 0 0 0
0.003852 -0.036399 -0.009428
0.601563 -0.789063 0.046875
255 255 255 255
0.173828 0.310059
0.451172 0.518066
2 0 0 0
1 0 0 0
-0.008203 -0.023611 -0.012603
-0.882813 -0.296875 -0.398438
255 255 255 255
0.084961 0.270996
0.427734 0.50293
2 0 0 0
1 0 0 0
0.001502 -0.035289 -0.013731
-0.382813 -0.914063 -0.171875
255 255 255 255
0.153809 0.300293
0.445801 0.51416
2 0 0 0
1 0 0 0
-0.003799 -0.033596 -0.010450
-0.929688 -0.382813 0.000000
255 255 255 255
0.117188 0.299805
0.436035 0.513672
2 0 0 0
1 0 0 0
0.006091 -0.021149 -0.009407
0.937500 -0.273438 -0.132813
255 255 255 255
0.225586 0.27002
0.464844 0.502441
2 0 0 0
1 0 0 0
0.005224 -0.020555 -0.014734
0.765625 -0.296875 -0.554688
255 255 255 255
0.186035 0.265137
0.45459 0.500488
2 0 0 0
1 0 0 0
0.004590 -0.000897 -0.015821
-0.398438 -0.210938 -0.906250
255 255 255 255
0.178711 0.21582
0.452637 0.481445
2 0 0 0
1 0 0 0
0.009385 -0.009882 -0.014092
0.898438 0.000000 -0.414063
255 255 255 255
0.208984 0.237793
0.460449 0.490234
2 0 0 0
1 0 0 0
0.005029 0.008177 -0.015944
0.601563 0.046875 -0.789063
255 255 255 255
0.1875 0.193848
0.455078 0.473145
2 0 0 0
1 0 0 0
0.009464 -0.000333 -0.010155
0.953125 0.125000 0.156250
255 255 255 255
0.233398 0.214356
0.467285 0.480957
2 0 0 0
1 0 0 0
0.008896 0.015688 -0.009421
0.960938 -0.210938 -0.007813
255 255 255 255
0.23291 0.175293
0.466797 0.46582
2 0 0 0
1 0 0 0
-0.000924 0.047143 -0.010376
-0.664063 0.726563 0.117188
255 255 255 255
0.149414 0.09375
0.444824 0.434082
2 0 0 0
1 0 0 0
0.000342 0.041559 -0.014364
-0.281250 -0.101563 -0.960938
255 255 255 255
0.154785 0.112793
0.446289 0.441406
2 0 0 0
1 0 0 0
0.002155 0.044355 -0.015596
-0.171875 0.093750 -0.984375
255 255 255 255
0.166504 0.106445
0.449219 0.439453
2 0 0 0
1 0 0 0
0.003602 0.040926 -0.014951
-0.406250 0.187500 -0.898438
255 255 255 255
0.172363 0.114746
0.450684 0.442383
2 0 0 0
1 0 0 0
0.002155 0.044355 -0.015596
0.664063 0.593750 -0.406250
255 255 255 255
0.166504 0.106445
0.449219 0.439453
2 0 0 0
1 0 0 0
0.005946 0.047344 -0.009513
0.585938 0.757813 -0.210938
255 255 255 255
0.193359 0.091797
0.456543 0.433594
2 0 0 0
1 0 0 0
0.002848 0.048448 -0.011264
-0.015625 0.945313 -0.289063
255 255 255 255
0.171387 0.092285
0.450684 0.433594
2 0 0 0
1 0 0 0
0.002690 0.008307 -0.016239
-0.218750 0.023438 -0.984375
255 255 255 255
0.169922 0.193848
0.450195 0.473145
2 0 0 0
1 0 0 0
0.004564 -0.008373 -0.014264
-0.210938 -0.242188 -0.953125
255 255 255 255
0.171387 0.233887
0.450684 0.48877
2 0 0 0
1 0 0 0
-0.005080 0.009057 -0.012838
0.148438 -0.062500 -0.992188
255 255 255 255
0.099609 0.191406
0.431641 0.472168
2 0 0 0
1 0 0 0
0.004066 -0.011304 -0.012836
-0.476563 -0.007813 -0.890625
255 255 255 255
0.165039 0.240723
0.448731 0.491211
2 0 0 0
1 0 0 0
0.009385 -0.009882 -0.014092
-0.109375 0.085938 -0.992188
255 255 255 255
0.208984 0.237793
0.460449 0.490234
2 0 0 0
1 0 0 0
0.002934 -0.018561 -0.016366
-0.117188 0.054688 -0.992188
255 255 255 255
0.166016 0.260254
0.449219 0.498535
2 0 0 0
1 0 0 0
-0.011585 0.012670 -0.007614
-0.773438 0.617188 -0.117188
255 255 255 255
0.055176 0.174805
0.419922 0.46582
2 0 0 0
1 0 0 0
-0.009361 0.013809 -0.011940
-0.328125 0.765625 -0.546875
255 255 255 255
0.073242 0.182617
0.424805 0.46875
2 0 0 0
1 0 0 0
-0.005974 0.014122 -0.011774
-0.210938 0.695313 -0.679688
255 255 255 255
0.095215 0.179199
0.430664 0.467285
2 0 0 0
1 0 0 0
0.006169 0.037881 -0.009501
0.968750 -0.125000 -0.101563
255 255 255 255
0.217285 0.117188
0.462891 0.443359
2 0 0 0
1 0 0 0
-0.006636 0.010383 -0.013534
-0.218750 -0.085938 -0.976563
255 255 255 255
0.086426 0.189453
0.428223 0.471191
2 0 0 0
1 0 0 0
-0.018099 -0.076417 0.007431
-0.828125 -0.007813 0.546875
255 255 255 255
1.05127 0.629883
0.687988 0.381348
2 0 0 0
1 0 0 0
-0.020803 -0.076416 0.000000
-1.000000 -0.007813 -0.007813
255 255 255 255
1.02002 0.629883
0.680664 0.381348
2 0 0 0
1 0 0 0
-0.020786 -0.066911 0.000000
-1.000000 -0.007813 -0.007813
255 255 255 255
1.02002 0.620117
0.680664 0.372559
2 0 0 0
1 0 0 0
-0.015648 -0.066928 0.010278
-0.695313 -0.007813 0.703125
255 255 255 255
1.067383 0.620117
0.691406 0.372559
2 0 0 0
1 0 0 0
-0.006862 -0.076418 0.014841
-0.242188 -0.007813 0.953125
255 255 255 255
1.113281 0.629883
0.701172 0.381348
2 0 0 0
1 0 0 0
-0.009958 -0.066947 0.013895
-0.382813 -0.007813 0.906250
255 255 255 255
1.097656 0.620117
0.697754 0.372559
2 0 0 0
1 0 0 0
0.000016 -0.066981 0.015660
-0.007813 -0.007813 0.984375
255 255 255 255
1.146973 0.620117
0.708984 0.372559
2 0 0 0
1 0 0 0
0.012905 -0.067024 0.012432
0.515625 -0.015625 0.828125
255 255 255 255
1.209473 0.620117
0.722656 0.372559
2 0 0 0
1 0 0 0
0.006862 -0.076420 0.014841
0.218750 -0.007813 0.953125
255 255 255 255
1.179199 0.629883
0.71582 0.381348
2 0 0 0
1 0 0 0
0.018099 -0.076421 0.007431
0.804688 -0.015625 0.546875
255 255 255 255
1.241211 0.629883
0.729492 0.381348
2 0 0 0
1 0 0 0
0.018115 -0.067041 0.007431
0.804688 -0.015625 0.546875
255 255 255 255
1.241211 0.620117
0.729492 0.372559
2 0 0 0
1 0 0 0
0.020819 -0.067050 0.000000
0.984375 -0.007813 -0.007813
255 255 255 255
1.271484 0.620117
0.736328 0.372559
2 0 0 0
1 0 0 0
0.018099 -0.076421 -0.007431
0.804688 -0.015625 -0.570313
255 255 255 255
0.241211 0.629883
0.671875 0.379395
2 0 0 0
1 0 0 0
-0.020803 -0.076416 0.000000
-1.000000 -0.007813 -0.007813
255 255 255 255
0.02002 0.629883
0.623047 0.379395
2 0 0 0
1 0 0 0
-0.018099 -0.076417 -0.007431
-0.828125 -0.007813 -0.570313
255 255 255 255
0.05127 0.629883
0.629883 0.379395
2 0 0 0
1 0 0 0
-0.020786 -0.066911 0.000000
-1.000000 -0.007813 -0.007813
255 255 255 255
0.02002 0.620117
0.623047 0.371094
2 0 0 0
1 0 0 0
-0.015648 -0.066928 -0.010279
-0.695313 -0.007813 -0.726563
255 255 255 255
0.067383 0.620117
0.633789 0.371094
2 0 0 0
1 0 0 0
0.000016 -0.066981 -0.015661
-0.007813 -0.007813 -1.000000
255 255 255 255
0.146973 0.620117
0.650879 0.371094
2 0 0 0
1 0 0 0
-0.006862 -0.076418 -0.014841
-0.242188 -0.007813 -0.976563
255 255 255 255
0.113281 0.629883
0.643555 0.379395
2 0 0 0
1 0 0 0
0.018099 -0.076421 -0.007431
0.804688 -0.015625 -0.570313
255 255 255 255
0.241211 0.629883
0.671875 0.379395
2 0 0 0
1 0 0 0
0.020819 -0.067050 0.000000
0.984375 -0.007813 -0.007813
255 255 255 255
0.271484 0.620117
0.678711 0.371094
2 0 0 0
1 0 0 0
0.012905 -0.067024 -0.012433
0.515625 -0.015625 -0.851563
255 255 255 255
0.209473 0.620117
0.665039 0.371094
2 0 0 0
1 0 0 0
0.006862 -0.076420 -0.014841
0.218750 -0.007813 -0.976563
255 255 255 255
0.179199 0.629883
0.658203 0.379395
2 0 0 0
1 0 0 0
0.024786 0.209575 0.009444
0.187500 0.906250 0.304688
255 255 255 255
1.241699 0.870117
0.665527 0.753906
2 0 0 0
1 0 0 0
0.013034 0.211787 0.011973
0.601563 0.695313 0.320313
255 255 255 255
1.178711 0.870117
0.653809 0.753906
2 0 0 0
1 0 0 0
0.013242 0.213971 -0.007065
0.640625 0.710938 -0.195313
255 255 255 255
0.178711 0.863281
0.719727 0.740723
2 0 0 0
1 0 0 0
0.013242 0.213971 -0.007065
0.640625 0.710938 -0.195313
255 255 255 255
0.178711 0.863281
0.719727 0.740723
2 0 0 0
1 0 0 0
0.028303 0.209822 -0.005657
0.250000 0.937500 -0.125000
255 255 255 255
0.265625 0.867676
0.736328 0.744141
2 0 0 0
1 0 0 0
0.024786 0.209575 0.009444
0.187500 0.906250 0.304688
255 255 255 255
1.241699 0.870117
0.665527 0.753906
2 0 0 0
1 0 0 0
0.024786 0.209575 -0.009444
0.187500 0.906250 -0.328125
255 255 255 255
0.241699 0.870117
0.731934 0.746094
2 0 0 0
1 0 0 0
0.013034 0.211787 -0.011973
0.601563 0.695313 -0.343750
255 255 255 255
0.178711 0.870117
0.719727 0.746094
2 0 0 0
1 0 0 0
0.015575 -0.083115 0.006166
-0.007813 -0.007813 0.984375
255 255 255 255
1.043457 0.985352
0.385254 0.521484
2 0 0 0
1 0 0 0
0.001953 -0.115439 0.006226
-0.070313 -0.015625 0.976563
255 255 255 255
1.148926 0.927734
0.392578 0.495606
2 0 0 0
1 0 0 0
-0.019656 -0.115497 0.002181
-0.195313 -0.007813 0.960938
255 255 255 255
1.310059 0.927246
0.404297 0.495117
2 0 0 0
1 0 0 0
-0.019596 -0.083212 0.002181
-0.195313 -0.007813 0.960938
255 255 255 255
1.311035 0.984863
0.404297 0.520996
2 0 0 0
1 0 0 0
0.015437 -0.115401 0.006148
-0.007813 -0.007813 0.984375
255 255 255 255
1.047363 0.929199
0.385742 0.496094
2 0 0 0
1 0 0 0
0.015575 -0.083115 -0.006323
-0.007813 -0.007813 -1.000000
255 255 255 255
0.043457 0.985352
0.343262 0.116699
2 0 0 0
1 0 0 0
-0.019596 -0.083212 -0.002191
-0.195313 -0.007813 -0.984375
255 255 255 255
0.311035 0.984863
0.361816 0.116211
2 0 0 0
1 0 0 0
-0.020409 -0.115499 -0.000005
-0.195313 -0.007813 -0.984375
255 255 255 255
0.323242 0.92627
0.362793 0.089844
2 0 0 0
1 0 0 0
0.015437 -0.115401 -0.006302
-0.007813 -0.007813 -1.000000
255 255 255 255
0.047363 0.929199
0.343262 0.09082
2 0 0 0
1 0 0 0
0.012972 -0.052354 0.010255
0.570313 0.039063 0.789063
255 255 255 255
1.53125 0.979981
0.720215 0.494141
2 0 0 0
1 0 0 0
0.019512 -0.067914 0.004885
0.703125 -0.007813 0.671875
255 255 255 255
1.566895 0.996582
0.729004 0.509766
2 0 0 0
1 0 0 0
0.004891 -0.065117 0.016391
0.375000 0.171875 0.882813
255 255 255 255
1.492676 0.992188
0.710938 0.505859
2 0 0 0
1 0 0 0
-0.016887 -0.067319 -0.009933
-0.734375 0.093750 -0.687500
255 255 255 255
1.40332 0.995606
0.632324 0.424316
2 0 0 0
1 0 0 0
-0.004338 -0.057029 -0.017175
-0.164063 -0.210938 -0.968750
255 255 255 255
1.456543 0.985352
0.645508 0.414551
2 0 0 0
1 0 0 0
-0.018705 -0.051608 -0.005601
-0.890625 0.007813 -0.476563
255 255 255 255
1.383789 0.979492
0.62793 0.408691
2 0 0 0
1 0 0 0
-0.018705 -0.051608 0.005601
-0.890625 0.007813 0.453125
255 255 255 255
1.383789 0.979492
0.685059 0.493164
2 0 0 0
1 0 0 0
-0.020961 -0.067723 0.000000
-0.953125 0.007813 -0.335938
255 255 255 255
1.358398 0.996582
0.621582 0.425293
2 0 0 0
1 0 0 0
-0.006363 0.202512 0.005088
-0.906250 0.070313 0.414063
255 255 255 255
1.383789 0.958984
0.693848 0.652832
2 0 0 0
1 0 0 0
0.003220 0.188121 0.013049
-0.265625 -0.062500 0.945313
255 255 255 255
1.444336 0.973145
0.708496 0.666504
2 0 0 0
1 0 0 0
-0.005950 0.187478 0.008988
-0.710938 0.140625 0.671875
255 255 255 255
1.40332 0.975098
0.698731 0.667969
2 0 0 0
1 0 0 0
0.011415 0.191124 0.013669
0.375000 -0.164063 0.890625
255 255 255 255
1.477051 0.967773
0.716309 0.661133
2 0 0 0
1 0 0 0
0.007343 0.196305 0.015022
-0.140625 -0.187500 0.953125
255 255 255 255
1.456543 0.964356
0.711426 0.658203
2 0 0 0
1 0 0 0
-0.009209 0.187271 0.000001
-0.960938 0.078125 0.257813
255 255 255 255
1.358398 0.976074
0.687988 0.668945
2 0 0 0
1 0 0 0
-0.007937 0.202597 0.000003
-0.953125 0.070313 0.281250
255 255 255 255
1.358398 0.958496
0.687988 0.652344
2 0 0 0
1 0 0 0
0.031469 0.199442 -0.004309
0.851563 -0.062500 -0.492188
255 255 255 255
1.567383 0.958984
0.73584 0.542481
2 0 0 0
1 0 0 0
0.013844 0.189952 -0.015048
-0.187500 0.351563 -0.914063
255 255 255 255
1.485352 0.969727
0.716797 0.552734
2 0 0 0
1 0 0 0
0.027522 0.184465 -0.008207
0.718750 -0.046875 -0.687500
255 255 255 255
1.546875 0.975586
0.730957 0.558106
2 0 0 0
1 0 0 0
0.031546 0.184229 0.000070
0.945313 -0.054688 -0.281250
255 255 255 255
1.588379 0.976074
0.740723 0.558106
2 0 0 0
1 0 0 0
0.032223 0.199378 0.000076
0.953125 -0.070313 -0.234375
255 255 255 255
1.588379 0.958496
0.740723 0.541992
2 0 0 0
1 0 0 0
-0.007571 0.172603 0.008937
-0.687500 0.148438 0.695313
255 255 255 255
1.40332 0.975098
0.698242 0.645508
2 0 0 0
1 0 0 0
-0.008257 0.187675 0.005039
-0.867188 0.070313 0.484375
255 255 255 255
1.383789 0.958984
0.693848 0.630859
2 0 0 0
1 0 0 0
0.005727 0.181532 0.015453
-0.164063 -0.187500 0.953125
255 255 255 255
1.456543 0.964356
0.710449 0.636231
2 0 0 0
1 0 0 0
0.010009 0.176351 0.014062
-0.273438 0.453125 0.820313
255 255 255 255
1.477051 0.967773
0.715332 0.63916
2 0 0 0
1 0 0 0
-0.011677 0.172498 0.000000
-0.937500 0.078125 0.343750
255 255 255 255
1.358398 0.976074
0.687988 0.646484
2 0 0 0
1 0 0 0
-0.008257 0.187675 -0.005040
-0.867188 0.070313 -0.507813
255 255 255 255
1.383789 0.958984
0.754883 0.564941
2 0 0 0
1 0 0 0
0.030746 0.184631 -0.004255
0.804688 -0.062500 -0.570313
255 255 255 255
1.567383 0.958984
0.797363 0.564941
2 0 0 0
1 0 0 0
0.015378 0.182047 -0.013165
-0.054688 0.296875 -0.953125
255 255 255 255
1.498047 0.962402
0.78125 0.568359
2 0 0 0
1 0 0 0
0.026250 0.169697 -0.008076
0.671875 -0.039063 -0.734375
255 255 255 255
1.546875 0.975586
0.792481 0.580566
2 0 0 0
1 0 0 0
0.031195 0.169410 0.000060
0.914063 -0.054688 -0.367188
255 255 255 255
1.588379 0.976074
0.802246 0.581055
2 0 0 0
1 0 0 0
0.010009 0.176351 -0.014063
0.367188 -0.164063 -0.914063
255 255 255 255
1.477051 0.967773
0.776367 0.573242
2 0 0 0
1 0 0 0
0.031898 0.184555 0.000065
0.929688 -0.070313 -0.320313
255 255 255 255
1.588379 0.958496
0.802246 0.564453
2 0 0 0
1 0 0 0
0.012972 -0.038600 0.010255
0.570313 0.039063 0.789063
255 255 255 255
1.53125 0.979981
0.72168 0.452637
2 0 0 0
1 0 0 0
0.019512 -0.054160 0.004885
0.703125 -0.007813 0.671875
255 255 255 255
1.566895 0.996582
0.729981 0.468262
2 0 0 0
1 0 0 0
0.004891 -0.051363 0.016391
0.375000 0.171875 0.882813
255 255 255 255
1.492676 0.992188
0.712402 0.464356
2 0 0 0
1 0 0 0
-0.016887 -0.053564 -0.009933
-0.734375 0.093750 -0.687500
255 255 255 255
1.40332 0.995606
0.631836 0.405273
2 0 0 0
1 0 0 0
-0.004338 -0.043275 -0.017175
-0.164063 -0.210938 -0.968750
255 255 255 255
1.456543 0.985352
0.644531 0.39502
2 0 0 0
1 0 0 0
-0.018705 -0.037854 -0.005601
-0.890625 0.007813 -0.476563
255 255 255 255
1.383789 0.979492
0.626953 0.389648
2 0 0 0
1 0 0 0
-0.018705 -0.037854 0.005601
-0.890625 0.007813 0.453125
255 255 255 255
1.383789 0.979492
0.686035 0.45166
2 0 0 0
1 0 0 0
-0.020961 -0.053968 0.000000
-0.953125 0.007813 -0.335938
255 255 255 255
1.358398 0.996582
0.621094 0.40625
2 0 0 0
1 0 0 0
-0.016812 -0.040374 -0.010039
-0.742188 0.085938 -0.671875
255 255 255 255
1.40332 0.975098
0.630371 0.486328
2 0 0 0
1 0 0 0
0.000927 -0.035273 -0.018075
0.171875 -0.234375 -0.960938
255 255 255 255
1.477051 0.967773
0.648438 0.479492
2 0 0 0
1 0 0 0
-0.000633 -0.031536 -0.019249
-0.015625 -0.296875 -0.960938
255 255 255 255
1.468262 0.96582
0.645996 0.477539
2 0 0 0
1 0 0 0
-0.018642 -0.024655 -0.005795
-0.875000 0.015625 -0.500000
255 255 255 255
1.383789 0.958984
0.625488 0.470703
2 0 0 0
1 0 0 0
-0.021573 -0.040759 0.000000
-0.929688 0.023438 -0.382813
255 255 255 255
1.358398 0.976074
0.619141 0.487305
2 0 0 0
1 0 0 0
0.003296 -0.036327 -0.018414
0.414063 0.085938 -0.898438
255 255 255 255
1.485352 0.969727
0.650391 0.481445
2 0 0 0
1 0 0 0
0.019584 -0.041133 -0.004926
0.867188 -0.015625 -0.468750
255 255 255 255
1.566895 0.976074
0.67041 0.487305
2 0 0 0
1 0 0 0
0.005843 -0.028954 -0.016356
0.492188 0.054688 -0.867188
255 255 255 255
1.498047 0.962402
0.65332 0.474121
2 0 0 0
1 0 0 0
0.021282 -0.025195 -0.000012
0.921875 -0.007813 -0.343750
255 255 255 255
1.588379 0.958496
0.675293 0.470215
2 0 0 0
1 0 0 0
0.000927 -0.035273 -0.018075
-0.117188 0.265625 -0.960938
255 255 255 255
1.477051 0.967773
0.648438 0.479492
2 0 0 0
1 0 0 0
0.021628 -0.041124 -0.000010
0.906250 0.007813 -0.390625
255 255 255 255
1.588379 0.976074
0.675293 0.487305
2 0 0 0
1 0 0 0
-0.016733 -0.027183 -0.010267
-0.750000 0.085938 -0.671875
255 255 255 255
1.40332 0.954102
0.691895 0.424316
2 0 0 0
1 0 0 0
0.000676 -0.022493 -0.016974
0.234375 -0.234375 -0.945313
255 255 255 255
1.477051 0.946777
0.709961 0.416992
2 0 0 0
1 0 0 0
-0.004089 -0.017048 -0.018390
-0.234375 -0.250000 -0.945313
255 255 255 255
1.456543 0.943848
0.70459 0.414063
2 0 0 0
1 0 0 0
-0.018577 -0.011457 -0.005907
-0.882813 0.015625 -0.484375
255 255 255 255
1.383789 0.937988
0.687012 0.408203
2 0 0 0
1 0 0 0
-0.021377 -0.027551 -0.000001
-0.937500 0.023438 -0.367188
255 255 255 255
1.358398 0.955078
0.681152 0.424805
2 0 0 0
1 0 0 0
0.020146 -0.012146 -0.005019
0.789063 -0.023438 -0.593750
255 255 255 255
1.567383 0.937988
0.731445 0.408203
2 0 0 0
1 0 0 0
0.008623 -0.015947 -0.014957
0.234375 0.210938 -0.945313
255 255 255 255
1.498047 0.941895
0.714844 0.412109
2 0 0 0
1 0 0 0
0.009089 -0.026631 -0.014848
0.632813 -0.023438 -0.765625
255 255 255 255
1.507813 0.952637
0.717285 0.422363
2 0 0 0
1 0 0 0
0.019767 -0.028106 -0.005035
0.875000 -0.023438 -0.460938
255 255 255 255
1.566895 0.955078
0.731445 0.424805
2 0 0 0
1 0 0 0
0.000676 -0.022493 -0.016974
-0.203125 0.492188 -0.843750
255 255 255 255
1.477051 0.946777
0.709961 0.416992
2 0 0 0
1 0 0 0
0.020146 -0.012146 0.004976
0.789063 -0.023438 0.578125
255 255 255 255
1.567383 0.937988
0.672852 0.430176
2 0 0 0
1 0 0 0
-0.016659 -0.013994 -0.010472
-0.750000 0.093750 -0.664063
255 255 255 255
1.40332 0.995606
0.630371 0.466797
2 0 0 0
1 0 0 0
-0.007326 -0.012729 -0.015760
-0.351563 -0.117188 -0.937500
255 255 255 255
1.444336 0.993652
0.640625 0.464844
2 0 0 0
1 0 0 0
-0.018458 0.001740 -0.005986
-0.882813 0.015625 -0.484375
255 255 255 255
1.383789 0.979492
0.625977 0.450684
2 0 0 0
1 0 0 0
-0.003874 -0.003874 -0.018627
-0.179688 -0.250000 -0.960938
255 255 255 255
1.456543 0.985352
0.643555 0.456543
2 0 0 0
1 0 0 0
0.000816 -0.009048 -0.016907
0.351563 -0.210938 -0.914063
255 255 255 255
1.477051 0.988281
0.648926 0.459473
2 0 0 0
1 0 0 0
-0.021338 -0.014343 -0.000002
-0.937500 0.023438 -0.359375
255 255 255 255
1.358398 0.996582
0.619629 0.467773
2 0 0 0
1 0 0 0
0.003447 -0.010126 -0.018261
0.062500 0.265625 -0.960938
255 255 255 255
1.485352 0.990723
0.650879 0.461426
2 0 0 0
1 0 0 0
0.020083 -0.015080 -0.005132
0.875000 -0.023438 -0.460938
255 255 255 255
1.566895 0.996582
0.670898 0.467285
2 0 0 0
1 0 0 0
0.010156 -0.000541 -0.014017
0.500000 0.054688 -0.859375
255 255 255 255
1.513672 0.981445
0.657715 0.452637
2 0 0 0
1 0 0 0
0.022054 0.000843 -0.000008
0.929688 -0.023438 -0.335938
255 255 255 255
1.588379 0.979004
0.67627 0.450684
2 0 0 0
1 0 0 0
0.000816 -0.009048 -0.016907
-0.343750 0.421875 -0.835938
255 255 255 255
1.477051 0.988281
0.648926 0.459473
2 0 0 0
1 0 0 0
0.022132 -0.015085 -0.000007
0.906250 -0.007813 -0.382813
255 255 255 255
1.588379 0.996582
0.67627 0.467773
2 0 0 0
1 0 0 0
-0.016539 -0.000805 -0.010625
-0.750000 0.109375 -0.664063
255 255 255 255
1.40332 0.975098
0.692383 0.446777
2 0 0 0
1 0 0 0
-0.007127 0.000418 -0.015976
-0.359375 -0.109375 -0.937500
255 255 255 255
1.444336 0.973145
0.702637 0.444824
2 0 0 0
1 0 0 0
-0.018232 0.014935 -0.006017
-0.882813 0.023438 -0.484375
255 255 255 255
1.383789 0.958984
0.6875 0.430664
2 0 0 0
1 0 0 0
-0.003601 0.009257 -0.018786
-0.179688 -0.242188 -0.960938
255 255 255 255
1.456543 0.964356
0.705566 0.436523
2 0 0 0
1 0 0 0
0.001060 0.004063 -0.017054
0.421875 -0.179688 -0.890625
255 255 255 255
1.477051 0.967773
0.710449 0.439453
2 0 0 0
1 0 0 0
-0.021254 -0.001136 -0.000003
-0.937500 0.031250 -0.359375
255 255 255 255
1.358398 0.976074
0.681152 0.447754
2 0 0 0
1 0 0 0
0.005671 0.001004 -0.017840
0.406250 0.171875 -0.890625
255 255 255 255
1.492676 0.97168
0.714356 0.443359
2 0 0 0
1 0 0 0
0.020483 -0.002055 -0.005205
0.875000 -0.031250 -0.453125
255 255 255 255
1.566895 0.976074
0.73291 0.447754
2 0 0 0
1 0 0 0
0.014210 0.013619 -0.011107
0.601563 0.023438 -0.789063
255 255 255 255
1.53125 0.959473
0.724121 0.431152
2 0 0 0
1 0 0 0
0.022500 0.013859 -0.000006
0.929688 -0.031250 -0.328125
255 255 255 255
1.588379 0.958496
0.738281 0.430664
2 0 0 0
1 0 0 0
0.001060 0.004063 -0.017054
-0.304688 0.476563 -0.820313
255 255 255 255
1.477051 0.967773
0.710449 0.439453
2 0 0 0
1 0 0 0
-0.016325 0.012382 -0.010699
-0.750000 0.117188 -0.664063
255 255 255 255
1.40332 0.954102
0.689941 0.487793
2 0 0 0
1 0 0 0
-0.006848 0.013564 -0.016069
-0.359375 -0.093750 -0.937500
255 255 255 255
1.444336 0.952148
0.700195 0.48584
2 0 0 0
1 0 0 0
-0.017850 0.028129 -0.005983
-0.882813 0.039063 -0.484375
255 255 255 255
1.383789 0.937988
0.685059 0.47168
2 0 0 0
1 0 0 0
-0.003247 0.022387 -0.018767
-0.179688 -0.226563 -0.968750
255 255 255 255
1.456543 0.943848
0.703125 0.477539
2 0 0 0
1 0 0 0
0.001403 0.017172 -0.017103
0.421875 -0.171875 -0.890625
255 255 255 255
1.477051 0.946777
0.708496 0.480469
2 0 0 0
1 0 0 0
-0.021069 0.012069 -0.000004
-0.937500 0.046875 -0.359375
255 255 255 255
1.358398 0.955078
0.678711 0.48877
2 0 0 0
1 0 0 0
0.006026 0.014093 -0.017929
0.406250 0.187500 -0.890625
255 255 255 255
1.492676 0.950684
0.711914 0.484375
2 0 0 0
1 0 0 0
0.020920 0.010968 -0.005239
0.875000 -0.023438 -0.460938
255 255 255 255
1.566895 0.955078
0.730469 0.48877
2 0 0 0
1 0 0 0
0.014613 0.026671 -0.011047
0.601563 0.031250 -0.789063
255 255 255 255
1.53125 0.938477
0.72168 0.472656
2 0 0 0
1 0 0 0
0.022911 0.026875 -0.000004
0.929688 -0.023438 -0.335938
255 255 255 255
1.588379 0.937988
0.73584 0.47168
2 0 0 0
1 0 0 0
0.001403 0.017172 -0.017103
-0.304688 0.492188 -0.812500
255 255 255 255
1.477051 0.946777
0.708496 0.480469
2 0 0 0
1 0 0 0
-0.015974 0.025568 -0.010662
-0.742188 0.132813 -0.664063
255 255 255 255
1.40332 0.995606
0.757813 0.646484
2 0 0 0
1 0 0 0
-0.006471 0.026708 -0.015995
-0.351563 -0.078125 -0.937500
255 255 255 255
1.444336 0.993652
0.768066 0.644531
2 0 0 0
1 0 0 0
-0.017269 0.041322 -0.005868
-0.898438 0.039063 -0.460938
255 255 255 255
1.383789 0.979492
0.75293 0.630371
2 0 0 0
1 0 0 0
-0.002808 0.035515 -0.018520
-0.179688 -0.210938 -0.968750
255 255 255 255
1.456543 0.985352
0.770996 0.635742
2 0 0 0
1 0 0 0
0.001805 0.030280 -0.016963
0.421875 -0.156250 -0.890625
255 255 255 255
1.477051 0.988281
0.775879 0.63916
2 0 0 0
1 0 0 0
-0.020164 0.025273 -0.000009
-0.953125 0.046875 -0.328125
255 255 255 255
1.358398 0.996582
0.746582 0.646973
2 0 0 0
1 0 0 0
0.006419 0.027181 -0.017830
0.406250 0.195313 -0.890625
255 255 255 255
1.492676 0.992188
0.779785 0.643066
2 0 0 0
1 0 0 0
0.021340 0.023990 -0.005221
0.875000 -0.015625 -0.460938
255 255 255 255
1.566895 0.996582
0.79834 0.646973
2 0 0 0
1 0 0 0
0.014977 0.039721 -0.010843
0.593750 0.039063 -0.796875
255 255 255 255
1.53125 0.979981
0.789551 0.630859
2 0 0 0
1 0 0 0
0.023225 0.039888 -0.000002
0.921875 -0.015625 -0.343750
255 255 255 255
1.588379 0.979004
0.803223 0.629883
2 0 0 0
1 0 0 0
0.001805 0.030280 -0.016963
-0.296875 0.500000 -0.812500
255 255 255 255
1.477051 0.988281
0.775879 0.63916
2 0 0 0
1 0 0 0
-0.015446 0.038752 0.010366
-0.726563 0.156250 0.656250
255 255 255 255
1.40332 0.975098
0.760254 0.73584
2 0 0 0
1 0 0 0
-0.016454 0.054512 0.005590
-0.890625 0.062500 0.445313
255 255 255 255
1.383789 0.958984
0.755371 0.719727
2 0 0 0
1 0 0 0
-0.002282 0.048641 0.017503
-0.171875 -0.171875 0.953125
255 255 255 255
1.456543 0.964356
0.773438 0.725586
2 0 0 0
1 0 0 0
-0.019619 0.038476 -0.000011
-0.945313 0.062500 0.304688
255 255 255 255
1.358398 0.976074
0.749023 0.736816
2 0 0 0
1 0 0 0
-0.016454 0.054511 -0.005657
-0.890625 0.062500 -0.468750
255 255 255 255
1.383789 0.958984
0.755859 0.543457
2 0 0 0
1 0 0 0
0.006832 0.040266 -0.017497
0.398438 0.203125 -0.890625
255 255 255 255
1.492676 0.97168
0.782227 0.556152
2 0 0 0
1 0 0 0
0.021687 0.037011 -0.005138
0.867188 0.000000 -0.468750
255 255 255 255
1.566895 0.976074
0.800781 0.560059
2 0 0 0
1 0 0 0
0.015254 0.052769 -0.010466
0.585938 0.054688 -0.796875
255 255 255 255
1.53125 0.959473
0.791992 0.543945
2 0 0 0
1 0 0 0
0.023373 0.052899 -0.000001
0.921875 0.000000 -0.351563
255 255 255 255
1.588379 0.958496
0.805664 0.543457
2 0 0 0
1 0 0 0
0.002257 0.043386 -0.016588
-0.289063 0.500000 -0.812500
255 255 255 255
1.477051 0.967773
0.778809 0.552246
2 0 0 0
1 0 0 0
-0.014626 0.051933 0.009933
-0.726563 0.125000 0.664063
255 255 255 255
1.40332 0.954102
0.637207 0.601563
2 0 0 0
1 0 0 0
-0.015878 0.067699 0.005601
-0.890625 0.039063 0.453125
255 255 255 255
1.383789 0.937988
0.632813 0.585938
2 0 0 0
1 0 0 0
-0.001715 0.061765 0.017174
-0.171875 -0.210938 0.945313
255 255 255 255
1.456543 0.943848
0.650391 0.591309
2 0 0 0
1 0 0 0
-0.018713 0.051676 0.000000
-0.945313 0.039063 0.312500
255 255 255 255
1.358398 0.955078
0.626465 0.602539
2 0 0 0
1 0 0 0
-0.015878 0.067699 -0.005601
-0.890625 0.039063 -0.476563
255 255 255 255
1.383789 0.937988
0.755371 0.675781
2 0 0 0
1 0 0 0
0.007216 0.053350 -0.016392
0.375000 0.156250 -0.906250
255 255 255 255
1.492676 0.950684
0.78125 0.688477
2 0 0 0
1 0 0 0
0.021728 0.050029 -0.004885
0.867188 -0.031250 -0.476563
255 255 255 255
1.566895 0.955078
0.799316 0.692383
2 0 0 0
1 0 0 0
0.015752 0.065814 -0.010255
0.570313 0.023438 -0.812500
255 255 255 255
1.53125 0.938477
0.790527 0.676758
2 0 0 0
1 0 0 0
0.023844 0.065908 0.000000
0.921875 -0.031250 -0.351563
255 255 255 255
1.588379 0.937988
0.804688 0.675781
2 0 0 0
1 0 0 0
0.023010 0.063045 0.004885
0.632813 -0.007813 0.742188
255 255 255 255
1.566895 0.996582
0.681641 0.737793
2 0 0 0
1 0 0 0
0.007772 0.066431 0.016391
0.375000 0.156250 0.882813
255 255 255 255
1.492676 0.992188
0.663574 0.733887
2 0 0 0
1 0 0 0
0.007772 0.066431 -0.016392
0.375000 0.156250 -0.906250
255 255 255 255
1.492676 0.992188
0.658203 0.662109
2 0 0 0
1 0 0 0
0.022268 0.063045 -0.004885
0.859375 -0.031250 -0.484375
255 255 255 255
1.566895 0.996582
0.675781 0.666016
2 0 0 0
1 0 0 0
0.016363 0.078857 -0.010255
0.570313 0.015625 -0.812500
255 255 255 255
1.53125 0.979981
0.667481 0.650391
2 0 0 0
1 0 0 0
0.024456 0.078915 0.000000
0.914063 -0.031250 -0.359375
255 255 255 255
1.588379 0.979004
0.681152 0.649414
2 0 0 0
1 0 0 0
0.023010 0.063045 0.004885
0.937500 -0.007813 0.273438
255 255 255 255
1.566895 0.996582
0.681641 0.737793
2 0 0 0
1 0 0 0
0.023481 0.076059 0.004885
0.640625 -0.015625 0.734375
255 255 255 255
1.566895 0.976074
0.800293 0.669922
2 0 0 0
1 0 0 0
0.008386 0.079510 0.016391
0.382813 0.156250 0.882813
255 255 255 255
1.492676 0.97168
0.782227 0.666016
2 0 0 0
1 0 0 0
0.008386 0.079510 -0.016392
0.382813 0.156250 -0.906250
255 255 255 255
1.492676 0.97168
0.660645 0.6875
2 0 0 0
1 0 0 0
0.022867 0.076059 -0.004885
0.867188 -0.039063 -0.476563
255 255 255 255
1.566895 0.976074
0.678223 0.691406
2 0 0 0
1 0 0 0
0.017033 0.091897 -0.010255
0.570313 0.015625 -0.812500
255 255 255 255
1.53125 0.959473
0.669922 0.675781
2 0 0 0
1 0 0 0
0.025126 0.091918 0.000000
0.921875 -0.039063 -0.351563
255 255 255 255
1.588379 0.958496
0.683594 0.674805
2 0 0 0
1 0 0 0
0.023481 0.076059 0.004885
0.937500 -0.023438 0.273438
255 255 255 255
1.566895 0.976074
0.800293 0.669922
2 0 0 0
1 0 0 0
-0.012801 0.091464 0.009933
-0.726563 0.132813 0.664063
255 255 255 255
1.40332 0.954102
0.698731 0.69043
2 0 0 0
1 0 0 0
-0.013840 0.107245 0.005601
-0.890625 0.046875 0.453125
255 255 255 255
1.383789 0.937988
0.693848 0.674805
2 0 0 0
1 0 0 0
0.000242 0.101120 0.017174
-0.171875 -0.203125 0.945313
255 255 255 255
1.456543 0.943848
0.711426 0.680176
2 0 0 0
1 0 0 0
-0.016890 0.091261 0.000000
-0.945313 0.054688 0.312500
255 255 255 255
1.358398 0.955078
0.687988 0.691406
2 0 0 0
1 0 0 0
0.009059 0.092586 -0.016392
0.382813 0.156250 -0.906250
255 255 255 255
1.492676 0.950684
0.781738 0.709961
2 0 0 0
1 0 0 0
0.023525 0.089069 -0.004885
0.867188 -0.046875 -0.476563
255 255 255 255
1.566895 0.955078
0.799316 0.714356
2 0 0 0
1 0 0 0
0.017762 0.104933 -0.010255
0.570313 0.015625 -0.812500
255 255 255 255
1.53125 0.938477
0.791016 0.698242
2 0 0 0
1 0 0 0
0.025855 0.104919 0.000000
0.921875 -0.046875 -0.351563
255 255 255 255
1.588379 0.937988
0.804688 0.697266
2 0 0 0
1 0 0 0
0.023525 0.089069 0.004885
0.867188 -0.046875 0.453125
255 255 255 255
1.566895 0.955078
0.738281 0.690918
2 0 0 0
1 0 0 0
-0.012074 0.104635 0.009933
-0.726563 0.132813 0.664063
255 255 255 255
1.40332 0.995606
0.638184 0.580078
2 0 0 0
1 0 0 0
-0.013041 0.120420 0.005601
-0.890625 0.054688 0.453125
255 255 255 255
1.383789 0.979492
0.633301 0.563965
2 0 0 0
1 0 0 0
0.001012 0.114233 0.017174
-0.171875 -0.203125 0.945313
255 255 255 255
1.456543 0.985352
0.650879 0.569824
2 0 0 0
1 0 0 0
-0.016164 0.104451 0.000000
-0.945313 0.062500 0.312500
255 255 255 255
1.358398 0.996582
0.626953 0.581055
2 0 0 0
1 0 0 0
0.009791 0.105658 -0.016392
0.382813 0.156250 -0.906250
255 255 255 255
1.492676 0.992188
0.661133 0.709473
2 0 0 0
1 0 0 0
0.024241 0.102077 -0.004885
0.859375 -0.046875 -0.476563
255 255 255 255
1.566895 0.996582
0.679199 0.713379
2 0 0 0
1 0 0 0
0.018549 0.117967 -0.010255
0.570313 0.007813 -0.812500
255 255 255 255
1.53125 0.979981
0.67041 0.697754
2 0 0 0
1 0 0 0
0.026642 0.117916 0.000000
0.914063 -0.046875 -0.359375
255 255 255 255
1.588379 0.979004
0.684082 0.696777
2 0 0 0
1 0 0 0
-0.011287 0.117802 0.009933
-0.726563 0.140625 0.664063
255 255 255 255
1.40332 0.975098
0.697754 0.625977
2 0 0 0
1 0 0 0
-0.012184 0.133592 0.005601
-0.890625 0.054688 0.453125
255 255 255 255
1.383789 0.958984
0.693359 0.609863
2 0 0 0
1 0 0 0
0.001841 0.127341 0.017174
-0.171875 -0.203125 0.945313
255 255 255 255
1.456543 0.964356
0.710938 0.615723
2 0 0 0
1 0 0 0
-0.015378 0.117637 0.000000
-0.945313 0.062500 0.312500
255 255 255 255
1.358398 0.976074
0.687012 0.626465
2 0 0 0
1 0 0 0
0.010582 0.118727 -0.016392
0.382813 0.148438 -0.906250
255 255 255 255
1.492676 0.97168
0.72168 0.599121
2 0 0 0
1 0 0 0
0.025015 0.115081 -0.004885
0.859375 -0.054688 -0.476563
255 255 255 255
1.566895 0.976074
0.739258 0.603027
2 0 0 0
1 0 0 0
0.019395 0.130996 -0.010255
0.570313 0.007813 -0.812500
255 255 255 255
1.53125 0.959473
0.730957 0.587402
2 0 0 0
1 0 0 0
0.027488 0.130909 0.000000
0.914063 -0.046875 -0.359375
255 255 255 255
1.588379 0.958496
0.744629 0.586426
2 0 0 0
1 0 0 0
-0.010442 0.130966 0.009933
-0.726563 0.140625 0.664063
255 255 255 255
1.40332 0.954102
0.637695 0.557617
2 0 0 0
1 0 0 0
-0.011268 0.146760 0.005601
-0.890625 0.062500 0.453125
255 255 255 255
1.383789 0.937988
0.633301 0.541992
2 0 0 0
1 0 0 0
0.002730 0.140446 0.017174
-0.171875 -0.203125 0.945313
255 255 255 255
1.456543 0.943848
0.650879 0.547852
2 0 0 0
1 0 0 0
-0.014534 0.130819 0.000000
-0.945313 0.070313 0.312500
255 255 255 255
1.358398 0.955078
0.626953 0.558594
2 0 0 0
1 0 0 0
-0.011268 0.146760 -0.005601
-0.890625 0.062500 -0.476563
255 255 255 255
1.383789 0.937988
0.694336 0.563965
2 0 0 0
1 0 0 0
0.011431 0.131793 -0.016392
0.382813 0.148438 -0.906250
255 255 255 255
1.492676 0.950684
0.720215 0.57666
2 0 0 0
1 0 0 0
0.025848 0.128082 -0.004885
0.867188 -0.062500 -0.468750
255 255 255 255
1.566895 0.955078
0.738281 0.580566
2 0 0 0
1 0 0 0
0.020299 0.144022 -0.010255
0.570313 0.007813 -0.812500
255 255 255 255
1.53125 0.938477
0.729492 0.564941
2 0 0 0
1 0 0 0
0.028392 0.143898 0.000000
0.921875 -0.062500 -0.335938
255 255 255 255
1.588379 0.937988
0.743164 0.563965
2 0 0 0
1 0 0 0
-0.009537 0.144126 0.009933
-0.718750 0.148438 0.664063
255 255 255 255
1.40332 0.995606
0.760742 0.602539
2 0 0 0
1 0 0 0
-0.010292 0.159923 0.005601
-0.890625 0.062500 0.453125
255 255 255 255
1.383789 0.979492
0.755859 0.586914
2 0 0 0
1 0 0 0
0.003677 0.153546 0.017174
-0.171875 -0.203125 0.945313
255 255 255 255
1.456543 0.985352
0.773438 0.592285
2 0 0 0
1 0 0 0
-0.013630 0.143997 0.000000
-0.945313 0.070313 0.312500
255 255 255 255
1.358398 0.996582
0.75 0.603516
2 0 0 0
1 0 0 0
-0.010292 0.159923 -0.005601
-0.890625 0.062500 -0.476563
255 255 255 255
1.383789 0.979492
0.753906 0.609863
2 0 0 0
1 0 0 0
0.012339 0.144854 -0.016392
0.382813 0.148438 -0.906250
255 255 255 255
1.492676 0.992188
0.780273 0.622559
2 0 0 0
1 0 0 0
0.026739 0.141079 -0.004885
0.867188 -0.062500 -0.468750
255 255 255 255
1.566895 0.996582
0.79834 0.626465
2 0 0 0
1 0 0 0
0.021262 0.157044 -0.010255
0.570313 0.000000 -0.812500
255 255 255 255
1.53125 0.979981
0.789551 0.61084
2 0 0 0
1 0 0 0
0.029354 0.156883 0.000000
0.921875 -0.062500 -0.335938
255 255 255 255
1.588379 0.979004
0.803223 0.609863
2 0 0 0
1 0 0 0
0.028267 0.154071 0.004885
0.648438 -0.031250 0.726563
255 255 255 255
1.566895 0.976074
0.677246 0.646484
2 0 0 0
1 0 0 0
0.013306 0.157912 0.016391
0.382813 0.148438 0.882813
255 255 255 255
1.492676 0.97168
0.659668 0.642578
2 0 0 0
1 0 0 0
0.013306 0.157912 -0.016392
0.382813 0.148438 -0.906250
255 255 255 255
1.492676 0.97168
0.72168 0.709473
2 0 0 0
1 0 0 0
0.027689 0.154071 -0.004885
0.867188 -0.062500 -0.476563
255 255 255 255
1.566895 0.976074
0.739746 0.713379
2 0 0 0
1 0 0 0
0.022284 0.170061 -0.010255
0.570313 0.000000 -0.812500
255 255 255 255
1.53125 0.959473
0.730957 0.697754
2 0 0 0
1 0 0 0
0.030375 0.169864 0.000000
0.921875 -0.062500 -0.351563
255 255 255 255
1.588379 0.958496
0.745117 0.696777
2 0 0 0
1 0 0 0
0.028267 0.154071 0.004885
0.937500 -0.046875 0.273438
255 255 255 255
1.566895 0.976074
0.677246 0.646484
2 0 0 0
1 0 0 0
-0.000815 0.211191 0.006963
-0.820313 0.531250 0.171875
255 255 255 255
1.065918 0.31543
0.516113 0.369629
2 0 0 0
1 0 0 0
-0.003391 0.207036 0.007620
-0.953125 0.234375 0.195313
255 255 255 255
1.065918 0.320801
0.516113 0.373535
2 0 0 0
1 0 0 0
-0.005050 0.207190 0.000000
-0.914063 0.398438 -0.007813
255 255 255 255
1.03125 0.320801
0.509277 0.373535
2 0 0 0
1 0 0 0
-0.016904 0.000408 0.000000
-1.000000 -0.007813 -0.007813
255 255 255 255
1.03125 0.527344
0.509277 0.535645
2 0 0 0
1 0 0 0
-0.013138 0.064412 0.007627
-0.976563 0.031250 0.203125
255 255 255 255
1.065918 0.460938
0.516113 0.483887
2 0 0 0
1 0 0 0
-0.014928 0.013183 0.007627
-0.984375 0.015625 0.203125
255 255 255 255
1.065918 0.51416
0.516113 0.525391
2 0 0 0
1 0 0 0
-0.015935 -0.076445 0.007627
-0.984375 -0.007813 0.203125
255 255 255 255
1.065918 0.60791
0.516113 0.599121
2 0 0 0
1 0 0 0
-0.017603 -0.076445 0.000000
-1.000000 -0.007813 -0.007813
255 255 255 255
1.03125 0.60791
0.509277 0.599121
2 0 0 0
1 0 0 0
-0.012873 0.102904 0.000000
-1.000000 0.046875 -0.007813
255 255 255 255
1.03125 0.421875
0.509277 0.453125
2 0 0 0
1 0 0 0
-0.010452 0.115602 0.007627
-0.976563 0.046875 0.203125
255 255 255 255
1.065918 0.40918
0.516113 0.442871
2 0 0 0
1 0 0 0
-0.009514 0.154083 0.000000
-1.000000 0.062500 -0.007813
255 255 255 255
1.03125 0.371094
0.509277 0.413086
2 0 0 0
1 0 0 0
0.016045 -0.038348 0.007627
0.960938 -0.023438 0.203125
255 255 255 255
1.208984 0.567383
0.543945 0.567383
2 0 0 0
1 0 0 0
0.017705 0.037688 0.007627
0.953125 -0.046875 0.203125
255 255 255 255
1.208984 0.487305
0.543945 0.504395
2 0 0 0
1 0 0 0
0.018958 0.024968 0.000000
0.984375 -0.007813 -0.007813
255 255 255 255
1.239746 0.500488
0.550293 0.514648
2 0 0 0
1 0 0 0
0.017603 -0.076445 0.000000
0.984375 -0.007813 -0.007813
255 255 255 255
1.239746 0.60791
0.550293 0.599121
2 0 0 0
1 0 0 0
0.015935 -0.076445 0.007627
0.960938 -0.007813 0.203125
255 255 255 255
1.208984 0.60791
0.543945 0.599121
2 0 0 0
1 0 0 0
0.021358 0.113654 0.007627
0.953125 -0.070313 0.203125
255 255 255 255
1.208984 0.40918
0.543945 0.442871
2 0 0 0
1 0 0 0
0.023826 0.126195 0.000000
0.976563 -0.078125 -0.007813
255 255 255 255
1.239746 0.396484
0.550293 0.433106
2 0 0 0
1 0 0 0
0.028293 0.204099 0.007620
0.929688 0.218750 0.187500
255 255 255 255
1.208984 0.320801
0.543945 0.373535
2 0 0 0
1 0 0 0
0.029951 0.203945 0.000000
0.976563 0.062500 -0.007813
255 255 255 255
1.239746 0.320801
0.550293 0.373535
2 0 0 0
1 0 0 0
-0.003391 0.207036 -0.007620
-0.953125 0.234375 -0.218750
255 255 255 255
0.065918 0.320801
0.566895 0.374512
2 0 0 0
1 0 0 0
-0.000815 0.211191 0.006963
-0.820313 0.531250 0.171875
255 255 255 255
1.065918 0.31543
0.516113 0.369629
2 0 0 0
1 0 0 0
-0.005050 0.207190 0.000000
-0.914063 0.398438 -0.007813
255 255 255 255
0.03125 0.320801
0.560059 0.374512
2 0 0 0
1 0 0 0
-0.015488 -0.012441 -0.007628
-0.984375 0.007813 -0.226563
255 255 255 255
0.065918 0.540527
0.566895 0.547363
2 0 0 0
1 0 0 0
-0.014145 0.038801 -0.007628
-0.976563 0.023438 -0.226563
255 255 255 255
0.065918 0.487305
0.566895 0.505859
2 0 0 0
1 0 0 0
-0.016904 0.000408 0.000000
-1.000000 -0.007813 -0.007813
255 255 255 255
0.03125 0.527344
0.560059 0.537109
2 0 0 0
1 0 0 0
-0.017603 -0.076445 0.000000
-1.000000 -0.007813 -0.007813
255 255 255 255
0.03125 0.60791
0.560059 0.600098
2 0 0 0
1 0 0 0
-0.015935 -0.076445 -0.007628
-0.984375 -0.007813 -0.226563
255 255 255 255
0.065918 0.60791
0.566895 0.600098
2 0 0 0
1 0 0 0
-0.010452 0.115602 -0.007628
-0.976563 0.046875 -0.226563
255 255 255 255
0.065918 0.40918
0.566895 0.444336
2 0 0 0
1 0 0 0
-0.009514 0.154083 0.000000
-1.000000 0.062500 -0.007813
255 255 255 255
0.03125 0.371094
0.560059 0.414063
2 0 0 0
1 0 0 0
-0.012873 0.102904 0.000000
-1.000000 0.046875 -0.007813
255 255 255 255
0.03125 0.421875
0.560059 0.454102
2 0 0 0
1 0 0 0
0.017603 -0.076445 0.000000
0.984375 -0.007813 -0.007813
255 255 255 255
0.239746 0.60791
0.601074 0.600098
2 0 0 0
1 0 0 0
0.018958 0.024968 0.000000
0.984375 -0.007813 -0.007813
255 255 255 255
0.239746 0.500488
0.601074 0.516113
2 0 0 0
1 0 0 0
0.016931 0.012348 -0.007628
0.960938 -0.039063 -0.226563
255 255 255 255
0.208984 0.51416
0.594727 0.526367
2 0 0 0
1 0 0 0
0.015935 -0.076445 -0.007628
0.960938 -0.007813 -0.226563
255 255 255 255
0.208984 0.60791
0.594727 0.600098
2 0 0 0
1 0 0 0
0.023826 0.126195 0.000000
0.976563 -0.078125 -0.007813
255 255 255 255
0.239746 0.396484
0.601074 0.434082
2 0 0 0
1 0 0 0
0.027600 0.176901 0.000000
0.976563 -0.093750 -0.007813
255 255 255 255
0.239746 0.345703
0.601074 0.394531
2 0 0 0
1 0 0 0
-0.020584 -0.083215 -0.000005
-0.914063 -0.015625 0.398438
255 255 255 255
1.325195 0.985352
0.405273 0.521484
2 0 0 0
1 0 0 0
0.002391 0.189152 0.014550
0.960938 -0.093750 0.148438
255 255 255 255
1.10498 0.901367
0.639648 0.777344
2 0 0 0
1 0 0 0
0.003368 0.201192 0.014550
0.945313 -0.085938 0.242188
255 255 255 255
1.134277 0.886719
0.64502 0.766602
2 0 0 0
1 0 0 0
0.002636 0.189277 0.012898
0.968750 -0.101563 0.125000
255 255 255 255
1.115234 0.902344
0.641602 0.777832
2 0 0 0
1 0 0 0
0.002636 0.189277 -0.012898
0.960938 -0.101563 -0.179688
255 255 255 255
0.115234 0.902344
0.708008 0.77002
2 0 0 0
1 0 0 0
0.003613 0.200446 -0.013386
0.953125 -0.093750 -0.234375
255 255 255 255
0.136231 0.888184
0.711914 0.759766
2 0 0 0
1 0 0 0
0.002391 0.189152 -0.014550
0.968750 -0.093750 -0.148438
255 255 255 255
0.104981 0.901367
0.706055 0.769531
2 0 0 0
1 0 0 0
0.019968 0.188080 0.012898
-0.976563 0.000000 0.226563
255 255 255 255
1.245117 0.899414
0.666016 0.775879
2 0 0 0
1 0 0 0
0.020144 0.198925 0.013386
-0.960938 -0.007813 0.265625
255 255 255 255
1.222656 0.887207
0.662109 0.766602
2 0 0 0
1 0 0 0
0.020344 0.187894 0.014550
-0.976563 0.000000 0.210938
255 255 255 255
1.252441 0.898438
0.667481 0.774902
2 0 0 0
1 0 0 0
0.020144 0.198925 -0.013386
-0.968750 0.000000 -0.273438
255 255 255 255
0.222656 0.887207
0.728027 0.758789
2 0 0 0
1 0 0 0
0.019968 0.188080 -0.012898
-0.976563 -0.007813 -0.234375
255 255 255 255
0.245117 0.899414
0.732422 0.768066
2 0 0 0
1 0 0 0
0.020344 0.187894 -0.014550
-0.976563 0.000000 -0.250000
255 255 255 255
0.252441 0.898438
0.733887 0.76709
2 0 0 0
1 0 0 0
0.020521 0.199609 -0.014550
-0.960938 0.000000 -0.296875
255 255 255 255
0.222656 0.885254
0.728027 0.757324
2 0 0 0
1 0 0 0
0.003613 0.200446 0.013386
0.953125 -0.093750 0.210938
255 255 255 255
1.13623 0.888184
0.645508 0.767578
2 0 0 0
1 0 0 0
0.020521 0.199609 0.014550
-0.960938 0.000000 0.273438
255 255 255 255
1.222656 0.885254
0.662109 0.765137
2 0 0 0
1 0 0 0
0.001929 0.213002 0.005988
-0.046875 0.968750 0.148438
255 255 255 255
1.117676 0.866211
0.64209 0.750977
2 0 0 0
1 0 0 0
0.011463 0.210863 0.012120
-0.234375 0.882813 0.351563
255 255 255 255
1.172363 0.871094
0.652344 0.754395
2 0 0 0
1 0 0 0
0.013242 0.213971 0.007065
-0.515625 0.820313 0.171875
255 255 255 255
1.178711 0.863281
0.653809 0.748535
2 0 0 0
1 0 0 0
-0.003486 0.212724 0.000000
-0.085938 0.976563 -0.007813
255 255 255 255
1.079102 0.861816
0.634766 0.747559
2 0 0 0
1 0 0 0
0.011644 0.213303 0.000000
-0.210938 0.960938 -0.007813
255 255 255 255
1.163574 0.854981
0.650879 0.742188
2 0 0 0
1 0 0 0
0.013271 0.214279 0.000000
-0.515625 0.843750 -0.007813
255 255 255 255
1.178711 0.854492
0.653809 0.741699
2 0 0 0
1 0 0 0
0.003368 0.201192 -0.014550
0.945313 -0.085938 -0.265625
255 255 255 255
0.134277 0.886719
0.711426 0.758789
2 0 0 0
1 0 0 0
0.011561 0.213004 -0.006869
-0.367188 0.890625 -0.210938
255 255 255 255
0.167969 0.86377
0.717773 0.741211
2 0 0 0
1 0 0 0
0.011463 0.210863 -0.012121
-0.234375 0.882813 -0.375000
255 255 255 255
0.172363 0.871094
0.71875 0.746582
2 0 0 0
1 0 0 0
0.001929 0.213002 0.005988
-0.046875 0.968750 0.148438
255 255 255 255
1.117676 0.866211
0.64209 0.750977
2 0 0 0
1 0 0 0
-0.003486 0.212724 0.000000
-0.085938 0.976563 -0.007813
255 255 255 255
0.079102 0.861816
0.701172 0.739746
2 0 0 0
1 0 0 0
0.011644 0.213303 0.000000
-0.210938 0.960938 -0.007813
255 255 255 255
0.163574 0.854981
0.716797 0.734375
2 0 0 0
1 0 0 0
0.013271 0.214279 0.000000
-0.515625 0.843750 -0.007813
255 255 255 255
0.178711 0.854492
0.719727 0.733887
2 0 0 0
1 0 0 0
0.015962 -0.115396 0.001791
-0.007813 -1.000000 -0.007813
255 255 255 255
1.04248 0.926758
0.385254 0.495117
2 0 0 0
1 0 0 0
0.014556 -0.115396 0.004054
-0.007813 -1.000000 -0.007813
255 255 255 255
1.047852 0.926758
0.385742 0.494629
2 0 0 0
1 0 0 0
0.015437 -0.115401 0.006148
-0.007813 -1.000000 -0.007813
255 255 255 255
1.047363 0.929199
0.385742 0.496094
2 0 0 0
1 0 0 0
0.017152 -0.115401 0.002952
-0.007813 -1.000000 -0.007813
255 255 255 255
1.041992 0.929688
0.385254 0.496094
2 0 0 0
1 0 0 0
0.001975 -0.115439 0.004624
-0.007813 -1.000000 -0.007813
255 255 255 255
1.148438 0.924805
0.392578 0.494141
2 0 0 0
1 0 0 0
0.017183 -0.110376 -0.003046
-0.007813 -1.000000 -0.007813
255 255 255 255
0.040527 0.939453
0.342773 0.095703
2 0 0 0
1 0 0 0
0.015962 -0.110391 -0.001953
-0.007813 -1.000000 -0.007813
255 255 255 255
0.039063 0.9375
0.342773 0.094727
2 0 0 0
1 0 0 0
0.018011 -0.110376 -0.000096
-0.007813 -1.000000 -0.007813
255 255 255 255
0.037109 0.939453
0.342773 0.095703
2 0 0 0
1 0 0 0
0.015962 -0.115396 -0.001953
-0.007813 -1.000000 -0.007813
255 255 255 255
0.04248 0.926758
0.342773 0.089844
2 0 0 0
1 0 0 0
0.017152 -0.115401 -0.003131
-0.007813 -1.000000 -0.007813
255 255 255 255
0.041992 0.929688
0.342773 0.091309
2 0 0 0
1 0 0 0
0.015437 -0.115401 -0.006302
-0.007813 -1.000000 -0.007813
255 255 255 255
0.047363 0.929199
0.343262 0.09082
2 0 0 0
1 0 0 0
0.014556 -0.115396 -0.004206
-0.007813 -1.000000 -0.007813
255 255 255 255
0.047852 0.926758
0.343262 0.089844
2 0 0 0
1 0 0 0
0.001953 -0.115439 -0.006269
-0.007813 -1.000000 -0.007813
255 255 255 255
0.148926 0.927734
0.350586 0.090332
2 0 0 0
1 0 0 0
0.001975 -0.115439 -0.004667
-0.007813 -1.000000 -0.007813
255 255 255 255
0.148438 0.924805
0.350586 0.088867
2 0 0 0
1 0 0 0
-0.019656 -0.115497 -0.002191
-0.007813 -1.000000 -0.007813
255 255 255 255
0.310059 0.927246
0.361816 0.089844
2 0 0 0
1 0 0 0
-0.020409 -0.115499 -0.000005
-0.007813 -1.000000 -0.007813
255 255 255 255
0.323242 0.92627
0.362793 0.089844
2 0 0 0
1 0 0 0
-0.004221 -0.030414 0.017951
-0.289063 -0.289063 0.898438
255 255 255 255
1.456543 0.964356
0.642578 0.498535
2 0 0 0
1 0 0 0
-0.000713 -0.036927 0.015978
-0.203125 -0.398438 0.882813
255 255 255 255
1.46875 0.970703
0.645508 0.504883
2 0 0 0
1 0 0 0
-0.007570 -0.039039 0.014789
-0.367188 -0.132813 0.906250
255 255 255 255
1.444336 0.973145
0.63916 0.506836
2 0 0 0
1 0 0 0
-0.008311 -0.026962 0.014731
-0.515625 0.000000 0.843750
255 255 255 255
1.439453 0.961426
0.638184 0.495606
2 0 0 0
1 0 0 0
-0.015412 -0.024695 0.008996
-0.765625 0.062500 0.625000
255 255 255 255
1.40332 0.958984
0.629395 0.493164
2 0 0 0
1 0 0 0
-0.012271 -0.039833 0.013341
-0.500000 0.039063 0.851563
255 255 255 255
1.425293 0.974121
0.634766 0.508301
2 0 0 0
1 0 0 0
-0.019191 -0.040652 0.005370
-0.851563 0.031250 0.515625
255 255 255 255
1.381836 0.976074
0.624023 0.509766
2 0 0 0
1 0 0 0
-0.020729 -0.024639 -0.000005
-0.945313 0.039063 0.328125
255 255 255 255
1.358398 0.958496
0.618164 0.493164
2 0 0 0
1 0 0 0
0.001452 -0.033397 0.016451
0.546875 -0.078125 0.804688
255 255 255 255
1.479492 0.964844
0.647949 0.499023
2 0 0 0
1 0 0 0
-0.007725 0.012490 0.015334
-0.500000 0.023438 0.851563
255 255 255 255
1.439453 0.961426
0.638184 0.519531
2 0 0 0
1 0 0 0
-0.014936 0.014852 0.009332
-0.773438 0.078125 0.617188
255 255 255 255
1.40332 0.958984
0.629395 0.51709
2 0 0 0
1 0 0 0
-0.011913 -0.000326 0.014108
-0.515625 0.062500 0.843750
255 255 255 255
1.425293 0.974121
0.634766 0.532227
2 0 0 0
1 0 0 0
-0.000425 0.007819 0.018009
0.250000 -0.234375 0.921875
255 255 255 255
1.468262 0.96582
0.645508 0.523926
2 0 0 0
1 0 0 0
-0.018962 -0.001051 0.005683
-0.859375 0.046875 0.500000
255 255 255 255
1.381836 0.976074
0.624023 0.53418
2 0 0 0
1 0 0 0
-0.020361 0.014979 -0.000008
-0.945313 0.039063 0.320313
255 255 255 255
1.358398 0.958496
0.618164 0.51709
2 0 0 0
1 0 0 0
0.002034 0.006368 0.015557
0.695313 0.007813 0.687500
255 255 255 255
1.479492 0.964844
0.647949 0.523438
2 0 0 0
1 0 0 0
-0.007358 0.025637 0.015272
-0.500000 0.039063 0.851563
255 255 255 255
1.439453 0.94043
0.70459 0.520508
2 0 0 0
1 0 0 0
-0.014553 0.028032 0.009273
-0.773438 0.093750 0.617188
255 255 255 255
1.40332 0.937988
0.695801 0.518066
2 0 0 0
1 0 0 0
-0.011667 0.012841 0.014195
-0.507813 0.078125 0.843750
255 255 255 255
1.425293 0.953125
0.701172 0.533203
2 0 0 0
1 0 0 0
-0.000070 0.020935 0.018008
0.250000 -0.226563 0.921875
255 255 255 255
1.468262 0.944824
0.711914 0.524902
2 0 0 0
1 0 0 0
-0.018765 0.012147 0.005721
-0.859375 0.062500 0.500000
255 255 255 255
1.381836 0.955078
0.69043 0.534668
2 0 0 0
1 0 0 0
-0.019980 0.028183 -0.000010
-0.945313 0.054688 0.320313
255 255 255 255
1.358398 0.937988
0.68457 0.517578
2 0 0 0
1 0 0 0
0.002392 0.019473 0.015574
0.695313 0.015625 0.687500
255 255 255 255
1.479492 0.944336
0.714844 0.523926
2 0 0 0
1 0 0 0
-0.006874 0.038784 0.015009
-0.500000 0.054688 0.851563
255 255 255 255
1.439453 0.981934
0.64502 0.612305
2 0 0 0
1 0 0 0
-0.013997 0.041209 0.009087
-0.765625 0.109375 0.625000
255 255 255 255
1.40332 0.979492
0.636231 0.609863
2 0 0 0
1 0 0 0
-0.011303 0.026006 0.014133
-0.507813 0.093750 0.843750
255 255 255 255
1.425293 0.994629
0.641602 0.625
2 0 0 0
1 0 0 0
0.000352 0.034049 0.017789
0.250000 -0.210938 0.929688
255 255 255 255
1.468262 0.986328
0.652344 0.616699
2 0 0 0
1 0 0 0
-0.018421 0.025343 0.005699
-0.875000 0.078125 0.476563
255 255 255 255
1.381836 0.996582
0.630859 0.626465
2 0 0 0
1 0 0 0
-0.019383 0.041384 -0.000012
-0.945313 0.031250 0.328125
255 255 255 255
1.358398 0.979004
0.625488 0.609375
2 0 0 0
1 0 0 0
0.002802 0.032577 0.015409
0.687500 0.023438 0.687500
255 255 255 255
1.479492 0.985352
0.654785 0.615723
2 0 0 0
1 0 0 0
-0.004801 0.066128 0.014732
-0.328125 -0.085938 0.929688
255 255 255 255
1.444336 0.993652
0.651856 0.735352
2 0 0 0
1 0 0 0
-0.005070 0.078208 0.014380
-0.484375 0.039063 0.859375
255 255 255 255
1.439453 0.981934
0.650879 0.724121
2 0 0 0
1 0 0 0
-0.012045 0.080728 0.008753
-0.757813 0.101563 0.632813
255 255 255 255
1.40332 0.979492
0.64209 0.721191
2 0 0 0
1 0 0 0
-0.009520 0.065490 0.013311
-0.492188 0.078125 0.851563
255 255 255 255
1.425293 0.994629
0.647461 0.736328
2 0 0 0
1 0 0 0
0.001948 0.073379 0.016908
0.242188 -0.218750 0.921875
255 255 255 255
1.468262 0.986328
0.657715 0.728027
2 0 0 0
1 0 0 0
0.003316 0.069591 0.015628
0.398438 -0.164063 0.875000
255 255 255 255
1.477051 0.988281
0.659668 0.729981
2 0 0 0
1 0 0 0
-0.016465 0.064920 0.005369
-0.867188 0.078125 0.484375
255 255 255 255
1.381836 0.996582
0.636719 0.737793
2 0 0 0
1 0 0 0
-0.017334 0.080975 0.000000
-0.937500 0.039063 0.335938
255 255 255 255
1.358398 0.979004
0.631348 0.721191
2 0 0 0
1 0 0 0
0.004321 0.071874 0.014615
0.679688 0.000000 0.695313
255 255 255 255
1.479492 0.985352
0.660156 0.727539
2 0 0 0
1 0 0 0
-0.004188 0.079263 0.014732
-0.328125 -0.085938 0.929688
255 255 255 255
1.444336 0.973145
0.770508 0.666992
2 0 0 0
1 0 0 0
-0.004402 0.091345 0.014380
-0.484375 0.039063 0.859375
255 255 255 255
1.439453 0.961426
0.769531 0.655762
2 0 0 0
1 0 0 0
-0.011366 0.093896 0.008753
-0.757813 0.101563 0.632813
255 255 255 255
1.40332 0.958984
0.760742 0.65332
2 0 0 0
1 0 0 0
-0.008909 0.078646 0.013311
-0.492188 0.078125 0.851563
255 255 255 255
1.425293 0.974121
0.766113 0.667969
2 0 0 0
1 0 0 0
0.002594 0.086484 0.016908
0.242188 -0.218750 0.921875
255 255 255 255
1.468262 0.96582
0.776367 0.660156
2 0 0 0
1 0 0 0
0.003945 0.082690 0.015628
0.398438 -0.164063 0.875000
255 255 255 255
1.477051 0.967773
0.77832 0.662109
2 0 0 0
1 0 0 0
-0.015857 0.078108 0.005369
-0.867188 0.078125 0.484375
255 255 255 255
1.381836 0.976074
0.755371 0.669922
2 0 0 0
1 0 0 0
-0.016654 0.094166 0.000000
-0.937500 0.039063 0.335938
255 255 255 255
1.358398 0.958496
0.75 0.65332
2 0 0 0
1 0 0 0
0.004960 0.084968 0.014615
0.679688 -0.007813 0.695313
255 255 255 255
1.479492 0.964844
0.779297 0.65918
2 0 0 0
1 0 0 0
0.000730 0.158004 0.014732
-0.328125 -0.070313 0.929688
255 255 255 255
1.444336 0.973145
0.647949 0.643555
2 0 0 0
1 0 0 0
0.000841 0.170087 0.014380
-0.484375 0.054688 0.859375
255 255 255 255
1.439453 0.961426
0.646484 0.632324
2 0 0 0
1 0 0 0
-0.006051 0.172825 0.008753
-0.750000 0.125000 0.632813
255 255 255 255
1.40332 0.958984
0.638184 0.629883
2 0 0 0
1 0 0 0
-0.004006 0.157515 0.013311
-0.492188 0.093750 0.851563
255 255 255 255
1.425293 0.974121
0.643066 0.64502
2 0 0 0
1 0 0 0
0.007704 0.165039 0.016908
0.234375 -0.226563 0.921875
255 255 255 255
1.468262 0.96582
0.653809 0.636719
2 0 0 0
1 0 0 0
0.008952 0.161210 0.015628
0.398438 -0.179688 0.875000
255 255 255 255
1.477051 0.967773
0.655762 0.638672
2 0 0 0
1 0 0 0
-0.010966 0.157164 0.005369
-0.859375 0.101563 0.484375
255 255 255 255
1.381836 0.976074
0.632813 0.646484
2 0 0 0
1 0 0 0
-0.011330 0.173238 0.000000
-0.937500 0.062500 0.335938
255 255 255 255
1.358398 0.958496
0.626953 0.629883
2 0 0 0
1 0 0 0
0.010029 0.163461 0.014615
0.679688 -0.023438 0.695313
255 255 255 255
1.479492 0.964844
0.65625 0.635742
2 0 0 0
1 0 0 0
-0.018082 -0.066920 0.007431
-0.007813 0.984375 -0.007813
255 255 255 255
1.05127 0.620117
0.687988 0.372559
2 0 0 0
1 0 0 0
-0.019975 -0.066913 0.003889
-0.007813 0.984375 -0.007813
255 255 255 255
1.035156 0.620117
0.684082 0.372559
2 0 0 0
1 0 0 0
-0.016561 -0.066925 0.002818
-0.007813 0.984375 -0.007813
255 255 255 255
1.035156 0.615234
0.684082 0.368652
2 0 0 0
1 0 0 0
-0.016561 -0.066925 -0.002819
-0.007813 0.984375 -0.007813
255 255 255 255
0.035156 0.615234
0.626465 0.366699
2 0 0 0
1 0 0 0
0.000016 -0.066981 0.011937
-0.007813 0.984375 -0.007813
255 255 255 255
1.146973 0.615234
0.708984 0.368652
2 0 0 0
1 0 0 0
-0.016577 -0.076417 0.002818
-0.007813 -1.000000 -0.007813
255 255 255 255
1.035156 0.633789
0.684082 0.384766
2 0 0 0
1 0 0 0
-0.016577 -0.076417 -0.002819
-0.007813 -1.000000 -0.007813
255 255 255 255
0.035156 0.633789
0.626465 0.382813
2 0 0 0
1 0 0 0
-0.020803 -0.076416 0.000000
-0.007813 -1.000000 -0.007813
255 255 255 255
1.02002 0.629883
0.680664 0.381348
2 0 0 0
1 0 0 0
-0.019992 -0.076417 0.003889
-0.007813 -1.000000 -0.007813
255 255 255 255
1.035156 0.629883
0.684082 0.381348
2 0 0 0
1 0 0 0
-0.010916 -0.076418 0.009316
-0.007813 -1.000000 -0.007813
255 255 255 255
1.08252 0.633789
0.694824 0.384766
2 0 0 0
1 0 0 0
-0.012889 -0.076417 0.012432
-0.007813 -1.000000 -0.007813
255 255 255 255
1.08252 0.629883
0.694824 0.381348
2 0 0 0
1 0 0 0
0.000000 -0.076419 0.011937
-0.007813 -1.000000 -0.007813
255 255 255 255
1.146973 0.633789
0.708984 0.384766
2 0 0 0
1 0 0 0
0.000000 -0.076419 0.015660
-0.007813 -1.000000 -0.007813
255 255 255 255
1.146973 0.629883
0.708984 0.381348
2 0 0 0
1 0 0 0
0.020819 -0.067050 0.000000
-0.007813 0.984375 -0.007813
255 255 255 255
1.271484 0.620117
0.736328 0.372559
2 0 0 0
1 0 0 0
0.018115 -0.067041 0.007431
-0.007813 0.984375 -0.007813
255 255 255 255
1.241211 0.620117
0.729492 0.372559
2 0 0 0
1 0 0 0
0.016594 -0.067036 0.002818
-0.007813 0.984375 -0.007813
255 255 255 255
1.256836 0.615234
0.73291 0.368652
2 0 0 0
1 0 0 0
0.010932 -0.067017 0.009316
-0.007813 0.984375 -0.007813
255 255 255 255
1.209473 0.615234
0.722656 0.368652
2 0 0 0
1 0 0 0
0.012905 -0.067024 0.012432
-0.007813 0.984375 -0.007813
255 255 255 255
1.209473 0.620117
0.722656 0.372559
2 0 0 0
1 0 0 0
0.006879 -0.067004 0.014841
-0.007813 0.984375 -0.007813
255 255 255 255
1.179199 0.620117
0.71582 0.372559
2 0 0 0
1 0 0 0
0.018099 -0.076421 0.007431
-0.007813 -1.000000 -0.007813
255 255 255 255
1.241211 0.629883
0.729492 0.381348
2 0 0 0
1 0 0 0
0.019992 -0.076422 0.003889
-0.007813 -1.000000 -0.007813
255 255 255 255
1.256836 0.629883
0.73291 0.381348
2 0 0 0
1 0 0 0
0.016577 -0.076421 0.002818
-0.007813 -1.000000 -0.007813
255 255 255 255
1.256836 0.633789
0.73291 0.384766
2 0 0 0
1 0 0 0
0.020803 -0.076422 0.000000
-0.007813 -1.000000 -0.007813
255 255 255 255
1.271484 0.629883
0.736328 0.381348
2 0 0 0
1 0 0 0
0.010916 -0.076420 0.009316
-0.007813 -1.000000 -0.007813
255 255 255 255
1.209473 0.633789
0.722656 0.384766
2 0 0 0
1 0 0 0
0.012889 -0.076421 0.012432
-0.007813 -1.000000 -0.007813
255 255 255 255
1.209473 0.629883
0.722656 0.381348
2 0 0 0
1 0 0 0
-0.016561 -0.066925 -0.002819
-0.007813 0.984375 -0.007813
255 255 255 255
0.035156 0.615234
0.626465 0.366699
2 0 0 0
1 0 0 0
-0.019975 -0.066913 -0.003889
-0.007813 0.984375 -0.007813
255 255 255 255
0.035156 0.620117
0.626465 0.371094
2 0 0 0
1 0 0 0
-0.018082 -0.066920 -0.007431
-0.007813 0.984375 -0.007813
255 255 255 255
0.05127 0.620117
0.629883 0.371094
2 0 0 0
1 0 0 0
-0.020786 -0.066911 0.000000
-0.007813 0.984375 -0.007813
255 255 255 255
0.02002 0.620117
0.623047 0.371094
2 0 0 0
1 0 0 0
0.000016 -0.066981 -0.011938
-0.007813 0.984375 -0.007813
255 255 255 255
0.146973 0.615234
0.650879 0.366699
2 0 0 0
1 0 0 0
-0.010899 -0.066944 -0.009316
-0.007813 0.984375 -0.007813
255 255 255 255
0.08252 0.615234
0.636719 0.366699
2 0 0 0
1 0 0 0
-0.009958 -0.066947 -0.013895
-0.007813 0.984375 -0.007813
255 255 255 255
0.097656 0.620117
0.640137 0.371094
2 0 0 0
1 0 0 0
0.000016 -0.066981 -0.015661
-0.007813 0.984375 -0.007813
255 255 255 255
0.146973 0.620117
0.650879 0.371094
2 0 0 0
1 0 0 0
-0.015648 -0.066928 -0.010279
-0.007813 0.984375 -0.007813
255 255 255 255
0.067383 0.620117
0.633789 0.371094
2 0 0 0
1 0 0 0
-0.016577 -0.076417 -0.002819
-0.007813 -1.000000 -0.007813
255 255 255 255
0.035156 0.633789
0.626465 0.382813
2 0 0 0
1 0 0 0
-0.019992 -0.076417 -0.003889
-0.007813 -1.000000 -0.007813
255 255 255 255
0.035156 0.629883
0.626465 0.379395
2 0 0 0
1 0 0 0
-0.020803 -0.076416 0.000000
-0.007813 -1.000000 -0.007813
255 255 255 255
0.02002 0.629883
0.623047 0.379395
2 0 0 0
1 0 0 0
-0.018099 -0.076417 -0.007431
-0.007813 -1.000000 -0.007813
255 255 255 255
0.05127 0.629883
0.629883 0.379395
2 0 0 0
1 0 0 0
-0.006862 -0.076418 -0.014841
-0.007813 -1.000000 -0.007813
255 255 255 255
0.113281 0.629883
0.643555 0.379395
2 0 0 0
1 0 0 0
-0.012889 -0.076417 -0.012433
-0.007813 -1.000000 -0.007813
255 255 255 255
0.08252 0.629883
0.636719 0.379395
2 0 0 0
1 0 0 0
-0.010916 -0.076418 -0.009316
-0.007813 -1.000000 -0.007813
255 255 255 255
0.08252 0.633789
0.636719 0.382813
2 0 0 0
1 0 0 0
0.000000 -0.076419 -0.011938
-0.007813 -1.000000 -0.007813
255 255 255 255
0.146973 0.633789
0.650879 0.382813
2 0 0 0
1 0 0 0
0.000000 -0.076419 -0.015661
-0.007813 -1.000000 -0.007813
255 255 255 255
0.146973 0.629883
0.650879 0.379395
2 0 0 0
1 0 0 0
0.020819 -0.067050 0.000000
-0.007813 0.984375 -0.007813
255 255 255 255
0.271484 0.620117
0.678711 0.371094
2 0 0 0
1 0 0 0
0.016594 -0.067036 0.002818
-0.007813 0.984375 -0.007813
255 255 255 255
1.256836 0.615234
0.73291 0.368652
2 0 0 0
1 0 0 0
0.016594 -0.067036 -0.002819
-0.007813 0.984375 -0.007813
255 255 255 255
0.256836 0.615234
0.675293 0.366699
2 0 0 0
1 0 0 0
0.018115 -0.067041 -0.007431
-0.007813 0.984375 -0.007813
255 255 255 255
0.241211 0.620117
0.671875 0.371094
2 0 0 0
1 0 0 0
0.006879 -0.067004 -0.014841
-0.007813 0.984375 -0.007813
255 255 255 255
0.179199 0.620117
0.658203 0.371094
2 0 0 0
1 0 0 0
0.012905 -0.067024 -0.012433
-0.007813 0.984375 -0.007813
255 255 255 255
0.209473 0.620117
0.665039 0.371094
2 0 0 0
1 0 0 0
0.010932 -0.067017 -0.009316
-0.007813 0.984375 -0.007813
255 255 255 255
0.209473 0.615234
0.665039 0.366699
2 0 0 0
1 0 0 0
0.016577 -0.076421 -0.002819
-0.007813 -1.000000 -0.007813
255 255 255 255
0.256836 0.633789
0.675293 0.382813
2 0 0 0
1 0 0 0
0.019992 -0.076422 -0.003889
-0.007813 -1.000000 -0.007813
255 255 255 255
0.256836 0.629883
0.675293 0.379395
2 0 0 0
1 0 0 0
0.018099 -0.076421 -0.007431
-0.007813 -1.000000 -0.007813
255 255 255 255
0.241211 0.629883
0.671875 0.379395
2 0 0 0
1 0 0 0
0.016577 -0.076421 0.002818
-0.007813 -1.000000 -0.007813
255 255 255 255
1.256836 0.633789
0.73291 0.384766
2 0 0 0
1 0 0 0
0.020803 -0.076422 0.000000
-0.007813 -1.000000 -0.007813
255 255 255 255
0.271484 0.629883
0.678711 0.379395
2 0 0 0
1 0 0 0
0.012889 -0.076421 -0.012433
-0.007813 -1.000000 -0.007813
255 255 255 255
0.209473 0.629883
0.665039 0.379395
2 0 0 0
1 0 0 0
0.006862 -0.076420 -0.014841
-0.007813 -1.000000 -0.007813
255 255 255 255
0.179199 0.629883
0.658203 0.379395
2 0 0 0
1 0 0 0
0.010916 -0.076420 -0.009316
-0.007813 -1.000000 -0.007813
255 255 255 255
0.209473 0.633789
0.665039 0.382813
2 0 0 0
1 0 0 0
0.000213 0.202548 0.011983
-0.406250 0.148438 0.882813
255 255 255 255
1.112793 0.883301
0.641113 0.763672
2 0 0 0
1 0 0 0
0.002391 0.189152 0.014550
-0.476563 0.023438 0.859375
255 255 255 255
1.10498 0.901367
0.639648 0.777344
2 0 0 0
1 0 0 0
0.000213 0.202548 -0.011983
-0.406250 0.148438 -0.906250
255 255 255 255
0.112793 0.883301
0.70752 0.755859
2 0 0 0
1 0 0 0
0.027425 0.187178 0.010563
0.710938 -0.046875 0.664063
255 255 255 255
1.280762 0.897461
0.672852 0.774414
2 0 0 0
1 0 0 0
0.023871 0.200356 0.011983
0.437500 0.093750 0.867188
255 255 255 255
1.244629 0.881836
0.666016 0.762695
2 0 0 0
1 0 0 0
0.023871 0.200356 -0.011983
0.437500 0.093750 -0.890625
255 255 255 255
0.244629 0.881836
0.732422 0.754883
2 0 0 0
1 0 0 0
0.031667 0.186936 -0.004312
0.882813 -0.054688 -0.445313
255 255 255 255
0.316895 0.896484
0.746094 0.765625
2 0 0 0
1 0 0 0
0.009466 0.207954 0.013207
-0.125000 0.335938 0.914063
255 255 255 255
1.162598 0.875977
0.650391 0.758301
2 0 0 0
1 0 0 0
0.016340 0.199376 0.015117
0.078125 0.218750 0.953125
255 255 255 255
1.202637 0.886231
0.658203 0.765625
2 0 0 0
1 0 0 0
0.007436 0.200196 0.015117
-0.062500 0.226563 0.953125
255 255 255 255
1.157715 0.886719
0.649414 0.766113
2 0 0 0
1 0 0 0
-0.009690 0.190455 0.000000
-1.000000 0.078125 -0.007813
255 255 255 255
1.007324 0.889648
0.621094 0.768555
2 0 0 0
1 0 0 0
-0.008117 0.207815 0.000000
-0.953125 0.304688 -0.039063
255 255 255 255
1.050781 0.869141
0.629395 0.75293
2 0 0 0
1 0 0 0
-0.001092 0.209894 0.009784
-0.398438 0.406250 0.804688
255 255 255 255
1.109863 0.873535
0.640625 0.756348
2 0 0 0
1 0 0 0
-0.003486 0.212724 0.000000
-0.687500 0.718750 -0.007813
255 255 255 255
1.079102 0.861816
0.634766 0.747559
2 0 0 0
1 0 0 0
0.011463 0.210863 0.012120
-0.187500 0.468750 0.835938
255 255 255 255
1.172363 0.871094
0.652344 0.754395
2 0 0 0
1 0 0 0
0.015824 0.207360 0.013207
0.164063 0.304688 0.914063
255 255 255 255
1.195313 0.875488
0.656738 0.757813
2 0 0 0
1 0 0 0
0.032358 0.187073 0.000000
0.976563 -0.054688 -0.007813
255 255 255 255
1.336426 0.895508
0.683594 0.772949
2 0 0 0
1 0 0 0
0.033081 0.203991 0.000000
0.960938 0.164063 0.015625
255 255 255 255
1.317383 0.87207
0.679688 0.755371
2 0 0 0
1 0 0 0
0.026558 0.207302 0.009784
0.453125 0.320313 0.804688
255 255 255 255
1.251953 0.872559
0.667481 0.755859
2 0 0 0
1 0 0 0
0.028303 0.209822 0.005656
0.765625 0.445313 0.406250
255 255 255 255
1.265625 0.867676
0.669922 0.751953
2 0 0 0
1 0 0 0
0.029436 0.209609 0.000000
0.781250 0.578125 -0.007813
255 255 255 255
1.287598 0.863281
0.674316 0.748535
2 0 0 0
1 0 0 0
0.014404 0.210585 0.012120
0.250000 0.421875 0.835938
255 255 255 255
1.1875 0.870606
0.655273 0.754395
2 0 0 0
1 0 0 0
0.007436 0.200196 -0.015117
-0.062500 0.226563 -0.976563
255 255 255 255
0.157715 0.886719
0.71582 0.758301
2 0 0 0
1 0 0 0
0.016340 0.199376 -0.015117
0.078125 0.218750 -0.976563
255 255 255 255
0.202637 0.886231
0.724121 0.757813
2 0 0 0
1 0 0 0
0.009466 0.207954 -0.013207
-0.125000 0.335938 -0.937500
255 255 255 255
0.162598 0.875977
0.716797 0.750488
2 0 0 0
1 0 0 0
-0.008117 0.207815 0.000000
-0.953125 0.304688 -0.039063
255 255 255 255
0.050781 0.869141
0.695801 0.745117
2 0 0 0
1 0 0 0
-0.009690 0.190455 0.000000
-1.000000 0.078125 -0.007813
255 255 255 255
0.007324 0.889648
0.6875 0.760742
2 0 0 0
1 0 0 0
-0.001092 0.209894 -0.009784
-0.398438 0.406250 -0.828125
255 255 255 255
0.109863 0.873535
0.706543 0.748535
2 0 0 0
1 0 0 0
-0.003486 0.212724 0.000000
-0.687500 0.718750 -0.007813
255 255 255 255
0.079102 0.861816
0.701172 0.739746
2 0 0 0
1 0 0 0
0.011463 0.210863 -0.012121
-0.187500 0.468750 -0.859375
255 255 255 255
0.172363 0.871094
0.71875 0.746582
2 0 0 0
1 0 0 0
0.015824 0.207360 -0.013207
0.164063 0.304688 -0.937500
255 255 255 255
0.195313 0.875488
0.723145 0.75
2 0 0 0
1 0 0 0
0.032358 0.187073 0.000000
0.976563 -0.054688 -0.007813
255 255 255 255
0.336426 0.895508
0.749512 0.765137
2 0 0 0
1 0 0 0
0.033081 0.203991 0.000000
0.960938 0.164063 0.015625
255 255 255 255
0.317383 0.87207
0.746094 0.747559
2 0 0 0
1 0 0 0
0.026558 0.207302 -0.009784
0.453125 0.320313 -0.828125
255 255 255 255
0.251953 0.872559
0.733887 0.748047
2 0 0 0
1 0 0 0
0.029436 0.209609 0.000000
0.781250 0.578125 -0.007813
255 255 255 255
0.287598 0.863281
0.740234 0.740723
2 0 0 0
1 0 0 0
0.014404 0.210585 -0.012121
0.250000 0.421875 -0.859375
255 255 255 255
0.1875 0.870606
0.72168 0.746582
2 0 0 0
1 0 0 0
0.018011 -0.110376 -0.000096
0.984375 -0.007813 -0.007813
255 255 255 255
1.037109 0.939453
0.384766 0.500488
2 0 0 0
1 0 0 0
0.017152 -0.115401 0.002952
0.867188 -0.023438 0.445313
255 255 255 255
1.041992 0.929688
0.385254 0.496094
2 0 0 0
1 0 0 0
0.018011 -0.110376 -0.000096
0.984375 -0.007813 -0.007813
255 255 255 255
0.037109 0.939453
0.342773 0.095703
2 0 0 0
1 0 0 0
0.017227 -0.083115 -0.002926
0.921875 -0.007813 -0.343750
255 255 255 255
0.037109 0.98584
0.342773 0.116699
2 0 0 0
1 0 0 0
0.017152 -0.115401 -0.003131
0.867188 -0.023438 -0.468750
255 255 255 255
0.041992 0.929688
0.342773 0.091309
2 0 0 0
1 0 0 0
-0.020584 -0.083215 -0.000005
-0.914063 -0.015625 -0.421875
255 255 255 255
0.325195 0.985352
0.362793 0.116699
2 0 0 0
1 0 0 0
-0.019656 -0.115497 -0.002191
-0.945313 -0.015625 -0.343750
255 255 255 255
0.310059 0.927246
0.361816 0.089844
2 0 0 0
1 0 0 0
-0.007659 -0.065929 0.014732
-0.328125 -0.093750 0.929688
255 255 255 255
1.444336 0.993652
0.699219 0.507324
2 0 0 0
1 0 0 0
-0.008417 -0.053869 0.014380
-0.484375 0.023438 0.859375
255 255 255 255
1.439453 0.981934
0.698242 0.496094
2 0 0 0
1 0 0 0
-0.015488 -0.051634 0.008753
-0.757813 0.070313 0.632813
255 255 255 255
1.40332 0.979492
0.689453 0.493164
2 0 0 0
1 0 0 0
-0.012348 -0.066757 0.013311
-0.500000 0.054688 0.851563
255 255 255 255
1.425293 0.994629
0.694824 0.508301
2 0 0 0
1 0 0 0
-0.001209 -0.058411 0.016908
0.250000 -0.210938 0.921875
255 255 255 255
1.468262 0.986328
0.705078 0.5
2 0 0 0
1 0 0 0
0.000311 -0.062140 0.015628
0.406250 -0.148438 0.875000
255 255 255 255
1.477051 0.988281
0.70752 0.501953
2 0 0 0
1 0 0 0
-0.019265 -0.067607 0.005369
-0.867188 0.039063 0.484375
255 255 255 255
1.381836 0.996582
0.68457 0.509766
2 0 0 0
1 0 0 0
-0.020783 -0.051602 0.000000
-0.937500 0.000000 0.335938
255 255 255 255
1.358398 0.979004
0.678711 0.493164
2 0 0 0
1 0 0 0
0.001223 -0.059818 0.014615
0.679688 0.023438 0.695313
255 255 255 255
1.479492 0.985352
0.708008 0.499512
2 0 0 0
1 0 0 0
0.019588 -0.051953 0.004759
0.937500 -0.015625 0.281250
255 255 255 255
1.567383 0.979492
0.729004 0.493652
2 0 0 0
1 0 0 0
0.020952 -0.067899 0.000000
0.937500 -0.015625 0.265625
255 255 255 255
1.588379 0.996582
0.733887 0.509766
2 0 0 0
1 0 0 0
0.009105 -0.053514 -0.012585
0.390625 0.132813 -0.906250
255 255 255 255
1.513672 0.981445
0.65918 0.410645
2 0 0 0
1 0 0 0
0.008846 -0.066535 -0.014165
0.531250 0.062500 -0.835938
255 255 255 255
1.507813 0.994141
0.657715 0.422852
2 0 0 0
1 0 0 0
0.016244 -0.067891 -0.008296
0.648438 0.015625 -0.757813
255 255 255 255
1.546875 0.996582
0.666992 0.425293
2 0 0 0
1 0 0 0
0.019588 -0.051953 -0.004759
0.664063 0.007813 -0.734375
255 255 255 255
1.567383 0.979492
0.671875 0.408691
2 0 0 0
1 0 0 0
0.005219 -0.055799 -0.013918
0.101563 0.304688 -0.945313
255 255 255 255
1.498047 0.983398
0.655273 0.412598
2 0 0 0
1 0 0 0
0.002940 -0.063183 -0.016914
-0.046875 0.375000 -0.921875
255 255 255 255
1.485352 0.990723
0.652344 0.419434
2 0 0 0
1 0 0 0
0.001223 -0.059818 -0.014616
-0.351563 0.468750 -0.812500
255 255 255 255
1.479492 0.985352
0.650879 0.414551
2 0 0 0
1 0 0 0
0.024700 0.199650 0.010671
0.531250 0.000000 0.820313
255 255 255 255
1.53125 0.959473
0.729004 0.65332
2 0 0 0
1 0 0 0
0.026747 0.184644 0.008493
0.703125 -0.039063 0.671875
255 255 255 255
1.546875 0.975586
0.73291 0.668945
2 0 0 0
1 0 0 0
0.030772 0.199540 0.004507
0.820313 -0.046875 0.531250
255 255 255 255
1.567383 0.958984
0.737793 0.652832
2 0 0 0
1 0 0 0
0.030105 0.184353 0.004503
0.882813 -0.054688 0.414063
255 255 255 255
1.566895 0.976074
0.737793 0.668945
2 0 0 0
1 0 0 0
0.015581 0.187979 0.015123
0.156250 0.164063 0.953125
255 255 255 255
1.492676 0.97168
0.719727 0.665039
2 0 0 0
1 0 0 0
0.016546 0.196824 0.012968
-0.101563 0.289063 0.929688
255 255 255 255
1.498047 0.962402
0.721191 0.65625
2 0 0 0
1 0 0 0
0.012442 0.193270 0.012784
-0.421875 0.492188 0.734375
255 255 255 255
1.479492 0.964844
0.716797 0.658691
2 0 0 0
1 0 0 0
0.003857 0.199140 -0.012651
-0.414063 0.039063 -0.914063
255 255 255 255
1.439453 0.961426
0.706543 0.544922
2 0 0 0
1 0 0 0
-0.000745 0.201001 -0.010458
-0.539063 0.078125 -0.851563
255 255 255 255
1.419922 0.959473
0.702148 0.542969
2 0 0 0
1 0 0 0
-0.000945 0.187599 -0.011643
-0.421875 0.054688 -0.914063
255 255 255 255
1.425293 0.974121
0.703125 0.556152
2 0 0 0
1 0 0 0
0.010225 0.194776 -0.014789
0.218750 -0.210938 -0.953125
255 255 255 255
1.468262 0.96582
0.712891 0.548828
2 0 0 0
1 0 0 0
-0.005954 0.202448 -0.004899
-0.898438 0.070313 -0.445313
255 255 255 255
1.383789 0.958984
0.693848 0.542481
2 0 0 0
1 0 0 0
-0.007584 0.187264 -0.004696
-0.875000 0.085938 -0.484375
255 255 255 255
1.381836 0.976074
0.693359 0.558106
2 0 0 0
1 0 0 0
0.012442 0.193270 -0.012784
0.648438 -0.023438 -0.750000
255 255 255 255
1.479492 0.964844
0.71582 0.547852
2 0 0 0
1 0 0 0
0.026114 0.169787 0.007916
0.687500 -0.039063 0.695313
255 255 255 255
1.546875 0.975586
0.731445 0.646484
2 0 0 0
1 0 0 0
0.019152 0.171584 0.013463
0.460938 0.023438 0.859375
255 255 255 255
1.507813 0.973633
0.722656 0.644043
2 0 0 0
1 0 0 0
0.020350 0.183955 0.012042
0.304688 0.109375 0.921875
255 255 255 255
1.513672 0.960938
0.724121 0.632324
2 0 0 0
1 0 0 0
0.030116 0.184719 0.004340
0.781250 -0.046875 0.585938
255 255 255 255
1.567383 0.958984
0.736328 0.630859
2 0 0 0
1 0 0 0
0.014887 0.173204 0.015147
0.242188 0.156250 0.929688
255 255 255 255
1.492676 0.97168
0.71875 0.642578
2 0 0 0
1 0 0 0
0.015887 0.182047 0.012921
0.007813 0.289063 0.937500
255 255 255 255
1.498047 0.962402
0.720215 0.634277
2 0 0 0
1 0 0 0
0.011089 0.178497 0.013151
-0.320313 0.484375 0.789063
255 255 255 255
1.479492 0.964844
0.71582 0.636231
2 0 0 0
1 0 0 0
0.001873 0.184818 -0.012939
-0.445313 0.054688 -0.898438
255 255 255 255
1.439453 0.961426
0.767578 0.567383
2 0 0 0
1 0 0 0
0.001762 0.173293 -0.013256
-0.304688 -0.070313 -0.960938
255 255 255 255
1.444336 0.973145
0.768555 0.578125
2 0 0 0
1 0 0 0
-0.002990 0.172826 -0.011978
-0.453125 0.085938 -0.890625
255 255 255 255
1.425293 0.974121
0.76416 0.579102
2 0 0 0
1 0 0 0
-0.005041 0.187430 -0.007876
-0.718750 0.125000 -0.695313
255 255 255 255
1.40332 0.958984
0.759277 0.564941
2 0 0 0
1 0 0 0
0.008758 0.180003 -0.015214
0.218750 -0.210938 -0.953125
255 255 255 255
1.468262 0.96582
0.774414 0.571289
2 0 0 0
1 0 0 0
-0.010336 0.187823 0.000000
-0.921875 0.070313 -0.390625
255 255 255 255
1.358398 0.958496
0.748535 0.564453
2 0 0 0
1 0 0 0
-0.009971 0.172491 -0.004831
-0.843750 0.101563 -0.546875
255 255 255 255
1.381836 0.976074
0.754395 0.580566
2 0 0 0
1 0 0 0
0.011089 0.178497 -0.013151
0.640625 -0.023438 -0.757813
255 255 255 255
1.479492 0.964844
0.776856 0.570313
2 0 0 0
1 0 0 0
-0.007659 -0.052175 0.014732
-0.328125 -0.093750 0.929688
255 255 255 255
1.444336 0.993652
0.700684 0.46582
2 0 0 0
1 0 0 0
-0.008417 -0.040115 0.014380
-0.484375 0.023438 0.859375
255 255 255 255
1.439453 0.981934
0.699707 0.45459
2 0 0 0
1 0 0 0
-0.015488 -0.037879 0.008753
-0.757813 0.070313 0.632813
255 255 255 255
1.40332 0.979492
0.690918 0.45166
2 0 0 0
1 0 0 0
-0.012348 -0.053003 0.013311
-0.500000 0.054688 0.851563
255 255 255 255
1.425293 0.994629
0.696289 0.466797
2 0 0 0
1 0 0 0
-0.001209 -0.044657 0.016908
0.250000 -0.210938 0.921875
255 255 255 255
1.468262 0.986328
0.706543 0.458496
2 0 0 0
1 0 0 0
0.000311 -0.048386 0.015628
0.406250 -0.148438 0.875000
255 255 255 255
1.477051 0.988281
0.708496 0.460449
2 0 0 0
1 0 0 0
-0.019265 -0.053853 0.005369
-0.867188 0.039063 0.484375
255 255 255 255
1.381836 0.996582
0.685547 0.468262
2 0 0 0
1 0 0 0
-0.020783 -0.037847 0.000000
-0.937500 0.000000 0.335938
255 255 255 255
1.358398 0.979004
0.680176 0.45166
2 0 0 0
1 0 0 0
0.001223 -0.046064 0.014615
0.679688 0.023438 0.695313
255 255 255 255
1.479492 0.985352
0.708984 0.458008
2 0 0 0
1 0 0 0
0.019588 -0.038199 0.004759
0.937500 -0.015625 0.281250
255 255 255 255
1.567383 0.979492
0.730469 0.452148
2 0 0 0
1 0 0 0
0.020952 -0.054145 0.000000
0.937500 -0.015625 0.265625
255 255 255 255
1.588379 0.996582
0.735352 0.468262
2 0 0 0
1 0 0 0
0.009105 -0.039759 -0.012585
0.390625 0.132813 -0.906250
255 255 255 255
1.513672 0.981445
0.658691 0.391602
2 0 0 0
1 0 0 0
0.008846 -0.052781 -0.014165
0.531250 0.062500 -0.835938
255 255 255 255
1.507813 0.994141
0.657227 0.403809
2 0 0 0
1 0 0 0
0.016244 -0.054137 -0.008296
0.648438 0.015625 -0.757813
255 255 255 255
1.546875 0.996582
0.666504 0.405762
2 0 0 0
1 0 0 0
0.019588 -0.038199 -0.004759
0.664063 0.007813 -0.734375
255 255 255 255
1.567383 0.979492
0.671387 0.389648
2 0 0 0
1 0 0 0
0.005219 -0.042045 -0.013918
0.101563 0.304688 -0.945313
255 255 255 255
1.498047 0.983398
0.654785 0.393066
2 0 0 0
1 0 0 0
0.002940 -0.049428 -0.016914
-0.046875 0.375000 -0.921875
255 255 255 255
1.485352 0.990723
0.651367 0.400391
2 0 0 0
1 0 0 0
0.001223 -0.046064 -0.014616
-0.351563 0.468750 -0.812500
255 255 255 255
1.479492 0.985352
0.650391 0.395508
2 0 0 0
1 0 0 0
0.009092 -0.039704 0.014252
0.609375 -0.015625 0.757813
255 255 255 255
1.507813 0.973633
0.654785 0.507324
2 0 0 0
1 0 0 0
0.009239 -0.026672 0.014286
0.570313 -0.023438 0.789063
255 255 255 255
1.513672 0.960938
0.65625 0.495117
2 0 0 0
1 0 0 0
0.019584 -0.041133 0.004878
0.867188 -0.015625 0.453125
255 255 255 255
1.566895 0.976074
0.669434 0.509766
2 0 0 0
1 0 0 0
0.005277 -0.038946 0.016672
0.492188 -0.015625 0.843750
255 255 255 255
1.492676 0.97168
0.650879 0.505859
2 0 0 0
1 0 0 0
0.001452 -0.033397 0.016451
-0.304688 0.226563 0.906250
255 255 255 255
1.479492 0.964844
0.647949 0.499023
2 0 0 0
1 0 0 0
0.003270 -0.037088 0.017723
-0.023438 0.125000 0.968750
255 255 255 255
1.485352 0.969727
0.649414 0.503906
2 0 0 0
1 0 0 0
0.000599 -0.035904 0.016829
-0.273438 0.210938 0.921875
255 255 255 255
1.477051 0.967773
0.647461 0.501953
2 0 0 0
1 0 0 0
0.003296 -0.036327 -0.018414
-0.046875 0.218750 -0.976563
255 255 255 255
1.485352 0.969727
0.650391 0.481445
2 0 0 0
1 0 0 0
0.001950 -0.032955 -0.017462
-0.187500 0.312500 -0.929688
255 255 255 255
1.479492 0.964844
0.648926 0.476563
2 0 0 0
1 0 0 0
-0.008178 -0.013811 0.015022
-0.500000 0.007813 0.851563
255 255 255 255
1.439453 0.94043
0.641113 0.432617
2 0 0 0
1 0 0 0
-0.015323 -0.011512 0.009168
-0.773438 0.062500 0.625000
255 255 255 255
1.40332 0.937988
0.632324 0.429688
2 0 0 0
1 0 0 0
-0.012178 -0.026663 0.013643
-0.507813 0.046875 0.843750
255 255 255 255
1.425293 0.953125
0.637695 0.444824
2 0 0 0
1 0 0 0
-0.000934 -0.018417 0.017552
0.250000 -0.242188 0.914063
255 255 255 255
1.468262 0.944824
0.648438 0.436523
2 0 0 0
1 0 0 0
-0.019119 -0.027451 0.005492
-0.859375 0.031250 0.500000
255 255 255 255
1.381836 0.955078
0.627441 0.446777
2 0 0 0
1 0 0 0
-0.020679 -0.011432 -0.000005
-0.945313 0.031250 0.320313
255 255 255 255
1.358398 0.937988
0.621582 0.429688
2 0 0 0
1 0 0 0
0.013451 -0.012488 0.010729
0.656250 -0.023438 0.718750
255 255 255 255
1.53125 0.938477
0.663574 0.430664
2 0 0 0
1 0 0 0
0.016490 -0.028054 0.008479
0.656250 -0.007813 0.726563
255 255 255 255
1.546875 0.955078
0.667481 0.446777
2 0 0 0
1 0 0 0
0.009089 -0.026631 0.014518
0.609375 -0.023438 0.757813
255 255 255 255
1.507813 0.952637
0.658203 0.444336
2 0 0 0
1 0 0 0
0.010636 -0.013951 0.013658
0.609375 -0.054688 0.757813
255 255 255 255
1.513672 0.939941
0.659668 0.431641
2 0 0 0
1 0 0 0
0.001503 -0.019846 0.015139
0.687500 0.007813 0.687500
255 255 255 255
1.479492 0.944336
0.650879 0.436035
2 0 0 0
1 0 0 0
0.005136 -0.025178 0.016840
0.453125 -0.062500 0.867188
255 255 255 255
1.492676 0.950684
0.654297 0.442383
2 0 0 0
1 0 0 0
0.002927 -0.017970 0.016962
-0.101563 0.070313 0.968750
255 255 255 255
1.48877 0.942871
0.65332 0.435059
2 0 0 0
1 0 0 0
0.021630 -0.012176 -0.000010
0.921875 -0.015625 0.320313
255 255 255 255
1.588379 0.937988
0.677734 0.429688
2 0 0 0
1 0 0 0
0.021808 -0.028104 -0.000009
0.906250 0.000000 0.367188
255 255 255 255
1.588379 0.955078
0.677734 0.446777
2 0 0 0
1 0 0 0
0.003273 -0.023364 -0.018082
-0.203125 0.492188 -0.843750
255 255 255 255
1.485352 0.949219
0.711914 0.418945
2 0 0 0
1 0 0 0
0.002584 -0.020284 -0.016070
-0.210938 0.500000 -0.835938
255 255 255 255
1.479492 0.944336
0.710449 0.414551
2 0 0 0
1 0 0 0
-0.007991 -0.000660 0.015237
-0.500000 0.015625 0.851563
255 255 255 255
1.439453 0.981934
0.701172 0.38916
2 0 0 0
1 0 0 0
-0.015179 0.001671 0.009288
-0.773438 0.070313 0.617188
255 255 255 255
1.40332 0.979492
0.691895 0.386719
2 0 0 0
1 0 0 0
-0.012071 -0.013494 0.013911
-0.507813 0.054688 0.843750
255 255 255 255
1.425293 0.994629
0.697754 0.401367
2 0 0 0
1 0 0 0
-0.000712 -0.005298 0.017840
0.250000 -0.242188 0.914063
255 255 255 255
1.468262 0.986328
0.708008 0.393555
2 0 0 0
1 0 0 0
-0.019061 -0.014251 0.005602
-0.859375 0.039063 0.500000
255 255 255 255
1.381836 0.996582
0.687012 0.40332
2 0 0 0
1 0 0 0
-0.020576 0.001774 -0.000006
-0.945313 0.031250 0.320313
255 255 255 255
1.358398 0.979004
0.681152 0.386231
2 0 0 0
1 0 0 0
0.013811 0.000566 0.010875
0.632813 0.000000 0.742188
255 255 255 255
1.53125 0.979981
0.723633 0.387207
2 0 0 0
1 0 0 0
0.009343 -0.013558 0.014802
0.585938 -0.007813 0.781250
255 255 255 255
1.507813 0.994141
0.717773 0.400879
2 0 0 0
1 0 0 0
0.009496 -0.000825 0.014600
0.468750 0.031250 0.851563
255 255 255 255
1.513672 0.981445
0.719238 0.388672
2 0 0 0
1 0 0 0
0.001737 -0.006739 0.015398
0.695313 0.007813 0.687500
255 255 255 255
1.479492 0.985352
0.710938 0.392578
2 0 0 0
1 0 0 0
0.020083 -0.015080 0.005088
0.875000 -0.023438 0.437500
255 255 255 255
1.566895 0.996582
0.732422 0.40332
2 0 0 0
1 0 0 0
0.005371 -0.012086 0.017162
0.375000 0.054688 0.898438
255 255 255 255
1.492676 0.992188
0.713867 0.398926
2 0 0 0
1 0 0 0
0.003447 -0.010126 -0.018261
-0.296875 0.382813 -0.875000
255 255 255 255
1.485352 0.990723
0.650879 0.461426
2 0 0 0
1 0 0 0
0.001959 -0.006738 -0.016090
-0.398438 0.453125 -0.796875
255 255 255 255
1.479492 0.985352
0.649414 0.456543
2 0 0 0
1 0 0 0
0.017159 -0.001973 0.008777
0.656250 -0.007813 0.718750
255 255 255 255
1.546875 0.975586
0.664551 0.533691
2 0 0 0
1 0 0 0
0.009668 -0.000485 0.015011
0.546875 0.046875 0.804688
255 255 255 255
1.507813 0.973633
0.655273 0.531738
2 0 0 0
1 0 0 0
0.010225 0.012530 0.013419
0.406250 0.125000 0.875000
255 255 255 255
1.513672 0.960938
0.656738 0.519043
2 0 0 0
1 0 0 0
0.020996 0.013902 0.005071
0.789063 -0.023438 0.570313
255 255 255 255
1.567383 0.958984
0.669922 0.51709
2 0 0 0
1 0 0 0
0.006199 0.010314 0.014835
0.117188 0.312500 0.914063
255 255 255 255
1.498047 0.962402
0.652832 0.520996
2 0 0 0
1 0 0 0
0.002034 0.006368 0.015557
-0.343750 0.492188 0.773438
255 255 255 255
1.479492 0.964844
0.647949 0.523438
2 0 0 0
1 0 0 0
0.003721 0.002974 0.017969
-0.039063 0.390625 0.898438
255 255 255 255
1.485352 0.969727
0.649414 0.52832
2 0 0 0
1 0 0 0
0.022429 -0.002066 -0.000006
0.914063 -0.015625 0.335938
255 255 255 255
1.588379 0.976074
0.674805 0.53418
2 0 0 0
1 0 0 0
0.003721 0.002974 -0.018454
-0.265625 0.453125 -0.851563
255 255 255 255
1.485352 0.969727
0.712402 0.441895
2 0 0 0
1 0 0 0
0.002034 0.006368 -0.015955
-0.351563 0.500000 -0.789063
255 255 255 255
1.479492 0.964844
0.710938 0.437012
2 0 0 0
1 0 0 0
0.017575 0.011065 0.008841
0.656250 0.000000 0.718750
255 255 255 255
1.546875 0.955078
0.731445 0.534668
2 0 0 0
1 0 0 0
0.010041 0.012587 0.015105
0.546875 0.054688 0.804688
255 255 255 255
1.507813 0.952637
0.72168 0.532227
2 0 0 0
1 0 0 0
0.010622 0.025599 0.013365
0.406250 0.132813 0.875000
255 255 255 255
1.513672 0.939941
0.723145 0.52002
2 0 0 0
1 0 0 0
0.021406 0.026924 0.005045
0.789063 -0.015625 0.578125
255 255 255 255
1.567383 0.937988
0.736328 0.518066
2 0 0 0
1 0 0 0
0.006584 0.023401 0.014804
0.117188 0.320313 0.914063
255 255 255 255
1.498047 0.941895
0.719238 0.521484
2 0 0 0
1 0 0 0
0.002392 0.019473 0.015574
-0.343750 0.500000 0.773438
255 255 255 255
1.479492 0.944336
0.714844 0.523926
2 0 0 0
1 0 0 0
0.004073 0.016071 0.018036
-0.031250 0.398438 0.890625
255 255 255 255
1.485352 0.949219
0.716309 0.528809
2 0 0 0
1 0 0 0
0.022991 0.010951 -0.000003
0.906250 -0.007813 0.351563
255 255 255 255
1.588379 0.955078
0.741699 0.535156
2 0 0 0
1 0 0 0
0.004073 0.016071 -0.018521
-0.257813 0.468750 -0.843750
255 255 255 255
1.485352 0.949219
0.710449 0.48291
2 0 0 0
1 0 0 0
0.002392 0.019473 -0.015973
-0.351563 0.515625 -0.781250
255 255 255 255
1.479492 0.944336
0.708984 0.478027
2 0 0 0
1 0 0 0
0.017988 0.024102 0.008817
0.656250 0.007813 0.718750
255 255 255 255
1.546875 0.996582
0.671387 0.626465
2 0 0 0
1 0 0 0
0.010438 0.025657 0.015043
0.546875 0.062500 0.804688
255 255 255 255
1.507813 0.994141
0.662109 0.624023
2 0 0 0
1 0 0 0
0.011011 0.038667 0.013137
0.398438 0.148438 0.875000
255 255 255 255
1.513672 0.981445
0.663574 0.611816
2 0 0 0
1 0 0 0
0.021728 0.039944 0.004952
0.789063 -0.007813 0.578125
255 255 255 255
1.567383 0.979492
0.676758 0.609863
2 0 0 0
1 0 0 0
0.006993 0.036486 0.014587
0.117188 0.328125 0.914063
255 255 255 255
1.498047 0.983398
0.659668 0.613281
2 0 0 0
1 0 0 0
0.002802 0.032577 0.015409
-0.335938 0.507813 0.765625
255 255 255 255
1.479492 0.985352
0.654785 0.615723
2 0 0 0
1 0 0 0
0.004471 0.029167 0.017905
-0.031250 0.406250 0.890625
255 255 255 255
1.485352 0.990723
0.65625 0.620606
2 0 0 0
1 0 0 0
0.023460 0.023966 -0.000001
0.906250 0.000000 0.367188
255 255 255 255
1.588379 0.996582
0.681641 0.626465
2 0 0 0
1 0 0 0
0.004471 0.029167 -0.018387
-0.250000 0.476563 -0.843750
255 255 255 255
1.485352 0.990723
0.777832 0.641113
2 0 0 0
1 0 0 0
0.002802 0.032577 -0.015806
-0.343750 0.523438 -0.781250
255 255 255 255
1.479492 0.985352
0.776367 0.636231
2 0 0 0
1 0 0 0
0.018349 0.037137 0.008682
0.648438 0.023438 0.726563
255 255 255 255
1.546875 0.975586
0.794922 0.736328
2 0 0 0
1 0 0 0
0.010828 0.038725 0.014786
0.539063 0.078125 0.812500
255 255 255 255
1.507813 0.973633
0.785645 0.733887
2 0 0 0
1 0 0 0
0.011355 0.051732 0.012701
0.390625 0.164063 0.875000
255 255 255 255
1.513672 0.960938
0.787109 0.72168
2 0 0 0
1 0 0 0
0.021899 0.052962 0.004780
0.781250 0.000000 0.585938
255 255 255 255
1.567383 0.958984
0.800293 0.719727
2 0 0 0
1 0 0 0
0.007398 0.049569 0.014144
0.117188 0.335938 0.906250
255 255 255 255
1.498047 0.962402
0.783203 0.723633
2 0 0 0
1 0 0 0
0.003252 0.045678 0.015019
-0.335938 0.515625 0.765625
255 255 255 255
1.479492 0.964844
0.778809 0.726074
2 0 0 0
1 0 0 0
0.004899 0.042262 0.017526
-0.031250 0.414063 0.882813
255 255 255 255
1.485352 0.969727
0.780273 0.730469
2 0 0 0
1 0 0 0
0.023920 0.036980 0.000002
0.898438 0.015625 0.382813
255 255 255 255
1.588379 0.976074
0.805176 0.736816
2 0 0 0
1 0 0 0
-0.006265 0.051928 -0.014852
-0.507813 0.078125 -0.867188
255 255 255 255
1.439453 0.961426
0.769531 0.545898
2 0 0 0
1 0 0 0
-0.010795 0.039170 -0.014143
-0.515625 0.109375 -0.859375
255 255 255 255
1.425293 0.974121
0.766113 0.558594
2 0 0 0
1 0 0 0
-0.013241 0.054385 -0.008882
-0.765625 0.125000 -0.640625
255 255 255 255
1.40332 0.958984
0.760254 0.543457
2 0 0 0
1 0 0 0
0.000833 0.047161 -0.017795
0.250000 -0.195313 -0.953125
255 255 255 255
1.468262 0.96582
0.776367 0.550293
2 0 0 0
1 0 0 0
-0.018531 0.054583 -0.000016
-0.937500 0.054688 -0.351563
255 255 255 255
1.358398 0.958496
0.749512 0.543457
2 0 0 0
1 0 0 0
-0.017883 0.038538 -0.005652
-0.867188 0.093750 -0.500000
255 255 255 255
1.381836 0.976074
0.755371 0.560059
2 0 0 0
1 0 0 0
0.003252 0.045678 -0.015412
0.695313 0.031250 -0.703125
255 255 255 255
1.479492 0.964844
0.779297 0.549316
2 0 0 0
1 0 0 0
0.018462 0.050170 0.008296
0.648438 -0.007813 0.734375
255 255 255 255
1.546875 0.955078
0.671875 0.602051
2 0 0 0
1 0 0 0
0.011118 0.051791 0.014165
0.531250 0.039063 0.812500
255 255 255 255
1.507813 0.952637
0.662598 0.600098
2 0 0 0
1 0 0 0
0.011845 0.064795 0.012585
0.390625 0.117188 0.882813
255 255 255 255
1.513672 0.939941
0.664063 0.587891
2 0 0 0
1 0 0 0
0.022377 0.065977 0.004759
0.781250 -0.031250 0.585938
255 255 255 255
1.567383 0.937988
0.677246 0.585938
2 0 0 0
1 0 0 0
0.007880 0.062650 0.013918
0.117188 0.296875 0.921875
255 255 255 255
1.498047 0.941895
0.660156 0.589356
2 0 0 0
1 0 0 0
0.003741 0.058777 0.014615
-0.335938 0.484375 0.789063
255 255 255 255
1.479492 0.944336
0.655762 0.591797
2 0 0 0
1 0 0 0
0.005336 0.055354 0.016914
-0.031250 0.375000 0.898438
255 255 255 255
1.485352 0.949219
0.657227 0.59668
2 0 0 0
1 0 0 0
0.023783 0.049992 0.000000
0.906250 -0.015625 0.375000
255 255 255 255
1.588379 0.955078
0.682129 0.602539
2 0 0 0
1 0 0 0
-0.005678 0.065069 -0.014380
-0.484375 0.039063 -0.882813
255 255 255 255
1.439453 0.94043
0.768555 0.678223
2 0 0 0
1 0 0 0
-0.005355 0.052990 -0.014732
-0.328125 -0.085938 -0.953125
255 255 255 255
1.444336 0.952148
0.77002 0.689453
2 0 0 0
1 0 0 0
-0.010071 0.052331 -0.013312
-0.492188 0.078125 -0.875000
255 255 255 255
1.425293 0.953125
0.765137 0.690918
2 0 0 0
1 0 0 0
-0.012665 0.067558 -0.008753
-0.757813 0.093750 -0.656250
255 255 255 255
1.40332 0.937988
0.759766 0.675781
2 0 0 0
1 0 0 0
0.002746 0.056490 -0.015629
0.398438 -0.164063 -0.898438
255 255 255 255
1.477051 0.946777
0.777832 0.68457
2 0 0 0
1 0 0 0
0.001362 0.060271 -0.016909
0.242188 -0.218750 -0.945313
255 255 255 255
1.468262 0.944824
0.775391 0.682617
2 0 0 0
1 0 0 0
-0.017954 0.067780 0.000000
-0.937500 0.031250 -0.359375
255 255 255 255
1.358398 0.937988
0.749023 0.675781
2 0 0 0
1 0 0 0
-0.017013 0.051730 -0.005369
-0.867188 0.070313 -0.507813
255 255 255 255
1.381836 0.955078
0.754883 0.692383
2 0 0 0
1 0 0 0
0.003741 0.058777 -0.014616
0.679688 0.000000 -0.718750
255 255 255 255
1.479492 0.944336
0.77832 0.681641
2 0 0 0
1 0 0 0
0.022989 0.078990 0.004759
0.937500 -0.007813 0.281250
255 255 255 255
1.567383 0.979492
0.681641 0.72168
2 0 0 0
1 0 0 0
0.024449 0.063002 0.000000
0.937500 -0.007813 0.265625
255 255 255 255
1.588379 0.996582
0.686523 0.738281
2 0 0 0
1 0 0 0
-0.005070 0.078208 -0.014380
-0.484375 0.039063 -0.882813
255 255 255 255
1.439453 0.981934
0.64502 0.652344
2 0 0 0
1 0 0 0
-0.004801 0.066128 -0.014732
-0.328125 -0.085938 -0.953125
255 255 255 255
1.444336 0.993652
0.646484 0.663574
2 0 0 0
1 0 0 0
-0.009520 0.065490 -0.013312
-0.492188 0.078125 -0.875000
255 255 255 255
1.425293 0.994629
0.641602 0.664551
2 0 0 0
1 0 0 0
-0.012045 0.080728 -0.008753
-0.757813 0.101563 -0.656250
255 255 255 255
1.40332 0.979492
0.636231 0.649414
2 0 0 0
1 0 0 0
0.003316 0.069591 -0.015629
0.398438 -0.164063 -0.898438
255 255 255 255
1.477051 0.988281
0.654297 0.658203
2 0 0 0
1 0 0 0
0.001948 0.073379 -0.016909
0.242188 -0.218750 -0.945313
255 255 255 255
1.468262 0.986328
0.651856 0.65625
2 0 0 0
1 0 0 0
-0.017334 0.080975 0.000000
-0.937500 0.039063 -0.359375
255 255 255 255
1.358398 0.979004
0.625488 0.649414
2 0 0 0
1 0 0 0
-0.016465 0.064920 -0.005369
-0.867188 0.078125 -0.507813
255 255 255 255
1.381836 0.996582
0.631348 0.666016
2 0 0 0
1 0 0 0
0.004321 0.071874 -0.014616
0.679688 0.000000 -0.718750
255 255 255 255
1.479492 0.985352
0.654785 0.655762
2 0 0 0
1 0 0 0
0.023660 0.092000 0.004759
0.937500 -0.023438 0.281250
255 255 255 255
1.567383 0.958984
0.800293 0.65332
2 0 0 0
1 0 0 0
0.024920 0.076009 0.000000
0.937500 -0.023438 0.265625
255 255 255 255
1.588379 0.976074
0.805176 0.669922
2 0 0 0
1 0 0 0
-0.004402 0.091345 -0.014380
-0.484375 0.039063 -0.882813
255 255 255 255
1.439453 0.961426
0.647461 0.677734
2 0 0 0
1 0 0 0
-0.004188 0.079263 -0.014732
-0.328125 -0.085938 -0.953125
255 255 255 255
1.444336 0.973145
0.648926 0.688965
2 0 0 0
1 0 0 0
-0.008909 0.078646 -0.013312
-0.492188 0.078125 -0.875000
255 255 255 255
1.425293 0.974121
0.644531 0.689941
2 0 0 0
1 0 0 0
-0.011366 0.093896 -0.008753
-0.757813 0.101563 -0.656250
255 255 255 255
1.40332 0.958984
0.63916 0.674805
2 0 0 0
1 0 0 0
0.003945 0.082690 -0.015629
0.398438 -0.164063 -0.898438
255 255 255 255
1.477051 0.967773
0.656738 0.683594
2 0 0 0
1 0 0 0
0.002594 0.086484 -0.016909
0.242188 -0.218750 -0.945313
255 255 255 255
1.468262 0.96582
0.654785 0.681641
2 0 0 0
1 0 0 0
-0.016654 0.094166 0.000000
-0.937500 0.039063 -0.359375
255 255 255 255
1.358398 0.958496
0.62793 0.674805
2 0 0 0
1 0 0 0
-0.015857 0.078108 -0.005369
-0.867188 0.078125 -0.507813
255 255 255 255
1.381836 0.976074
0.633789 0.691406
2 0 0 0
1 0 0 0
0.004960 0.084968 -0.014616
0.679688 -0.007813 -0.718750
255 255 255 255
1.479492 0.964844
0.657227 0.681152
2 0 0 0
1 0 0 0
0.020261 0.089254 0.008296
0.648438 -0.023438 0.734375
255 255 255 255
1.546875 0.955078
0.733398 0.690918
2 0 0 0
1 0 0 0
0.012940 0.090974 0.014165
0.531250 0.031250 0.812500
255 255 255 255
1.507813 0.952637
0.724121 0.688965
2 0 0 0
1 0 0 0
0.013842 0.103967 0.012585
0.390625 0.117188 0.882813
255 255 255 255
1.513672 0.939941
0.725098 0.676758
2 0 0 0
1 0 0 0
0.024389 0.105007 0.004759
0.781250 -0.039063 0.585938
255 255 255 255
1.567383 0.937988
0.738281 0.674805
2 0 0 0
1 0 0 0
0.009848 0.101876 0.013918
0.125000 0.296875 0.921875
255 255 255 255
1.498047 0.941895
0.72168 0.678223
2 0 0 0
1 0 0 0
0.005658 0.098059 0.014615
-0.328125 0.484375 0.789063
255 255 255 255
1.479492 0.944336
0.716797 0.680664
2 0 0 0
1 0 0 0
0.007206 0.094615 0.016914
-0.023438 0.375000 0.898438
255 255 255 255
1.485352 0.949219
0.718262 0.685547
2 0 0 0
1 0 0 0
0.025564 0.089013 0.000000
0.906250 -0.031250 0.367188
255 255 255 255
1.588379 0.955078
0.743164 0.691406
2 0 0 0
1 0 0 0
-0.003676 0.104478 -0.014380
-0.484375 0.046875 -0.882813
255 255 255 255
1.439453 0.94043
0.768555 0.700195
2 0 0 0
1 0 0 0
-0.003515 0.092395 -0.014732
-0.328125 -0.078125 -0.953125
255 255 255 255
1.444336 0.952148
0.77002 0.711426
2 0 0 0
1 0 0 0
-0.008240 0.091800 -0.013312
-0.492188 0.078125 -0.875000
255 255 255 255
1.425293 0.953125
0.765625 0.712402
2 0 0 0
1 0 0 0
-0.010628 0.107060 -0.008753
-0.757813 0.109375 -0.656250
255 255 255 255
1.40332 0.937988
0.760254 0.697754
2 0 0 0
1 0 0 0
0.004632 0.095785 -0.015629
0.398438 -0.164063 -0.898438
255 255 255 255
1.477051 0.946777
0.777832 0.706055
2 0 0 0
1 0 0 0
0.003298 0.099585 -0.016909
0.242188 -0.218750 -0.945313
255 255 255 255
1.468262 0.944824
0.775879 0.704102
2 0 0 0
1 0 0 0
-0.015915 0.107354 0.000000
-0.937500 0.046875 -0.359375
255 255 255 255
1.358398 0.937988
0.749023 0.697266
2 0 0 0
1 0 0 0
-0.015190 0.091293 -0.005369
-0.867188 0.085938 -0.507813
255 255 255 255
1.381836 0.955078
0.754883 0.714356
2 0 0 0
1 0 0 0
0.005658 0.098059 -0.014616
0.679688 -0.007813 -0.718750
255 255 255 255
1.479492 0.944336
0.77832 0.703613
2 0 0 0
1 0 0 0
0.020978 0.102276 0.008296
0.648438 -0.023438 0.734375
255 255 255 255
1.546875 0.996582
0.672363 0.580566
2 0 0 0
1 0 0 0
0.013664 0.104029 0.014165
0.531250 0.031250 0.812500
255 255 255 255
1.507813 0.994141
0.663086 0.578613
2 0 0 0
1 0 0 0
0.014625 0.117018 0.012585
0.390625 0.109375 0.882813
255 255 255 255
1.513672 0.981445
0.664551 0.565918
2 0 0 0
1 0 0 0
0.025177 0.118011 0.004759
0.781250 -0.039063 0.585938
255 255 255 255
1.567383 0.979492
0.677734 0.564453
2 0 0 0
1 0 0 0
0.010622 0.114945 0.013918
0.125000 0.296875 0.921875
255 255 255 255
1.498047 0.983398
0.660645 0.567871
2 0 0 0
1 0 0 0
0.006414 0.111147 0.014615
-0.328125 0.484375 0.789063
255 255 255 255
1.479492 0.985352
0.65625 0.570313
2 0 0 0
1 0 0 0
0.007947 0.107695 0.016914
-0.023438 0.375000 0.898438
255 255 255 255
1.485352 0.990723
0.657715 0.575195
2 0 0 0
1 0 0 0
0.026390 0.102014 0.000000
0.898438 -0.023438 0.390625
255 255 255 255
1.588379 0.996582
0.682617 0.581055
2 0 0 0
1 0 0 0
-0.002891 0.117608 -0.014380
-0.484375 0.046875 -0.882813
255 255 255 255
1.439453 0.981934
0.648438 0.699707
2 0 0 0
1 0 0 0
-0.002784 0.105525 -0.014732
-0.328125 -0.078125 -0.953125
255 255 255 255
1.444336 0.993652
0.649414 0.710938
2 0 0 0
1 0 0 0
-0.007511 0.104950 -0.013312
-0.492188 0.085938 -0.875000
255 255 255 255
1.425293 0.994629
0.64502 0.711914
2 0 0 0
1 0 0 0
-0.009831 0.120221 -0.008753
-0.757813 0.109375 -0.656250
255 255 255 255
1.40332 0.979492
0.639648 0.697266
2 0 0 0
1 0 0 0
0.005378 0.108878 -0.015629
0.398438 -0.171875 -0.898438
255 255 255 255
1.477051 0.988281
0.657227 0.705566
2 0 0 0
1 0 0 0
0.004062 0.112684 -0.016909
0.242188 -0.226563 -0.945313
255 255 255 255
1.468262 0.986328
0.655273 0.703613
2 0 0 0
1 0 0 0
-0.015116 0.120539 0.000000
-0.937500 0.046875 -0.359375
255 255 255 255
1.358398 0.979004
0.628906 0.696777
2 0 0 0
1 0 0 0
-0.014464 0.104474 -0.005369
-0.867188 0.085938 -0.507813
255 255 255 255
1.381836 0.996582
0.634277 0.713379
2 0 0 0
1 0 0 0
0.006414 0.111147 -0.014616
0.679688 -0.007813 -0.718750
255 255 255 255
1.479492 0.985352
0.657715 0.703125
2 0 0 0
1 0 0 0
0.021753 0.115295 0.008296
0.648438 -0.023438 0.734375
255 255 255 255
1.546875 0.975586
0.732422 0.626465
2 0 0 0
1 0 0 0
0.014448 0.117081 0.014165
0.531250 0.031250 0.812500
255 255 255 255
1.507813 0.973633
0.723145 0.624023
2 0 0 0
1 0 0 0
0.015467 0.130065 0.012585
0.398438 0.109375 0.882813
255 255 255 255
1.513672 0.960938
0.724609 0.611816
2 0 0 0
1 0 0 0
0.026023 0.131011 0.004759
0.781250 -0.046875 0.585938
255 255 255 255
1.567383 0.958984
0.737305 0.609863
2 0 0 0
1 0 0 0
0.011454 0.128010 0.013918
0.125000 0.296875 0.921875
255 255 255 255
1.498047 0.962402
0.720703 0.61377
2 0 0 0
1 0 0 0
0.007230 0.124232 0.014615
-0.320313 0.492188 0.789063
255 255 255 255
1.479492 0.964844
0.716309 0.616211
2 0 0 0
1 0 0 0
0.008747 0.120773 0.016914
-0.023438 0.375000 0.898438
255 255 255 255
1.485352 0.969727
0.717773 0.620606
2 0 0 0
1 0 0 0
0.027157 0.115012 0.000000
0.898438 -0.031250 0.390625
255 255 255 255
1.588379 0.976074
0.742676 0.626465
2 0 0 0
1 0 0 0
-0.002046 0.130734 -0.014380
-0.484375 0.046875 -0.882813
255 255 255 255
1.439453 0.961426
0.708496 0.589356
2 0 0 0
1 0 0 0
-0.001994 0.118650 -0.014732
-0.328125 -0.078125 -0.953125
255 255 255 255
1.444336 0.973145
0.709961 0.600586
2 0 0 0
1 0 0 0
-0.006724 0.118097 -0.013312
-0.492188 0.085938 -0.875000
255 255 255 255
1.425293 0.974121
0.705078 0.601563
2 0 0 0
1 0 0 0
-0.008975 0.133379 -0.008753
-0.757813 0.117188 -0.656250
255 255 255 255
1.40332 0.958984
0.699707 0.586914
2 0 0 0
1 0 0 0
0.006183 0.121967 -0.015629
0.398438 -0.171875 -0.898438
255 255 255 255
1.477051 0.967773
0.717773 0.595215
2 0 0 0
1 0 0 0
0.004884 0.125779 -0.016909
0.242188 -0.226563 -0.945313
255 255 255 255
1.468262 0.96582
0.71582 0.593262
2 0 0 0
1 0 0 0
-0.014258 0.133720 0.000000
-0.937500 0.054688 -0.359375
255 255 255 255
1.358398 0.958496
0.688965 0.586426
2 0 0 0
1 0 0 0
-0.013678 0.117653 -0.005369
-0.867188 0.093750 -0.507813
255 255 255 255
1.381836 0.976074
0.694824 0.603027
2 0 0 0
1 0 0 0
0.007230 0.124232 -0.014616
0.679688 -0.015625 -0.718750
255 255 255 255
1.479492 0.964844
0.718262 0.592773
2 0 0 0
1 0 0 0
0.022587 0.128311 0.008296
0.648438 -0.031250 0.734375
255 255 255 255
1.546875 0.955078
0.672363 0.558594
2 0 0 0
1 0 0 0
0.015290 0.130129 0.014165
0.531250 0.023438 0.812500
255 255 255 255
1.507813 0.952637
0.663086 0.556152
2 0 0 0
1 0 0 0
0.016367 0.143109 0.012585
0.398438 0.109375 0.882813
255 255 255 255
1.513672 0.939941
0.664551 0.543945
2 0 0 0
1 0 0 0
0.026927 0.144007 0.004759
0.781250 -0.046875 0.585938
255 255 255 255
1.567383 0.937988
0.677734 0.541992
2 0 0 0
1 0 0 0
0.012345 0.141072 0.013918
0.125000 0.296875 0.921875
255 255 255 255
1.498047 0.941895
0.660645 0.545898
2 0 0 0
1 0 0 0
0.008104 0.137312 0.014615
-0.320313 0.492188 0.789063
255 255 255 255
1.479492 0.944336
0.65625 0.547852
2 0 0 0
1 0 0 0
0.009605 0.133847 0.016914
-0.023438 0.375000 0.898438
255 255 255 255
1.485352 0.949219
0.657715 0.552734
2 0 0 0
1 0 0 0
0.027752 0.128006 0.000000
0.914063 -0.046875 0.351563
255 255 255 255
1.588379 0.955078
0.682617 0.558594
2 0 0 0
1 0 0 0
-0.001143 0.143856 -0.014380
-0.484375 0.054688 -0.882813
255 255 255 255
1.439453 0.94043
0.70752 0.566895
2 0 0 0
1 0 0 0
-0.001145 0.131772 -0.014732
-0.328125 -0.078125 -0.953125
255 255 255 255
1.444336 0.952148
0.708496 0.578125
2 0 0 0
1 0 0 0
-0.005877 0.131240 -0.013312
-0.492188 0.085938 -0.875000
255 255 255 255
1.425293 0.953125
0.704102 0.579102
2 0 0 0
1 0 0 0
-0.008060 0.146532 -0.008753
-0.757813 0.117188 -0.656250
255 255 255 255
1.40332 0.937988
0.698731 0.563965
2 0 0 0
1 0 0 0
0.007047 0.135052 -0.015629
0.398438 -0.171875 -0.898438
255 255 255 255
1.477051 0.946777
0.716797 0.572754
2 0 0 0
1 0 0 0
0.005765 0.138870 -0.016909
0.234375 -0.226563 -0.945313
255 255 255 255
1.468262 0.944824
0.714356 0.570801
2 0 0 0
1 0 0 0
-0.013341 0.146897 0.000000
-0.937500 0.054688 -0.359375
255 255 255 255
1.358398 0.937988
0.687988 0.563965
2 0 0 0
1 0 0 0
-0.012833 0.130827 -0.005369
-0.867188 0.093750 -0.507813
255 255 255 255
1.381836 0.955078
0.693848 0.580566
2 0 0 0
1 0 0 0
0.008104 0.137312 -0.014616
0.679688 -0.015625 -0.718750
255 255 255 255
1.479492 0.944336
0.717285 0.570313
2 0 0 0
1 0 0 0
0.023479 0.141322 0.008296
0.648438 -0.031250 0.734375
255 255 255 255
1.546875 0.996582
0.79541 0.603027
2 0 0 0
1 0 0 0
0.016190 0.143173 0.014165
0.531250 0.023438 0.812500
255 255 255 255
1.507813 0.994141
0.786133 0.601074
2 0 0 0
1 0 0 0
0.017326 0.156148 0.012585
0.398438 0.109375 0.882813
255 255 255 255
1.513672 0.981445
0.787598 0.588867
2 0 0 0
1 0 0 0
0.027890 0.156998 0.004759
0.781250 -0.054688 0.585938
255 255 255 255
1.567383 0.979492
0.800293 0.586914
2 0 0 0
1 0 0 0
0.013295 0.154129 0.013918
0.125000 0.289063 0.921875
255 255 255 255
1.498047 0.983398
0.783691 0.590332
2 0 0 0
1 0 0 0
0.009037 0.150388 0.014615
-0.320313 0.492188 0.789063
255 255 255 255
1.479492 0.985352
0.779297 0.592773
2 0 0 0
1 0 0 0
0.010523 0.146916 0.016914
-0.015625 0.375000 0.898438
255 255 255 255
1.485352 0.990723
0.780273 0.597656
2 0 0 0
1 0 0 0
0.028640 0.140996 0.000000
0.914063 -0.054688 0.351563
255 255 255 255
1.588379 0.996582
0.805176 0.603516
2 0 0 0
1 0 0 0
-0.000180 0.156974 -0.014380
-0.484375 0.054688 -0.882813
255 255 255 255
1.439453 0.981934
0.767578 0.612793
2 0 0 0
1 0 0 0
-0.000237 0.144890 -0.014732
-0.328125 -0.078125 -0.953125
255 255 255 255
1.444336 0.993652
0.768555 0.624023
2 0 0 0
1 0 0 0
-0.004971 0.144380 -0.013312
-0.492188 0.093750 -0.875000
255 255 255 255
1.425293 0.994629
0.76416 0.625
2 0 0 0
1 0 0 0
-0.007085 0.159681 -0.008753
-0.750000 0.117188 -0.656250
255 255 255 255
1.40332 0.979492
0.758789 0.609863
2 0 0 0
1 0 0 0
0.007970 0.148133 -0.015629
0.398438 -0.171875 -0.898438
255 255 255 255
1.477051 0.988281
0.776367 0.618652
2 0 0 0
1 0 0 0
0.006705 0.151957 -0.016909
0.234375 -0.226563 -0.945313
255 255 255 255
1.468262 0.986328
0.774414 0.616699
2 0 0 0
1 0 0 0
-0.012365 0.160070 0.000000
-0.937500 0.062500 -0.359375
255 255 255 255
1.358398 0.979004
0.748047 0.609863
2 0 0 0
1 0 0 0
-0.011929 0.143998 -0.005369
-0.867188 0.101563 -0.507813
255 255 255 255
1.381836 0.996582
0.753418 0.626465
2 0 0 0
1 0 0 0
0.009037 0.150388 -0.014616
0.679688 -0.023438 -0.718750
255 255 255 255
1.479492 0.985352
0.777344 0.616211
2 0 0 0
1 0 0 0
0.028911 0.169985 0.004759
0.937500 -0.046875 0.281250
255 255 255 255
1.567383 0.958984
0.677734 0.629883
2 0 0 0
1 0 0 0
0.029704 0.153982 0.000000
0.937500 -0.054688 0.265625
255 255 255 255
1.588379 0.976074
0.682617 0.646484
2 0 0 0
1 0 0 0
0.000841 0.170087 -0.014380
-0.484375 0.054688 -0.882813
255 255 255 255
1.439453 0.961426
0.708984 0.699707
2 0 0 0
1 0 0 0
0.000730 0.158004 -0.014732
-0.328125 -0.070313 -0.953125
255 255 255 255
1.444336 0.973145
0.710449 0.710938
2 0 0 0
1 0 0 0
-0.004006 0.157515 -0.013312
-0.492188 0.093750 -0.875000
255 255 255 255
1.425293 0.974121
0.705566 0.711914
2 0 0 0
1 0 0 0
-0.006051 0.172825 -0.008753
-0.750000 0.125000 -0.656250
255 255 255 255
1.40332 0.958984
0.700195 0.697266
2 0 0 0
1 0 0 0
0.008952 0.161210 -0.015629
0.398438 -0.179688 -0.898438
255 255 255 255
1.477051 0.967773
0.718262 0.705566
2 0 0 0
1 0 0 0
0.007704 0.165039 -0.016909
0.234375 -0.226563 -0.945313
255 255 255 255
1.468262 0.96582
0.71582 0.703613
2 0 0 0
1 0 0 0
-0.011330 0.173238 0.000000
-0.937500 0.062500 -0.359375
255 255 255 255
1.358398 0.958496
0.689453 0.696777
2 0 0 0
1 0 0 0
-0.010966 0.157164 -0.005369
-0.859375 0.101563 -0.507813
255 255 255 255
1.381836 0.976074
0.695313 0.713379
2 0 0 0
1 0 0 0
0.010029 0.163461 -0.014616
0.679688 -0.023438 -0.718750
255 255 255 255
1.479492 0.964844
0.71875 0.703125
2 0 0 0
1 0 0 0
0.007452 0.210413 0.010669
-0.218750 0.390625 0.875000
255 255 255 255
1.114258 0.31543
0.525391 0.369629
2 0 0 0
1 0 0 0
0.012856 0.209904 0.011580
0.023438 0.367188 0.906250
255 255 255 255
1.138672 0.31543
0.530273 0.369629
2 0 0 0
1 0 0 0
0.000662 0.206660 0.010056
-0.421875 0.218750 0.867188
255 255 255 255
1.089844 0.320801
0.520508 0.373535
2 0 0 0
1 0 0 0
-0.004515 0.038465 0.011763
-0.171875 -0.039063 0.968750
255 255 255 255
1.114258 0.487305
0.525391 0.504395
2 0 0 0
1 0 0 0
0.008076 0.038025 0.011763
0.148438 -0.046875 0.968750
255 255 255 255
1.163086 0.487305
0.535156 0.504395
2 0 0 0
1 0 0 0
0.001363 0.025506 0.011486
-0.031250 0.015625 0.976563
255 255 255 255
1.138672 0.500488
0.530273 0.514648
2 0 0 0
1 0 0 0
-0.004933 0.025698 0.011763
-0.140625 -0.039063 0.968750
255 255 255 255
1.114258 0.500488
0.525391 0.514648
2 0 0 0
1 0 0 0
-0.010489 0.025868 0.010070
-0.398438 -0.015625 0.898438
255 255 255 255
1.089844 0.500488
0.520508 0.514648
2 0 0 0
1 0 0 0
-0.009595 0.051447 0.010070
-0.445313 0.000000 0.882813
255 255 255 255
1.089844 0.474121
0.520508 0.494141
2 0 0 0
1 0 0 0
0.001001 0.012765 0.013028
-0.109375 0.031250 0.976563
255 255 255 255
1.138672 0.51416
0.530273 0.525391
2 0 0 0
1 0 0 0
0.000695 0.000023 0.012640
-0.007813 -0.007813 0.984375
255 255 255 255
1.138672 0.527344
0.530273 0.535645
2 0 0 0
1 0 0 0
-0.005603 0.000161 0.012106
-0.226563 0.031250 0.953125
255 255 255 255
1.114258 0.527344
0.525391 0.535645
2 0 0 0
1 0 0 0
-0.011160 0.000282 0.010070
-0.414063 0.015625 0.890625
255 255 255 255
1.089844 0.527344
0.520508 0.535645
2 0 0 0
1 0 0 0
-0.010852 0.013076 0.009611
-0.351563 0.000000 0.921875
255 255 255 255
1.089844 0.51416
0.520508 0.525391
2 0 0 0
1 0 0 0
-0.005853 -0.012610 0.012106
-0.242188 0.007813 0.953125
255 255 255 255
1.114258 0.540527
0.525391 0.546387
2 0 0 0
1 0 0 0
0.000445 -0.012720 0.012640
-0.007813 -0.007813 0.984375
255 255 255 255
1.138672 0.540527
0.530273 0.546387
2 0 0 0
1 0 0 0
-0.011607 -0.025309 0.010070
-0.453125 0.000000 0.875000
255 255 255 255
1.089844 0.554199
0.520508 0.556641
2 0 0 0
1 0 0 0
-0.006299 -0.076445 0.012336
-0.281250 -0.007813 0.945313
255 255 255 255
1.114258 0.60791
0.525391 0.599121
2 0 0 0
1 0 0 0
-0.011830 -0.050902 0.010070
-0.453125 -0.007813 0.875000
255 255 255 255
1.089844 0.581055
0.520508 0.577637
2 0 0 0
1 0 0 0
-0.011858 -0.076445 0.010070
-0.453125 -0.007813 0.875000
255 255 255 255
1.089844 0.60791
0.520508 0.599121
2 0 0 0
1 0 0 0
-0.002284 0.089508 0.012336
-0.281250 0.000000 0.945313
255 255 255 255
1.114258 0.435059
0.525391 0.463379
2 0 0 0
1 0 0 0
-0.008477 0.077018 0.010070
-0.453125 0.007813 0.875000
255 255 255 255
1.089844 0.447754
0.520508 0.473633
2 0 0 0
1 0 0 0
0.004702 0.101904 0.013416
-0.007813 -0.007813 0.984375
255 255 255 255
1.138672 0.421875
0.530273 0.453125
2 0 0 0
1 0 0 0
-0.005572 0.128124 0.010070
-0.453125 0.015625 0.875000
255 255 255 255
1.089844 0.396484
0.520508 0.433106
2 0 0 0
1 0 0 0
0.008040 0.152777 0.013416
-0.007813 -0.007813 0.984375
255 255 255 255
1.138672 0.371094
0.530273 0.413086
2 0 0 0
1 0 0 0
-0.014145 0.038801 0.007627
-0.523438 0.007813 0.835938
255 255 255 255
1.065918 0.487305
0.516113 0.504395
2 0 0 0
1 0 0 0
-0.015488 -0.012441 0.007627
-0.523438 0.000000 0.835938
255 255 255 255
1.065918 0.540527
0.516113 0.546387
2 0 0 0
1 0 0 0
-0.006872 0.166737 0.007627
-0.523438 0.031250 0.835938
255 255 255 255
1.065918 0.358398
0.516113 0.40332
2 0 0 0
1 0 0 0
0.018260 0.209395 0.010669
0.265625 0.343750 0.875000
255 255 255 255
1.163086 0.31543
0.535156 0.369629
2 0 0 0
1 0 0 0
0.024239 0.204475 0.010056
0.429688 0.140625 0.859375
255 255 255 255
1.187012 0.320801
0.539551 0.373535
2 0 0 0
1 0 0 0
0.026526 0.208616 0.006963
0.468750 0.320313 0.789063
255 255 255 255
1.208984 0.31543
0.543945 0.369629
2 0 0 0
1 0 0 0
0.014102 0.050515 0.010070
0.421875 -0.031250 0.882813
255 255 255 255
1.187012 0.474121
0.539551 0.494141
2 0 0 0
1 0 0 0
0.012550 -0.000235 0.010070
0.421875 -0.023438 0.882813
255 255 255 255
1.187012 0.527344
0.539551 0.535645
2 0 0 0
1 0 0 0
0.012107 -0.025619 0.010070
0.429688 -0.015625 0.875000
255 255 255 255
1.187012 0.554199
0.539551 0.556641
2 0 0 0
1 0 0 0
0.006410 -0.038264 0.012336
0.257813 -0.015625 0.945313
255 255 255 255
1.163086 0.567383
0.535156 0.567383
2 0 0 0
1 0 0 0
0.011885 -0.051006 0.010070
0.429688 -0.015625 0.875000
255 255 255 255
1.187012 0.581055
0.539551 0.577637
2 0 0 0
1 0 0 0
0.011858 -0.076445 0.010070
0.429688 -0.007813 0.875000
255 255 255 255
1.187012 0.60791
0.539551 0.599121
2 0 0 0
1 0 0 0
0.010297 0.088848 0.012336
0.257813 -0.023438 0.945313
255 255 255 255
1.163086 0.435059
0.535156 0.463379
2 0 0 0
1 0 0 0
0.016541 0.101231 0.010070
0.429688 -0.039063 0.875000
255 255 255 255
1.187012 0.421875
0.539551 0.453125
2 0 0 0
1 0 0 0
0.015210 0.075879 0.010070
0.429688 -0.031250 0.875000
255 255 255 255
1.187012 0.447754
0.539551 0.473633
2 0 0 0
1 0 0 0
0.018092 0.126571 0.010070
0.429688 -0.039063 0.875000
255 255 255 255
1.187012 0.396484
0.539551 0.433106
2 0 0 0
1 0 0 0
0.021874 0.177377 0.010070
0.429688 -0.046875 0.875000
255 255 255 255
1.187012 0.345703
0.539551 0.393066
2 0 0 0
1 0 0 0
0.016931 0.012348 0.007627
0.500000 -0.023438 0.835938
255 255 255 255
1.208984 0.51416
0.543945 0.525391
2 0 0 0
1 0 0 0
0.019919 0.088343 0.007627
0.500000 -0.039063 0.835938
255 255 255 255
1.208984 0.435059
0.543945 0.463379
2 0 0 0
1 0 0 0
0.024900 0.164233 0.007627
0.500000 -0.054688 0.835938
255 255 255 255
1.208984 0.358398
0.543945 0.40332
2 0 0 0
1 0 0 0
0.012856 0.209904 -0.011580
0.023438 0.367188 -0.929688
255 255 255 255
0.138672 0.31543
0.581055 0.371094
2 0 0 0
1 0 0 0
0.007452 0.210413 -0.010669
-0.218750 0.390625 -0.898438
255 255 255 255
0.114258 0.31543
0.576172 0.371094
2 0 0 0
1 0 0 0
-0.000815 0.211191 -0.006963
-0.429688 0.398438 -0.812500
255 255 255 255
0.065918 0.31543
0.566895 0.371094
2 0 0 0
1 0 0 0
0.000662 0.206660 -0.010056
-0.421875 0.218750 -0.890625
255 255 255 255
0.089844 0.320801
0.571289 0.374512
2 0 0 0
1 0 0 0
0.001363 0.025506 -0.012360
-0.007813 -0.007813 -1.000000
255 255 255 255
0.138672 0.500488
0.581055 0.516113
2 0 0 0
1 0 0 0
-0.004041 0.051229 -0.012336
-0.281250 -0.015625 -0.968750
255 255 255 255
0.114258 0.474121
0.576172 0.495117
2 0 0 0
1 0 0 0
-0.009595 0.051447 -0.010071
-0.453125 0.000000 -0.898438
255 255 255 255
0.089844 0.474121
0.571289 0.495117
2 0 0 0
1 0 0 0
-0.010489 0.025868 -0.010071
-0.437500 0.007813 -0.906250
255 255 255 255
0.089844 0.500488
0.571289 0.516113
2 0 0 0
1 0 0 0
0.000695 0.000023 -0.012063
-0.015625 -0.046875 -1.000000
255 255 255 255
0.138672 0.527344
0.581055 0.537109
2 0 0 0
1 0 0 0
0.001001 0.012765 -0.013416
-0.007813 -0.007813 -1.000000
255 255 255 255
0.138672 0.51416
0.581055 0.526367
2 0 0 0
1 0 0 0
-0.011160 0.000282 -0.010071
-0.437500 -0.007813 -0.906250
255 255 255 255
0.089844 0.527344
0.571289 0.537109
2 0 0 0
1 0 0 0
-0.006049 -0.025381 -0.012336
-0.281250 0.007813 -0.968750
255 255 255 255
0.114258 0.554199
0.576172 0.558106
2 0 0 0
1 0 0 0
-0.011607 -0.025309 -0.010071
-0.445313 0.000000 -0.906250
255 255 255 255
0.089844 0.554199
0.571289 0.558106
2 0 0 0
1 0 0 0
-0.006299 -0.076445 -0.012336
-0.281250 -0.007813 -0.968750
255 255 255 255
0.114258 0.60791
0.576172 0.600098
2 0 0 0
1 0 0 0
-0.011830 -0.050902 -0.010071
-0.453125 -0.007813 -0.898438
255 255 255 255
0.089844 0.581055
0.571289 0.579102
2 0 0 0
1 0 0 0
-0.011858 -0.076445 -0.010071
-0.453125 -0.007813 -0.898438
255 255 255 255
0.089844 0.60791
0.571289 0.600098
2 0 0 0
1 0 0 0
-0.008477 0.077018 -0.010071
-0.453125 0.007813 -0.898438
255 255 255 255
0.089844 0.447754
0.571289 0.474609
2 0 0 0
1 0 0 0
0.004702 0.101904 -0.013416
-0.007813 -0.007813 -1.000000
255 255 255 255
0.138672 0.421875
0.581055 0.454102
2 0 0 0
1 0 0 0
-0.005572 0.128124 -0.010071
-0.453125 0.015625 -0.898438
255 255 255 255
0.089844 0.396484
0.571289 0.434082
2 0 0 0
1 0 0 0
0.002734 0.165980 -0.012336
-0.281250 0.007813 -0.968750
255 255 255 255
0.114258 0.358398
0.576172 0.404297
2 0 0 0
1 0 0 0
0.008040 0.152777 -0.013416
-0.007813 -0.007813 -1.000000
255 255 255 255
0.138672 0.371094
0.581055 0.414063
2 0 0 0
1 0 0 0
-0.014928 0.013183 -0.007628
-0.523438 0.000000 -0.859375
255 255 255 255
0.065918 0.51416
0.566895 0.526367
2 0 0 0
1 0 0 0
-0.011907 0.090013 -0.007628
-0.523438 0.015625 -0.859375
255 255 255 255
0.065918 0.435059
0.566895 0.464356
2 0 0 0
1 0 0 0
-0.006872 0.166737 -0.007628
-0.523438 0.031250 -0.859375
255 255 255 255
0.065918 0.358398
0.566895 0.404297
2 0 0 0
1 0 0 0
0.018260 0.209395 -0.010669
0.265625 0.343750 -0.898438
255 255 255 255
0.163086 0.31543
0.585938 0.371094
2 0 0 0
1 0 0 0
0.024239 0.204475 -0.010056
0.429688 0.140625 -0.882813
255 255 255 255
0.187012 0.320801
0.59082 0.374512
2 0 0 0
1 0 0 0
0.026526 0.208616 -0.006963
0.468750 0.320313 -0.812500
255 255 255 255
0.208984 0.31543
0.594727 0.371094
2 0 0 0
1 0 0 0
0.013215 0.025143 -0.010071
0.414063 -0.023438 -0.906250
255 255 255 255
0.187012 0.500488
0.59082 0.516113
2 0 0 0
1 0 0 0
0.012107 -0.025619 -0.010071
0.421875 -0.015625 -0.906250
255 255 255 255
0.187012 0.554199
0.59082 0.558106
2 0 0 0
1 0 0 0
0.006549 -0.025546 -0.012336
0.257813 0.000000 -0.968750
255 255 255 255
0.163086 0.554199
0.585938 0.558106
2 0 0 0
1 0 0 0
0.011885 -0.051006 -0.010071
0.429688 -0.015625 -0.898438
255 255 255 255
0.187012 0.581055
0.59082 0.579102
2 0 0 0
1 0 0 0
0.006299 -0.076445 -0.012336
0.257813 -0.007813 -0.968750
255 255 255 255
0.163086 0.60791
0.585938 0.600098
2 0 0 0
1 0 0 0
0.015210 0.075879 -0.010071
0.429688 -0.031250 -0.898438
255 255 255 255
0.187012 0.447754
0.59082 0.474609
2 0 0 0
1 0 0 0
0.021874 0.177377 -0.010071
0.429688 -0.046875 -0.898438
255 255 255 255
0.187012 0.345703
0.59082 0.394531
2 0 0 0
1 0 0 0
0.018702 0.063020 -0.007628
0.500000 -0.031250 -0.859375
255 255 255 255
0.208984 0.460938
0.594727 0.484863
2 0 0 0
1 0 0 0
0.016045 -0.038348 -0.007628
0.500000 -0.015625 -0.859375
255 255 255 255
0.208984 0.567383
0.594727 0.568359
2 0 0 0
1 0 0 0
0.019919 0.088343 -0.007628
0.500000 -0.039063 -0.859375
255 255 255 255
0.208984 0.435059
0.594727 0.464356
2 0 0 0
1 0 0 0
0.024900 0.164233 -0.007628
0.500000 -0.054688 -0.859375
255 255 255 255
0.208984 0.358398
0.594727 0.404297
2 0 0 0
1 0 0 0
0.001812 0.037303 0.014349
0.085938 -0.335938 0.921875
255 255 255 255
0.163574 0.122559
0.486328 0.415527
2 0 0 0
1 0 0 0
0.006683 0.038672 0.012232
0.914063 -0.296875 0.195313
255 255 255 255
0.201172 0.117188
0.489746 0.413086
2 0 0 0
1 0 0 0
0.005694 0.036906 0.011572
0.890625 -0.140625 0.382813
255 255 255 255
0.203613 0.121582
0.490234 0.415039
2 0 0 0
1 0 0 0
-0.015481 -0.007616 0.008520
-0.921875 -0.062500 0.382813
255 255 255 255
0.022949 0.232422
0.47168 0.460449
2 0 0 0
1 0 0 0
-0.014553 -0.010440 0.008434
-0.960938 -0.195313 0.226563
255 255 255 255
0.022949 0.239258
0.47168 0.463379
2 0 0 0
1 0 0 0
-0.012447 -0.012468 0.011415
-0.414063 -0.007813 0.898438
255 255 255 255
0.047363 0.243652
0.474121 0.464844
2 0 0 0
1 0 0 0
-0.008687 0.003025 0.011647
-0.546875 -0.101563 0.820313
255 255 255 255
0.066895 0.205078
0.476074 0.449219
2 0 0 0
1 0 0 0
-0.009715 -0.003377 0.010932
-0.398438 0.093750 0.898438
255 255 255 255
0.060059 0.22168
0.475586 0.456055
2 0 0 0
1 0 0 0
-0.010215 0.003536 0.010108
-0.937500 -0.046875 0.335938
255 255 255 255
0.048828 0.202637
0.474609 0.448242
2 0 0 0
1 0 0 0
-0.010292 -0.017900 0.010928
-0.718750 -0.484375 0.500000
255 255 255 255
0.056641 0.258301
0.475098 0.471191
2 0 0 0
1 0 0 0
-0.012136 -0.017158 0.007920
-0.750000 -0.593750 -0.320313
255 255 255 255
0.029297 0.258789
0.472168 0.471191
2 0 0 0
1 0 0 0
-0.010517 -0.016378 0.012420
-0.382813 -0.125000 0.898438
255 255 255 255
0.060547 0.25293
0.475586 0.46875
2 0 0 0
1 0 0 0
-0.008083 -0.016319 0.013387
-0.453125 -0.039063 0.875000
255 255 255 255
0.078125 0.25293
0.477539 0.46875
2 0 0 0
1 0 0 0
-0.008296 0.006649 0.012613
-0.382813 -0.187500 0.890625
255 255 255 255
0.072754 0.197266
0.476563 0.445801
2 0 0 0
1 0 0 0
-0.006979 0.012230 0.013432
-0.078125 0.273438 0.937500
255 255 255 255
0.085449 0.185547
0.478027 0.441406
2 0 0 0
1 0 0 0
-0.005260 0.012234 0.012875
0.085938 0.226563 0.945313
255 255 255 255
0.100098 0.184082
0.479492 0.44043
2 0 0 0
1 0 0 0
-0.006007 0.003355 0.012490
-0.351563 -0.054688 0.914063
255 255 255 255
0.090332 0.205566
0.478516 0.449219
2 0 0 0
1 0 0 0
-0.006369 0.008720 0.013232
0.007813 -0.179688 0.968750
255 255 255 255
0.087891 0.192871
0.478516 0.444336
2 0 0 0
1 0 0 0
-0.007005 0.030154 0.011710
-0.789063 0.437500 0.398438
255 255 255 255
0.088867 0.138184
0.478516 0.421875
2 0 0 0
1 0 0 0
-0.004742 -0.016641 0.013847
-0.140625 -0.304688 0.929688
255 255 255 255
0.104492 0.254395
0.479981 0.469238
2 0 0 0
1 0 0 0
-0.005213 -0.020303 0.012619
-0.398438 0.359375 0.820313
255 255 255 255
0.098145 0.262695
0.479492 0.472656
2 0 0 0
1 0 0 0
-0.007440 -0.019904 0.011099
-0.273438 -0.101563 0.937500
255 255 255 255
0.078613 0.263184
0.477539 0.473145
2 0 0 0
1 0 0 0
-0.005735 -0.008028 0.012210
-0.296875 -0.054688 0.937500
255 255 255 255
0.094727 0.23291
0.479004 0.460449
2 0 0 0
1 0 0 0
-0.006099 -0.010196 0.011682
-0.328125 0.000000 0.929688
255 255 255 255
0.09082 0.238281
0.478516 0.462891
2 0 0 0
1 0 0 0
-0.004650 -0.004311 0.013451
-0.257813 -0.031250 0.953125
255 255 255 255
0.104004 0.224121
0.479981 0.457031
2 0 0 0
1 0 0 0
-0.009077 -0.012354 0.011229
-0.328125 0.101563 0.921875
255 255 255 255
0.070313 0.243164
0.476563 0.464844
2 0 0 0
1 0 0 0
-0.003902 -0.010936 0.013589
-0.281250 0.195313 0.921875
255 255 255 255
0.10791 0.240723
0.480469 0.463867
2 0 0 0
1 0 0 0
-0.007628 0.029551 0.009854
-0.796875 0.492188 0.328125
255 255 255 255
0.077637 0.137207
0.477539 0.421387
2 0 0 0
1 0 0 0
-0.007193 0.033453 0.010239
-0.898438 0.304688 0.304688
255 255 255 255
0.090332 0.12793
0.478516 0.417481
2 0 0 0
1 0 0 0
-0.002662 0.030105 0.013824
-0.203125 -0.007813 0.960938
255 255 255 255
0.119141 0.140137
0.481445 0.422852
2 0 0 0
1 0 0 0
-0.004773 0.025487 0.013358
-0.265625 -0.226563 0.921875
255 255 255 255
0.105469 0.151367
0.479981 0.427246
2 0 0 0
1 0 0 0
-0.005607 0.027457 0.013815
-0.179688 -0.101563 0.960938
255 255 255 255
0.100098 0.146484
0.479492 0.425293
2 0 0 0
1 0 0 0
-0.002827 -0.020043 0.013407
-0.546875 -0.031250 0.820313
255 255 255 255
0.117676 0.261719
0.481445 0.472168
2 0 0 0
1 0 0 0
-0.004442 -0.021928 0.013483
-0.203125 0.445313 0.851563
255 255 255 255
0.106934 0.265625
0.480469 0.474121
2 0 0 0
1 0 0 0
-0.007197 0.022883 0.013394
-0.164063 -0.054688 0.968750
255 255 255 255
0.086426 0.156738
0.478027 0.429688
2 0 0 0
1 0 0 0
-0.007210 0.024709 0.013019
0.398438 -0.054688 0.890625
255 255 255 255
0.087402 0.152832
0.478516 0.427734
2 0 0 0
1 0 0 0
-0.009597 0.024633 0.011756
-0.851563 -0.156250 0.492188
255 255 255 255
0.07373 0.152832
0.477051 0.427734
2 0 0 0
1 0 0 0
-0.010024 0.024785 0.007951
-0.960938 -0.296875 0.078125
255 255 255 255
0.052734 0.151367
0.474609 0.427246
2 0 0 0
1 0 0 0
-0.010126 0.028007 0.007926
-0.937500 0.265625 0.218750
255 255 255 255
0.058594 0.141113
0.475586 0.422852
2 0 0 0
1 0 0 0
-0.008269 0.022265 0.012082
-0.656250 -0.648438 0.398438
255 255 255 255
0.078125 0.158203
0.477539 0.430176
2 0 0 0
1 0 0 0
-0.006176 0.021198 0.012175
-0.164063 -0.937500 0.304688
255 255 255 255
0.086914 0.161133
0.478516 0.431152
2 0 0 0
1 0 0 0
-0.005232 0.023679 0.013177
-0.187500 0.351563 0.898438
255 255 255 255
0.099609 0.155762
0.479492 0.429199
2 0 0 0
1 0 0 0
-0.005458 0.024466 0.012313
-0.343750 -0.046875 0.921875
255 255 255 255
0.098633 0.153809
0.479492 0.428223
2 0 0 0
1 0 0 0
-0.001901 0.025341 0.013888
-0.140625 -0.031250 0.968750
255 255 255 255
0.125488 0.151856
0.482422 0.427246
2 0 0 0
1 0 0 0
0.001627 -0.011653 0.012821
0.210938 0.054688 0.953125
255 255 255 255
0.149902 0.241211
0.484863 0.463867
2 0 0 0
1 0 0 0
0.000363 -0.012701 0.014693
0.242188 0.460938 0.820313
255 255 255 255
0.140137 0.245117
0.483887 0.46582
2 0 0 0
1 0 0 0
0.000413 -0.014912 0.015201
0.101563 -0.195313 0.960938
255 255 255 255
0.14209 0.250488
0.483887 0.467773
2 0 0 0
1 0 0 0
0.000279 -0.015607 0.014872
0.132813 -0.132813 0.960938
255 255 255 255
0.142578 0.251953
0.483887 0.468262
2 0 0 0
1 0 0 0
-0.002839 -0.014404 0.014613
-0.226563 0.117188 0.945313
255 255 255 255
0.118652 0.249512
0.481445 0.467285
2 0 0 0
1 0 0 0
-0.004132 0.031707 0.012898
-0.289063 -0.023438 0.937500
255 255 255 255
0.110352 0.135742
0.480469 0.420898
2 0 0 0
1 0 0 0
-0.002895 0.032996 0.013779
-0.328125 0.054688 0.929688
255 255 255 255
0.120117 0.132813
0.481445 0.419922
2 0 0 0
1 0 0 0
-0.002257 0.034395 0.013352
0.085938 0.601563 0.757813
255 255 255 255
0.126465 0.129883
0.482422 0.418457
2 0 0 0
1 0 0 0
0.000850 0.033137 0.012512
0.000000 0.015625 0.976563
255 255 255 255
0.148926 0.132813
0.484375 0.419434
2 0 0 0
1 0 0 0
-0.001305 0.035001 0.012233
-0.468750 -0.031250 0.867188
255 255 255 255
0.135254 0.127441
0.483398 0.417481
2 0 0 0
1 0 0 0
0.000070 -0.033297 0.016103
-0.187500 -0.140625 0.953125
255 255 255 255
0.146484 0.292969
0.484375 0.484863
2 0 0 0
1 0 0 0
-0.000593 -0.032055 0.015590
-0.101563 0.328125 0.914063
255 255 255 255
0.140625 0.290039
0.483887 0.483887
2 0 0 0
1 0 0 0
-0.000509 -0.029898 0.014596
-0.281250 0.179688 0.921875
255 255 255 255
0.136719 0.284668
0.483398 0.481934
2 0 0 0
1 0 0 0
0.004672 -0.030518 0.016763
0.289063 -0.125000 0.929688
255 255 255 255
0.170898 0.287109
0.486816 0.48291
2 0 0 0
1 0 0 0
-0.000064 -0.027421 0.014941
-0.296875 -0.117188 0.929688
255 255 255 255
0.137695 0.279297
0.483398 0.479492
2 0 0 0
1 0 0 0
0.003750 0.040586 0.015790
0.039063 -0.093750 0.976563
255 255 255 255
0.174805 0.115723
0.487305 0.412598
2 0 0 0
1 0 0 0
0.002168 0.040294 0.015495
-0.039063 0.015625 0.976563
255 255 255 255
0.165527 0.116699
0.486328 0.413086
2 0 0 0
1 0 0 0
0.002639 0.041731 0.015490
0.062500 0.039063 0.976563
255 255 255 255
0.167969 0.113281
0.486328 0.411621
2 0 0 0
1 0 0 0
0.001226 0.039762 0.014654
-0.234375 -0.117188 0.953125
255 255 255 255
0.159668 0.117676
0.48584 0.413574
2 0 0 0
1 0 0 0
0.005340 -0.031039 0.014450
0.882813 -0.367188 0.234375
255 255 255 255
0.182617 0.290527
0.488281 0.483887
2 0 0 0
1 0 0 0
0.009273 0.020428 0.014131
0.632813 -0.093750 0.742188
255 255 255 255
0.207031 0.163086
0.490723 0.432129
2 0 0 0
1 0 0 0
0.005369 0.021335 0.014120
-0.148438 0.015625 0.968750
255 255 255 255
0.179199 0.161133
0.487793 0.431152
2 0 0 0
1 0 0 0
0.007268 0.034003 0.012556
0.765625 0.468750 0.367188
255 255 255 255
0.207031 0.129395
0.490723 0.418457
2 0 0 0
1 0 0 0
0.009216 0.030197 0.012992
0.835938 0.320313 0.390625
255 255 255 255
0.212402 0.13916
0.491211 0.422363
2 0 0 0
1 0 0 0
0.004177 0.031702 0.014800
-0.351563 -0.117188 0.914063
255 255 255 255
0.17627 0.135742
0.487305 0.420898
2 0 0 0
1 0 0 0
0.003044 0.025587 0.014377
-0.187500 0.039063 0.960938
255 255 255 255
0.162598 0.150879
0.48584 0.427246
2 0 0 0
1 0 0 0
0.000706 0.029158 0.014058
0.156250 0.046875 0.960938
255 255 255 255
0.143555 0.142578
0.483887 0.42334
2 0 0 0
1 0 0 0
-0.003680 0.021980 0.012721
-0.156250 -0.359375 0.906250
255 255 255 255
0.107422 0.160156
0.480469 0.430664
2 0 0 0
1 0 0 0
-0.004450 0.019542 0.011484
-0.882813 -0.125000 0.445313
255 255 255 255
0.09668 0.166016
0.479004 0.433106
2 0 0 0
1 0 0 0
0.000947 0.018644 0.013947
-0.125000 -0.031250 0.976563
255 255 255 255
0.147461 0.167969
0.484375 0.434082
2 0 0 0
1 0 0 0
-0.004997 0.017127 0.008798
-0.960938 0.242188 0.132813
255 255 255 255
0.083496 0.172363
0.478027 0.435547
2 0 0 0
1 0 0 0
-0.004927 0.020531 0.008795
-0.859375 -0.515625 0.070313
255 255 255 255
0.075684 0.168945
0.477051 0.43457
2 0 0 0
1 0 0 0
-0.004806 0.016109 0.011773
-0.765625 0.320313 0.539063
255 255 255 255
0.100586 0.17334
0.479492 0.436523
2 0 0 0
1 0 0 0
-0.011055 -0.002081 0.007761
-0.921875 0.367188 0.117188
255 255 255 255
0.028809 0.214844
0.472168 0.453125
2 0 0 0
1 0 0 0
0.005471 -0.031209 0.012276
0.890625 -0.414063 -0.085938
255 255 255 255
0.191895 0.293457
0.48877 0.485352
2 0 0 0
1 0 0 0
0.004625 -0.031825 0.009572
0.921875 -0.273438 -0.218750
255 255 255 255
0.199707 0.300293
0.489746 0.488281
2 0 0 0
1 0 0 0
0.004529 -0.035774 0.012401
0.812500 -0.546875 0.140625
255 255 255 255
0.173828 0.302734
0.487305 0.489258
2 0 0 0
1 0 0 0
-0.008704 -0.020701 0.009439
-0.898438 -0.398438 0.210938
255 255 255 255
0.053711 0.268555
0.475098 0.475098
2 0 0 0
1 0 0 0
-0.008992 -0.020172 0.008208
-0.890625 -0.460938 -0.101563
255 255 255 255
0.040527 0.27002
0.473633 0.475586
2 0 0 0
1 0 0 0
-0.003651 -0.030605 0.009108
-1.000000 -0.117188 -0.023438
255 255 255 255
0.098145 0.294434
0.479492 0.48584
2 0 0 0
1 0 0 0
-0.004218 -0.031634 0.010804
-1.000000 0.062500 -0.031250
255 255 255 255
0.110352 0.294434
0.480469 0.48584
2 0 0 0
1 0 0 0
-0.003507 -0.033680 0.009122
-0.804688 -0.593750 -0.125000
255 255 255 255
0.112793 0.302734
0.480957 0.489258
2 0 0 0
1 0 0 0
-0.004785 -0.027889 0.010121
-0.835938 -0.546875 0.125000
255 255 255 255
0.090332 0.286133
0.478516 0.482422
2 0 0 0
1 0 0 0
-0.003733 -0.025993 0.013746
-0.445313 -0.367188 0.812500
255 255 255 255
0.112305 0.276856
0.480957 0.478516
2 0 0 0
1 0 0 0
-0.006523 -0.025291 0.012835
-0.562500 -0.664063 0.492188
255 255 255 255
0.093262 0.274902
0.479004 0.478027
2 0 0 0
1 0 0 0
-0.008520 -0.023722 0.009882
-0.945313 -0.281250 0.171875
255 255 255 255
0.066895 0.274414
0.476074 0.477539
2 0 0 0
1 0 0 0
-0.008655 -0.023792 0.008286
-0.820313 -0.578125 0.062500
255 255 255 255
0.057129 0.277832
0.475098 0.479004
2 0 0 0
1 0 0 0
-0.006234 -0.025785 0.008727
-0.781250 -0.640625 0.007813
255 255 255 255
0.073242 0.283691
0.477051 0.481445
2 0 0 0
1 0 0 0
0.002468 -0.036175 0.014451
-0.343750 -0.937500 0.125000
255 255 255 255
0.160156 0.300293
0.48584 0.488281
2 0 0 0
1 0 0 0
0.002417 -0.036077 0.012089
-0.210938 -0.976563 0.117188
255 255 255 255
0.160645 0.305176
0.48584 0.490234
2 0 0 0
1 0 0 0
-0.002147 -0.034408 0.014488
-0.406250 -0.773438 0.484375
255 255 255 255
0.135254 0.296387
0.483398 0.486328
2 0 0 0
1 0 0 0
0.001734 -0.034601 0.015854
-0.367188 -0.500000 0.773438
255 255 255 255
0.15625 0.29541
0.485352 0.486328
2 0 0 0
1 0 0 0
-0.003780 -0.030933 0.012843
-0.960938 0.171875 0.195313
255 255 255 255
0.117188 0.289551
0.481445 0.483887
2 0 0 0
1 0 0 0
-0.002339 -0.034837 0.009242
-0.351563 -0.937500 -0.085938
255 255 255 255
0.123047 0.306152
0.481934 0.490723
2 0 0 0
1 0 0 0
0.000848 -0.035132 0.009516
-0.296875 -0.960938 0.007813
255 255 255 255
0.146973 0.310547
0.484375 0.492188
2 0 0 0
1 0 0 0
-0.015371 -0.005030 0.006653
-0.804688 0.492188 0.304688
255 255 255 255
0.015137 0.224121
0.470703 0.457031
2 0 0 0
1 0 0 0
-0.014808 -0.005516 0.008974
-0.859375 0.367188 0.343750
255 255 255 255
0.027832 0.228027
0.472168 0.458496
2 0 0 0
1 0 0 0
-0.015248 -0.007997 0.006685
-1.000000 -0.078125 0.000000
255 255 255 255
0.010254 0.231934
0.470215 0.460449
2 0 0 0
1 0 0 0
-0.014327 -0.011634 0.006929
-0.914063 -0.210938 -0.367188
255 255 255 255
0.013184 0.243164
0.470703 0.464844
2 0 0 0
1 0 0 0
0.006389 -0.028232 0.009473
0.851563 -0.351563 -0.375000
255 255 255 255
0.212402 0.289551
0.491211 0.483887
2 0 0 0
1 0 0 0
0.004597 -0.026836 0.016518
-0.117188 0.007813 0.976563
255 255 255 255
0.169922 0.279297
0.486816 0.479492
2 0 0 0
1 0 0 0
0.002311 -0.022755 0.015372
-0.195313 -0.054688 0.960938
255 255 255 255
0.158691 0.269531
0.48584 0.475586
2 0 0 0
1 0 0 0
0.004962 -0.023243 0.016033
0.492188 0.179688 0.820313
255 255 255 255
0.177246 0.271484
0.487305 0.476563
2 0 0 0
1 0 0 0
0.005367 -0.020738 0.013115
0.914063 -0.273438 0.218750
255 255 255 255
0.200684 0.266602
0.489746 0.474609
2 0 0 0
1 0 0 0
0.006899 -0.018337 0.015646
0.679688 -0.476563 0.531250
255 255 255 255
0.191406 0.258301
0.48877 0.471191
2 0 0 0
1 0 0 0
0.007483 -0.019430 0.009420
0.882813 -0.429688 0.093750
255 255 255 255
0.228027 0.26416
0.492676 0.473633
2 0 0 0
1 0 0 0
0.008630 0.015574 0.011313
0.921875 -0.218750 0.257813
255 255 255 255
0.220703 0.175781
0.492188 0.437012
2 0 0 0
1 0 0 0
0.008462 0.007849 0.009310
0.921875 -0.039063 0.320313
255 255 255 255
0.233398 0.193359
0.493164 0.444336
2 0 0 0
1 0 0 0
0.008473 0.003870 0.009305
0.968750 0.109375 -0.070313
255 255 255 255
0.236328 0.203125
0.493652 0.448242
2 0 0 0
1 0 0 0
0.009016 -0.010402 0.009299
0.937500 -0.117188 -0.281250
255 255 255 255
0.236328 0.240234
0.493652 0.463867
2 0 0 0
1 0 0 0
0.009771 -0.005266 0.010241
0.960938 -0.023438 -0.218750
255 255 255 255
0.231934 0.226563
0.493164 0.458008
2 0 0 0
1 0 0 0
0.007510 0.004048 0.012835
0.890625 0.171875 0.359375
255 255 255 255
0.213379 0.203125
0.491211 0.448731
2 0 0 0
1 0 0 0
0.006869 -0.000354 0.015539
0.359375 -0.023438 0.906250
255 255 255 255
0.195313 0.214356
0.489258 0.453125
2 0 0 0
1 0 0 0
0.008791 0.000020 0.013079
0.843750 0.148438 0.460938
255 255 255 255
0.214844 0.213379
0.491211 0.452637
2 0 0 0
1 0 0 0
0.009385 -0.009882 0.014019
0.898438 0.007813 0.382813
255 255 255 255
0.208984 0.237793
0.490723 0.462891
2 0 0 0
1 0 0 0
0.007572 -0.005027 0.014962
0.460938 0.039063 0.859375
255 255 255 255
0.198242 0.226074
0.489746 0.458008
2 0 0 0
1 0 0 0
0.004590 -0.000897 0.015813
-0.382813 -0.210938 0.890625
255 255 255 255
0.178711 0.21582
0.487793 0.453613
2 0 0 0
1 0 0 0
0.003189 0.003404 0.016144
-0.164063 -0.093750 0.968750
255 255 255 255
0.171875 0.205566
0.486816 0.449219
2 0 0 0
1 0 0 0
-0.000471 0.045840 0.013238
-0.562500 0.578125 0.570313
255 255 255 255
0.152832 0.100586
0.484863 0.40625
2 0 0 0
1 0 0 0
-0.002145 0.042460 0.013050
-0.734375 0.179688 0.640625
255 255 255 255
0.139648 0.107422
0.483887 0.40918
2 0 0 0
1 0 0 0
-0.003405 0.043250 0.010503
-0.960938 0.242188 0.140625
255 255 255 255
0.128906 0.101563
0.482422 0.406738
2 0 0 0
1 0 0 0
-0.002333 0.038642 0.013739
-0.703125 -0.046875 0.695313
255 255 255 255
0.135742 0.117188
0.483398 0.413086
2 0 0 0
1 0 0 0
0.000440 0.043776 0.015191
-0.273438 -0.093750 0.937500
255 255 255 255
0.157715 0.107422
0.485352 0.40918
2 0 0 0
1 0 0 0
0.002266 0.043395 0.014905
-0.226563 -0.101563 0.953125
255 255 255 255
0.166504 0.108887
0.486328 0.409668
2 0 0 0
1 0 0 0
0.002289 0.046697 0.014003
-0.085938 0.687500 0.687500
255 255 255 255
0.167481 0.100098
0.486328 0.40625
2 0 0 0
1 0 0 0
0.003641 0.043251 0.015659
-0.484375 -0.187500 0.843750
255 255 255 255
0.174316 0.109375
0.487305 0.410156
2 0 0 0
1 0 0 0
0.003397 0.042490 0.014810
0.117188 -0.023438 0.968750
255 255 255 255
0.172363 0.111328
0.486816 0.411133
2 0 0 0
1 0 0 0
0.004697 0.045219 0.014559
0.406250 0.460938 0.757813
255 255 255 255
0.178223 0.104004
0.487793 0.407715
2 0 0 0
1 0 0 0
0.006238 0.042133 0.014480
0.734375 0.117188 0.632813
255 255 255 255
0.1875 0.110352
0.48877 0.410645
2 0 0 0
1 0 0 0
0.005700 0.046779 0.011899
0.671875 0.585938 0.382813
255 255 255 255
0.185547 0.09668
0.488281 0.404785
2 0 0 0
1 0 0 0
0.007494 0.044357 0.009246
0.929688 0.226563 0.187500
255 255 255 255
0.205566 0.099121
0.490234 0.405762
2 0 0 0
1 0 0 0
0.007514 0.043469 0.012281
0.914063 0.148438 0.296875
255 255 255 255
0.195313 0.104981
0.489258 0.408203
2 0 0 0
1 0 0 0
0.003044 0.048739 0.009233
-0.078125 0.968750 0.132813
255 255 255 255
0.174316 0.088379
0.487305 0.401367
2 0 0 0
1 0 0 0
-0.000398 0.046566 0.009076
-0.507813 0.773438 -0.351563
255 255 255 255
0.148926 0.09082
0.484375 0.402344
2 0 0 0
1 0 0 0
-0.002920 0.043118 0.008899
-0.843750 0.375000 -0.390625
255 255 255 255
0.125 0.097168
0.481934 0.405273
2 0 0 0
1 0 0 0
-0.003276 0.039830 0.008893
-0.960938 0.234375 -0.148438
255 255 255 255
0.109375 0.105469
0.480469 0.408691
2 0 0 0
1 0 0 0
-0.003470 0.039556 0.010593
-0.929688 0.328125 0.148438
255 255 255 255
0.117188 0.11084
0.481445 0.410645
2 0 0 0
1 0 0 0
0.010386 0.020391 0.010827
0.960938 -0.195313 0.062500
255 255 255 255
0.226563 0.163086
0.492676 0.432129
2 0 0 0
1 0 0 0
0.010709 0.026123 0.009893
0.976563 0.046875 0.039063
255 255 255 255
0.233887 0.148438
0.493164 0.425781
2 0 0 0
1 0 0 0
0.009971 0.020371 0.009145
0.937500 -0.171875 -0.242188
255 255 255 255
0.23584 0.163574
0.493652 0.432129
2 0 0 0
1 0 0 0
0.006026 0.011906 0.015210
0.609375 -0.101563 0.757813
255 255 255 255
0.192871 0.18457
0.489258 0.440918
2 0 0 0
1 0 0 0
0.002690 0.008307 0.016198
-0.195313 0.031250 0.960938
255 255 255 255
0.169922 0.193848
0.486816 0.444336
2 0 0 0
1 0 0 0
0.001363 0.007821 0.015402
-0.476563 -0.015625 0.867188
255 255 255 255
0.155762 0.194824
0.485352 0.445313
2 0 0 0
1 0 0 0
0.004302 -0.005108 0.014332
-0.351563 -0.109375 0.914063
255 255 255 255
0.169434 0.226563
0.486816 0.458008
2 0 0 0
1 0 0 0
0.000303 0.002487 0.014106
-0.281250 -0.109375 0.937500
255 255 255 255
0.14209 0.208008
0.483887 0.450195
2 0 0 0
1 0 0 0
-0.001201 -0.008876 0.014037
-0.171875 -0.109375 0.960938
255 255 255 255
0.12793 0.235352
0.482422 0.461426
2 0 0 0
1 0 0 0
-0.004504 0.002358 0.013447
-0.312500 0.000000 0.929688
255 255 255 255
0.104004 0.208008
0.479981 0.450195
2 0 0 0
1 0 0 0
0.005880 -0.008797 0.014982
-0.445313 -0.015625 0.882813
255 255 255 255
0.183106 0.235352
0.488281 0.461426
2 0 0 0
1 0 0 0
0.005392 -0.012019 0.015020
-0.593750 0.226563 0.757813
255 255 255 255
0.179199 0.243164
0.487793 0.464844
2 0 0 0
1 0 0 0
-0.003479 -0.018102 0.014219
-0.765625 -0.242188 0.585938
255 255 255 255
0.117676 0.257813
0.481445 0.470703
2 0 0 0
1 0 0 0
0.003145 -0.020624 0.015940
0.054688 -0.210938 0.960938
255 255 255 255
0.167969 0.265137
0.486816 0.473633
2 0 0 0
1 0 0 0
-0.001129 -0.017715 0.015536
-0.179688 0.226563 0.937500
255 255 255 255
0.136231 0.257813
0.483398 0.470703
2 0 0 0
1 0 0 0
0.002934 -0.018561 0.016501
-0.109375 0.054688 0.968750
255 255 255 255
0.166016 0.260254
0.486328 0.47168
2 0 0 0
1 0 0 0
0.002474 -0.016756 0.015796
-0.359375 0.539063 0.734375
255 255 255 255
0.161621 0.255371
0.48584 0.469727
2 0 0 0
1 0 0 0
0.005445 -0.016135 0.016339
-0.007813 0.085938 0.976563
255 255 255 255
0.181152 0.253418
0.487793 0.469238
2 0 0 0
1 0 0 0
0.008768 -0.015018 0.012033
0.953125 -0.250000 -0.007813
255 255 255 255
0.217285 0.250977
0.491699 0.468262
2 0 0 0
1 0 0 0
-0.010949 0.006849 0.009711
-0.945313 -0.312500 0.140625
255 255 255 255
0.044922 0.193359
0.474121 0.444336
2 0 0 0
1 0 0 0
-0.011909 0.009793 0.007546
-1.000000 -0.023438 0.031250
255 255 255 255
0.041016 0.180664
0.473633 0.439453
2 0 0 0
1 0 0 0
-0.011616 0.010107 0.011167
-0.835938 -0.085938 0.539063
255 255 255 255
0.056152 0.187988
0.475098 0.441895
2 0 0 0
1 0 0 0
-0.009710 0.005842 0.011346
-0.718750 -0.320313 0.609375
255 255 255 255
0.059082 0.198242
0.475586 0.446289
2 0 0 0
1 0 0 0
-0.011144 0.012321 0.011701
-0.718750 0.398438 0.546875
255 255 255 255
0.062988 0.18457
0.476074 0.440918
2 0 0 0
1 0 0 0
-0.009669 0.014149 0.008033
-0.414063 0.875000 0.164063
255 255 255 255
0.069824 0.17334
0.476563 0.436035
2 0 0 0
1 0 0 0
-0.006007 0.014960 0.008644
-0.687500 0.687500 0.187500
255 255 255 255
0.086426 0.175293
0.478027 0.437012
2 0 0 0
1 0 0 0
-0.003669 0.014689 0.012754
-0.367188 0.101563 0.906250
255 255 255 255
0.111328 0.177246
0.480957 0.437988
2 0 0 0
1 0 0 0
0.005986 0.016493 0.015487
-0.007813 0.125000 0.968750
255 255 255 255
0.186523 0.17334
0.488281 0.436523
2 0 0 0
1 0 0 0
0.009123 0.031067 0.010062
0.906250 0.351563 0.078125
255 255 255 255
0.229004 0.135254
0.492676 0.42041
2 0 0 0
1 0 0 0
0.006853 0.034732 0.009854
0.906250 0.351563 -0.054688
255 255 255 255
0.22168 0.124512
0.492188 0.416504
2 0 0 0
1 0 0 0
0.008159 0.040302 0.009231
0.890625 -0.289063 0.281250
255 255 255 255
0.214356 0.109375
0.491211 0.410156
2 0 0 0
1 0 0 0
0.001226 0.039762 0.014654
-0.234375 -0.117188 0.953125
255 255 255 255
0.159668 0.117676
0.48584 0.413574
2 0 0 0
1 0 0 0
0.002168 0.040294 0.015495
-0.039063 0.015625 0.976563
255 255 255 255
0.165527 0.116699
0.486328 0.413086
2 0 0 0
1 0 0 0
0.003750 0.040586 0.015790
0.039063 -0.093750 0.976563
255 255 255 255
0.174805 0.115723
0.487305 0.412598
2 0 0 0
1 0 0 0
0.002620 -0.035676 0.016485
0.023438 -0.539063 0.828125
255 255 255 255
0.162109 0.296387
0.48584 0.486328
2 0 0 0
1 0 0 0
-0.002623 -0.016492 0.015104
-0.429688 -0.046875 0.890625
255 255 255 255
0.122559 0.253906
0.481934 0.469238
2 0 0 0
1 0 0 0
-0.003461 -0.031226 0.014973
-0.476563 0.382813 0.765625
255 255 255 255
0.125977 0.289551
0.482422 0.483887
2 0 0 0
1 0 0 0
-0.002774 -0.030243 0.013966
-0.648438 0.523438 0.531250
255 255 255 255
0.123535 0.286621
0.481934 0.482422
2 0 0 0
1 0 0 0
-0.006008 -0.024347 0.013913
-0.312500 -0.273438 0.898438
255 255 255 255
0.098633 0.271973
0.479492 0.476563
2 0 0 0
1 0 0 0
-0.005886 -0.021766 0.013768
-0.140625 0.492188 0.835938
255 255 255 255
0.09668 0.266602
0.479492 0.474121
2 0 0 0
1 0 0 0
-0.006437 0.025455 0.012482
-0.039063 -0.421875 0.890625
255 255 255 255
0.094238 0.151856
0.479004 0.427246
2 0 0 0
1 0 0 0
-0.006248 -0.018000 0.013497
0.015625 -0.601563 0.789063
255 255 255 255
0.088867 0.257324
0.478516 0.470703
2 0 0 0
1 0 0 0
-0.010036 -0.006850 0.011637
-0.304688 0.156250 0.921875
255 255 255 255
0.061523 0.230469
0.475586 0.459473
2 0 0 0
1 0 0 0
-0.012514 -0.006184 0.010490
-0.218750 0.187500 0.937500
255 255 255 255
0.041992 0.229004
0.473633 0.458984
2 0 0 0
1 0 0 0
-0.012218 -0.009586 0.010941
-0.320313 0.039063 0.929688
255 255 255 255
0.046387 0.236816
0.474121 0.462402
2 0 0 0
1 0 0 0
0.001812 0.037303 -0.014511
0.054688 -0.343750 -0.945313
255 255 255 255
0.163574 0.122559
0.448731 0.445313
2 0 0 0
1 0 0 0
0.005694 0.036906 -0.011820
0.890625 -0.140625 -0.406250
255 255 255 255
0.203613 0.121582
0.458984 0.444824
2 0 0 0
1 0 0 0
0.006683 0.038672 -0.012542
0.914063 -0.296875 -0.218750
255 255 255 255
0.201172 0.117188
0.458496 0.443359
2 0 0 0
1 0 0 0
-0.014553 -0.010440 -0.008433
-0.960938 -0.195313 -0.250000
255 255 255 255
0.022949 0.239258
0.411133 0.490723
2 0 0 0
1 0 0 0
-0.015481 -0.007616 -0.008520
-0.921875 -0.062500 -0.406250
255 255 255 255
0.022949 0.232422
0.411621 0.487793
2 0 0 0
1 0 0 0
-0.012447 -0.012468 -0.011403
-0.406250 -0.007813 -0.921875
255 255 255 255
0.047363 0.243652
0.417969 0.492188
2 0 0 0
1 0 0 0
-0.008687 0.003025 -0.011616
-0.546875 -0.101563 -0.843750
255 255 255 255
0.066895 0.205078
0.422852 0.477539
2 0 0 0
1 0 0 0
-0.010215 0.003536 -0.010087
-0.937500 -0.046875 -0.367188
255 255 255 255
0.048828 0.202637
0.417969 0.476563
2 0 0 0
1 0 0 0
-0.009715 -0.003377 -0.010902
-0.390625 0.093750 -0.921875
255 255 255 255
0.060059 0.22168
0.420898 0.483887
2 0 0 0
1 0 0 0
-0.010292 -0.017900 -0.010894
-0.710938 -0.492188 -0.523438
255 255 255 255
0.056641 0.258301
0.42041 0.498047
2 0 0 0
1 0 0 0
-0.012136 -0.017158 -0.007904
-0.750000 -0.593750 0.296875
255 255 255 255
0.029297 0.258789
0.413086 0.498047
2 0 0 0
1 0 0 0
-0.010517 -0.016378 -0.012389
-0.375000 -0.132813 -0.929688
255 255 255 255
0.060547 0.25293
0.421387 0.495606
2 0 0 0
1 0 0 0
-0.008083 -0.016319 -0.013327
-0.445313 -0.039063 -0.906250
255 255 255 255
0.078125 0.25293
0.425781 0.496094
2 0 0 0
1 0 0 0
-0.008296 0.006649 -0.012585
-0.375000 -0.195313 -0.914063
255 255 255 255
0.072754 0.197266
0.424316 0.474121
2 0 0 0
1 0 0 0
-0.005260 0.012234 -0.012849
0.085938 0.226563 -0.968750
255 255 255 255
0.100098 0.184082
0.431641 0.469238
2 0 0 0
1 0 0 0
-0.006979 0.012231 -0.013409
-0.070313 0.273438 -0.960938
255 255 255 255
0.085449 0.185547
0.427734 0.469727
2 0 0 0
1 0 0 0
-0.006369 0.008720 -0.013200
0.007813 -0.179688 -0.992188
255 255 255 255
0.087891 0.192871
0.428711 0.472656
2 0 0 0
1 0 0 0
-0.006007 0.003355 -0.012444
-0.351563 -0.062500 -0.945313
255 255 255 255
0.090332 0.205566
0.429199 0.477539
2 0 0 0
1 0 0 0
-0.007005 0.030154 -0.011715
-0.789063 0.437500 -0.421875
255 255 255 255
0.088867 0.138184
0.428711 0.45166
2 0 0 0
1 0 0 0
-0.004742 -0.016641 -0.013745
-0.125000 -0.304688 -0.953125
255 255 255 255
0.104492 0.254395
0.433106 0.496582
2 0 0 0
1 0 0 0
-0.007440 -0.019904 -0.011027
-0.265625 -0.101563 -0.968750
255 255 255 255
0.078613 0.263184
0.425781 0.5
2 0 0 0
1 0 0 0
-0.005213 -0.020303 -0.012516
-0.390625 0.359375 -0.851563
255 255 255 255
0.098145 0.262695
0.431152 0.499512
2 0 0 0
1 0 0 0
-0.006099 -0.010196 -0.011608
-0.320313 0.000000 -0.953125
255 255 255 255
0.09082 0.238281
0.429199 0.490234
2 0 0 0
1 0 0 0
-0.005735 -0.008028 -0.012136
-0.289063 -0.054688 -0.960938
255 255 255 255
0.094727 0.23291
0.430176 0.488281
2 0 0 0
1 0 0 0
-0.004650 -0.004311 -0.013378
-0.250000 -0.031250 -0.976563
255 255 255 255
0.104004 0.224121
0.432617 0.484863
2 0 0 0
1 0 0 0
-0.003902 -0.010936 -0.013492
-0.281250 0.187500 -0.945313
255 255 255 255
0.10791 0.240723
0.433594 0.491211
2 0 0 0
1 0 0 0
-0.009077 -0.012354 -0.011185
-0.320313 0.101563 -0.945313
255 255 255 255
0.070313 0.243164
0.423828 0.492188
2 0 0 0
1 0 0 0
-0.007193 0.033453 -0.010245
-0.898438 0.304688 -0.328125
255 255 255 255
0.090332 0.12793
0.429199 0.447754
2 0 0 0
1 0 0 0
-0.007628 0.029551 -0.009853
-0.796875 0.492188 -0.351563
255 255 255 255
0.077637 0.137207
0.425781 0.451172
2 0 0 0
1 0 0 0
-0.005607 0.027457 -0.013825
-0.179688 -0.101563 -0.984375
255 255 255 255
0.100098 0.146484
0.431641 0.45459
2 0 0 0
1 0 0 0
-0.004773 0.025487 -0.013368
-0.273438 -0.234375 -0.945313
255 255 255 255
0.105469 0.151367
0.433106 0.456543
2 0 0 0
1 0 0 0
-0.002662 0.030105 -0.013867
-0.218750 -0.007813 -0.984375
255 255 255 255
0.119141 0.140137
0.437012 0.452148
2 0 0 0
1 0 0 0
-0.004442 -0.021928 -0.013368
-0.195313 0.445313 -0.875000
255 255 255 255
0.106934 0.265625
0.433594 0.500488
2 0 0 0
1 0 0 0
-0.002827 -0.020043 -0.013276
-0.546875 -0.031250 -0.851563
255 255 255 255
0.117676 0.261719
0.436523 0.499512
2 0 0 0
1 0 0 0
-0.007210 0.024709 -0.013017
0.398438 -0.054688 -0.914063
255 255 255 255
0.087402 0.152832
0.428223 0.457031
2 0 0 0
1 0 0 0
-0.007197 0.022883 -0.013390
-0.164063 -0.054688 -0.992188
255 255 255 255
0.086426 0.156738
0.428223 0.458496
2 0 0 0
1 0 0 0
-0.009597 0.024633 -0.011751
-0.851563 -0.156250 -0.515625
255 255 255 255
0.07373 0.152832
0.424805 0.457031
2 0 0 0
1 0 0 0
-0.010126 0.028007 -0.007922
-0.937500 0.265625 -0.242188
255 255 255 255
0.058594 0.141113
0.420898 0.452637
2 0 0 0
1 0 0 0
-0.010024 0.024785 -0.007945
-0.960938 -0.296875 -0.101563
255 255 255 255
0.052734 0.151367
0.419434 0.456543
2 0 0 0
1 0 0 0
-0.008269 0.022265 -0.012074
-0.656250 -0.648438 -0.421875
255 255 255 255
0.078125 0.158203
0.425781 0.458984
2 0 0 0
1 0 0 0
-0.006176 0.021198 -0.012168
-0.164063 -0.937500 -0.328125
255 255 255 255
0.086914 0.161133
0.428223 0.460449
2 0 0 0
1 0 0 0
-0.005232 0.023679 -0.013180
-0.195313 0.343750 -0.921875
255 255 255 255
0.099609 0.155762
0.431641 0.458496
2 0 0 0
1 0 0 0
-0.005458 0.024466 -0.012315
-0.343750 -0.054688 -0.945313
255 255 255 255
0.098633 0.153809
0.431152 0.45752
2 0 0 0
1 0 0 0
-0.001901 0.025341 -0.013926
-0.156250 -0.039063 -0.992188
255 255 255 255
0.125488 0.151856
0.438477 0.456543
2 0 0 0
1 0 0 0
-0.002649 -0.028574 -0.013417
-0.625000 0.070313 -0.789063
255 255 255 255
0.119629 0.282715
0.437012 0.507324
2 0 0 0
1 0 0 0
-0.002774 -0.030243 -0.013818
-0.640625 0.531250 -0.554688
255 255 255 255
0.123535 0.286621
0.437988 0.508789
2 0 0 0
1 0 0 0
-0.000509 -0.029898 -0.014426
-0.281250 0.179688 -0.945313
255 255 255 255
0.136719 0.284668
0.441406 0.508301
2 0 0 0
1 0 0 0
0.000363 -0.012701 -0.014572
0.242188 0.460938 -0.843750
255 255 255 255
0.140137 0.245117
0.442383 0.492676
2 0 0 0
1 0 0 0
0.001627 -0.011653 -0.012703
0.203125 0.054688 -0.976563
255 255 255 255
0.149902 0.241211
0.444824 0.491211
2 0 0 0
1 0 0 0
0.000413 -0.014912 -0.015072
0.101563 -0.195313 -0.976563
255 255 255 255
0.14209 0.250488
0.442871 0.494629
2 0 0 0
1 0 0 0
-0.002839 -0.014404 -0.014499
-0.218750 0.109375 -0.976563
255 255 255 255
0.118652 0.249512
0.436523 0.494629
2 0 0 0
1 0 0 0
0.000279 -0.015607 -0.014739
0.132813 -0.132813 -0.984375
255 255 255 255
0.142578 0.251953
0.442871 0.495606
2 0 0 0
1 0 0 0
-0.002895 0.032996 -0.013826
-0.335938 0.054688 -0.945313
255 255 255 255
0.120117 0.132813
0.437012 0.449219
2 0 0 0
1 0 0 0
-0.004132 0.031707 -0.012925
-0.296875 -0.031250 -0.960938
255 255 255 255
0.110352 0.135742
0.43457 0.450684
2 0 0 0
1 0 0 0
0.000850 0.033137 -0.012615
-0.015625 0.023438 -1.000000
255 255 255 255
0.148926 0.132813
0.444824 0.449219
2 0 0 0
1 0 0 0
-0.002257 0.034395 -0.013409
0.070313 0.609375 -0.781250
255 255 255 255
0.126465 0.129883
0.438965 0.448242
2 0 0 0
1 0 0 0
-0.001305 0.035001 -0.012300
-0.484375 -0.031250 -0.882813
255 255 255 255
0.135254 0.127441
0.440918 0.447266
2 0 0 0
1 0 0 0
-0.000593 -0.032055 -0.015418
-0.093750 0.328125 -0.937500
255 255 255 255
0.140625 0.290039
0.442383 0.510254
2 0 0 0
1 0 0 0
0.000070 -0.033297 -0.015925
-0.187500 -0.140625 -0.976563
255 255 255 255
0.146484 0.292969
0.443848 0.511231
2 0 0 0
1 0 0 0
0.004672 -0.030518 -0.016599
0.281250 -0.132813 -0.953125
255 255 255 255
0.170898 0.287109
0.450684 0.509277
2 0 0 0
1 0 0 0
-0.000064 -0.027421 -0.014772
-0.296875 -0.117188 -0.953125
255 255 255 255
0.137695 0.279297
0.441895 0.506348
2 0 0 0
1 0 0 0
0.002639 0.041731 -0.015708
0.031250 0.039063 -1.000000
255 255 255 255
0.167969 0.113281
0.449707 0.441895
2 0 0 0
1 0 0 0
0.002168 0.040294 -0.015692
-0.062500 0.015625 -1.000000
255 255 255 255
0.165527 0.116699
0.449219 0.443359
2 0 0 0
1 0 0 0
0.003750 0.040586 -0.016054
0.007813 -0.093750 -1.000000
255 255 255 255
0.174805 0.115723
0.45166 0.442871
2 0 0 0
1 0 0 0
0.001226 0.039762 -0.014809
-0.257813 -0.125000 -0.968750
255 255 255 255
0.159668 0.117676
0.447266 0.443359
2 0 0 0
1 0 0 0
0.005340 -0.031039 -0.014293
0.882813 -0.367188 -0.257813
255 255 255 255
0.182617 0.290527
0.453613 0.510254
2 0 0 0
1 0 0 0
0.005369 0.021335 -0.014310
-0.179688 0.007813 -0.992188
255 255 255 255
0.179199 0.161133
0.452637 0.460449
2 0 0 0
1 0 0 0
0.009216 0.030197 -0.013403
0.828125 0.328125 -0.421875
255 255 255 255
0.212402 0.13916
0.461426 0.45166
2 0 0 0
1 0 0 0
0.007268 0.034003 -0.012877
0.765625 0.476563 -0.390625
255 255 255 255
0.207031 0.129395
0.459961 0.448242
2 0 0 0
1 0 0 0
0.004177 0.031702 -0.015025
-0.375000 -0.117188 -0.929688
255 255 255 255
0.17627 0.135742
0.45166 0.450684
2 0 0 0
1 0 0 0
0.003044 0.025587 -0.014522
-0.218750 0.031250 -0.984375
255 255 255 255
0.162598 0.150879
0.448242 0.456543
2 0 0 0
1 0 0 0
0.000706 0.029158 -0.014156
0.140625 0.039063 -0.992188
255 255 255 255
0.143555 0.142578
0.443359 0.453125
2 0 0 0
1 0 0 0
-0.004450 0.019542 -0.011476
-0.882813 -0.125000 -0.468750
255 255 255 255
0.09668 0.166016
0.430664 0.462402
2 0 0 0
1 0 0 0
-0.003680 0.021980 -0.012727
-0.156250 -0.367188 -0.929688
255 255 255 255
0.107422 0.160156
0.433594 0.459961
2 0 0 0
1 0 0 0
0.000947 0.018644 -0.013998
-0.148438 -0.039063 -0.992188
255 255 255 255
0.147461 0.167969
0.444336 0.462891
2 0 0 0
1 0 0 0
-0.004997 0.017127 -0.008777
-0.960938 0.242188 -0.156250
255 255 255 255
0.083496 0.172363
0.427246 0.464844
2 0 0 0
1 0 0 0
-0.004806 0.016109 -0.011754
-0.765625 0.312500 -0.562500
255 255 255 255
0.100586 0.17334
0.432129 0.465332
2 0 0 0
1 0 0 0
-0.004927 0.020531 -0.008782
-0.859375 -0.515625 -0.093750
255 255 255 255
0.075684 0.168945
0.425293 0.463379
2 0 0 0
1 0 0 0
-0.011055 -0.002081 -0.007742
-0.921875 0.367188 -0.140625
255 255 255 255
0.028809 0.214844
0.413086 0.480957
2 0 0 0
1 0 0 0
0.005471 -0.031209 -0.012121
0.890625 -0.414063 0.062500
255 255 255 255
0.191895 0.293457
0.456055 0.511719
2 0 0 0
1 0 0 0
0.004625 -0.031825 -0.009403
0.921875 -0.273438 0.195313
255 255 255 255
0.199707 0.300293
0.458008 0.51416
2 0 0 0
1 0 0 0
0.004612 -0.034134 -0.011068
0.960938 -0.187500 0.085938
255 255 255 255
0.18457 0.301758
0.454102 0.514648
2 0 0 0
1 0 0 0
-0.008992 -0.020172 -0.008156
-0.890625 -0.460938 0.070313
255 255 255 255
0.040527 0.27002
0.416016 0.502441
2 0 0 0
1 0 0 0
-0.008704 -0.020701 -0.009383
-0.898438 -0.398438 -0.234375
255 255 255 255
0.053711 0.268555
0.419434 0.501953
2 0 0 0
1 0 0 0
-0.003651 -0.030605 -0.008971
-1.000000 -0.117188 0.000000
255 255 255 255
0.098145 0.294434
0.431152 0.511719
2 0 0 0
1 0 0 0
-0.003507 -0.033680 -0.008981
-0.804688 -0.593750 0.101563
255 255 255 255
0.112793 0.302734
0.435059 0.515137
2 0 0 0
1 0 0 0
-0.004218 -0.031634 -0.010673
-1.000000 0.062500 0.007813
255 255 255 255
0.110352 0.294434
0.43457 0.511719
2 0 0 0
1 0 0 0
-0.003733 -0.025993 -0.013615
-0.437500 -0.367188 -0.835938
255 255 255 255
0.112305 0.276856
0.435059 0.504883
2 0 0 0
1 0 0 0
-0.004785 -0.027889 -0.010001
-0.835938 -0.554688 -0.148438
255 255 255 255
0.090332 0.286133
0.429199 0.508789
2 0 0 0
1 0 0 0
-0.008520 -0.023722 -0.009821
-0.945313 -0.281250 -0.203125
255 255 255 255
0.066895 0.274414
0.422852 0.503906
2 0 0 0
1 0 0 0
-0.006523 -0.025291 -0.012744
-0.554688 -0.664063 -0.523438
255 255 255 255
0.093262 0.274902
0.429688 0.504395
2 0 0 0
1 0 0 0
-0.008655 -0.023792 -0.008228
-0.820313 -0.578125 -0.085938
255 255 255 255
0.057129 0.277832
0.42041 0.505371
2 0 0 0
1 0 0 0
-0.006234 -0.025785 -0.008631
-0.781250 -0.640625 -0.031250
255 255 255 255
0.073242 0.283691
0.424805 0.507813
2 0 0 0
1 0 0 0
0.002417 -0.036077 -0.011904
-0.210938 -0.976563 -0.140625
255 255 255 255
0.160645 0.305176
0.447754 0.516113
2 0 0 0
1 0 0 0
0.002468 -0.036175 -0.014267
-0.343750 -0.937500 -0.148438
255 255 255 255
0.160156 0.300293
0.447754 0.51416
2 0 0 0
1 0 0 0
-0.002147 -0.034408 -0.014329
-0.406250 -0.773438 -0.507813
255 255 255 255
0.135254 0.296387
0.440918 0.512695
2 0 0 0
1 0 0 0
0.001734 -0.034601 -0.015669
-0.367188 -0.500000 -0.796875
255 255 255 255
0.15625 0.29541
0.446777 0.512207
2 0 0 0
1 0 0 0
-0.003780 -0.030933 -0.012707
-0.960938 0.171875 -0.226563
255 255 255 255
0.117188 0.289551
0.436035 0.510254
2 0 0 0
1 0 0 0
-0.002339 -0.034837 -0.009086
-0.351563 -0.937500 0.062500
255 255 255 255
0.123047 0.306152
0.437988 0.516602
2 0 0 0
1 0 0 0
0.000848 -0.035132 -0.009334
-0.296875 -0.960938 -0.031250
255 255 255 255
0.146973 0.310547
0.444336 0.518066
2 0 0 0
1 0 0 0
-0.015371 -0.005030 -0.006653
-0.804688 0.492188 -0.328125
255 255 255 255
0.015137 0.224121
0.40918 0.484863
2 0 0 0
1 0 0 0
-0.014808 -0.005516 -0.008973
-0.859375 0.367188 -0.367188
255 255 255 255
0.027832 0.228027
0.412598 0.486328
2 0 0 0
1 0 0 0
-0.015248 -0.007997 -0.006685
-1.000000 -0.078125 -0.023438
255 255 255 255
0.010254 0.231934
0.408203 0.487793
2 0 0 0
1 0 0 0
-0.014327 -0.011634 -0.006927
-0.914063 -0.210938 0.343750
255 255 255 255
0.013184 0.243164
0.408691 0.492188
2 0 0 0
1 0 0 0
0.006389 -0.028232 -0.009339
0.851563 -0.343750 0.343750
255 255 255 255
0.212402 0.289551
0.461426 0.510254
2 0 0 0
1 0 0 0
0.004597 -0.026836 -0.016364
-0.125000 0.007813 -1.000000
255 255 255 255
0.169922 0.279297
0.450195 0.505859
2 0 0 0
1 0 0 0
0.002311 -0.022755 -0.015214
-0.203125 -0.062500 -0.984375
255 255 255 255
0.158691 0.269531
0.447266 0.502441
2 0 0 0
1 0 0 0
0.004962 -0.023243 -0.015898
0.492188 0.179688 -0.843750
255 255 255 255
0.177246 0.271484
0.452148 0.50293
2 0 0 0
1 0 0 0
0.005367 -0.020738 -0.012991
0.914063 -0.273438 -0.242188
255 255 255 255
0.200684 0.266602
0.458496 0.500977
2 0 0 0
1 0 0 0
0.007483 -0.019430 -0.009339
0.882813 -0.429688 -0.117188
255 255 255 255
0.228027 0.26416
0.46582 0.500488
2 0 0 0
1 0 0 0
0.006899 -0.018337 -0.015576
0.671875 -0.476563 -0.554688
255 255 255 255
0.191406 0.258301
0.456055 0.498047
2 0 0 0
1 0 0 0
0.008462 0.007849 -0.009426
0.921875 -0.046875 -0.343750
255 255 255 255
0.233398 0.193359
0.467285 0.472656
2 0 0 0
1 0 0 0
0.008630 0.015574 -0.011531
0.921875 -0.226563 -0.273438
255 255 255 255
0.220703 0.175781
0.463867 0.46582
2 0 0 0
1 0 0 0
0.009771 -0.005266 -0.010326
0.960938 -0.023438 0.187500
255 255 255 255
0.231934 0.226563
0.466797 0.48584
2 0 0 0
1 0 0 0
0.009016 -0.010402 -0.009312
0.937500 -0.109375 0.250000
255 255 255 255
0.236328 0.240234
0.467773 0.491211
2 0 0 0
1 0 0 0
0.008473 0.003870 -0.009392
0.968750 0.109375 0.039063
255 255 255 255
0.236328 0.203125
0.467773 0.476563
2 0 0 0
1 0 0 0
0.006869 -0.000354 -0.015617
0.335938 -0.031250 -0.937500
255 255 255 255
0.195313 0.214356
0.457031 0.480957
2 0 0 0
1 0 0 0
0.007510 0.004048 -0.012938
0.890625 0.171875 -0.390625
255 255 255 255
0.213379 0.203125
0.461914 0.476563
2 0 0 0
1 0 0 0
0.008791 0.000020 -0.013201
0.843750 0.140625 -0.484375
255 255 255 255
0.214844 0.213379
0.461914 0.480469
2 0 0 0
1 0 0 0
0.007572 -0.005027 -0.015015
0.445313 0.031250 -0.890625
255 255 255 255
0.198242 0.226074
0.45752 0.485352
2 0 0 0
1 0 0 0
0.003189 0.003404 -0.016157
-0.187500 -0.101563 -0.984375
255 255 255 255
0.171875 0.205566
0.450684 0.477539
2 0 0 0
1 0 0 0
0.007605 -0.009242 -0.015552
0.250000 0.085938 -0.968750
255 255 255 255
0.195801 0.236328
0.457031 0.489258
2 0 0 0
1 0 0 0
-0.000471 0.045840 -0.013348
-0.570313 0.570313 -0.585938
255 255 255 255
0.152832 0.100586
0.445801 0.437012
2 0 0 0
1 0 0 0
-0.003405 0.043250 -0.010548
-0.960938 0.242188 -0.156250
255 255 255 255
0.128906 0.101563
0.439453 0.4375
2 0 0 0
1 0 0 0
-0.002145 0.042460 -0.013123
-0.742188 0.171875 -0.656250
255 255 255 255
0.139648 0.107422
0.442383 0.439453
2 0 0 0
1 0 0 0
-0.002333 0.038642 -0.013806
-0.710938 -0.054688 -0.710938
255 255 255 255
0.135742 0.117188
0.441406 0.443359
2 0 0 0
1 0 0 0
0.002266 0.043395 -0.015104
-0.257813 -0.101563 -0.968750
255 255 255 255
0.166504 0.108887
0.449219 0.439941
2 0 0 0
1 0 0 0
0.000440 0.043776 -0.015338
-0.296875 -0.093750 -0.960938
255 255 255 255
0.157715 0.107422
0.446777 0.439453
2 0 0 0
1 0 0 0
0.002289 0.046697 -0.014197
-0.109375 0.687500 -0.710938
255 255 255 255
0.167481 0.100098
0.449707 0.436523
2 0 0 0
1 0 0 0
0.003641 0.043251 -0.015922
-0.507813 -0.187500 -0.851563
255 255 255 255
0.174316 0.109375
0.451172 0.44043
2 0 0 0
1 0 0 0
0.003397 0.042490 -0.015047
0.093750 -0.023438 -1.000000
255 255 255 255
0.172363 0.111328
0.450684 0.440918
2 0 0 0
1 0 0 0
0.004697 0.045219 -0.014851
0.382813 0.468750 -0.789063
255 255 255 255
0.178223 0.104004
0.452637 0.437988
2 0 0 0
1 0 0 0
0.006238 0.042133 -0.014836
0.718750 0.117188 -0.664063
255 255 255 255
0.1875 0.110352
0.455078 0.440918
2 0 0 0
1 0 0 0
0.005700 0.046779 -0.012188
0.664063 0.593750 -0.406250
255 255 255 255
0.185547 0.09668
0.454102 0.435547
2 0 0 0
1 0 0 0
0.007514 0.043469 -0.012652
0.914063 0.148438 -0.328125
255 255 255 255
0.195313 0.104981
0.457031 0.438477
2 0 0 0
1 0 0 0
0.007494 0.044357 -0.009555
0.929688 0.226563 -0.210938
255 255 255 255
0.205566 0.099121
0.459473 0.436523
2 0 0 0
1 0 0 0
0.003044 0.048739 -0.009400
-0.078125 0.968750 -0.156250
255 255 255 255
0.174316 0.088379
0.45166 0.432129
2 0 0 0
1 0 0 0
-0.000398 0.046566 -0.009162
-0.507813 0.781250 0.328125
255 255 255 255
0.148926 0.09082
0.444824 0.433106
2 0 0 0
1 0 0 0
-0.002920 0.043118 -0.008944
-0.843750 0.375000 0.375000
255 255 255 255
0.125 0.097168
0.438477 0.435547
2 0 0 0
1 0 0 0
-0.003276 0.039830 -0.008930
-0.960938 0.234375 0.125000
255 255 255 255
0.109375 0.105469
0.434082 0.438965
2 0 0 0
1 0 0 0
-0.003470 0.039556 -0.010633
-0.929688 0.328125 -0.164063
255 255 255 255
0.117188 0.11084
0.436035 0.440918
2 0 0 0
1 0 0 0
0.010386 0.020391 -0.011159
0.960938 -0.203125 -0.085938
255 255 255 255
0.226563 0.163086
0.465332 0.460938
2 0 0 0
1 0 0 0
0.009971 0.020371 -0.009413
0.945313 -0.164063 0.210938
255 255 255 255
0.23584 0.163574
0.467773 0.461426
2 0 0 0
1 0 0 0
0.010709 0.026123 -0.010260
0.976563 0.046875 -0.062500
255 255 255 255
0.233887 0.148438
0.467285 0.455566
2 0 0 0
1 0 0 0
0.006026 0.011906 -0.015367
0.593750 -0.109375 -0.789063
255 255 255 255
0.192871 0.18457
0.456055 0.469238
2 0 0 0
1 0 0 0
0.001819 0.013916 -0.014546
-0.367188 0.148438 -0.921875
255 255 255 255
0.15625 0.179688
0.446777 0.467773
2 0 0 0
1 0 0 0
0.001363 0.007821 -0.015408
-0.492188 -0.023438 -0.882813
255 255 255 255
0.155762 0.194824
0.446289 0.473633
2 0 0 0
1 0 0 0
0.000303 0.002487 -0.014060
-0.289063 -0.117188 -0.960938
255 255 255 255
0.14209 0.208008
0.442871 0.478516
2 0 0 0
1 0 0 0
0.004302 -0.005108 -0.014288
-0.359375 -0.117188 -0.929688
255 255 255 255
0.169434 0.226563
0.450195 0.48584
2 0 0 0
1 0 0 0
-0.001201 -0.008876 -0.013932
-0.171875 -0.109375 -0.984375
255 255 255 255
0.12793 0.235352
0.438965 0.48877
2 0 0 0
1 0 0 0
-0.004504 0.002358 -0.013392
-0.312500 0.000000 -0.960938
255 255 255 255
0.104004 0.208008
0.432617 0.478516
2 0 0 0
1 0 0 0
0.005880 -0.008797 -0.014950
-0.468750 -0.023438 -0.890625
255 255 255 255
0.183106 0.235352
0.453613 0.48877
2 0 0 0
1 0 0 0
0.005392 -0.012019 -0.014954
-0.601563 0.218750 -0.773438
255 255 255 255
0.179199 0.243164
0.452637 0.492188
2 0 0 0
1 0 0 0
-0.000245 -0.020185 -0.015345
-0.359375 -0.234375 -0.914063
255 255 255 255
0.143066 0.263672
0.443359 0.5
2 0 0 0
1 0 0 0
-0.003479 -0.018102 -0.014101
-0.765625 -0.242188 -0.617188
255 255 255 255
0.117676 0.257813
0.436523 0.497559
2 0 0 0
1 0 0 0
0.003145 -0.020624 -0.015795
0.054688 -0.210938 -0.984375
255 255 255 255
0.167969 0.265137
0.449707 0.500488
2 0 0 0
1 0 0 0
-0.001129 -0.017715 -0.015401
-0.179688 0.218750 -0.960938
255 255 255 255
0.136231 0.257813
0.441406 0.497559
2 0 0 0
1 0 0 0
0.002474 -0.016756 -0.015665
-0.367188 0.539063 -0.757813
255 255 255 255
0.161621 0.255371
0.448242 0.496582
2 0 0 0
1 0 0 0
0.005445 -0.016135 -0.016253
-0.023438 0.078125 -1.000000
255 255 255 255
0.181152 0.253418
0.453125 0.496094
2 0 0 0
1 0 0 0
0.008632 -0.014549 -0.015013
0.695313 -0.125000 -0.695313
255 255 255 255
0.20166 0.249512
0.458496 0.494629
2 0 0 0
1 0 0 0
0.008768 -0.015018 -0.012026
0.953125 -0.250000 -0.015625
255 255 255 255
0.217285 0.250977
0.462891 0.495117
2 0 0 0
1 0 0 0
-0.010949 0.006849 -0.009696
-0.945313 -0.312500 -0.164063
255 255 255 255
0.044922 0.193359
0.416992 0.472656
2 0 0 0
1 0 0 0
-0.011909 0.009793 -0.007538
-1.000000 -0.023438 -0.054688
255 255 255 255
0.041016 0.180664
0.416016 0.467773
2 0 0 0
1 0 0 0
-0.011616 0.010107 -0.011158
-0.835938 -0.085938 -0.562500
255 255 255 255
0.056152 0.187988
0.42041 0.470703
2 0 0 0
1 0 0 0
-0.009710 0.005842 -0.011325
-0.718750 -0.320313 -0.632813
255 255 255 255
0.059082 0.198242
0.420898 0.474609
2 0 0 0
1 0 0 0
-0.011144 0.012321 -0.011692
-0.718750 0.398438 -0.570313
255 255 255 255
0.062988 0.18457
0.421875 0.469238
2 0 0 0
1 0 0 0
-0.009669 0.014149 -0.008017
-0.414063 0.875000 -0.187500
255 255 255 255
0.069824 0.17334
0.423828 0.464844
2 0 0 0
1 0 0 0
-0.006007 0.014960 -0.008619
-0.687500 0.687500 -0.210938
255 255 255 255
0.086426 0.175293
0.428223 0.46582
2 0 0 0
1 0 0 0
-0.003669 0.014689 -0.012736
-0.375000 0.101563 -0.929688
255 255 255 255
0.111328 0.177246
0.43457 0.466797
2 0 0 0
1 0 0 0
0.005986 0.016493 -0.015688
-0.039063 0.117188 -0.992188
255 255 255 255
0.186523 0.17334
0.45459 0.465332
2 0 0 0
1 0 0 0
0.009123 0.031067 -0.010390
0.906250 0.351563 -0.101563
255 255 255 255
0.229004 0.135254
0.46582 0.450195
2 0 0 0
1 0 0 0
0.006853 0.034732 -0.010103
0.906250 0.351563 0.031250
255 255 255 255
0.22168 0.124512
0.463867 0.446289
2 0 0 0
1 0 0 0
0.008159 0.040302 -0.009549
0.890625 -0.289063 -0.304688
255 255 255 255
0.214356 0.109375
0.461914 0.44043
2 0 0 0
1 0 0 0
0.004529 -0.035774 -0.012229
0.812500 -0.546875 -0.164063
255 255 255 255
0.173828 0.302734
0.451172 0.515137
2 0 0 0
1 0 0 0
0.003750 0.040586 -0.016054
0.007813 -0.093750 -1.000000
255 255 255 255
0.174805 0.115723
0.45166 0.442871
2 0 0 0
1 0 0 0
0.002168 0.040294 -0.015692
-0.062500 0.015625 -1.000000
255 255 255 255
0.165527 0.116699
0.449219 0.443359
2 0 0 0
1 0 0 0
0.001226 0.039762 -0.014809
-0.257813 -0.125000 -0.968750
255 255 255 255
0.159668 0.117676
0.447266 0.443359
2 0 0 0
1 0 0 0
0.002620 -0.035676 -0.016301
0.023438 -0.539063 -0.851563
255 255 255 255
0.162109 0.296387
0.448242 0.512695
2 0 0 0
1 0 0 0
-0.002623 -0.016492 -0.014983
-0.421875 -0.054688 -0.914063
255 255 255 255
0.122559 0.253906
0.4375 0.496094
2 0 0 0
1 0 0 0
-0.003461 -0.031226 -0.014833
-0.468750 0.382813 -0.796875
255 255 255 255
0.125977 0.289551
0.438477 0.510254
2 0 0 0
1 0 0 0
-0.006008 -0.024347 -0.013816
-0.304688 -0.273438 -0.921875
255 255 255 255
0.098633 0.271973
0.431152 0.503418
2 0 0 0
1 0 0 0
-0.005886 -0.021766 -0.013672
-0.132813 0.492188 -0.859375
255 255 255 255
0.09668 0.266602
0.430664 0.500977
2 0 0 0
1 0 0 0
-0.006437 0.025455 -0.012483
-0.039063 -0.421875 -0.914063
255 255 255 255
0.094238 0.151856
0.430176 0.456543
2 0 0 0
1 0 0 0
-0.006248 -0.018000 -0.013412
0.023438 -0.601563 -0.812500
255 255 255 255
0.088867 0.257324
0.428711 0.497559
2 0 0 0
1 0 0 0
-0.010036 -0.006850 -0.011608
-0.296875 0.156250 -0.945313
255 255 255 255
0.061523 0.230469
0.421387 0.487305
2 0 0 0
1 0 0 0
-0.012514 -0.006184 -0.010480
-0.210938 0.187500 -0.960938
255 255 255 255
0.041992 0.229004
0.416504 0.486328
2 0 0 0
1 0 0 0
-0.012218 -0.009586 -0.010928
-0.312500 0.039063 -0.953125
255 255 255 255
0.046387 0.236816
0.417481 0.489746
2 0 0 0
1 0 0 0
-0.019975 -0.066913 0.003889
-0.945313 -0.007813 0.328125
255 255 255 255
1.035156 0.620117
0.684082 0.372559
2 0 0 0
1 0 0 0
-0.019992 -0.076417 0.003889
-0.945313 -0.007813 0.328125
255 255 255 255
1.035156 0.629883
0.684082 0.381348
2 0 0 0
1 0 0 0
-0.018082 -0.066920 0.007431
-0.828125 -0.007813 0.546875
255 255 255 255
1.05127 0.620117
0.687988 0.372559
2 0 0 0
1 0 0 0
-0.012889 -0.076417 0.012432
-0.539063 -0.007813 0.828125
255 255 255 255
1.08252 0.629883
0.694824 0.381348
2 0 0 0
1 0 0 0
0.000000 -0.076419 0.015660
-0.007813 -0.007813 0.984375
255 255 255 255
1.146973 0.629883
0.708984 0.381348
2 0 0 0
1 0 0 0
0.019992 -0.076422 0.003889
0.921875 -0.015625 0.328125
255 255 255 255
1.256836 0.629883
0.73291 0.381348
2 0 0 0
1 0 0 0
0.006879 -0.067004 0.014841
0.218750 -0.007813 0.953125
255 255 255 255
1.179199 0.620117
0.71582 0.372559
2 0 0 0
1 0 0 0
0.012889 -0.076421 0.012432
0.515625 -0.015625 0.828125
255 255 255 255
1.209473 0.629883
0.722656 0.381348
2 0 0 0
1 0 0 0
0.020803 -0.076422 0.000000
0.984375 -0.007813 -0.007813
255 255 255 255
1.271484 0.629883
0.736328 0.381348
2 0 0 0
1 0 0 0
-0.019975 -0.066913 -0.003889
-0.945313 -0.007813 -0.351563
255 255 255 255
0.035156 0.620117
0.626465 0.371094
2 0 0 0
1 0 0 0
-0.019992 -0.076417 -0.003889
-0.945313 -0.007813 -0.351563
255 255 255 255
0.035156 0.629883
0.626465 0.379395
2 0 0 0
1 0 0 0
-0.018082 -0.066920 -0.007431
-0.828125 -0.007813 -0.570313
255 255 255 255
0.05127 0.620117
0.629883 0.371094
2 0 0 0
1 0 0 0
-0.009958 -0.066947 -0.013895
-0.382813 -0.007813 -0.929688
255 255 255 255
0.097656 0.620117
0.640137 0.371094
2 0 0 0
1 0 0 0
-0.012889 -0.076417 -0.012433
-0.539063 -0.007813 -0.851563
255 255 255 255
0.08252 0.629883
0.636719 0.379395
2 0 0 0
1 0 0 0
0.000000 -0.076419 -0.015661
-0.007813 -0.007813 -1.000000
255 255 255 255
0.146973 0.629883
0.650879 0.379395
2 0 0 0
1 0 0 0
0.019992 -0.076422 -0.003889
0.921875 -0.015625 -0.351563
255 255 255 255
0.256836 0.629883
0.675293 0.379395
2 0 0 0
1 0 0 0
0.018115 -0.067041 -0.007431
0.804688 -0.015625 -0.570313
255 255 255 255
0.241211 0.620117
0.671875 0.371094
2 0 0 0
1 0 0 0
0.006879 -0.067004 -0.014841
0.218750 -0.007813 -0.976563
255 255 255 255
0.179199 0.620117
0.658203 0.371094
2 0 0 0
1 0 0 0
0.012889 -0.076421 -0.012433
0.515625 -0.015625 -0.851563
255 255 255 255
0.209473 0.629883
0.665039 0.379395
2 0 0 0
1 0 0 0
0.020803 -0.076422 0.000000
0.984375 -0.007813 -0.007813
255 255 255 255
0.271484 0.629883
0.678711 0.379395
2 0 0 0
1 0 0 0
-0.004628 0.189509 0.010644
0.015625 -1.000000 -0.125000
255 255 255 255
1.06543 0.897461
0.632324 0.774414
2 0 0 0
1 0 0 0
0.002636 0.189277 0.012898
-0.039063 -1.000000 -0.093750
255 255 255 255
1.09668 0.90332
0.638184 0.778809
2 0 0 0
1 0 0 0
-0.004334 0.189739 0.009146
0.023438 -1.000000 -0.109375
255 255 255 255
1.059082 0.897949
0.630859 0.774414
2 0 0 0
1 0 0 0
0.002391 0.189152 0.014550
-0.070313 -1.000000 -0.062500
255 255 255 255
1.10498 0.901367
0.639648 0.777344
2 0 0 0
1 0 0 0
0.019968 0.188080 0.012898
-0.140625 -0.992188 -0.039063
255 255 255 255
1.250977 0.898926
0.667481 0.775879
2 0 0 0
1 0 0 0
0.020344 0.187894 0.014550
-0.140625 -0.992188 -0.093750
255 255 255 255
1.252441 0.898438
0.667481 0.774902
2 0 0 0
1 0 0 0
0.027425 0.187178 0.010563
-0.156250 -0.992188 -0.078125
255 255 255 255
1.280762 0.897461
0.672852 0.774414
2 0 0 0
1 0 0 0
0.027053 0.187391 0.009184
-0.132813 -0.992188 -0.062500
255 255 255 255
1.285645 0.898438
0.673828 0.775391
2 0 0 0
1 0 0 0
0.031667 0.186936 0.004311
-0.085938 -1.000000 -0.039063
255 255 255 255
1.316895 0.896484
0.679688 0.773438
2 0 0 0
1 0 0 0
-0.009035 0.190195 0.004311
-0.078125 -1.000000 -0.062500
255 255 255 255
1.029297 0.89209
0.625488 0.770508
2 0 0 0
1 0 0 0
0.011820 0.199048 0.013996
-0.109375 -0.914063 0.382813
255 255 255 255
1.180176 0.888184
0.653809 0.767578
2 0 0 0
1 0 0 0
0.003613 0.200446 0.013386
-0.242188 -0.843750 0.476563
255 255 255 255
1.136719 0.888672
0.645508 0.768066
2 0 0 0
1 0 0 0
0.007436 0.200196 0.015117
-0.195313 -0.906250 0.375000
255 255 255 255
1.157715 0.886719
0.649414 0.766113
2 0 0 0
1 0 0 0
0.016340 0.199376 0.015117
0.039063 -0.914063 0.398438
255 255 255 255
1.202637 0.886231
0.658203 0.765625
2 0 0 0
1 0 0 0
0.003368 0.201192 0.014550
-0.265625 -0.867188 0.421875
255 255 255 255
1.134277 0.886719
0.64502 0.766602
2 0 0 0
1 0 0 0
0.020144 0.198925 0.013386
0.078125 -0.906250 0.414063
255 255 255 255
1.222656 0.887207
0.662109 0.766602
2 0 0 0
1 0 0 0
0.020521 0.199609 0.014550
0.101563 -0.875000 0.460938
255 255 255 255
1.222656 0.885254
0.662109 0.765137
2 0 0 0
1 0 0 0
0.014404 0.210585 0.012120
0.375000 0.828125 0.351563
255 255 255 255
1.1875 0.870606
0.655273 0.754395
2 0 0 0
1 0 0 0
0.014709 0.212704 0.006869
0.507813 0.812500 0.187500
255 255 255 255
1.19043 0.863281
0.655762 0.748535
2 0 0 0
1 0 0 0
0.028303 0.209822 0.005656
0.250000 0.937500 0.101563
255 255 255 255
1.265625 0.867676
0.669922 0.751953
2 0 0 0
1 0 0 0
0.013242 0.213971 0.007065
0.640625 0.710938 0.171875
255 255 255 255
1.178711 0.863281
0.653809 0.748535
2 0 0 0
1 0 0 0
0.014684 0.213014 0.000000
0.367188 0.906250 -0.007813
255 255 255 255
1.195313 0.854492
0.656738 0.741699
2 0 0 0
1 0 0 0
0.029436 0.209609 0.000000
0.257813 0.945313 -0.007813
255 255 255 255
1.287598 0.863281
0.674316 0.748535
2 0 0 0
1 0 0 0
0.013271 0.214279 0.000000
0.648438 0.734375 -0.007813
255 255 255 255
1.178711 0.854492
0.653809 0.741699
2 0 0 0
1 0 0 0
-0.004628 0.189509 -0.010645
0.015625 -1.000000 0.101563
255 255 255 255
0.06543 0.897461
0.698242 0.766602
2 0 0 0
1 0 0 0
0.002636 0.189277 -0.012898
-0.039063 -1.000000 0.070313
255 255 255 255
0.09668 0.90332
0.704102 0.770996
2 0 0 0
1 0 0 0
0.002391 0.189152 -0.014550
-0.070313 -1.000000 0.039063
255 255 255 255
0.104981 0.901367
0.706055 0.769531
2 0 0 0
1 0 0 0
0.019968 0.188080 -0.012898
-0.140625 -0.992188 0.015625
255 255 255 255
0.250977 0.898926
0.733398 0.768066
2 0 0 0
1 0 0 0
0.027053 0.187391 -0.009184
-0.132813 -0.992188 0.039063
255 255 255 255
0.285645 0.898438
0.740234 0.767578
2 0 0 0
1 0 0 0
0.027425 0.187178 -0.010563
-0.156250 -0.992188 0.054688
255 255 255 255
0.280762 0.897461
0.739258 0.766602
2 0 0 0
1 0 0 0
0.020344 0.187894 -0.014550
-0.140625 -0.992188 0.070313
255 255 255 255
0.252441 0.898438
0.733887 0.76709
2 0 0 0
1 0 0 0
0.031667 0.186936 -0.004312
-0.085938 -1.000000 0.015625
255 255 255 255
0.316895 0.896484
0.746094 0.765625
2 0 0 0
1 0 0 0
0.011820 0.199048 -0.013996
-0.109375 -0.914063 -0.406250
255 255 255 255
0.180176 0.888184
0.720215 0.759766
2 0 0 0
1 0 0 0
0.016340 0.199376 -0.015117
0.039063 -0.914063 -0.421875
255 255 255 255
0.202637 0.886231
0.724121 0.757813
2 0 0 0
1 0 0 0
0.007436 0.200196 -0.015117
-0.195313 -0.906250 -0.398438
255 255 255 255
0.157715 0.886719
0.71582 0.758301
2 0 0 0
1 0 0 0
0.003613 0.200446 -0.013386
-0.242188 -0.843750 -0.500000
255 255 255 255
0.136719 0.888672
0.711914 0.759766
2 0 0 0
1 0 0 0
0.003368 0.201192 -0.014550
-0.265625 -0.867188 -0.445313
255 255 255 255
0.134277 0.886719
0.711426 0.758789
2 0 0 0
1 0 0 0
0.020144 0.198925 -0.013386
0.078125 -0.906250 -0.437500
255 255 255 255
0.222656 0.887207
0.728027 0.758789
2 0 0 0
1 0 0 0
0.020521 0.199609 -0.014550
0.101563 -0.875000 -0.484375
255 255 255 255
0.222656 0.885254
0.728027 0.757324
2 0 0 0
1 0 0 0
0.014709 0.212704 -0.006869
0.507813 0.812500 -0.210938
255 255 255 255
0.19043 0.863281
0.722168 0.740723
2 0 0 0
1 0 0 0
0.014404 0.210585 -0.012121
0.375000 0.828125 -0.375000
255 255 255 255
0.1875 0.870606
0.72168 0.746582
2 0 0 0
1 0 0 0
0.029436 0.209609 0.000000
0.257813 0.945313 -0.007813
255 255 255 255
0.287598 0.863281
0.740234 0.740723
2 0 0 0
1 0 0 0
0.014684 0.213014 0.000000
0.367188 0.906250 -0.007813
255 255 255 255
0.195313 0.854492
0.723145 0.733887
2 0 0 0
1 0 0 0
0.013271 0.214279 0.000000
0.648438 0.734375 -0.007813
255 255 255 255
0.178711 0.854492
0.719727 0.733887
2 0 0 0
1 0 0 0
0.017183 -0.110376 0.002867
0.640625 -0.031250 -0.757813
255 255 255 255
1.040527 0.939453
0.385254 0.500488
2 0 0 0
1 0 0 0
0.015962 -0.115396 0.001791
0.679688 -0.007813 -0.718750
255 255 255 255
1.039551 0.929688
0.385254 0.496094
2 0 0 0
1 0 0 0
0.017152 -0.115401 0.002952
0.664063 -0.023438 -0.742188
255 255 255 255
1.041992 0.929688
0.385254 0.496094
2 0 0 0
1 0 0 0
0.002122 -0.083154 0.006242
-0.132813 -0.007813 0.976563
255 255 255 255
1.149414 0.985352
0.392578 0.521484
2 0 0 0
1 0 0 0
0.015962 -0.110391 -0.001953
0.671875 -0.023438 0.710938
255 255 255 255
0.039063 0.9375
0.342773 0.094727
2 0 0 0
1 0 0 0
0.017183 -0.110376 -0.003046
0.648438 -0.031250 0.726563
255 255 255 255
0.040527 0.939453
0.342773 0.095703
2 0 0 0
1 0 0 0
0.017152 -0.115401 -0.003131
0.671875 -0.023438 0.710938
255 255 255 255
0.041992 0.929688
0.342773 0.091309
2 0 0 0
1 0 0 0
0.015962 -0.115396 -0.001953
0.687500 -0.007813 0.695313
255 255 255 255
0.039551 0.929688
0.342773 0.091309
2 0 0 0
1 0 0 0
0.002122 -0.083154 -0.006285
-0.132813 -0.007813 -0.992188
255 255 255 255
0.149414 0.985352
0.350586 0.116699
2 0 0 0
1 0 0 0
-0.019656 -0.115497 -0.002191
-0.195313 -0.007813 -0.984375
255 255 255 255
0.310059 0.927246
0.361816 0.089844
2 0 0 0
1 0 0 0
0.001953 -0.115439 -0.006269
-0.078125 -0.015625 -1.000000
255 255 255 255
0.148926 0.927734
0.350586 0.090332
2 0 0 0
1 0 0 0
0.019735 0.186739 0.012562
-0.414063 0.007813 -0.921875
255 255 255 255
1.513672 0.960938
0.725098 0.654785
2 0 0 0
1 0 0 0
0.024524 0.187935 0.010671
-0.375000 -0.007813 -0.937500
255 255 255 255
1.53125 0.959473
0.729004 0.65332
2 0 0 0
1 0 0 0
0.024700 0.199650 0.010671
-0.414063 0.007813 -0.921875
255 255 255 255
1.53125 0.959473
0.729004 0.65332
2 0 0 0
1 0 0 0
0.020712 0.198778 0.012562
-0.445313 0.023438 -0.906250
255 255 255 255
1.513672 0.960938
0.725098 0.654785
2 0 0 0
1 0 0 0
0.016244 -0.067891 0.008296
0.648438 0.015625 0.734375
255 255 255 255
1.546875 0.996582
0.724121 0.509766
2 0 0 0
1 0 0 0
0.008846 -0.066535 0.014165
0.531250 0.062500 0.812500
255 255 255 255
1.507813 0.994141
0.714844 0.507324
2 0 0 0
1 0 0 0
0.009105 -0.053514 0.012585
0.390625 0.132813 0.882813
255 255 255 255
1.513672 0.981445
0.716309 0.495117
2 0 0 0
1 0 0 0
0.019588 -0.051953 0.004759
0.664063 0.007813 0.710938
255 255 255 255
1.567383 0.979492
0.729004 0.493652
2 0 0 0
1 0 0 0
0.005219 -0.055799 0.013918
0.101563 0.304688 0.921875
255 255 255 255
1.498047 0.983398
0.712402 0.49707
2 0 0 0
1 0 0 0
0.001223 -0.059818 0.014615
-0.351563 0.468750 0.789063
255 255 255 255
1.479492 0.985352
0.708008 0.499512
2 0 0 0
1 0 0 0
0.002940 -0.063183 0.016914
-0.046875 0.375000 0.898438
255 255 255 255
1.485352 0.990723
0.709473 0.503906
2 0 0 0
1 0 0 0
-0.008417 -0.053869 -0.014380
-0.484375 0.023438 -0.882813
255 255 255 255
1.439453 0.981934
0.641113 0.411133
2 0 0 0
1 0 0 0
-0.007659 -0.065929 -0.014732
-0.328125 -0.093750 -0.953125
255 255 255 255
1.444336 0.993652
0.64209 0.422363
2 0 0 0
1 0 0 0
-0.012348 -0.066757 -0.013312
-0.500000 0.054688 -0.875000
255 255 255 255
1.425293 0.994629
0.637695 0.42334
2 0 0 0
1 0 0 0
-0.015488 -0.051634 -0.008753
-0.757813 0.070313 -0.656250
255 255 255 255
1.40332 0.979492
0.632324 0.408691
2 0 0 0
1 0 0 0
0.000311 -0.062140 -0.015629
0.406250 -0.148438 -0.898438
255 255 255 255
1.477051 0.988281
0.650391 0.417481
2 0 0 0
1 0 0 0
-0.001209 -0.058411 -0.016909
0.250000 -0.210938 -0.945313
255 255 255 255
1.468262 0.986328
0.647949 0.415527
2 0 0 0
1 0 0 0
-0.020783 -0.051602 0.000000
-0.937500 0.000000 -0.359375
255 255 255 255
1.358398 0.979004
0.621582 0.408691
2 0 0 0
1 0 0 0
-0.019265 -0.067607 -0.005370
-0.867188 0.039063 -0.507813
255 255 255 255
1.381836 0.996582
0.627441 0.425293
2 0 0 0
1 0 0 0
0.001223 -0.059818 -0.014616
0.679688 0.023438 -0.718750
255 255 255 255
1.479492 0.985352
0.650879 0.414551
2 0 0 0
1 0 0 0
0.019512 -0.067914 -0.004885
0.937500 -0.015625 -0.296875
255 255 255 255
1.566895 0.996582
0.671875 0.425293
2 0 0 0
1 0 0 0
0.020952 -0.067899 0.000000
0.937500 -0.015625 -0.289063
255 255 255 255
1.588379 0.996582
0.676758 0.425293
2 0 0 0
1 0 0 0
0.019588 -0.051953 -0.004759
0.937500 -0.015625 -0.304688
255 255 255 255
1.567383 0.979492
0.671875 0.408691
2 0 0 0
1 0 0 0
0.003344 0.199643 0.012733
-0.398438 0.054688 0.898438
255 255 255 255
1.439453 0.961426
0.707031 0.655273
2 0 0 0
1 0 0 0
-0.003545 0.202304 0.007956
-0.757813 0.117188 0.632813
255 255 255 255
1.40332 0.958984
0.698731 0.652832
2 0 0 0
1 0 0 0
-0.001594 0.187700 0.011943
-0.429688 0.085938 0.882813
255 255 255 255
1.425293 0.974121
0.703613 0.667481
2 0 0 0
1 0 0 0
0.010225 0.194776 0.014789
0.218750 -0.210938 0.929688
255 255 255 255
1.468262 0.96582
0.713867 0.65918
2 0 0 0
1 0 0 0
-0.007947 0.187321 0.004864
-0.882813 0.101563 0.453125
255 255 255 255
1.381836 0.976074
0.693359 0.668945
2 0 0 0
1 0 0 0
0.012442 0.193270 0.012784
0.648438 -0.023438 0.726563
255 255 255 255
1.479492 0.964844
0.716797 0.658691
2 0 0 0
1 0 0 0
0.025257 0.199471 -0.010404
0.515625 0.000000 -0.851563
255 255 255 255
1.53125 0.959473
0.727539 0.542969
2 0 0 0
1 0 0 0
0.020839 0.198672 -0.012414
0.242188 0.109375 -0.960938
255 255 255 255
1.513672 0.960938
0.723633 0.543945
2 0 0 0
1 0 0 0
0.019619 0.186308 -0.013782
0.406250 0.031250 -0.914063
255 255 255 255
1.507813 0.973633
0.722168 0.555664
2 0 0 0
1 0 0 0
0.030287 0.184264 -0.004376
0.914063 -0.070313 -0.359375
255 255 255 255
1.566895 0.976074
0.73584 0.558106
2 0 0 0
1 0 0 0
0.015584 0.187975 -0.015075
0.179688 0.164063 -0.968750
255 255 255 255
1.492676 0.97168
0.71875 0.554199
2 0 0 0
1 0 0 0
0.016553 0.196815 -0.012918
-0.085938 0.289063 -0.953125
255 255 255 255
1.498047 0.962402
0.719727 0.545898
2 0 0 0
1 0 0 0
0.011415 0.191124 -0.013670
-0.359375 0.453125 -0.812500
255 255 255 255
1.477051 0.967773
0.715332 0.550293
2 0 0 0
1 0 0 0
0.012442 0.193270 -0.012784
-0.421875 0.492188 -0.765625
255 255 255 255
1.479492 0.964844
0.71582 0.547852
2 0 0 0
1 0 0 0
0.001762 0.173293 0.013256
-0.304688 -0.070313 0.937500
255 255 255 255
1.444336 0.973145
0.708008 0.644043
2 0 0 0
1 0 0 0
0.001873 0.184818 0.012939
-0.445313 0.054688 0.875000
255 255 255 255
1.439453 0.961426
0.706543 0.633301
2 0 0 0
1 0 0 0
-0.005041 0.187430 0.007876
-0.718750 0.125000 0.671875
255 255 255 255
1.40332 0.958984
0.698242 0.630859
2 0 0 0
1 0 0 0
-0.002990 0.172826 0.011977
-0.453125 0.085938 0.867188
255 255 255 255
1.425293 0.974121
0.703613 0.64502
2 0 0 0
1 0 0 0
0.008758 0.180003 0.015214
0.218750 -0.210938 0.929688
255 255 255 255
1.468262 0.96582
0.713379 0.637207
2 0 0 0
1 0 0 0
0.010009 0.176351 0.014062
0.367188 -0.164063 0.890625
255 255 255 255
1.477051 0.967773
0.715332 0.63916
2 0 0 0
1 0 0 0
-0.009971 0.172491 0.004831
-0.843750 0.101563 0.523438
255 255 255 255
1.381836 0.976074
0.693359 0.646484
2 0 0 0
1 0 0 0
-0.010336 0.187823 0.000000
-0.921875 0.070313 0.367188
255 255 255 255
1.358398 0.958496
0.687988 0.630371
2 0 0 0
1 0 0 0
0.011089 0.178497 0.013151
0.640625 -0.023438 0.734375
255 255 255 255
1.479492 0.964844
0.71582 0.636231
2 0 0 0
1 0 0 0
0.023831 0.184736 -0.010311
0.523438 0.000000 -0.843750
255 255 255 255
1.53125 0.959473
0.789063 0.56543
2 0 0 0
1 0 0 0
0.019464 0.183951 -0.012475
0.281250 0.109375 -0.953125
255 255 255 255
1.513672 0.960938
0.785156 0.566406
2 0 0 0
1 0 0 0
0.018239 0.171583 -0.013901
0.445313 0.023438 -0.890625
255 255 255 255
1.507813 0.973633
0.783691 0.578613
2 0 0 0
1 0 0 0
0.029519 0.169451 -0.004339
0.882813 -0.070313 -0.437500
255 255 255 255
1.566895 0.976074
0.797363 0.580566
2 0 0 0
1 0 0 0
0.014377 0.173204 -0.015390
0.218750 0.164063 -0.960938
255 255 255 255
1.492676 0.97168
0.779785 0.57666
2 0 0 0
1 0 0 0
0.012564 0.175179 -0.015419
-0.164063 0.367188 -0.914063
255 255 255 255
1.485352 0.969727
0.77832 0.575195
2 0 0 0
1 0 0 0
0.011089 0.178497 -0.013151
-0.382813 0.500000 -0.773438
255 255 255 255
1.479492 0.964844
0.776856 0.570313
2 0 0 0
1 0 0 0
0.016244 -0.054137 0.008296
0.648438 0.015625 0.734375
255 255 255 255
1.546875 0.996582
0.725586 0.468262
2 0 0 0
1 0 0 0
0.008846 -0.052781 0.014165
0.531250 0.062500 0.812500
255 255 255 255
1.507813 0.994141
0.71582 0.46582
2 0 0 0
1 0 0 0
0.009105 -0.039759 0.012585
0.390625 0.132813 0.882813
255 255 255 255
1.513672 0.981445
0.717285 0.453613
2 0 0 0
1 0 0 0
0.019588 -0.038199 0.004759
0.664063 0.007813 0.710938
255 255 255 255
1.567383 0.979492
0.730469 0.452148
2 0 0 0
1 0 0 0
0.005219 -0.042045 0.013918
0.101563 0.304688 0.921875
255 255 255 255
1.498047 0.983398
0.713867 0.455566
2 0 0 0
1 0 0 0
0.001223 -0.046064 0.014615
-0.351563 0.468750 0.789063
255 255 255 255
1.479492 0.985352
0.708984 0.458008
2 0 0 0
1 0 0 0
0.002940 -0.049428 0.016914
-0.046875 0.375000 0.898438
255 255 255 255
1.485352 0.990723
0.710449 0.462402
2 0 0 0
1 0 0 0
-0.008417 -0.040115 -0.014380
-0.484375 0.023438 -0.882813
255 255 255 255
1.439453 0.981934
0.640625 0.39209
2 0 0 0
1 0 0 0
-0.007659 -0.052175 -0.014732
-0.328125 -0.093750 -0.953125
255 255 255 255
1.444336 0.993652
0.641602 0.40332
2 0 0 0
1 0 0 0
-0.012348 -0.053003 -0.013312
-0.500000 0.054688 -0.875000
255 255 255 255
1.425293 0.994629
0.637207 0.404297
2 0 0 0
1 0 0 0
-0.015488 -0.037879 -0.008753
-0.757813 0.070313 -0.656250
255 255 255 255
1.40332 0.979492
0.631836 0.389648
2 0 0 0
1 0 0 0
0.000311 -0.048386 -0.015629
0.406250 -0.148438 -0.898438
255 255 255 255
1.477051 0.988281
0.649414 0.397949
2 0 0 0
1 0 0 0
-0.001209 -0.044657 -0.016909
0.250000 -0.210938 -0.945313
255 255 255 255
1.468262 0.986328
0.647461 0.395996
2 0 0 0
1 0 0 0
-0.020783 -0.037847 0.000000
-0.937500 0.000000 -0.359375
255 255 255 255
1.358398 0.979004
0.621094 0.38916
2 0 0 0
1 0 0 0
-0.019265 -0.053853 -0.005370
-0.867188 0.039063 -0.507813
255 255 255 255
1.381836 0.996582
0.626953 0.40625
2 0 0 0
1 0 0 0
0.001223 -0.046064 -0.014616
0.679688 0.023438 -0.718750
255 255 255 255
1.479492 0.985352
0.650391 0.395508
2 0 0 0
1 0 0 0
0.019512 -0.054160 -0.004885
0.937500 -0.015625 -0.296875
255 255 255 255
1.566895 0.996582
0.671387 0.405762
2 0 0 0
1 0 0 0
0.020952 -0.054145 0.000000
0.937500 -0.015625 -0.289063
255 255 255 255
1.588379 0.996582
0.67627 0.40625
2 0 0 0
1 0 0 0
0.019588 -0.038199 -0.004759
0.937500 -0.015625 -0.304688
255 255 255 255
1.567383 0.979492
0.671387 0.389648
2 0 0 0
1 0 0 0
-0.004058 -0.030140 -0.018455
-0.351563 -0.265625 -0.906250
255 255 255 255
1.456543 0.964356
0.643066 0.476074
2 0 0 0
1 0 0 0
-0.008311 -0.026962 -0.015053
-0.531250 0.000000 -0.859375
255 255 255 255
1.439453 0.961426
0.63916 0.473145
2 0 0 0
1 0 0 0
-0.007579 -0.039025 -0.015128
-0.390625 -0.125000 -0.921875
255 255 255 255
1.444336 0.973145
0.640137 0.484375
2 0 0 0
1 0 0 0
-0.000527 -0.036530 -0.017189
-0.265625 -0.351563 -0.906250
255 255 255 255
1.46875 0.970703
0.646484 0.482422
2 0 0 0
1 0 0 0
-0.012271 -0.039833 -0.013570
-0.515625 0.039063 -0.859375
255 255 255 255
1.425293 0.974121
0.635742 0.48584
2 0 0 0
1 0 0 0
-0.015412 -0.024695 -0.009102
-0.773438 0.062500 -0.640625
255 255 255 255
1.40332 0.958984
0.630371 0.470703
2 0 0 0
1 0 0 0
-0.020729 -0.024639 -0.000005
-0.945313 0.039063 -0.351563
255 255 255 255
1.358398 0.958496
0.619141 0.470215
2 0 0 0
1 0 0 0
-0.019191 -0.040652 -0.005402
-0.859375 0.031250 -0.531250
255 255 255 255
1.381836 0.976074
0.625 0.487305
2 0 0 0
1 0 0 0
0.005009 -0.038270 -0.017039
0.593750 0.007813 -0.796875
255 255 255 255
1.492676 0.97168
0.651856 0.483398
2 0 0 0
1 0 0 0
0.016316 -0.041095 -0.008405
0.656250 0.000000 -0.742188
255 255 255 255
1.546875 0.975586
0.665039 0.487305
2 0 0 0
1 0 0 0
0.013161 -0.025544 -0.010709
0.609375 0.015625 -0.789063
255 255 255 255
1.53125 0.959473
0.661621 0.471191
2 0 0 0
1 0 0 0
0.001950 -0.032955 -0.017462
0.539063 -0.039063 -0.835938
255 255 255 255
1.479492 0.964844
0.648926 0.476563
2 0 0 0
1 0 0 0
0.019808 -0.025172 -0.004928
0.789063 -0.015625 -0.601563
255 255 255 255
1.567383 0.958984
0.67041 0.470703
2 0 0 0
1 0 0 0
0.000564 -0.022160 0.016132
-0.726563 0.265625 0.617188
255 255 255 255
1.477051 0.946777
0.650391 0.438477
2 0 0 0
1 0 0 0
0.001503 -0.019846 0.015139
-0.875000 0.429688 0.203125
255 255 255 255
1.479492 0.944336
0.650879 0.436035
2 0 0 0
1 0 0 0
0.002927 -0.017970 0.016962
-0.726563 0.265625 0.617188
255 255 255 255
1.48877 0.942871
0.65332 0.435059
2 0 0 0
1 0 0 0
0.003196 -0.023226 0.017430
-0.429688 0.046875 0.882813
255 255 255 255
1.485352 0.949219
0.652344 0.440918
2 0 0 0
1 0 0 0
-0.008178 -0.013811 -0.015348
-0.523438 0.007813 -0.867188
255 255 255 255
1.439453 0.94043
0.700684 0.410645
2 0 0 0
1 0 0 0
-0.007469 -0.025877 -0.015463
-0.359375 -0.125000 -0.937500
255 255 255 255
1.444336 0.952148
0.70166 0.422363
2 0 0 0
1 0 0 0
-0.012178 -0.026663 -0.013874
-0.523438 0.046875 -0.859375
255 255 255 255
1.425293 0.953125
0.697266 0.42334
2 0 0 0
1 0 0 0
-0.015323 -0.011512 -0.009276
-0.773438 0.062500 -0.640625
255 255 255 255
1.40332 0.937988
0.691895 0.408203
2 0 0 0
1 0 0 0
-0.000978 -0.018661 -0.018334
0.093750 -0.281250 -0.960938
255 255 255 255
1.468262 0.944824
0.70752 0.415039
2 0 0 0
1 0 0 0
-0.020679 -0.011432 -0.000005
-0.945313 0.031250 -0.343750
255 255 255 255
1.358398 0.937988
0.681152 0.408203
2 0 0 0
1 0 0 0
-0.019119 -0.027451 -0.005526
-0.859375 0.031250 -0.523438
255 255 255 255
1.381836 0.955078
0.686523 0.424805
2 0 0 0
1 0 0 0
0.013467 -0.012488 -0.010909
0.671875 -0.023438 -0.734375
255 255 255 255
1.53125 0.938477
0.722656 0.40918
2 0 0 0
1 0 0 0
0.011169 -0.013612 -0.013429
0.578125 -0.015625 -0.804688
255 255 255 255
1.513672 0.939941
0.71875 0.410156
2 0 0 0
1 0 0 0
0.016490 -0.028054 -0.008590
0.664063 -0.007813 -0.742188
255 255 255 255
1.546875 0.955078
0.726563 0.424805
2 0 0 0
1 0 0 0
0.002584 -0.020284 -0.016070
0.492188 -0.093750 -0.859375
255 255 255 255
1.479492 0.944336
0.710449 0.414551
2 0 0 0
1 0 0 0
0.005145 -0.025190 -0.017304
0.468750 0.023438 -0.875000
255 255 255 255
1.492676 0.950684
0.713379 0.420898
2 0 0 0
1 0 0 0
0.003273 -0.023364 -0.018082
0.093750 0.304688 -0.945313
255 255 255 255
1.485352 0.949219
0.711914 0.418945
2 0 0 0
1 0 0 0
0.021808 -0.028104 -0.000009
0.906250 0.000000 -0.382813
255 255 255 255
1.588379 0.955078
0.736816 0.424805
2 0 0 0
1 0 0 0
0.021630 -0.012176 -0.000010
0.921875 -0.015625 -0.343750
255 255 255 255
1.588379 0.937988
0.736816 0.408203
2 0 0 0
1 0 0 0
0.000780 -0.009048 0.016423
-0.304688 0.460938 0.812500
255 255 255 255
1.477051 0.988281
0.710449 0.395508
2 0 0 0
1 0 0 0
0.001737 -0.006739 0.015398
-0.351563 0.476563 0.781250
255 255 255 255
1.479492 0.985352
0.710938 0.392578
2 0 0 0
1 0 0 0
0.003843 -0.004804 0.015097
-0.453125 0.429688 0.757813
255 255 255 255
1.48877 0.984375
0.712891 0.391602
2 0 0 0
1 0 0 0
0.003427 -0.010126 0.017751
-0.226563 0.335938 0.890625
255 255 255 255
1.485352 0.990723
0.712402 0.397461
2 0 0 0
1 0 0 0
0.005502 -0.003058 0.015985
-0.203125 0.273438 0.914063
255 255 255 255
1.498047 0.983398
0.715332 0.390137
2 0 0 0
1 0 0 0
0.005371 -0.012086 0.017162
0.375000 0.101563 0.890625
255 255 255 255
1.492676 0.992188
0.713867 0.398926
2 0 0 0
1 0 0 0
-0.007991 -0.000660 -0.015568
-0.523438 0.015625 -0.859375
255 255 255 255
1.439453 0.981934
0.639648 0.453125
2 0 0 0
1 0 0 0
-0.012071 -0.013494 -0.014147
-0.531250 0.054688 -0.859375
255 255 255 255
1.425293 0.994629
0.636231 0.46582
2 0 0 0
1 0 0 0
-0.015179 0.001671 -0.009400
-0.781250 0.070313 -0.632813
255 255 255 255
1.40332 0.979492
0.630371 0.450684
2 0 0 0
1 0 0 0
-0.000709 -0.005298 -0.018333
0.203125 -0.265625 -0.945313
255 255 255 255
1.468262 0.986328
0.646484 0.45752
2 0 0 0
1 0 0 0
-0.020576 0.001774 -0.000006
-0.945313 0.031250 -0.343750
255 255 255 255
1.358398 0.979004
0.619629 0.450684
2 0 0 0
1 0 0 0
-0.019061 -0.014251 -0.005637
-0.867188 0.039063 -0.515625
255 255 255 255
1.381836 0.996582
0.625488 0.467285
2 0 0 0
1 0 0 0
0.013813 0.000566 -0.011054
0.632813 0.007813 -0.765625
255 255 255 255
1.53125 0.979981
0.662109 0.451172
2 0 0 0
1 0 0 0
0.009343 -0.013558 -0.015130
0.593750 0.015625 -0.796875
255 255 255 255
1.507813 0.994141
0.65625 0.465332
2 0 0 0
1 0 0 0
0.016784 -0.015013 -0.008757
0.664063 -0.007813 -0.734375
255 255 255 255
1.546875 0.996582
0.666016 0.467285
2 0 0 0
1 0 0 0
0.001959 -0.006738 -0.016090
0.617188 -0.046875 -0.781250
255 255 255 255
1.479492 0.985352
0.649414 0.456543
2 0 0 0
1 0 0 0
0.020559 0.000878 -0.005082
0.789063 -0.023438 -0.593750
255 255 255 255
1.567383 0.979492
0.670898 0.450684
2 0 0 0
1 0 0 0
0.005373 -0.012086 -0.017614
0.429688 0.085938 -0.890625
255 255 255 255
1.492676 0.992188
0.652344 0.463379
2 0 0 0
1 0 0 0
0.006433 -0.002774 -0.015840
0.171875 0.218750 -0.960938
255 255 255 255
1.498047 0.983398
0.653809 0.454102
2 0 0 0
1 0 0 0
-0.007725 0.012490 -0.015670
-0.523438 0.023438 -0.859375
255 255 255 255
1.439453 0.961426
0.701172 0.433106
2 0 0 0
1 0 0 0
-0.011913 -0.000326 -0.014349
-0.531250 0.062500 -0.851563
255 255 255 255
1.425293 0.974121
0.697754 0.445801
2 0 0 0
1 0 0 0
-0.014936 0.014852 -0.009448
-0.781250 0.078125 -0.632813
255 255 255 255
1.40332 0.958984
0.692383 0.430664
2 0 0 0
1 0 0 0
-0.000425 0.007819 -0.018500
0.257813 -0.242188 -0.937500
255 255 255 255
1.468262 0.96582
0.708496 0.4375
2 0 0 0
1 0 0 0
-0.020361 0.014979 -0.000008
-0.945313 0.039063 -0.343750
255 255 255 255
1.358398 0.958496
0.681152 0.430664
2 0 0 0
1 0 0 0
-0.018962 -0.001051 -0.005721
-0.867188 0.046875 -0.515625
255 255 255 255
1.381836 0.976074
0.687012 0.447754
2 0 0 0
1 0 0 0
0.010225 0.012530 -0.013694
0.421875 0.132813 -0.890625
255 255 255 255
1.513672 0.960938
0.719727 0.432617
2 0 0 0
1 0 0 0
0.009668 -0.000485 -0.015337
0.562500 0.046875 -0.820313
255 255 255 255
1.507813 0.973633
0.718262 0.445313
2 0 0 0
1 0 0 0
0.017159 -0.001973 -0.008881
0.664063 -0.007813 -0.734375
255 255 255 255
1.546875 0.975586
0.727539 0.447754
2 0 0 0
1 0 0 0
0.002034 0.006368 -0.015955
0.710938 0.007813 -0.695313
255 255 255 255
1.479492 0.964844
0.710938 0.437012
2 0 0 0
1 0 0 0
0.020996 0.013902 -0.005105
0.789063 -0.023438 -0.593750
255 255 255 255
1.567383 0.958984
0.73291 0.430664
2 0 0 0
1 0 0 0
0.006199 0.010314 -0.015190
0.132813 0.320313 -0.937500
255 255 255 255
1.498047 0.962402
0.71582 0.43457
2 0 0 0
1 0 0 0
0.003721 0.002974 -0.018454
0.093750 0.359375 -0.921875
255 255 255 255
1.485352 0.969727
0.712402 0.441895
2 0 0 0
1 0 0 0
0.022429 -0.002066 -0.000006
0.914063 -0.015625 -0.359375
255 255 255 255
1.588379 0.976074
0.738281 0.447754
2 0 0 0
1 0 0 0
-0.007358 0.025637 -0.015613
-0.515625 0.039063 -0.859375
255 255 255 255
1.439453 0.94043
0.698731 0.474609
2 0 0 0
1 0 0 0
-0.011667 0.012841 -0.014441
-0.523438 0.078125 -0.851563
255 255 255 255
1.425293 0.953125
0.695313 0.486816
2 0 0 0
1 0 0 0
-0.014553 0.028032 -0.009394
-0.773438 0.093750 -0.632813
255 255 255 255
1.40332 0.937988
0.689941 0.47168
2 0 0 0
1 0 0 0
-0.000070 0.020935 -0.018501
0.257813 -0.234375 -0.937500
255 255 255 255
1.468262 0.944824
0.706055 0.478516
2 0 0 0
1 0 0 0
-0.019980 0.028183 -0.000010
-0.945313 0.054688 -0.343750
255 255 255 255
1.358398 0.937988
0.678711 0.47168
2 0 0 0
1 0 0 0
-0.018765 0.012147 -0.005762
-0.867188 0.062500 -0.515625
255 255 255 255
1.381836 0.955078
0.68457 0.48877
2 0 0 0
1 0 0 0
0.010622 0.025599 -0.013635
0.421875 0.140625 -0.890625
255 255 255 255
1.513672 0.939941
0.717285 0.473633
2 0 0 0
1 0 0 0
0.010041 0.012587 -0.015427
0.562500 0.054688 -0.820313
255 255 255 255
1.507813 0.952637
0.71582 0.486328
2 0 0 0
1 0 0 0
0.017575 0.011065 -0.008941
0.664063 0.000000 -0.734375
255 255 255 255
1.546875 0.955078
0.725586 0.48877
2 0 0 0
1 0 0 0
0.002392 0.019473 -0.015973
0.703125 0.015625 -0.695313
255 255 255 255
1.479492 0.944336
0.708984 0.478027
2 0 0 0
1 0 0 0
0.021406 0.026924 -0.005074
0.789063 -0.015625 -0.593750
255 255 255 255
1.567383 0.937988
0.730469 0.47168
2 0 0 0
1 0 0 0
0.006584 0.023401 -0.015156
0.132813 0.328125 -0.929688
255 255 255 255
1.498047 0.941895
0.713379 0.475586
2 0 0 0
1 0 0 0
0.004073 0.016071 -0.018521
0.093750 0.367188 -0.921875
255 255 255 255
1.485352 0.949219
0.710449 0.48291
2 0 0 0
1 0 0 0
0.022991 0.010951 -0.000003
0.914063 -0.007813 -0.375000
255 255 255 255
1.588379 0.955078
0.73584 0.48877
2 0 0 0
1 0 0 0
-0.006874 0.038784 -0.015354
-0.515625 0.054688 -0.867188
255 255 255 255
1.439453 0.981934
0.766602 0.632813
2 0 0 0
1 0 0 0
-0.011303 0.026006 -0.014386
-0.523438 0.093750 -0.851563
255 255 255 255
1.425293 0.994629
0.763184 0.645508
2 0 0 0
1 0 0 0
-0.013997 0.041209 -0.009214
-0.773438 0.101563 -0.640625
255 255 255 255
1.40332 0.979492
0.757813 0.630371
2 0 0 0
1 0 0 0
0.000352 0.034049 -0.018282
0.250000 -0.218750 -0.945313
255 255 255 255
1.468262 0.986328
0.773926 0.637207
2 0 0 0
1 0 0 0
-0.019383 0.041384 -0.000012
-0.945313 0.031250 -0.351563
255 255 255 255
1.358398 0.979004
0.746582 0.629883
2 0 0 0
1 0 0 0
-0.018421 0.025343 -0.005744
-0.875000 0.078125 -0.492188
255 255 255 255
1.381836 0.996582
0.752441 0.646973
2 0 0 0
1 0 0 0
0.011011 0.038667 -0.013401
0.414063 0.148438 -0.890625
255 255 255 255
1.513672 0.981445
0.785156 0.632324
2 0 0 0
1 0 0 0
0.010438 0.025657 -0.015361
0.562500 0.070313 -0.820313
255 255 255 255
1.507813 0.994141
0.783691 0.644531
2 0 0 0
1 0 0 0
0.017988 0.024102 -0.008912
0.664063 0.007813 -0.734375
255 255 255 255
1.546875 0.996582
0.792969 0.646973
2 0 0 0
1 0 0 0
0.002802 0.032577 -0.015806
0.703125 0.023438 -0.695313
255 255 255 255
1.479492 0.985352
0.776367 0.636231
2 0 0 0
1 0 0 0
0.021728 0.039944 -0.004977
0.789063 -0.007813 -0.593750
255 255 255 255
1.567383 0.979492
0.79834 0.630371
2 0 0 0
1 0 0 0
0.006993 0.036486 -0.014934
0.132813 0.335938 -0.929688
255 255 255 255
1.498047 0.983398
0.78125 0.633789
2 0 0 0
1 0 0 0
0.004471 0.029167 -0.018387
0.093750 0.382813 -0.914063
255 255 255 255
1.485352 0.990723
0.777832 0.641113
2 0 0 0
1 0 0 0
0.023460 0.023966 -0.000001
0.906250 0.000000 -0.382813
255 255 255 255
1.588379 0.996582
0.803223 0.646973
2 0 0 0
1 0 0 0
-0.005983 0.039850 0.015344
-0.335938 -0.046875 0.929688
255 255 255 255
1.444336 0.973145
0.77002 0.733887
2 0 0 0
1 0 0 0
-0.006265 0.051928 0.014504
-0.492188 0.078125 0.851563
255 255 255 255
1.439453 0.961426
0.769043 0.722168
2 0 0 0
1 0 0 0
-0.013241 0.054385 0.008748
-0.757813 0.125000 0.625000
255 255 255 255
1.40332 0.958984
0.760254 0.719727
2 0 0 0
1 0 0 0
-0.010795 0.039170 0.013883
-0.500000 0.109375 0.843750
255 255 255 255
1.425293 0.974121
0.765625 0.734863
2 0 0 0
1 0 0 0
0.000833 0.047161 0.017305
0.242188 -0.187500 0.929688
255 255 255 255
1.468262 0.96582
0.775879 0.726563
2 0 0 0
1 0 0 0
0.002257 0.043386 0.016152
0.398438 -0.125000 0.882813
255 255 255 255
1.477051 0.967773
0.77832 0.728516
2 0 0 0
1 0 0 0
-0.017883 0.038538 0.005601
-0.867188 0.093750 0.476563
255 255 255 255
1.381836 0.976074
0.754883 0.736328
2 0 0 0
1 0 0 0
-0.018531 0.054583 -0.000016
-0.937500 0.054688 0.335938
255 255 255 255
1.358398 0.958496
0.749023 0.719727
2 0 0 0
1 0 0 0
0.003252 0.045678 0.015019
0.687500 0.031250 0.695313
255 255 255 255
1.479492 0.964844
0.778809 0.726074
2 0 0 0
1 0 0 0
0.011355 0.051732 -0.012957
0.414063 0.164063 -0.890625
255 255 255 255
1.513672 0.960938
0.787598 0.54541
2 0 0 0
1 0 0 0
0.010828 0.038725 -0.015097
0.554688 0.078125 -0.820313
255 255 255 255
1.507813 0.973633
0.786133 0.557617
2 0 0 0
1 0 0 0
0.018349 0.037137 -0.008771
0.656250 0.023438 -0.742188
255 255 255 255
1.546875 0.975586
0.79541 0.560059
2 0 0 0
1 0 0 0
0.021899 0.052962 -0.004801
0.789063 0.000000 -0.601563
255 255 255 255
1.567383 0.958984
0.800781 0.543457
2 0 0 0
1 0 0 0
0.007398 0.049569 -0.014485
0.125000 0.351563 -0.921875
255 255 255 255
1.498047 0.962402
0.783691 0.547363
2 0 0 0
1 0 0 0
0.004899 0.042262 -0.018003
-0.023438 0.429688 -0.898438
255 255 255 255
1.485352 0.969727
0.780762 0.554199
2 0 0 0
1 0 0 0
0.003252 0.045678 -0.015412
-0.335938 0.523438 -0.781250
255 255 255 255
1.479492 0.964844
0.779297 0.549316
2 0 0 0
1 0 0 0
0.023920 0.036980 0.000002
0.898438 0.015625 -0.406250
255 255 255 255
1.588379 0.976074
0.805664 0.560547
2 0 0 0
1 0 0 0
-0.005355 0.052990 0.014732
-0.328125 -0.085938 0.929688
255 255 255 255
1.444336 0.952148
0.647461 0.599609
2 0 0 0
1 0 0 0
-0.005678 0.065069 0.014380
-0.484375 0.039063 0.859375
255 255 255 255
1.439453 0.94043
0.645996 0.588379
2 0 0 0
1 0 0 0
-0.012665 0.067558 0.008753
-0.757813 0.093750 0.632813
255 255 255 255
1.40332 0.937988
0.637207 0.585938
2 0 0 0
1 0 0 0
-0.010071 0.052331 0.013311
-0.492188 0.078125 0.851563
255 255 255 255
1.425293 0.953125
0.642578 0.600586
2 0 0 0
1 0 0 0
0.001362 0.060271 0.016908
0.242188 -0.218750 0.921875
255 255 255 255
1.468262 0.944824
0.65332 0.592285
2 0 0 0
1 0 0 0
0.002746 0.056490 0.015628
0.398438 -0.164063 0.875000
255 255 255 255
1.477051 0.946777
0.655273 0.594238
2 0 0 0
1 0 0 0
-0.017013 0.051730 0.005369
-0.867188 0.070313 0.484375
255 255 255 255
1.381836 0.955078
0.632324 0.602539
2 0 0 0
1 0 0 0
-0.017954 0.067780 0.000000
-0.937500 0.031250 0.335938
255 255 255 255
1.358398 0.937988
0.626465 0.585449
2 0 0 0
1 0 0 0
0.003741 0.058777 0.014615
0.679688 0.000000 0.695313
255 255 255 255
1.479492 0.944336
0.655762 0.591797
2 0 0 0
1 0 0 0
0.011845 0.064795 -0.012585
0.390625 0.117188 -0.906250
255 255 255 255
1.513672 0.939941
0.786621 0.677734
2 0 0 0
1 0 0 0
0.011118 0.051791 -0.014165
0.531250 0.039063 -0.835938
255 255 255 255
1.507813 0.952637
0.785156 0.689941
2 0 0 0
1 0 0 0
0.018462 0.050170 -0.008296
0.648438 -0.007813 -0.757813
255 255 255 255
1.546875 0.955078
0.794434 0.692383
2 0 0 0
1 0 0 0
0.022377 0.065977 -0.004759
0.781250 -0.031250 -0.609375
255 255 255 255
1.567383 0.937988
0.799316 0.675781
2 0 0 0
1 0 0 0
0.007880 0.062650 -0.013918
0.117188 0.296875 -0.945313
255 255 255 255
1.498047 0.941895
0.782715 0.679688
2 0 0 0
1 0 0 0
0.005336 0.055354 -0.016914
-0.031250 0.375000 -0.921875
255 255 255 255
1.485352 0.949219
0.779785 0.686523
2 0 0 0
1 0 0 0
0.003741 0.058777 -0.014616
-0.335938 0.484375 -0.812500
255 255 255 255
1.479492 0.944336
0.77832 0.681641
2 0 0 0
1 0 0 0
0.023783 0.049992 0.000000
0.906250 -0.015625 -0.398438
255 255 255 255
1.588379 0.955078
0.804688 0.692383
2 0 0 0
1 0 0 0
0.011667 0.064855 0.014165
0.531250 0.039063 0.812500
255 255 255 255
1.507813 0.994141
0.667481 0.73584
2 0 0 0
1 0 0 0
0.012452 0.077855 0.012585
0.390625 0.117188 0.882813
255 255 255 255
1.513672 0.981445
0.668457 0.723145
2 0 0 0
1 0 0 0
0.022989 0.078990 0.004759
0.625000 0.000000 0.750000
255 255 255 255
1.567383 0.979492
0.681641 0.72168
2 0 0 0
1 0 0 0
0.008477 0.075728 0.013918
0.117188 0.296875 0.921875
255 255 255 255
1.498047 0.983398
0.665039 0.725098
2 0 0 0
1 0 0 0
0.004321 0.071874 0.014615
-0.328125 0.484375 0.789063
255 255 255 255
1.479492 0.985352
0.660156 0.727539
2 0 0 0
1 0 0 0
0.005900 0.068443 0.016914
-0.031250 0.375000 0.898438
255 255 255 255
1.485352 0.990723
0.661621 0.732422
2 0 0 0
1 0 0 0
0.012452 0.077855 -0.012585
0.390625 0.117188 -0.906250
255 255 255 255
1.513672 0.981445
0.663086 0.651367
2 0 0 0
1 0 0 0
0.011667 0.064855 -0.014165
0.531250 0.039063 -0.835938
255 255 255 255
1.507813 0.994141
0.661621 0.663574
2 0 0 0
1 0 0 0
0.019003 0.063201 -0.008296
0.648438 -0.015625 -0.757813
255 255 255 255
1.546875 0.996582
0.670898 0.666016
2 0 0 0
1 0 0 0
0.022989 0.078990 -0.004759
0.781250 -0.031250 -0.609375
255 255 255 255
1.567383 0.979492
0.675781 0.649902
2 0 0 0
1 0 0 0
0.008477 0.075728 -0.013918
0.117188 0.296875 -0.945313
255 255 255 255
1.498047 0.983398
0.65918 0.65332
2 0 0 0
1 0 0 0
0.005900 0.068443 -0.016914
-0.031250 0.375000 -0.921875
255 255 255 255
1.485352 0.990723
0.65625 0.660156
2 0 0 0
1 0 0 0
0.004321 0.071874 -0.014616
-0.328125 0.484375 -0.812500
255 255 255 255
1.479492 0.985352
0.654785 0.655762
2 0 0 0
1 0 0 0
0.024449 0.063002 0.000000
0.890625 -0.007813 -0.414063
255 255 255 255
1.588379 0.996582
0.681152 0.666016
2 0 0 0
1 0 0 0
0.012274 0.077916 0.014165
0.531250 0.039063 0.812500
255 255 255 255
1.507813 0.973633
0.786133 0.667481
2 0 0 0
1 0 0 0
0.013118 0.090913 0.012585
0.390625 0.117188 0.882813
255 255 255 255
1.513672 0.960938
0.787598 0.655273
2 0 0 0
1 0 0 0
0.023660 0.092000 0.004759
0.632813 -0.007813 0.742188
255 255 255 255
1.567383 0.958984
0.800293 0.65332
2 0 0 0
1 0 0 0
0.009133 0.088804 0.013918
0.117188 0.296875 0.921875
255 255 255 255
1.498047 0.962402
0.783691 0.657227
2 0 0 0
1 0 0 0
0.004960 0.084968 0.014615
-0.328125 0.484375 0.789063
255 255 255 255
1.479492 0.964844
0.779297 0.65918
2 0 0 0
1 0 0 0
0.006524 0.081530 0.016914
-0.031250 0.375000 0.898438
255 255 255 255
1.485352 0.969727
0.780762 0.664063
2 0 0 0
1 0 0 0
0.013118 0.090913 -0.012585
0.390625 0.117188 -0.906250
255 255 255 255
1.513672 0.960938
0.665527 0.676758
2 0 0 0
1 0 0 0
0.012274 0.077916 -0.014165
0.531250 0.039063 -0.835938
255 255 255 255
1.507813 0.973633
0.664063 0.689453
2 0 0 0
1 0 0 0
0.019603 0.076229 -0.008296
0.648438 -0.015625 -0.757813
255 255 255 255
1.546875 0.975586
0.67334 0.691406
2 0 0 0
1 0 0 0
0.023660 0.092000 -0.004759
0.781250 -0.031250 -0.609375
255 255 255 255
1.567383 0.958984
0.678711 0.675293
2 0 0 0
1 0 0 0
0.009133 0.088804 -0.013918
0.117188 0.296875 -0.945313
255 255 255 255
1.498047 0.962402
0.661621 0.678711
2 0 0 0
1 0 0 0
0.006524 0.081530 -0.016914
-0.031250 0.375000 -0.921875
255 255 255 255
1.485352 0.969727
0.658691 0.686035
2 0 0 0
1 0 0 0
0.004960 0.084968 -0.014616
-0.328125 0.484375 -0.812500
255 255 255 255
1.479492 0.964844
0.657227 0.681152
2 0 0 0
1 0 0 0
0.024920 0.076009 0.000000
0.906250 -0.023438 -0.398438
255 255 255 255
1.588379 0.976074
0.683594 0.691895
2 0 0 0
1 0 0 0
-0.003515 0.092395 0.014732
-0.328125 -0.078125 0.929688
255 255 255 255
1.444336 0.952148
0.708496 0.688477
2 0 0 0
1 0 0 0
-0.003676 0.104478 0.014380
-0.484375 0.046875 0.859375
255 255 255 255
1.439453 0.94043
0.70752 0.677246
2 0 0 0
1 0 0 0
-0.010628 0.107060 0.008753
-0.757813 0.109375 0.632813
255 255 255 255
1.40332 0.937988
0.698731 0.674805
2 0 0 0
1 0 0 0
-0.008240 0.091800 0.013311
-0.492188 0.078125 0.851563
255 255 255 255
1.425293 0.953125
0.704102 0.689453
2 0 0 0
1 0 0 0
0.003298 0.099585 0.016908
0.242188 -0.218750 0.921875
255 255 255 255
1.468262 0.944824
0.714356 0.681152
2 0 0 0
1 0 0 0
0.004632 0.095785 0.015628
0.398438 -0.164063 0.875000
255 255 255 255
1.477051 0.946777
0.716309 0.683106
2 0 0 0
1 0 0 0
-0.015190 0.091293 0.005369
-0.867188 0.085938 0.484375
255 255 255 255
1.381836 0.955078
0.693359 0.690918
2 0 0 0
1 0 0 0
-0.015915 0.107354 0.000000
-0.937500 0.046875 0.335938
255 255 255 255
1.358398 0.937988
0.687988 0.674316
2 0 0 0
1 0 0 0
0.005658 0.098059 0.014615
0.679688 -0.007813 0.695313
255 255 255 255
1.479492 0.944336
0.716797 0.680664
2 0 0 0
1 0 0 0
0.013842 0.103967 -0.012585
0.390625 0.117188 -0.906250
255 255 255 255
1.513672 0.939941
0.786621 0.699707
2 0 0 0
1 0 0 0
0.012940 0.090974 -0.014165
0.531250 0.031250 -0.835938
255 255 255 255
1.507813 0.952637
0.785156 0.711914
2 0 0 0
1 0 0 0
0.020261 0.089254 -0.008296
0.648438 -0.023438 -0.757813
255 255 255 255
1.546875 0.955078
0.794434 0.713867
2 0 0 0
1 0 0 0
0.024389 0.105007 -0.004759
0.781250 -0.039063 -0.609375
255 255 255 255
1.567383 0.937988
0.799805 0.697754
2 0 0 0
1 0 0 0
0.009848 0.101876 -0.013918
0.125000 0.296875 -0.945313
255 255 255 255
1.498047 0.941895
0.782715 0.701172
2 0 0 0
1 0 0 0
0.007206 0.094615 -0.016914
-0.023438 0.375000 -0.921875
255 255 255 255
1.485352 0.949219
0.779785 0.708496
2 0 0 0
1 0 0 0
0.005658 0.098059 -0.014616
-0.328125 0.484375 -0.812500
255 255 255 255
1.479492 0.944336
0.77832 0.703613
2 0 0 0
1 0 0 0
0.025564 0.089013 0.000000
0.906250 -0.031250 -0.390625
255 255 255 255
1.588379 0.955078
0.804688 0.714356
2 0 0 0
1 0 0 0
-0.002784 0.105525 0.014732
-0.328125 -0.078125 0.929688
255 255 255 255
1.444336 0.993652
0.647949 0.578125
2 0 0 0
1 0 0 0
-0.002891 0.117608 0.014380
-0.484375 0.046875 0.859375
255 255 255 255
1.439453 0.981934
0.646484 0.566895
2 0 0 0
1 0 0 0
-0.009831 0.120221 0.008753
-0.757813 0.109375 0.632813
255 255 255 255
1.40332 0.979492
0.638184 0.563965
2 0 0 0
1 0 0 0
-0.007511 0.104950 0.013311
-0.492188 0.085938 0.851563
255 255 255 255
1.425293 0.994629
0.643066 0.579102
2 0 0 0
1 0 0 0
0.004062 0.112684 0.016908
0.242188 -0.226563 0.921875
255 255 255 255
1.468262 0.986328
0.653809 0.570801
2 0 0 0
1 0 0 0
0.005378 0.108878 0.015628
0.398438 -0.171875 0.875000
255 255 255 255
1.477051 0.988281
0.655762 0.572754
2 0 0 0
1 0 0 0
-0.014464 0.104474 0.005369
-0.867188 0.085938 0.484375
255 255 255 255
1.381836 0.996582
0.632813 0.580566
2 0 0 0
1 0 0 0
-0.015116 0.120539 0.000000
-0.937500 0.046875 0.335938
255 255 255 255
1.358398 0.979004
0.626953 0.563965
2 0 0 0
1 0 0 0
0.006414 0.111147 0.014615
0.679688 -0.007813 0.695313
255 255 255 255
1.479492 0.985352
0.65625 0.570313
2 0 0 0
1 0 0 0
0.014625 0.117018 -0.012585
0.390625 0.109375 -0.906250
255 255 255 255
1.513672 0.981445
0.666016 0.699219
2 0 0 0
1 0 0 0
0.013664 0.104029 -0.014165
0.531250 0.031250 -0.835938
255 255 255 255
1.507813 0.994141
0.665039 0.711426
2 0 0 0
1 0 0 0
0.020978 0.102276 -0.008296
0.648438 -0.023438 -0.757813
255 255 255 255
1.546875 0.996582
0.674316 0.713379
2 0 0 0
1 0 0 0
0.025177 0.118011 -0.004759
0.781250 -0.039063 -0.609375
255 255 255 255
1.567383 0.979492
0.679199 0.697266
2 0 0 0
1 0 0 0
0.010622 0.114945 -0.013918
0.125000 0.296875 -0.945313
255 255 255 255
1.498047 0.983398
0.662598 0.700684
2 0 0 0
1 0 0 0
0.007947 0.107695 -0.016914
-0.023438 0.375000 -0.921875
255 255 255 255
1.485352 0.990723
0.65918 0.708008
2 0 0 0
1 0 0 0
0.006414 0.111147 -0.014616
-0.328125 0.484375 -0.812500
255 255 255 255
1.479492 0.985352
0.657715 0.703125
2 0 0 0
1 0 0 0
0.026390 0.102014 0.000000
0.898438 -0.023438 -0.414063
255 255 255 255
1.588379 0.996582
0.684082 0.713867
2 0 0 0
1 0 0 0
-0.001994 0.118650 0.014732
-0.328125 -0.078125 0.929688
255 255 255 255
1.444336 0.973145
0.708008 0.624023
2 0 0 0
1 0 0 0
-0.002046 0.130734 0.014380
-0.484375 0.046875 0.859375
255 255 255 255
1.439453 0.961426
0.706543 0.612793
2 0 0 0
1 0 0 0
-0.008975 0.133379 0.008753
-0.757813 0.117188 0.632813
255 255 255 255
1.40332 0.958984
0.697754 0.609863
2 0 0 0
1 0 0 0
-0.006724 0.118097 0.013311
-0.492188 0.085938 0.851563
255 255 255 255
1.425293 0.974121
0.703125 0.625
2 0 0 0
1 0 0 0
0.004884 0.125779 0.016908
0.242188 -0.226563 0.921875
255 255 255 255
1.468262 0.96582
0.713379 0.616699
2 0 0 0
1 0 0 0
0.006183 0.121967 0.015628
0.398438 -0.171875 0.875000
255 255 255 255
1.477051 0.967773
0.71582 0.618652
2 0 0 0
1 0 0 0
-0.013678 0.117653 0.005369
-0.867188 0.093750 0.484375
255 255 255 255
1.381836 0.976074
0.692871 0.626465
2 0 0 0
1 0 0 0
-0.014258 0.133720 0.000000
-0.937500 0.054688 0.335938
255 255 255 255
1.358398 0.958496
0.687012 0.609863
2 0 0 0
1 0 0 0
0.007230 0.124232 0.014615
0.679688 -0.015625 0.695313
255 255 255 255
1.479492 0.964844
0.716309 0.616211
2 0 0 0
1 0 0 0
0.015467 0.130065 -0.012585
0.398438 0.109375 -0.906250
255 255 255 255
1.513672 0.960938
0.726563 0.588379
2 0 0 0
1 0 0 0
0.014448 0.117081 -0.014165
0.531250 0.031250 -0.835938
255 255 255 255
1.507813 0.973633
0.725098 0.601074
2 0 0 0
1 0 0 0
0.021753 0.115295 -0.008296
0.648438 -0.023438 -0.757813
255 255 255 255
1.546875 0.975586
0.734375 0.603027
2 0 0 0
1 0 0 0
0.026023 0.131011 -0.004759
0.781250 -0.046875 -0.609375
255 255 255 255
1.567383 0.958984
0.739746 0.586914
2 0 0 0
1 0 0 0
0.011454 0.128010 -0.013918
0.125000 0.296875 -0.945313
255 255 255 255
1.498047 0.962402
0.722656 0.590332
2 0 0 0
1 0 0 0
0.008747 0.120773 -0.016914
-0.023438 0.375000 -0.921875
255 255 255 255
1.485352 0.969727
0.719727 0.597656
2 0 0 0
1 0 0 0
0.007230 0.124232 -0.014616
-0.320313 0.492188 -0.812500
255 255 255 255
1.479492 0.964844
0.718262 0.592773
2 0 0 0
1 0 0 0
0.027157 0.115012 0.000000
0.898438 -0.031250 -0.414063
255 255 255 255
1.588379 0.976074
0.744629 0.603516
2 0 0 0
1 0 0 0
-0.001145 0.131772 0.014732
-0.328125 -0.078125 0.929688
255 255 255 255
1.444336 0.952148
0.647949 0.555664
2 0 0 0
1 0 0 0
-0.001143 0.143856 0.014380
-0.484375 0.054688 0.859375
255 255 255 255
1.439453 0.94043
0.646484 0.544434
2 0 0 0
1 0 0 0
-0.008060 0.146532 0.008753
-0.757813 0.117188 0.632813
255 255 255 255
1.40332 0.937988
0.638184 0.541992
2 0 0 0
1 0 0 0
-0.005877 0.131240 0.013311
-0.492188 0.085938 0.851563
255 255 255 255
1.425293 0.953125
0.643066 0.556641
2 0 0 0
1 0 0 0
0.005765 0.138870 0.016908
0.234375 -0.226563 0.921875
255 255 255 255
1.468262 0.944824
0.653809 0.548828
2 0 0 0
1 0 0 0
0.007047 0.135052 0.015628
0.398438 -0.171875 0.875000
255 255 255 255
1.477051 0.946777
0.655762 0.550781
2 0 0 0
1 0 0 0
-0.012833 0.130827 0.005369
-0.867188 0.093750 0.484375
255 255 255 255
1.381836 0.955078
0.632813 0.558594
2 0 0 0
1 0 0 0
-0.013341 0.146897 0.000000
-0.937500 0.054688 0.335938
255 255 255 255
1.358398 0.937988
0.626953 0.541992
2 0 0 0
1 0 0 0
0.008104 0.137312 0.014615
0.679688 -0.015625 0.695313
255 255 255 255
1.479492 0.944336
0.65625 0.547852
2 0 0 0
1 0 0 0
0.016367 0.143109 -0.012585
0.398438 0.109375 -0.906250
255 255 255 255
1.513672 0.939941
0.725586 0.565918
2 0 0 0
1 0 0 0
0.015290 0.130129 -0.014165
0.531250 0.023438 -0.835938
255 255 255 255
1.507813 0.952637
0.724121 0.578613
2 0 0 0
1 0 0 0
0.022587 0.128311 -0.008296
0.648438 -0.031250 -0.757813
255 255 255 255
1.546875 0.955078
0.733398 0.580566
2 0 0 0
1 0 0 0
0.026927 0.144007 -0.004759
0.781250 -0.046875 -0.609375
255 255 255 255
1.567383 0.937988
0.738281 0.564453
2 0 0 0
1 0 0 0
0.012345 0.141072 -0.013918
0.125000 0.296875 -0.945313
255 255 255 255
1.498047 0.941895
0.72168 0.567871
2 0 0 0
1 0 0 0
0.009605 0.133847 -0.016914
-0.023438 0.375000 -0.921875
255 255 255 255
1.485352 0.949219
0.71875 0.575195
2 0 0 0
1 0 0 0
0.008104 0.137312 -0.014616
-0.320313 0.492188 -0.812500
255 255 255 255
1.479492 0.944336
0.717285 0.570313
2 0 0 0
1 0 0 0
0.027752 0.128006 0.000000
0.914063 -0.046875 -0.375000
255 255 255 255
1.588379 0.955078
0.743164 0.581055
2 0 0 0
1 0 0 0
-0.000237 0.144890 0.014732
-0.328125 -0.078125 0.929688
255 255 255 255
1.444336 0.993652
0.770508 0.600586
2 0 0 0
1 0 0 0
-0.000180 0.156974 0.014380
-0.484375 0.054688 0.859375
255 255 255 255
1.439453 0.981934
0.769531 0.589356
2 0 0 0
1 0 0 0
-0.007085 0.159681 0.008753
-0.750000 0.117188 0.632813
255 255 255 255
1.40332 0.979492
0.760742 0.586914
2 0 0 0
1 0 0 0
-0.004971 0.144380 0.013311
-0.492188 0.093750 0.851563
255 255 255 255
1.425293 0.994629
0.766113 0.601563
2 0 0 0
1 0 0 0
0.006705 0.151957 0.016908
0.234375 -0.226563 0.921875
255 255 255 255
1.468262 0.986328
0.776367 0.593262
2 0 0 0
1 0 0 0
0.007970 0.148133 0.015628
0.398438 -0.171875 0.875000
255 255 255 255
1.477051 0.988281
0.77832 0.595215
2 0 0 0
1 0 0 0
-0.011929 0.143998 0.005369
-0.867188 0.101563 0.484375
255 255 255 255
1.381836 0.996582
0.755371 0.603027
2 0 0 0
1 0 0 0
-0.012365 0.160070 0.000000
-0.937500 0.062500 0.335938
255 255 255 255
1.358398 0.979004
0.75 0.586426
2 0 0 0
1 0 0 0
0.009037 0.150388 0.014615
0.679688 -0.023438 0.695313
255 255 255 255
1.479492 0.985352
0.779297 0.592773
2 0 0 0
1 0 0 0
0.017326 0.156148 -0.012585
0.398438 0.109375 -0.906250
255 255 255 255
1.513672 0.981445
0.785156 0.611816
2 0 0 0
1 0 0 0
0.016190 0.143173 -0.014165
0.531250 0.023438 -0.835938
255 255 255 255
1.507813 0.994141
0.78418 0.624023
2 0 0 0
1 0 0 0
0.023479 0.141322 -0.008296
0.648438 -0.031250 -0.757813
255 255 255 255
1.546875 0.996582
0.793457 0.626465
2 0 0 0
1 0 0 0
0.027890 0.156998 -0.004759
0.781250 -0.054688 -0.609375
255 255 255 255
1.567383 0.979492
0.79834 0.609863
2 0 0 0
1 0 0 0
0.013295 0.154129 -0.013918
0.125000 0.289063 -0.945313
255 255 255 255
1.498047 0.983398
0.781738 0.61377
2 0 0 0
1 0 0 0
0.010523 0.146916 -0.016914
-0.015625 0.375000 -0.921875
255 255 255 255
1.485352 0.990723
0.77832 0.620606
2 0 0 0
1 0 0 0
0.009037 0.150388 -0.014616
-0.320313 0.492188 -0.812500
255 255 255 255
1.479492 0.985352
0.777344 0.616211
2 0 0 0
1 0 0 0
0.028640 0.140996 0.000000
0.914063 -0.054688 -0.375000
255 255 255 255
1.588379 0.996582
0.803223 0.626465
2 0 0 0
1 0 0 0
0.024430 0.154329 0.008296
0.625000 -0.023438 0.750000
255 255 255 255
1.546875 0.975586
0.672363 0.646484
2 0 0 0
1 0 0 0
0.017149 0.156213 0.014165
0.531250 0.023438 0.812500
255 255 255 255
1.507813 0.973633
0.663086 0.644043
2 0 0 0
1 0 0 0
0.018344 0.169183 0.012585
0.398438 0.101563 0.882813
255 255 255 255
1.513672 0.960938
0.664551 0.631836
2 0 0 0
1 0 0 0
0.028911 0.169985 0.004759
0.632813 -0.023438 0.742188
255 255 255 255
1.567383 0.958984
0.677734 0.629883
2 0 0 0
1 0 0 0
0.014304 0.167182 0.013918
0.125000 0.289063 0.921875
255 255 255 255
1.498047 0.962402
0.660645 0.633789
2 0 0 0
1 0 0 0
0.010029 0.163461 0.014615
-0.312500 0.492188 0.789063
255 255 255 255
1.479492 0.964844
0.65625 0.635742
2 0 0 0
1 0 0 0
0.011499 0.159982 0.016914
-0.015625 0.375000 0.898438
255 255 255 255
1.485352 0.969727
0.657715 0.640625
2 0 0 0
1 0 0 0
0.018344 0.169183 -0.012585
0.398438 0.101563 -0.906250
255 255 255 255
1.513672 0.960938
0.727051 0.699219
2 0 0 0
1 0 0 0
0.017149 0.156213 -0.014165
0.531250 0.023438 -0.835938
255 255 255 255
1.507813 0.973633
0.725586 0.711426
2 0 0 0
1 0 0 0
0.024430 0.154329 -0.008296
0.648438 -0.031250 -0.757813
255 255 255 255
1.546875 0.975586
0.734863 0.713379
2 0 0 0
1 0 0 0
0.028911 0.169985 -0.004759
0.781250 -0.054688 -0.609375
255 255 255 255
1.567383 0.958984
0.739746 0.697266
2 0 0 0
1 0 0 0
0.014304 0.167182 -0.013918
0.125000 0.289063 -0.945313
255 255 255 255
1.498047 0.962402
0.723145 0.700684
2 0 0 0
1 0 0 0
0.011499 0.159982 -0.016914
-0.015625 0.375000 -0.921875
255 255 255 255
1.485352 0.969727
0.720215 0.708008
2 0 0 0
1 0 0 0
0.010029 0.163461 -0.014616
-0.312500 0.492188 -0.812500
255 255 255 255
1.479492 0.964844
0.71875 0.703125
2 0 0 0
1 0 0 0
0.029704 0.153982 0.000000
0.906250 -0.046875 -0.390625
255 255 255 255
1.588379 0.976074
0.745117 0.713867
2 0 0 0
1 0 0 0
-0.002246 0.211326 0.000000
-0.835938 0.546875 -0.007813
255 255 255 255
1.03125 0.31543
0.509277 0.369629
2 0 0 0
1 0 0 0
-0.016232 0.026044 0.000000
-1.000000 -0.007813 -0.007813
255 255 255 255
1.03125 0.500488
0.509277 0.514648
2 0 0 0
1 0 0 0
-0.015336 0.051673 0.000000
-1.000000 0.023438 -0.007813
255 255 255 255
1.03125 0.474121
0.509277 0.494141
2 0 0 0
1 0 0 0
-0.014145 0.038801 0.007627
-0.976563 0.023438 0.203125
255 255 255 255
1.065918 0.487305
0.516113 0.504395
2 0 0 0
1 0 0 0
-0.017352 -0.025233 0.000000
-1.000000 -0.007813 -0.007813
255 255 255 255
1.03125 0.554199
0.509277 0.556641
2 0 0 0
1 0 0 0
-0.015488 -0.012441 0.007627
-0.984375 0.007813 0.203125
255 255 255 255
1.065918 0.540527
0.516113 0.546387
2 0 0 0
1 0 0 0
-0.014216 0.077294 0.000000
-1.000000 0.039063 -0.007813
255 255 255 255
1.03125 0.447754
0.509277 0.473633
2 0 0 0
1 0 0 0
-0.011305 0.128501 0.000000
-1.000000 0.054688 -0.007813
255 255 255 255
1.03125 0.396484
0.509277 0.433106
2 0 0 0
1 0 0 0
-0.006872 0.166737 0.007627
-0.976563 0.062500 0.203125
255 255 255 255
1.065918 0.358398
0.516113 0.40332
2 0 0 0
1 0 0 0
0.026526 0.208616 0.006963
0.890625 0.367188 0.164063
255 255 255 255
1.208984 0.31543
0.543945 0.369629
2 0 0 0
1 0 0 0
0.027957 0.208481 0.000000
0.898438 0.382813 -0.007813
255 255 255 255
1.239746 0.31543
0.550293 0.369629
2 0 0 0
1 0 0 0
0.020949 0.075603 0.000000
0.976563 -0.062500 -0.007813
255 255 255 255
1.239746 0.447754
0.550293 0.473633
2 0 0 0
1 0 0 0
0.016931 0.012348 0.007627
0.960938 -0.039063 0.203125
255 255 255 255
1.208984 0.51416
0.543945 0.525391
2 0 0 0
1 0 0 0
0.018294 -0.000361 0.000000
0.984375 -0.007813 -0.007813
255 255 255 255
1.239746 0.527344
0.550293 0.535645
2 0 0 0
1 0 0 0
0.017852 -0.025694 0.000000
0.984375 -0.007813 -0.007813
255 255 255 255
1.239746 0.554199
0.550293 0.556641
2 0 0 0
1 0 0 0
0.019919 0.088343 0.007627
0.953125 -0.062500 0.203125
255 255 255 255
1.208984 0.435059
0.543945 0.463379
2 0 0 0
1 0 0 0
0.022277 0.100905 0.000000
0.976563 -0.070313 -0.007813
255 255 255 255
1.239746 0.421875
0.550293 0.453125
2 0 0 0
1 0 0 0
0.024900 0.164233 0.007627
0.953125 -0.085938 0.203125
255 255 255 255
1.208984 0.358398
0.543945 0.40332
2 0 0 0
1 0 0 0
0.025595 0.151471 0.000000
0.976563 -0.085938 -0.007813
255 255 255 255
1.239746 0.371094
0.550293 0.413086
2 0 0 0
1 0 0 0
0.027600 0.176901 0.000000
0.976563 -0.093750 -0.007813
255 255 255 255
1.239746 0.345703
0.550293 0.393066
2 0 0 0
1 0 0 0
-0.000815 0.211191 -0.006963
-0.820313 0.531250 -0.195313
255 255 255 255
0.065918 0.31543
0.566895 0.371094
2 0 0 0
1 0 0 0
-0.002246 0.211326 0.000000
-0.835938 0.546875 -0.007813
255 255 255 255
0.03125 0.31543
0.560059 0.371094
2 0 0 0
1 0 0 0
-0.015336 0.051673 0.000000
-1.000000 0.023438 -0.007813
255 255 255 255
0.03125 0.474121
0.560059 0.495117
2 0 0 0
1 0 0 0
-0.016232 0.026044 0.000000
-1.000000 -0.007813 -0.007813
255 255 255 255
0.03125 0.500488
0.560059 0.516113
2 0 0 0
1 0 0 0
-0.014928 0.013183 -0.007628
-0.984375 0.015625 -0.226563
255 255 255 255
0.065918 0.51416
0.566895 0.526367
2 0 0 0
1 0 0 0
-0.017352 -0.025233 0.000000
-1.000000 -0.007813 -0.007813
255 255 255 255
0.03125 0.554199
0.560059 0.558106
2 0 0 0
1 0 0 0
-0.011907 0.090013 -0.007628
-0.976563 0.039063 -0.226563
255 255 255 255
0.065918 0.435059
0.566895 0.464356
2 0 0 0
1 0 0 0
-0.014216 0.077294 0.000000
-1.000000 0.039063 -0.007813
255 255 255 255
0.03125 0.447754
0.560059 0.474609
2 0 0 0
1 0 0 0
-0.011305 0.128501 0.000000
-1.000000 0.054688 -0.007813
255 255 255 255
0.03125 0.396484
0.560059 0.434082
2 0 0 0
1 0 0 0
-0.006872 0.166737 -0.007628
-0.976563 0.062500 -0.226563
255 255 255 255
0.065918 0.358398
0.566895 0.404297
2 0 0 0
1 0 0 0
0.027957 0.208481 0.000000
0.898438 0.382813 -0.007813
255 255 255 255
0.239746 0.31543
0.601074 0.371094
2 0 0 0
1 0 0 0
0.026526 0.208616 -0.006963
0.890625 0.367188 -0.187500
255 255 255 255
0.208984 0.31543
0.594727 0.371094
2 0 0 0
1 0 0 0
0.018702 0.063020 -0.007628
0.953125 -0.054688 -0.226563
255 255 255 255
0.208984 0.460938
0.594727 0.484863
2 0 0 0
1 0 0 0
0.020949 0.075603 0.000000
0.976563 -0.062500 -0.007813
255 255 255 255
0.239746 0.447754
0.601074 0.474609
2 0 0 0
1 0 0 0
0.018294 -0.000361 0.000000
0.984375 -0.007813 -0.007813
255 255 255 255
0.239746 0.527344
0.601074 0.537109
2 0 0 0
1 0 0 0
0.016045 -0.038348 -0.007628
0.960938 -0.023438 -0.226563
255 255 255 255
0.208984 0.567383
0.594727 0.568359
2 0 0 0
1 0 0 0
0.017852 -0.025694 0.000000
0.984375 -0.007813 -0.007813
255 255 255 255
0.239746 0.554199
0.601074 0.558106
2 0 0 0
1 0 0 0
0.019919 0.088343 -0.007628
0.953125 -0.062500 -0.226563
255 255 255 255
0.208984 0.435059
0.594727 0.464356
2 0 0 0
1 0 0 0
0.022277 0.100905 0.000000
0.976563 -0.070313 -0.007813
255 255 255 255
0.239746 0.421875
0.601074 0.454102
2 0 0 0
1 0 0 0
0.025595 0.151471 0.000000
0.976563 -0.085938 -0.007813
255 255 255 255
0.239746 0.371094
0.601074 0.414063
2 0 0 0
1 0 0 0
0.024900 0.164233 -0.007628
0.953125 -0.085938 -0.226563
255 255 255 255
0.208984 0.358398
0.594727 0.404297
2 0 0 0
1 0 0 0
0.015601 -0.083095 0.005172
0.039063 0.000000 0.976563
255 255 255 255
0.285645 0.915527
0.397949 0.384277
2 0 0 0
1 0 0 0
0.016262 -0.083114 0.004361
-0.007813 -1.000000 -0.007813
255 255 255 255
0.285645 0.912598
0.397949 0.383789
2 0 0 0
1 0 0 0
0.001497 -0.083154 0.005866
0.039063 0.000000 0.976563
255 255 255 255
0.180664 0.912109
0.392578 0.383789
2 0 0 0
1 0 0 0
-0.019645 -0.110452 0.002181
-0.945313 -0.007813 0.328125
255 255 255 255
1.310547 0.94043
0.404297 0.500977
2 0 0 0
1 0 0 0
-0.020446 -0.110454 -0.000005
-0.937500 -0.015625 0.343750
255 255 255 255
1.325684 0.94043
0.405273 0.500977
2 0 0 0
1 0 0 0
0.003141 0.195044 0.013150
0.960938 -0.101563 0.164063
255 255 255 255
1.125977 0.89502
0.643555 0.772461
2 0 0 0
1 0 0 0
0.002896 0.195368 0.014550
0.953125 -0.093750 0.195313
255 255 255 255
1.120117 0.894043
0.642578 0.771973
2 0 0 0
1 0 0 0
0.002896 0.195368 -0.014550
0.960938 -0.101563 -0.203125
255 255 255 255
0.120117 0.894043
0.708496 0.76416
2 0 0 0
1 0 0 0
0.003141 0.195044 -0.013150
0.960938 -0.101563 -0.203125
255 255 255 255
0.125977 0.89502
0.709961 0.764648
2 0 0 0
1 0 0 0
0.020448 0.194756 0.014550
-0.968750 0.000000 0.234375
255 255 255 255
1.234863 0.890625
0.664063 0.769531
2 0 0 0
1 0 0 0
0.020071 0.194433 0.013184
-0.960938 -0.007813 0.265625
255 255 255 255
1.22998 0.89209
0.663086 0.770508
2 0 0 0
1 0 0 0
0.020071 0.194433 -0.013184
-0.968750 0.000000 -0.273438
255 255 255 255
0.229981 0.89209
0.729492 0.762695
2 0 0 0
1 0 0 0
0.020448 0.194756 -0.014550
-0.968750 0.000000 -0.273438
255 255 255 255
0.234863 0.890625
0.730469 0.761719
2 0 0 0
1 0 0 0
0.020144 0.198925 0.013386
-0.953125 -0.007813 0.289063
255 255 255 255
1.219238 0.886719
0.661133 0.766113
2 0 0 0
1 0 0 0
0.009829 0.210785 0.011742
-0.078125 0.898438 0.375000
255 255 255 255
1.164551 0.871582
0.650879 0.754883
2 0 0 0
1 0 0 0
0.009868 0.212955 0.006626
-0.054688 0.953125 0.226563
255 255 255 255
1.158203 0.864258
0.649902 0.749512
2 0 0 0
1 0 0 0
0.004193 0.211369 0.010347
-0.007813 0.914063 0.343750
255 255 255 255
1.135254 0.871582
0.645508 0.754883
2 0 0 0
1 0 0 0
0.001244 0.213141 0.000000
-0.062500 0.976563 -0.007813
255 255 255 255
1.104492 0.859375
0.639648 0.745606
2 0 0 0
1 0 0 0
0.009879 0.213226 0.000000
-0.007813 0.984375 -0.007813
255 255 255 255
1.150879 0.855957
0.648438 0.742676
2 0 0 0
1 0 0 0
0.020144 0.198925 -0.013386
-0.953125 -0.007813 -0.312500
255 255 255 255
0.219238 0.886719
0.727539 0.758301
2 0 0 0
1 0 0 0
0.009868 0.212955 -0.006627
-0.054688 0.953125 -0.250000
255 255 255 255
0.158203 0.864258
0.71582 0.741699
2 0 0 0
1 0 0 0
0.009829 0.210785 -0.011742
-0.078125 0.898438 -0.398438
255 255 255 255
0.164551 0.871582
0.717285 0.74707
2 0 0 0
1 0 0 0
0.004193 0.211369 -0.010347
-0.007813 0.914063 -0.367188
255 255 255 255
0.135254 0.871582
0.711426 0.74707
2 0 0 0
1 0 0 0
0.001929 0.213002 -0.005988
-0.046875 0.968750 -0.171875
255 255 255 255
0.117676 0.866211
0.708008 0.743164
2 0 0 0
1 0 0 0
0.001244 0.213141 0.000000
-0.062500 0.976563 -0.007813
255 255 255 255
0.104492 0.859375
0.705566 0.737793
2 0 0 0
1 0 0 0
0.009879 0.213226 0.000000
-0.007813 0.984375 -0.007813
255 255 255 255
0.150879 0.855957
0.714356 0.734863
2 0 0 0
1 0 0 0
0.016801 -0.110391 -0.000087
-0.007813 -1.000000 -0.007813
255 255 255 255
1.036621 0.937988
0.384766 0.5
2 0 0 0
1 0 0 0
0.015962 -0.110391 0.001791
-0.007813 -1.000000 -0.007813
255 255 255 255
1.039063 0.9375
0.384766 0.499512
2 0 0 0
1 0 0 0
0.017183 -0.110376 0.002867
-0.007813 -1.000000 -0.007813
255 255 255 255
1.040527 0.939453
0.385254 0.500488
2 0 0 0
1 0 0 0
0.018011 -0.110376 -0.000096
-0.007813 -1.000000 -0.007813
255 255 255 255
1.037109 0.939453
0.384766 0.500488
2 0 0 0
1 0 0 0
-0.019260 -0.115494 -0.000005
-0.007813 -1.000000 -0.007813
255 255 255 255
1.314453 0.923828
0.404297 0.493652
2 0 0 0
1 0 0 0
0.016801 -0.110391 -0.000087
-0.007813 -1.000000 -0.007813
255 255 255 255
0.036621 0.937988
0.342773 0.094727
2 0 0 0
1 0 0 0
-0.019260 -0.115494 -0.000005
-0.007813 -1.000000 -0.007813
255 255 255 255
0.314453 0.923828
0.362305 0.088379
2 0 0 0
1 0 0 0
-0.003128 -0.038081 0.015574
-0.070313 -0.312500 0.929688
255 255 255 255
1.460449 0.97168
0.643066 0.505859
2 0 0 0
1 0 0 0
-0.012380 -0.025320 0.011751
-0.617188 0.078125 0.773438
255 255 255 255
1.419922 0.959473
0.633301 0.494141
2 0 0 0
1 0 0 0
-0.002718 0.001578 0.016234
0.007813 -0.265625 0.945313
255 255 255 255
1.460449 0.97168
0.643555 0.529785
2 0 0 0
1 0 0 0
-0.011852 0.014187 0.012202
-0.625000 0.101563 0.757813
255 255 255 255
1.419922 0.959473
0.633301 0.518066
2 0 0 0
1 0 0 0
-0.000278 0.002824 0.016315
0.031250 -0.304688 0.937500
255 255 255 255
1.46875 0.970703
0.645508 0.528809
2 0 0 0
1 0 0 0
-0.002407 0.014704 0.016311
0.000000 -0.257813 0.953125
255 255 255 255
1.460449 0.950684
0.709961 0.530762
2 0 0 0
1 0 0 0
-0.011475 0.027353 0.012133
-0.625000 0.117188 0.757813
255 255 255 255
1.419922 0.938965
0.699707 0.518555
2 0 0 0
1 0 0 0
0.000052 0.015939 0.016378
0.023438 -0.296875 0.937500
255 255 255 255
1.46875 0.949707
0.711914 0.529785
2 0 0 0
1 0 0 0
-0.002018 0.027828 0.016213
0.000000 -0.242188 0.953125
255 255 255 255
1.460449 0.992188
0.650391 0.622559
2 0 0 0
1 0 0 0
-0.010948 0.040517 0.011900
-0.617188 0.132813 0.765625
255 255 255 255
1.419922 0.979981
0.640137 0.610352
2 0 0 0
1 0 0 0
0.000450 0.029053 0.016260
0.023438 -0.281250 0.945313
255 255 255 255
1.46875 0.991211
0.652344 0.621582
2 0 0 0
1 0 0 0
-0.000445 0.067190 0.015295
0.000000 -0.242188 0.953125
255 255 255 255
1.460449 0.992188
0.655762 0.733887
2 0 0 0
1 0 0 0
-0.009054 0.079996 0.011442
-0.601563 0.117188 0.773438
255 255 255 255
1.419922 0.979981
0.645996 0.722168
2 0 0 0
1 0 0 0
0.001977 0.068382 0.015358
0.023438 -0.281250 0.945313
255 255 255 255
1.46875 0.991211
0.657715 0.73291
2 0 0 0
1 0 0 0
0.000173 0.080305 0.015295
0.000000 -0.242188 0.953125
255 255 255 255
1.460449 0.97168
0.774414 0.666016
2 0 0 0
1 0 0 0
-0.008379 0.093150 0.011442
-0.601563 0.117188 0.773438
255 255 255 255
1.419922 0.959473
0.764648 0.654297
2 0 0 0
1 0 0 0
0.002600 0.081486 0.015358
0.023438 -0.281250 0.945313
255 255 255 255
1.46875 0.970703
0.776367 0.665039
2 0 0 0
1 0 0 0
0.005117 0.158928 0.015295
-0.007813 -0.250000 0.953125
255 255 255 255
1.460449 0.97168
0.651856 0.642578
2 0 0 0
1 0 0 0
-0.003085 0.171999 0.011442
-0.601563 0.132813 0.773438
255 255 255 255
1.419922 0.959473
0.64209 0.630859
2 0 0 0
1 0 0 0
0.007576 0.160043 0.015358
0.015625 -0.281250 0.945313
255 255 255 255
1.46875 0.970703
0.653809 0.641602
2 0 0 0
1 0 0 0
-0.015059 -0.066930 0.005426
-0.007813 0.984375 -0.007813
255 255 255 255
1.05127 0.615234
0.687988 0.368652
2 0 0 0
1 0 0 0
-0.017204 -0.066923 0.000000
-0.007813 0.984375 -0.007813
255 255 255 255
1.02002 0.615234
0.680664 0.368652
2 0 0 0
1 0 0 0
-0.008526 -0.066952 0.010478
-0.007813 0.984375 -0.007813
255 255 255 255
1.097656 0.615234
0.697754 0.368652
2 0 0 0
1 0 0 0
-0.005928 -0.066961 0.011242
-0.007813 0.984375 -0.007813
255 255 255 255
1.113281 0.615234
0.701172 0.368652
2 0 0 0
1 0 0 0
-0.006846 -0.066957 0.014841
-0.007813 0.984375 -0.007813
255 255 255 255
1.113281 0.620117
0.701172 0.372559
2 0 0 0
1 0 0 0
-0.012873 -0.066937 0.012432
-0.007813 0.984375 -0.007813
255 255 255 255
1.08252 0.620117
0.694824 0.372559
2 0 0 0
1 0 0 0
-0.003031 -0.066970 0.011748
-0.007813 0.984375 -0.007813
255 255 255 255
1.129883 0.615234
0.705078 0.368652
2 0 0 0
1 0 0 0
-0.003478 -0.066969 0.015444
-0.007813 0.984375 -0.007813
255 255 255 255
1.129883 0.620117
0.705078 0.372559
2 0 0 0
1 0 0 0
-0.013124 -0.066936 0.007612
-0.007813 0.984375 -0.007813
255 255 255 255
1.067383 0.615234
0.691406 0.368652
2 0 0 0
1 0 0 0
-0.017221 -0.076417 0.000000
-0.007813 -1.000000 -0.007813
255 255 255 255
1.02002 0.633789
0.680664 0.384766
2 0 0 0
1 0 0 0
-0.015075 -0.076417 0.005426
-0.007813 -1.000000 -0.007813
255 255 255 255
1.05127 0.633789
0.687988 0.384766
2 0 0 0
1 0 0 0
-0.008542 -0.076418 0.010478
-0.007813 -1.000000 -0.007813
255 255 255 255
1.097656 0.633789
0.697754 0.384766
2 0 0 0
1 0 0 0
-0.009974 -0.076418 0.013895
-0.007813 -1.000000 -0.007813
255 255 255 255
1.097656 0.629883
0.697754 0.381348
2 0 0 0
1 0 0 0
-0.005944 -0.076418 0.011242
-0.007813 -1.000000 -0.007813
255 255 255 255
1.113281 0.633789
0.701172 0.384766
2 0 0 0
1 0 0 0
-0.003047 -0.076419 0.011748
-0.007813 -1.000000 -0.007813
255 255 255 255
1.129883 0.633789
0.705078 0.384766
2 0 0 0
1 0 0 0
-0.003495 -0.076419 0.015444
-0.007813 -1.000000 -0.007813
255 255 255 255
1.129883 0.629883
0.705078 0.381348
2 0 0 0
1 0 0 0
-0.013141 -0.076417 0.007612
-0.007813 -1.000000 -0.007813
255 255 255 255
1.067383 0.633789
0.691406 0.384766
2 0 0 0
1 0 0 0
-0.015664 -0.076417 0.010278
-0.007813 -1.000000 -0.007813
255 255 255 255
1.067383 0.629883
0.691406 0.381348
2 0 0 0
1 0 0 0
0.017237 -0.067038 0.000000
-0.007813 0.984375 -0.007813
255 255 255 255
1.271484 0.615234
0.736328 0.368652
2 0 0 0
1 0 0 0
0.020008 -0.067048 0.003889
-0.007813 0.984375 -0.007813
255 255 255 255
1.256836 0.620117
0.73291 0.372559
2 0 0 0
1 0 0 0
0.015092 -0.067031 0.005426
-0.007813 0.984375 -0.007813
255 255 255 255
1.241211 0.615234
0.729492 0.368652
2 0 0 0
1 0 0 0
0.008559 -0.067009 0.010478
-0.007813 0.984375 -0.007813
255 255 255 255
1.194336 0.615234
0.719238 0.368652
2 0 0 0
1 0 0 0
0.009991 -0.067014 0.013895
-0.007813 0.984375 -0.007813
255 255 255 255
1.194336 0.620117
0.719238 0.372559
2 0 0 0
1 0 0 0
0.005961 -0.067001 0.011242
-0.007813 0.984375 -0.007813
255 255 255 255
1.179199 0.615234
0.71582 0.368652
2 0 0 0
1 0 0 0
0.003064 -0.066991 0.011748
-0.007813 0.984375 -0.007813
255 255 255 255
1.163574 0.615234
0.712402 0.368652
2 0 0 0
1 0 0 0
0.003511 -0.066992 0.015444
-0.007813 0.984375 -0.007813
255 255 255 255
1.163574 0.620117
0.712402 0.372559
2 0 0 0
1 0 0 0
0.013157 -0.067025 0.007612
-0.007813 0.984375 -0.007813
255 255 255 255
1.225098 0.615234
0.726074 0.368652
2 0 0 0
1 0 0 0
0.015681 -0.067033 0.010278
-0.007813 0.984375 -0.007813
255 255 255 255
1.225098 0.620117
0.726074 0.372559
2 0 0 0
1 0 0 0
0.015075 -0.076421 0.005426
-0.007813 -1.000000 -0.007813
255 255 255 255
1.241211 0.633789
0.729492 0.384766
2 0 0 0
1 0 0 0
0.017221 -0.076421 0.000000
-0.007813 -1.000000 -0.007813
255 255 255 255
1.271484 0.633789
0.736328 0.384766
2 0 0 0
1 0 0 0
0.008542 -0.076420 0.010479
-0.007813 -1.000000 -0.007813
255 255 255 255
1.194336 0.633789
0.719238 0.384766
2 0 0 0
1 0 0 0
0.005944 -0.076420 0.011242
-0.007813 -1.000000 -0.007813
255 255 255 255
1.179199 0.633789
0.71582 0.384766
2 0 0 0
1 0 0 0
0.009974 -0.076420 0.013895
-0.007813 -1.000000 -0.007813
255 255 255 255
1.194336 0.629883
0.719238 0.381348
2 0 0 0
1 0 0 0
0.003047 -0.076419 0.011748
-0.007813 -1.000000 -0.007813
255 255 255 255
1.163574 0.633789
0.712402 0.384766
2 0 0 0
1 0 0 0
0.003495 -0.076420 0.015444
-0.007813 -1.000000 -0.007813
255 255 255 255
1.163574 0.629883
0.712402 0.381348
2 0 0 0
1 0 0 0
0.013141 -0.076421 0.007612
-0.007813 -1.000000 -0.007813
255 255 255 255
1.225098 0.633789
0.726074 0.384766
2 0 0 0
1 0 0 0
0.015664 -0.076421 0.010278
-0.007813 -1.000000 -0.007813
255 255 255 255
1.225098 0.629883
0.726074 0.381348
2 0 0 0
1 0 0 0
-0.015059 -0.066930 -0.005426
-0.007813 0.984375 -0.007813
255 255 255 255
0.05127 0.615234
0.629883 0.366699
2 0 0 0
1 0 0 0
-0.017204 -0.066923 0.000000
-0.007813 0.984375 -0.007813
255 255 255 255
0.02002 0.615234
0.623047 0.366699
2 0 0 0
1 0 0 0
-0.008526 -0.066952 -0.010479
-0.007813 0.984375 -0.007813
255 255 255 255
0.097656 0.615234
0.640137 0.366699
2 0 0 0
1 0 0 0
-0.006846 -0.066957 -0.014841
-0.007813 0.984375 -0.007813
255 255 255 255
0.113281 0.620117
0.643555 0.371094
2 0 0 0
1 0 0 0
-0.005928 -0.066961 -0.011242
-0.007813 0.984375 -0.007813
255 255 255 255
0.113281 0.615234
0.643555 0.366699
2 0 0 0
1 0 0 0
-0.012873 -0.066937 -0.012433
-0.007813 0.984375 -0.007813
255 255 255 255
0.08252 0.620117
0.636719 0.371094
2 0 0 0
1 0 0 0
-0.003031 -0.066970 -0.011749
-0.007813 0.984375 -0.007813
255 255 255 255
0.129883 0.615234
0.647461 0.366699
2 0 0 0
1 0 0 0
-0.003478 -0.066969 -0.015445
-0.007813 0.984375 -0.007813
255 255 255 255
0.129883 0.620117
0.647461 0.371094
2 0 0 0
1 0 0 0
-0.013124 -0.066936 -0.007612
-0.007813 0.984375 -0.007813
255 255 255 255
0.067383 0.615234
0.633789 0.366699
2 0 0 0
1 0 0 0
-0.017221 -0.076417 0.000000
-0.007813 -1.000000 -0.007813
255 255 255 255
0.02002 0.633789
0.623047 0.382813
2 0 0 0
1 0 0 0
-0.015075 -0.076417 -0.005426
-0.007813 -1.000000 -0.007813
255 255 255 255
0.05127 0.633789
0.629883 0.382813
2 0 0 0
1 0 0 0
-0.008542 -0.076418 -0.010479
-0.007813 -1.000000 -0.007813
255 255 255 255
0.097656 0.633789
0.640137 0.382813
2 0 0 0
1 0 0 0
-0.009974 -0.076418 -0.013895
-0.007813 -1.000000 -0.007813
255 255 255 255
0.097656 0.629883
0.640137 0.379395
2 0 0 0
1 0 0 0
-0.005944 -0.076418 -0.011242
-0.007813 -1.000000 -0.007813
255 255 255 255
0.113281 0.633789
0.643555 0.382813
2 0 0 0
1 0 0 0
-0.003047 -0.076419 -0.011749
-0.007813 -1.000000 -0.007813
255 255 255 255
0.129883 0.633789
0.647461 0.382813
2 0 0 0
1 0 0 0
-0.003495 -0.076419 -0.015445
-0.007813 -1.000000 -0.007813
255 255 255 255
0.129883 0.629883
0.647461 0.379395
2 0 0 0
1 0 0 0
-0.013141 -0.076417 -0.007612
-0.007813 -1.000000 -0.007813
255 255 255 255
0.067383 0.633789
0.633789 0.382813
2 0 0 0
1 0 0 0
-0.015664 -0.076417 -0.010279
-0.007813 -1.000000 -0.007813
255 255 255 255
0.067383 0.629883
0.633789 0.379395
2 0 0 0
1 0 0 0
0.020008 -0.067048 -0.003889
-0.007813 0.984375 -0.007813
255 255 255 255
0.256836 0.620117
0.675293 0.371094
2 0 0 0
1 0 0 0
0.017237 -0.067038 0.000000
-0.007813 0.984375 -0.007813
255 255 255 255
0.271484 0.615234
0.678711 0.366699
2 0 0 0
1 0 0 0
0.015092 -0.067031 -0.005426
-0.007813 0.984375 -0.007813
255 255 255 255
0.241211 0.615234
0.671875 0.366699
2 0 0 0
1 0 0 0
0.008559 -0.067009 -0.010479
-0.007813 0.984375 -0.007813
255 255 255 255
0.194336 0.615234
0.661621 0.366699
2 0 0 0
1 0 0 0
0.009991 -0.067014 -0.013895
-0.007813 0.984375 -0.007813
255 255 255 255
0.194336 0.620117
0.661621 0.371094
2 0 0 0
1 0 0 0
0.005961 -0.067001 -0.011242
-0.007813 0.984375 -0.007813
255 255 255 255
0.179199 0.615234
0.658203 0.366699
2 0 0 0
1 0 0 0
0.003064 -0.066991 -0.011749
-0.007813 0.984375 -0.007813
255 255 255 255
0.163574 0.615234
0.654785 0.366699
2 0 0 0
1 0 0 0
0.003511 -0.066992 -0.015445
-0.007813 0.984375 -0.007813
255 255 255 255
0.163574 0.620117
0.654785 0.371094
2 0 0 0
1 0 0 0
0.013157 -0.067025 -0.007612
-0.007813 0.984375 -0.007813
255 255 255 255
0.225098 0.615234
0.668457 0.366699
2 0 0 0
1 0 0 0
0.015681 -0.067033 -0.010279
-0.007813 0.984375 -0.007813
255 255 255 255
0.225098 0.620117
0.668457 0.371094
2 0 0 0
1 0 0 0
0.015075 -0.076421 -0.005426
-0.007813 -1.000000 -0.007813
255 255 255 255
0.241211 0.633789
0.671875 0.382813
2 0 0 0
1 0 0 0
0.017221 -0.076421 0.000000
-0.007813 -1.000000 -0.007813
255 255 255 255
0.271484 0.633789
0.678711 0.382813
2 0 0 0
1 0 0 0
0.008542 -0.076420 -0.010479
-0.007813 -1.000000 -0.007813
255 255 255 255
0.194336 0.633789
0.661621 0.382813
2 0 0 0
1 0 0 0
0.009974 -0.076420 -0.013895
-0.007813 -1.000000 -0.007813
255 255 255 255
0.194336 0.629883
0.661621 0.379395
2 0 0 0
1 0 0 0
0.005944 -0.076420 -0.011242
-0.007813 -1.000000 -0.007813
255 255 255 255
0.179199 0.633789
0.658203 0.382813
2 0 0 0
1 0 0 0
0.003047 -0.076419 -0.011749
-0.007813 -1.000000 -0.007813
255 255 255 255
0.163574 0.633789
0.654785 0.382813
2 0 0 0
1 0 0 0
0.003495 -0.076420 -0.015445
-0.007813 -1.000000 -0.007813
255 255 255 255
0.163574 0.629883
0.654785 0.379395
2 0 0 0
1 0 0 0
0.013141 -0.076421 -0.007612
-0.007813 -1.000000 -0.007813
255 255 255 255
0.225098 0.633789
0.668457 0.382813
2 0 0 0
1 0 0 0
0.015664 -0.076421 -0.010279
-0.007813 -1.000000 -0.007813
255 255 255 255
0.225098 0.629883
0.668457 0.379395
2 0 0 0
1 0 0 0
-0.000378 0.196238 0.012337
-0.507813 0.062500 0.843750
255 255 255 255
1.100098 0.891602
0.638672 0.77002
2 0 0 0
1 0 0 0
-0.001008 0.189502 0.012716
-0.507813 0.062500 0.843750
255 255 255 255
1.086426 0.899902
0.636231 0.776367
2 0 0 0
1 0 0 0
-0.003931 0.196972 0.010700
-0.664063 0.046875 0.734375
255 255 255 255
1.081055 0.888672
0.635254 0.767578
2 0 0 0
1 0 0 0
0.002896 0.195368 0.014550
-0.531250 0.046875 0.835938
255 255 255 255
1.120117 0.894043
0.642578 0.771973
2 0 0 0
1 0 0 0
-0.008256 0.199308 0.004299
-0.929688 0.070313 0.359375
255 255 255 255
1.049805 0.881836
0.628906 0.762695
2 0 0 0
1 0 0 0
-0.008878 0.199418 0.000000
-1.000000 0.078125 0.007813
255 255 255 255
1.029785 0.878906
0.625488 0.760742
2 0 0 0
1 0 0 0
-0.003931 0.196972 -0.010701
-0.609375 0.046875 -0.796875
255 255 255 255
0.081055 0.888672
0.701172 0.759766
2 0 0 0
1 0 0 0
-0.001008 0.189502 -0.012716
-0.460938 0.062500 -0.890625
255 255 255 255
0.086426 0.899902
0.702148 0.768555
2 0 0 0
1 0 0 0
-0.000378 0.196238 -0.012338
-0.507813 0.062500 -0.867188
255 255 255 255
0.100098 0.891602
0.705078 0.762207
2 0 0 0
1 0 0 0
0.002896 0.195368 -0.014550
-0.554688 0.031250 -0.835938
255 255 255 255
0.120117 0.894043
0.708496 0.76416
2 0 0 0
1 0 0 0
-0.008256 0.199308 -0.004299
-0.929688 0.070313 -0.375000
255 255 255 255
0.049805 0.881836
0.695313 0.754883
2 0 0 0
1 0 0 0
-0.008878 0.199418 0.000000
-1.000000 0.078125 0.007813
255 255 255 255
0.029785 0.878906
0.691895 0.75293
2 0 0 0
1 0 0 0
0.027683 0.195285 0.010626
0.585938 -0.015625 0.781250
255 255 255 255
1.271973 0.886719
0.671387 0.766602
2 0 0 0
1 0 0 0
0.023694 0.187604 0.012716
0.445313 0.007813 0.867188
255 255 255 255
1.263184 0.897949
0.669434 0.774902
2 0 0 0
1 0 0 0
0.023798 0.195074 0.012287
0.437500 0.015625 0.875000
255 255 255 255
1.252441 0.888672
0.667481 0.767578
2 0 0 0
1 0 0 0
0.020448 0.194756 0.014550
0.562500 -0.007813 0.796875
255 255 255 255
1.234863 0.890625
0.664063 0.769531
2 0 0 0
1 0 0 0
0.032158 0.197008 0.004297
0.906250 -0.046875 0.351563
255 255 255 255
1.305176 0.882813
0.677734 0.763184
2 0 0 0
1 0 0 0
0.032781 0.196983 0.000000
0.976563 -0.054688 -0.039063
255 255 255 255
1.325195 0.881836
0.681152 0.762695
2 0 0 0
1 0 0 0
0.023798 0.195074 -0.012287
0.437500 0.015625 -0.898438
255 255 255 255
0.252441 0.888672
0.733887 0.759766
2 0 0 0
1 0 0 0
0.023694 0.187604 -0.012716
0.500000 0.015625 -0.859375
255 255 255 255
0.263184 0.897949
0.73584 0.76709
2 0 0 0
1 0 0 0
0.027683 0.195285 -0.010626
0.656250 -0.031250 -0.742188
255 255 255 255
0.271973 0.886719
0.737305 0.758789
2 0 0 0
1 0 0 0
0.020448 0.194756 -0.014550
0.539063 0.007813 -0.835938
255 255 255 255
0.234863 0.890625
0.730469 0.761719
2 0 0 0
1 0 0 0
0.032158 0.197008 -0.004297
0.906250 -0.046875 -0.382813
255 255 255 255
0.305176 0.882813
0.743652 0.755371
2 0 0 0
1 0 0 0
0.032781 0.196983 0.000000
0.976563 -0.054688 -0.039063
255 255 255 255
0.325195 0.881836
0.747559 0.754883
2 0 0 0
1 0 0 0
0.012659 0.207803 0.013461
0.015625 0.257813 0.945313
255 255 255 255
1.179199 0.875488
0.653809 0.757813
2 0 0 0
1 0 0 0
0.011871 0.199608 0.015281
0.007813 0.203125 0.953125
255 255 255 255
1.180176 0.886719
0.653809 0.766113
2 0 0 0
1 0 0 0
0.002502 0.209073 0.011163
-0.289063 0.375000 0.859375
255 255 255 255
1.127441 0.875
0.644043 0.757324
2 0 0 0
1 0 0 0
-0.005056 0.210427 0.004466
-0.679688 0.593750 0.398438
255 255 255 255
1.080078 0.869141
0.634766 0.75293
2 0 0 0
1 0 0 0
0.004193 0.211369 0.010347
-0.210938 0.414063 0.859375
255 255 255 255
1.135254 0.871582
0.645508 0.754883
2 0 0 0
1 0 0 0
-0.005975 0.210417 0.000000
-0.734375 0.671875 -0.007813
255 255 255 255
1.062988 0.865234
0.631836 0.75
2 0 0 0
1 0 0 0
0.009829 0.210785 0.011742
-0.203125 0.492188 0.820313
255 255 255 255
1.164551 0.871582
0.650879 0.754883
2 0 0 0
1 0 0 0
0.006168 0.208235 0.012543
-0.203125 0.429688 0.859375
255 255 255 255
1.145996 0.876465
0.647461 0.758301
2 0 0 0
1 0 0 0
0.022874 0.207166 0.011163
0.335938 0.320313 0.859375
255 255 255 255
1.231934 0.874023
0.663574 0.756348
2 0 0 0
1 0 0 0
0.030552 0.207086 0.004466
0.757813 0.460938 0.398438
255 255 255 255
1.284668 0.869629
0.67334 0.753418
2 0 0 0
1 0 0 0
0.021640 0.209722 0.010347
0.265625 0.375000 0.859375
255 255 255 255
1.225098 0.870606
0.662109 0.753906
2 0 0 0
1 0 0 0
0.031453 0.206907 0.000000
0.820313 0.531250 -0.007813
255 255 255 255
1.305176 0.867188
0.677246 0.751465
2 0 0 0
1 0 0 0
0.015994 0.210203 0.011742
0.273438 0.453125 0.820313
255 255 255 255
1.194824 0.871094
0.656738 0.754395
2 0 0 0
1 0 0 0
0.019117 0.207026 0.012543
0.257813 0.382813 0.859375
255 255 255 255
1.211426 0.875488
0.659668 0.757813
2 0 0 0
1 0 0 0
0.012659 0.207803 -0.013461
0.015625 0.257813 -0.968750
255 255 255 255
0.179199 0.875488
0.719727 0.75
2 0 0 0
1 0 0 0
0.011871 0.199608 -0.015281
0.007813 0.203125 -0.976563
255 255 255 255
0.180176 0.886719
0.720215 0.758301
2 0 0 0
1 0 0 0
0.002502 0.209073 -0.011163
-0.289063 0.375000 -0.882813
255 255 255 255
0.127441 0.875
0.709961 0.749512
2 0 0 0
1 0 0 0
-0.005056 0.210427 -0.004466
-0.679688 0.593750 -0.421875
255 255 255 255
0.080078 0.869141
0.701172 0.745117
2 0 0 0
1 0 0 0
0.004193 0.211369 -0.010347
-0.210938 0.414063 -0.882813
255 255 255 255
0.135254 0.871582
0.711426 0.74707
2 0 0 0
1 0 0 0
-0.005975 0.210417 0.000000
-0.734375 0.671875 -0.007813
255 255 255 255
0.062988 0.865234
0.697754 0.742188
2 0 0 0
1 0 0 0
0.009829 0.210785 -0.011742
-0.203125 0.492188 -0.843750
255 255 255 255
0.164551 0.871582
0.717285 0.74707
2 0 0 0
1 0 0 0
0.006168 0.208235 -0.012543
-0.203125 0.429688 -0.882813
255 255 255 255
0.145996 0.876465
0.713867 0.750488
2 0 0 0
1 0 0 0
0.022874 0.207166 -0.011163
0.335938 0.320313 -0.882813
255 255 255 255
0.231934 0.874023
0.729981 0.748535
2 0 0 0
1 0 0 0
0.030552 0.207086 -0.004466
0.757813 0.460938 -0.421875
255 255 255 255
0.284668 0.869629
0.739746 0.745606
2 0 0 0
1 0 0 0
0.021640 0.209722 -0.010347
0.265625 0.375000 -0.882813
255 255 255 255
0.225098 0.870606
0.728516 0.746094
2 0 0 0
1 0 0 0
0.031453 0.206907 0.000000
0.820313 0.531250 -0.007813
255 255 255 255
0.305176 0.867188
0.743652 0.743652
2 0 0 0
1 0 0 0
0.015994 0.210203 -0.011742
0.273438 0.453125 -0.843750
255 255 255 255
0.194824 0.871094
0.722656 0.746582
2 0 0 0
1 0 0 0
0.019117 0.207026 -0.012543
0.257813 0.382813 -0.882813
255 255 255 255
0.211426 0.875488
0.726074 0.75
2 0 0 0
1 0 0 0
0.017227 -0.083115 0.002746
0.921875 -0.007813 0.312500
255 255 255 255
1.037109 0.98584
0.384766 0.521484
2 0 0 0
1 0 0 0
0.015552 -0.110356 0.006163
0.875000 -0.015625 0.437500
255 255 255 255
1.046387 0.939941
0.385742 0.500977
2 0 0 0
1 0 0 0
0.015552 -0.110356 -0.006319
0.875000 -0.015625 -0.460938
255 255 255 255
0.046387 0.939941
0.343262 0.095703
2 0 0 0
1 0 0 0
-0.020446 -0.110454 -0.000005
-0.937500 -0.015625 -0.367188
255 255 255 255
0.325684 0.94043
0.362793 0.096191
2 0 0 0
1 0 0 0
-0.019645 -0.110452 -0.002191
-0.945313 -0.007813 -0.351563
255 255 255 255
0.310547 0.94043
0.361816 0.096191
2 0 0 0
1 0 0 0
-0.003350 -0.064692 0.015295
0.007813 -0.242188 0.953125
255 255 255 255
1.460449 0.992188
0.703125 0.505859
2 0 0 0
1 0 0 0
-0.012470 -0.052245 0.011442
-0.609375 0.093750 0.773438
255 255 255 255
1.419922 0.979981
0.693359 0.494141
2 0 0 0
1 0 0 0
-0.000978 -0.063403 0.015358
0.031250 -0.281250 0.945313
255 255 255 255
1.46875 0.991211
0.705566 0.504883
2 0 0 0
1 0 0 0
0.012897 -0.067376 -0.010926
0.609375 0.023438 -0.781250
255 255 255 255
1.52832 0.995606
0.662598 0.424316
2 0 0 0
1 0 0 0
0.016075 -0.051952 -0.007684
0.617188 0.023438 -0.781250
255 255 255 255
1.547852 0.979492
0.666992 0.408691
2 0 0 0
1 0 0 0
0.003269 -0.057856 -0.014302
-0.304688 0.437500 -0.843750
255 255 255 255
1.48877 0.984375
0.652832 0.413574
2 0 0 0
1 0 0 0
0.023598 0.185363 0.011258
0.609375 -0.023438 0.765625
255 255 255 255
1.52832 0.975098
0.728516 0.667969
2 0 0 0
1 0 0 0
0.027680 0.199820 0.008001
0.671875 -0.031250 0.703125
255 255 255 255
1.547852 0.958496
0.73291 0.652344
2 0 0 0
1 0 0 0
0.014523 0.194997 0.012768
-0.398438 0.437500 0.781250
255 255 255 255
1.48877 0.963867
0.71875 0.657715
2 0 0 0
1 0 0 0
0.007757 0.188947 -0.013378
-0.007813 -0.226563 -0.976563
255 255 255 255
1.460449 0.97168
0.711426 0.554199
2 0 0 0
1 0 0 0
0.010102 0.190011 -0.013433
0.007813 -0.265625 -0.968750
255 255 255 255
1.46875 0.970703
0.713379 0.553223
2 0 0 0
1 0 0 0
0.023143 0.170506 0.010549
0.625000 -0.031250 0.750000
255 255 255 255
1.52832 0.975098
0.727051 0.645508
2 0 0 0
1 0 0 0
0.027126 0.184963 0.007389
0.664063 -0.031250 0.710938
255 255 255 255
1.547852 0.958496
0.731934 0.630371
2 0 0 0
1 0 0 0
0.013428 0.180224 0.012985
-0.289063 0.445313 0.828125
255 255 255 255
1.48877 0.963867
0.718262 0.635254
2 0 0 0
1 0 0 0
0.006163 0.174174 -0.013762
-0.007813 -0.234375 -0.976563
255 255 255 255
1.460449 0.97168
0.772461 0.57666
2 0 0 0
1 0 0 0
-0.002065 0.186642 -0.010296
-0.562500 0.132813 -0.828125
255 255 255 255
1.419922 0.959473
0.763184 0.56543
2 0 0 0
1 0 0 0
0.008629 0.175238 -0.013819
0.007813 -0.273438 -0.968750
255 255 255 255
1.46875 0.970703
0.774414 0.575684
2 0 0 0
1 0 0 0
-0.003350 -0.050937 0.015295
0.007813 -0.242188 0.953125
255 255 255 255
1.460449 0.992188
0.70459 0.464356
2 0 0 0
1 0 0 0
-0.012470 -0.038490 0.011442
-0.609375 0.093750 0.773438
255 255 255 255
1.419922 0.979981
0.694824 0.452637
2 0 0 0
1 0 0 0
-0.000978 -0.049649 0.015358
0.031250 -0.281250 0.945313
255 255 255 255
1.46875 0.991211
0.706543 0.463379
2 0 0 0
1 0 0 0
0.012897 -0.053622 -0.010926
0.609375 0.023438 -0.781250
255 255 255 255
1.52832 0.995606
0.662109 0.405273
2 0 0 0
1 0 0 0
0.016075 -0.038197 -0.007684
0.617188 0.023438 -0.781250
255 255 255 255
1.547852 0.979492
0.666504 0.389648
2 0 0 0
1 0 0 0
0.003269 -0.044101 -0.014302
-0.304688 0.437500 -0.843750
255 255 255 255
1.48877 0.984375
0.652344 0.394531
2 0 0 0
1 0 0 0
0.013159 -0.025532 0.010549
0.648438 -0.007813 0.734375
255 255 255 255
1.53125 0.959473
0.660645 0.493652
2 0 0 0
1 0 0 0
0.012973 -0.040573 0.010953
0.625000 0.000000 0.750000
255 255 255 255
1.52832 0.975098
0.659668 0.508789
2 0 0 0
1 0 0 0
0.016281 -0.025155 0.007888
0.625000 0.007813 0.750000
255 255 255 255
1.547852 0.958496
0.664551 0.493164
2 0 0 0
1 0 0 0
0.003466 -0.031314 0.016554
-0.273438 0.203125 0.921875
255 255 255 255
1.48877 0.963867
0.649902 0.498047
2 0 0 0
1 0 0 0
0.004009 -0.031001 -0.017176
-0.117188 0.265625 -0.960938
255 255 255 255
1.48877 0.963867
0.650879 0.475586
2 0 0 0
1 0 0 0
-0.003135 -0.024678 0.015726
0.007813 -0.273438 0.945313
255 255 255 255
1.460449 0.950684
0.646484 0.442383
2 0 0 0
1 0 0 0
-0.012271 -0.012150 0.011977
-0.625000 0.085938 0.765625
255 255 255 255
1.419922 0.938965
0.636719 0.430664
2 0 0 0
1 0 0 0
-0.000742 -0.023411 0.015823
0.031250 -0.312500 0.929688
255 255 255 255
1.46875 0.949707
0.648438 0.441406
2 0 0 0
1 0 0 0
0.013141 -0.027509 0.011180
0.625000 0.000000 0.750000
255 255 255 255
1.52832 0.954102
0.663086 0.445801
2 0 0 0
1 0 0 0
0.016594 -0.012113 0.008039
0.625000 0.000000 0.750000
255 255 255 255
1.547852 0.937988
0.667969 0.429688
2 0 0 0
1 0 0 0
0.005963 -0.018194 -0.015592
-0.203125 0.492188 -0.843750
255 255 255 255
1.48877 0.942871
0.712402 0.413086
2 0 0 0
1 0 0 0
-0.002957 -0.011550 0.016024
0.007813 -0.273438 0.945313
255 255 255 255
1.460449 0.992188
0.706055 0.399414
2 0 0 0
1 0 0 0
-0.012107 0.001019 0.012139
-0.625000 0.085938 0.765625
255 255 255 255
1.419922 0.979981
0.696289 0.387207
2 0 0 0
1 0 0 0
-0.000542 -0.010293 0.016115
0.031250 -0.312500 0.929688
255 255 255 255
1.46875 0.991211
0.708008 0.398438
2 0 0 0
1 0 0 0
0.013417 -0.014453 0.011402
0.625000 0.000000 0.750000
255 255 255 255
1.52832 0.995606
0.722656 0.402344
2 0 0 0
1 0 0 0
0.016980 0.000927 0.008147
0.632813 0.000000 0.742188
255 255 255 255
1.547852 0.979492
0.727539 0.386231
2 0 0 0
1 0 0 0
0.004302 -0.004804 -0.016087
-0.343750 0.421875 -0.835938
255 255 255 255
1.48877 0.984375
0.651367 0.455566
2 0 0 0
1 0 0 0
0.013769 -0.001399 0.011568
0.625000 0.000000 0.750000
255 255 255 255
1.52832 0.975098
0.660156 0.533203
2 0 0 0
1 0 0 0
0.017398 0.013966 0.008190
0.632813 0.007813 0.742188
255 255 255 255
1.547852 0.958496
0.665039 0.51709
2 0 0 0
1 0 0 0
0.004163 0.008294 0.015234
-0.296875 0.460938 0.812500
255 255 255 255
1.48877 0.963867
0.650391 0.521973
2 0 0 0
1 0 0 0
0.004163 0.008294 -0.015615
-0.304688 0.476563 -0.820313
255 255 255 255
1.48877 0.963867
0.713379 0.435547
2 0 0 0
1 0 0 0
0.014165 0.011655 0.011648
0.625000 0.007813 0.750000
255 255 255 255
1.52832 0.954102
0.726563 0.53418
2 0 0 0
1 0 0 0
0.017803 0.027004 0.008147
0.632813 0.007813 0.742188
255 255 255 255
1.547852 0.937988
0.731445 0.517578
2 0 0 0
1 0 0 0
0.004536 0.021389 0.015228
-0.296875 0.468750 0.804688
255 255 255 255
1.48877 0.942871
0.716797 0.522949
2 0 0 0
1 0 0 0
0.004536 0.021389 -0.015607
-0.304688 0.492188 -0.812500
255 255 255 255
1.48877 0.942871
0.710938 0.477051
2 0 0 0
1 0 0 0
0.014569 0.024707 0.011610
0.625000 0.015625 0.750000
255 255 255 255
1.52832 0.995606
0.666992 0.625488
2 0 0 0
1 0 0 0
0.018146 0.040040 0.007996
0.625000 0.023438 0.750000
255 255 255 255
1.547852 0.979492
0.671875 0.609375
2 0 0 0
1 0 0 0
0.004948 0.034483 0.015037
-0.296875 0.476563 0.804688
255 255 255 255
1.48877 0.984375
0.657227 0.614746
2 0 0 0
1 0 0 0
0.004948 0.034483 -0.015413
-0.296875 0.500000 -0.812500
255 255 255 255
1.48877 0.984375
0.778809 0.635254
2 0 0 0
1 0 0 0
0.014942 0.037757 0.011424
0.617188 0.031250 0.750000
255 255 255 255
1.52832 0.975098
0.790527 0.73584
2 0 0 0
1 0 0 0
0.018372 0.053074 0.007715
0.617188 0.031250 0.750000
255 255 255 255
1.547852 0.958496
0.79541 0.719727
2 0 0 0
1 0 0 0
0.005378 0.047575 0.014620
-0.289063 0.484375 0.804688
255 255 255 255
1.48877 0.963867
0.780762 0.724609
2 0 0 0
1 0 0 0
-0.001549 0.040951 -0.016314
-0.007813 -0.226563 -0.984375
255 255 255 255
1.460449 0.97168
0.774414 0.556152
2 0 0 0
1 0 0 0
-0.010254 0.053679 -0.011688
-0.625000 0.148438 -0.781250
255 255 255 255
1.419922 0.959473
0.764648 0.544434
2 0 0 0
1 0 0 0
0.000907 0.042165 -0.016345
0.023438 -0.265625 -0.968750
255 255 255 255
1.46875 0.970703
0.776367 0.555176
2 0 0 0
1 0 0 0
0.015136 0.050805 0.010925
0.609375 0.000000 0.757813
255 255 255 255
1.52832 0.954102
0.667481 0.601563
2 0 0 0
1 0 0 0
0.018867 0.066105 0.007683
0.617188 0.000000 0.757813
255 255 255 255
1.547852 0.937988
0.672363 0.585938
2 0 0 0
1 0 0 0
0.005857 0.060665 0.014301
-0.289063 0.445313 0.820313
255 255 255 255
1.48877 0.942871
0.658203 0.59082
2 0 0 0
1 0 0 0
-0.001004 0.054072 -0.015295
0.000000 -0.242188 -0.976563
255 255 255 255
1.460449 0.950684
0.773438 0.688477
2 0 0 0
1 0 0 0
-0.009671 0.066839 -0.011442
-0.609375 0.117188 -0.796875
255 255 255 255
1.419922 0.938965
0.763672 0.676758
2 0 0 0
1 0 0 0
0.001413 0.055274 -0.015358
0.023438 -0.281250 -0.968750
255 255 255 255
1.46875 0.949707
0.775879 0.6875
2 0 0 0
1 0 0 0
-0.000445 0.067190 -0.015295
0.000000 -0.242188 -0.976563
255 255 255 255
1.460449 0.992188
0.650391 0.662109
2 0 0 0
1 0 0 0
-0.009054 0.079996 -0.011442
-0.601563 0.117188 -0.796875
255 255 255 255
1.419922 0.979981
0.640625 0.650391
2 0 0 0
1 0 0 0
0.001977 0.068382 -0.015358
0.023438 -0.281250 -0.968750
255 255 255 255
1.46875 0.991211
0.652344 0.661133
2 0 0 0
1 0 0 0
0.000173 0.080305 -0.015295
0.000000 -0.242188 -0.976563
255 255 255 255
1.460449 0.97168
0.652832 0.6875
2 0 0 0
1 0 0 0
-0.008379 0.093150 -0.011442
-0.601563 0.117188 -0.796875
255 255 255 255
1.419922 0.959473
0.643066 0.675781
2 0 0 0
1 0 0 0
0.002600 0.081486 -0.015358
0.023438 -0.281250 -0.968750
255 255 255 255
1.46875 0.970703
0.654785 0.686523
2 0 0 0
1 0 0 0
0.016943 0.089934 0.010925
0.609375 -0.007813 0.757813
255 255 255 255
1.52832 0.954102
0.729004 0.69043
2 0 0 0
1 0 0 0
0.020881 0.105182 0.007683
0.617188 -0.007813 0.757813
255 255 255 255
1.547852 0.937988
0.733398 0.674316
2 0 0 0
1 0 0 0
0.007799 0.099918 0.014301
-0.281250 0.453125 0.820313
255 255 255 255
1.48877 0.942871
0.719238 0.679688
2 0 0 0
1 0 0 0
0.000850 0.093418 -0.015295
0.000000 -0.242188 -0.976563
255 255 255 255
1.460449 0.950684
0.773926 0.709961
2 0 0 0
1 0 0 0
-0.007644 0.106301 -0.011442
-0.601563 0.125000 -0.796875
255 255 255 255
1.419922 0.938965
0.76416 0.698242
2 0 0 0
1 0 0 0
0.003282 0.094588 -0.015358
0.015625 -0.281250 -0.968750
255 255 255 255
1.46875 0.949707
0.775879 0.708984
2 0 0 0
1 0 0 0
0.017663 0.102971 0.010925
0.609375 -0.015625 0.757813
255 255 255 255
1.52832 0.995606
0.667969 0.580078
2 0 0 0
1 0 0 0
0.021669 0.118202 0.007683
0.617188 -0.007813 0.757813
255 255 255 255
1.547852 0.979492
0.672852 0.563965
2 0 0 0
1 0 0 0
0.008563 0.112997 0.014301
-0.281250 0.453125 0.820313
255 255 255 255
1.48877 0.984375
0.658691 0.569336
2 0 0 0
1 0 0 0
0.001585 0.106528 -0.015295
0.000000 -0.242188 -0.976563
255 255 255 255
1.460449 0.992188
0.65332 0.709473
2 0 0 0
1 0 0 0
-0.006851 0.119448 -0.011442
-0.601563 0.125000 -0.796875
255 255 255 255
1.419922 0.979981
0.643555 0.697754
2 0 0 0
1 0 0 0
0.004023 0.107687 -0.015358
0.015625 -0.281250 -0.968750
255 255 255 255
1.46875 0.991211
0.655273 0.708496
2 0 0 0
1 0 0 0
0.018442 0.116005 0.010925
0.609375 -0.015625 0.757813
255 255 255 255
1.52832 0.975098
0.728027 0.625977
2 0 0 0
1 0 0 0
0.022516 0.131217 0.007683
0.617188 -0.015625 0.757813
255 255 255 255
1.547852 0.958496
0.73291 0.609863
2 0 0 0
1 0 0 0
0.009387 0.126071 0.014301
-0.273438 0.453125 0.820313
255 255 255 255
1.48877 0.963867
0.71875 0.614746
2 0 0 0
1 0 0 0
0.002380 0.119634 -0.015295
-0.007813 -0.242188 -0.976563
255 255 255 255
1.460449 0.97168
0.713867 0.599121
2 0 0 0
1 0 0 0
-0.005998 0.132592 -0.011442
-0.601563 0.125000 -0.796875
255 255 255 255
1.419922 0.959473
0.704102 0.587402
2 0 0 0
1 0 0 0
0.004823 0.120782 -0.015358
0.015625 -0.281250 -0.968750
255 255 255 255
1.46875 0.970703
0.71582 0.598145
2 0 0 0
1 0 0 0
0.019279 0.129035 0.010925
0.609375 -0.015625 0.757813
255 255 255 255
1.52832 0.954102
0.667969 0.557617
2 0 0 0
1 0 0 0
0.023421 0.144229 0.007683
0.617188 -0.015625 0.757813
255 255 255 255
1.547852 0.937988
0.672852 0.541992
2 0 0 0
1 0 0 0
0.010270 0.139142 0.014301
-0.273438 0.453125 0.820313
255 255 255 255
1.48877 0.942871
0.658691 0.546875
2 0 0 0
1 0 0 0
0.003233 0.132736 -0.015295
-0.007813 -0.250000 -0.976563
255 255 255 255
1.460449 0.950684
0.712402 0.57666
2 0 0 0
1 0 0 0
-0.005086 0.145732 -0.011442
-0.601563 0.132813 -0.796875
255 255 255 255
1.419922 0.938965
0.702637 0.564941
2 0 0 0
1 0 0 0
0.005682 0.133873 -0.015358
0.015625 -0.281250 -0.968750
255 255 255 255
1.46875 0.949707
0.714356 0.575684
2 0 0 0
1 0 0 0
0.020175 0.142061 0.010925
0.609375 -0.023438 0.757813
255 255 255 255
1.52832 0.995606
0.791016 0.602539
2 0 0 0
1 0 0 0
0.024385 0.157236 0.007683
0.617188 -0.023438 0.757813
255 255 255 255
1.547852 0.979492
0.79541 0.586426
2 0 0 0
1 0 0 0
0.011211 0.152209 0.014301
-0.273438 0.460938 0.820313
255 255 255 255
1.48877 0.984375
0.78125 0.591797
2 0 0 0
1 0 0 0
0.004146 0.145834 -0.015295
-0.007813 -0.250000 -0.976563
255 255 255 255
1.460449 0.992188
0.772461 0.622559
2 0 0 0
1 0 0 0
-0.004115 0.158868 -0.011442
-0.601563 0.132813 -0.796875
255 255 255 255
1.419922 0.979981
0.762695 0.61084
2 0 0 0
1 0 0 0
0.006599 0.146960 -0.015358
0.015625 -0.281250 -0.968750
255 255 255 255
1.46875 0.991211
0.774414 0.621582
2 0 0 0
1 0 0 0
0.005117 0.158928 -0.015295
-0.007813 -0.250000 -0.976563
255 255 255 255
1.460449 0.97168
0.714356 0.709473
2 0 0 0
1 0 0 0
-0.003085 0.171999 -0.011442
-0.601563 0.132813 -0.796875
255 255 255 255
1.419922 0.959473
0.704102 0.697754
2 0 0 0
1 0 0 0
0.007576 0.160043 -0.015358
0.015625 -0.281250 -0.968750
255 255 255 255
1.46875 0.970703
0.716309 0.708496
2 0 0 0
1 0 0 0
0.002683 0.210862 0.008823
-0.351563 0.398438 0.820313
255 255 255 255
1.089844 0.31543
0.520508 0.369629
2 0 0 0
1 0 0 0
0.001780 0.038245 0.011486
-0.015625 -0.085938 0.976563
255 255 255 255
1.138672 0.487305
0.530273 0.504395
2 0 0 0
1 0 0 0
-0.010070 0.038659 0.010070
-0.414063 0.000000 0.898438
255 255 255 255
1.089844 0.487305
0.520508 0.504395
2 0 0 0
1 0 0 0
-0.011411 -0.012513 0.010070
-0.437500 0.000000 0.882813
255 255 255 255
1.089844 0.540527
0.520508 0.546387
2 0 0 0
1 0 0 0
-0.006188 -0.038154 0.012336
-0.281250 -0.007813 0.945313
255 255 255 255
1.114258 0.567383
0.525391 0.567383
2 0 0 0
1 0 0 0
0.000111 -0.038209 0.013416
-0.007813 -0.007813 0.984375
255 255 255 255
1.138672 0.567383
0.530273 0.567383
2 0 0 0
1 0 0 0
0.000028 -0.050954 0.013416
-0.007813 -0.007813 0.984375
255 255 255 255
1.138672 0.581055
0.530273 0.577637
2 0 0 0
1 0 0 0
-0.006271 -0.050927 0.012336
-0.281250 -0.007813 0.945313
255 255 255 255
1.114258 0.581055
0.525391 0.577637
2 0 0 0
1 0 0 0
-0.011746 -0.038105 0.010070
-0.453125 -0.007813 0.875000
255 255 255 255
1.089844 0.567383
0.520508 0.567383
2 0 0 0
1 0 0 0
-0.006299 -0.063700 0.012336
-0.281250 -0.007813 0.945313
255 255 255 255
1.114258 0.594238
0.525391 0.588379
2 0 0 0
1 0 0 0
0.000000 -0.063700 0.013416
-0.007813 -0.007813 0.984375
255 255 255 255
1.138672 0.594238
0.530273 0.588379
2 0 0 0
1 0 0 0
-0.011858 -0.063700 0.010070
-0.453125 -0.007813 0.875000
255 255 255 255
1.089844 0.594238
0.520508 0.588379
2 0 0 0
1 0 0 0
-0.007835 0.089799 0.010070
-0.453125 0.007813 0.875000
255 255 255 255
1.089844 0.435059
0.520508 0.463379
2 0 0 0
1 0 0 0
-0.001587 0.102262 0.012336
-0.281250 0.007813 0.945313
255 255 255 255
1.114258 0.421875
0.525391 0.453125
2 0 0 0
1 0 0 0
0.004006 0.089178 0.013416
-0.007813 -0.007813 0.984375
255 255 255 255
1.138672 0.435059
0.530273 0.463379
2 0 0 0
1 0 0 0
0.003366 0.076448 0.013416
-0.007813 -0.007813 0.984375
255 255 255 255
1.138672 0.447754
0.530273 0.473633
2 0 0 0
1 0 0 0
-0.002925 0.076751 0.012336
-0.281250 0.000000 0.945313
255 255 255 255
1.114258 0.447754
0.525391 0.473633
2 0 0 0
1 0 0 0
-0.000834 0.115013 0.012336
-0.281250 0.007813 0.945313
255 255 255 255
1.114258 0.40918
0.525391 0.442871
2 0 0 0
1 0 0 0
-0.006382 0.115353 0.010070
-0.453125 0.015625 0.875000
255 255 255 255
1.089844 0.40918
0.520508 0.442871
2 0 0 0
1 0 0 0
-0.000026 0.127760 0.012336
-0.281250 0.007813 0.945313
255 255 255 255
1.114258 0.396484
0.525391 0.433106
2 0 0 0
1 0 0 0
0.006260 0.127348 0.013416
-0.007813 -0.007813 0.984375
255 255 255 255
1.138672 0.396484
0.530273 0.433106
2 0 0 0
1 0 0 0
0.005453 0.114628 0.013416
-0.007813 -0.007813 0.984375
255 255 255 255
1.138672 0.40918
0.530273 0.442871
2 0 0 0
1 0 0 0
-0.004706 0.140892 0.010070
-0.453125 0.015625 0.875000
255 255 255 255
1.089844 0.383789
0.520508 0.422852
2 0 0 0
1 0 0 0
-0.003785 0.153657 0.010070
-0.453125 0.023438 0.875000
255 255 255 255
1.089844 0.371094
0.520508 0.413086
2 0 0 0
1 0 0 0
0.001759 0.153244 0.012336
-0.281250 0.007813 0.945313
255 255 255 255
1.114258 0.371094
0.525391 0.413086
2 0 0 0
1 0 0 0
0.007122 0.140064 0.013416
-0.007813 -0.007813 0.984375
255 255 255 255
1.138672 0.383789
0.530273 0.422852
2 0 0 0
1 0 0 0
0.002734 0.165980 0.012336
-0.281250 0.007813 0.945313
255 255 255 255
1.114258 0.358398
0.525391 0.40332
2 0 0 0
1 0 0 0
-0.002807 0.166417 0.010070
-0.453125 0.023438 0.875000
255 255 255 255
1.089844 0.358398
0.520508 0.40332
2 0 0 0
1 0 0 0
0.003780 0.178884 0.012336
-0.281250 0.007813 0.945313
255 255 255 255
1.114258 0.345703
0.525391 0.393066
2 0 0 0
1 0 0 0
0.010057 0.178361 0.013416
-0.007813 -0.007813 0.984375
255 255 255 255
1.138672 0.345703
0.530273 0.393066
2 0 0 0
1 0 0 0
0.009014 0.165485 0.013416
-0.007813 -0.007813 0.984375
255 255 255 255
1.138672 0.358398
0.530273 0.40332
2 0 0 0
1 0 0 0
0.004913 0.192128 0.012336
-0.281250 0.015625 0.945313
255 255 255 255
1.114258 0.33252
0.525391 0.382813
2 0 0 0
1 0 0 0
-0.000624 0.192614 0.010070
-0.453125 0.031250 0.875000
255 255 255 255
1.089844 0.33252
0.520508 0.382813
2 0 0 0
1 0 0 0
0.011188 0.191577 0.013416
-0.007813 -0.007813 0.984375
255 255 255 255
1.138672 0.33252
0.530273 0.382813
2 0 0 0
1 0 0 0
-0.014565 0.025993 0.007627
-0.523438 0.007813 0.835938
255 255 255 255
1.065918 0.500488
0.516113 0.514648
2 0 0 0
1 0 0 0
-0.013669 0.051608 0.007627
-0.523438 0.007813 0.835938
255 255 255 255
1.065918 0.474121
0.516113 0.494141
2 0 0 0
1 0 0 0
-0.015236 0.000371 0.007627
-0.523438 0.000000 0.835938
255 255 255 255
1.065918 0.527344
0.516113 0.535645
2 0 0 0
1 0 0 0
-0.015684 -0.025255 0.007627
-0.523438 -0.007813 0.835938
255 255 255 255
1.065918 0.554199
0.516113 0.556641
2 0 0 0
1 0 0 0
-0.015823 -0.038070 0.007627
-0.523438 -0.007813 0.835938
255 255 255 255
1.065918 0.567383
0.516113 0.567383
2 0 0 0
1 0 0 0
-0.015907 -0.050885 0.007627
-0.523438 -0.007813 0.835938
255 255 255 255
1.065918 0.581055
0.516113 0.577637
2 0 0 0
1 0 0 0
-0.015935 -0.063700 0.007627
-0.523438 -0.007813 0.835938
255 255 255 255
1.065918 0.594238
0.516113 0.588379
2 0 0 0
1 0 0 0
-0.011907 0.090013 0.007627
-0.523438 0.015625 0.835938
255 255 255 255
1.065918 0.435059
0.516113 0.463379
2 0 0 0
1 0 0 0
-0.011207 0.102809 0.007627
-0.523438 0.015625 0.835938
255 255 255 255
1.065918 0.421875
0.516113 0.453125
2 0 0 0
1 0 0 0
-0.012550 0.077214 0.007627
-0.523438 0.015625 0.835938
255 255 255 255
1.065918 0.447754
0.516113 0.473633
2 0 0 0
1 0 0 0
-0.009641 0.128391 0.007627
-0.523438 0.023438 0.835938
255 255 255 255
1.065918 0.396484
0.516113 0.433106
2 0 0 0
1 0 0 0
-0.008774 0.141177 0.007627
-0.523438 0.023438 0.835938
255 255 255 255
1.065918 0.383789
0.516113 0.422852
2 0 0 0
1 0 0 0
-0.007851 0.153959 0.007627
-0.523438 0.023438 0.835938
255 255 255 255
1.065918 0.371094
0.516113 0.413086
2 0 0 0
1 0 0 0
-0.005823 0.179683 0.007627
-0.523438 0.031250 0.835938
255 255 255 255
1.065918 0.345703
0.516113 0.393066
2 0 0 0
1 0 0 0
-0.004686 0.192971 0.007627
-0.523438 0.031250 0.835938
255 255 255 255
1.065918 0.33252
0.516113 0.382813
2 0 0 0
1 0 0 0
-0.003511 0.063991 0.012336
-0.281250 0.000000 0.945313
255 255 255 255
1.114258 0.460938
0.525391 0.483887
2 0 0 0
1 0 0 0
-0.009064 0.064234 0.010070
-0.453125 0.007813 0.875000
255 255 255 255
1.089844 0.460938
0.520508 0.483887
2 0 0 0
1 0 0 0
0.002782 0.063716 0.013416
-0.007813 -0.007813 0.984375
255 255 255 255
1.138672 0.460938
0.530273 0.483887
2 0 0 0
1 0 0 0
0.023028 0.208946 0.008823
0.398438 0.328125 0.820313
255 255 255 255
1.187012 0.31543
0.539551 0.369629
2 0 0 0
1 0 0 0
0.013631 0.037830 0.010070
0.390625 -0.023438 0.898438
255 255 255 255
1.187012 0.487305
0.539551 0.504395
2 0 0 0
1 0 0 0
0.007659 0.025313 0.011763
0.117188 0.007813 0.968750
255 255 255 255
1.163086 0.500488
0.535156 0.514648
2 0 0 0
1 0 0 0
0.012855 0.012455 0.010070
0.429688 -0.023438 0.875000
255 255 255 255
1.187012 0.51416
0.539551 0.525391
2 0 0 0
1 0 0 0
0.006993 -0.000114 0.012106
0.203125 -0.023438 0.953125
255 255 255 255
1.163086 0.527344
0.535156 0.535645
2 0 0 0
1 0 0 0
0.012300 -0.012927 0.010070
0.414063 -0.023438 0.882813
255 255 255 255
1.187012 0.540527
0.539551 0.546387
2 0 0 0
1 0 0 0
0.006549 -0.025546 0.012336
0.257813 -0.007813 0.945313
255 255 255 255
1.163086 0.554199
0.535156 0.556641
2 0 0 0
1 0 0 0
0.011968 -0.038312 0.010070
0.429688 -0.015625 0.875000
255 255 255 255
1.187012 0.567383
0.539551 0.567383
2 0 0 0
1 0 0 0
0.006327 -0.050981 0.012336
0.257813 -0.015625 0.945313
255 255 255 255
1.163086 0.581055
0.535156 0.577637
2 0 0 0
1 0 0 0
0.006299 -0.063700 0.012336
0.257813 -0.007813 0.945313
255 255 255 255
1.163086 0.594238
0.535156 0.588379
2 0 0 0
1 0 0 0
0.011858 -0.063700 0.010070
0.429688 -0.007813 0.875000
255 255 255 255
1.187012 0.594238
0.539551 0.588379
2 0 0 0
1 0 0 0
0.009658 0.076146 0.012336
0.257813 -0.023438 0.945313
255 255 255 255
1.163086 0.447754
0.535156 0.473633
2 0 0 0
1 0 0 0
0.010991 0.101547 0.012336
0.257813 -0.031250 0.945313
255 255 255 255
1.163086 0.421875
0.535156 0.453125
2 0 0 0
1 0 0 0
0.015848 0.088556 0.010070
0.429688 -0.031250 0.875000
255 255 255 255
1.187012 0.435059
0.539551 0.463379
2 0 0 0
1 0 0 0
0.011741 0.114243 0.012336
0.257813 -0.031250 0.945313
255 255 255 255
1.163086 0.40918
0.535156 0.442871
2 0 0 0
1 0 0 0
0.012546 0.126935 0.012336
0.257813 -0.031250 0.945313
255 255 255 255
1.163086 0.396484
0.535156 0.433106
2 0 0 0
1 0 0 0
0.017289 0.113903 0.010070
0.429688 -0.039063 0.875000
255 255 255 255
1.187012 0.40918
0.539551 0.442871
2 0 0 0
1 0 0 0
0.014322 0.152309 0.012336
0.257813 -0.031250 0.945313
255 255 255 255
1.163086 0.371094
0.535156 0.413086
2 0 0 0
1 0 0 0
0.018951 0.139236 0.010070
0.429688 -0.039063 0.875000
255 255 255 255
1.187012 0.383789
0.539551 0.422852
2 0 0 0
1 0 0 0
0.015294 0.164990 0.012336
0.257813 -0.031250 0.945313
255 255 255 255
1.163086 0.358398
0.535156 0.40332
2 0 0 0
1 0 0 0
0.016335 0.177839 0.012336
0.257813 -0.031250 0.945313
255 255 255 255
1.163086 0.345703
0.535156 0.393066
2 0 0 0
1 0 0 0
0.020835 0.164554 0.010070
0.429688 -0.046875 0.875000
255 255 255 255
1.187012 0.358398
0.539551 0.40332
2 0 0 0
1 0 0 0
0.017463 0.191025 0.012336
0.257813 -0.031250 0.945313
255 255 255 255
1.163086 0.33252
0.535156 0.382813
2 0 0 0
1 0 0 0
0.023000 0.190539 0.010070
0.429688 -0.046875 0.875000
255 255 255 255
1.187012 0.33252
0.539551 0.382813
2 0 0 0
1 0 0 0
0.017290 0.025019 0.007627
0.500000 -0.031250 0.835938
255 255 255 255
1.208984 0.500488
0.543945 0.514648
2 0 0 0
1 0 0 0
0.018176 0.050355 0.007627
0.500000 -0.031250 0.835938
255 255 255 255
1.208984 0.474121
0.543945 0.494141
2 0 0 0
1 0 0 0
0.016626 -0.000324 0.007627
0.500000 -0.023438 0.835938
255 255 255 255
1.208984 0.527344
0.543945 0.535645
2 0 0 0
1 0 0 0
0.016377 -0.012998 0.007627
0.500000 -0.023438 0.835938
255 255 255 255
1.208984 0.540527
0.543945 0.546387
2 0 0 0
1 0 0 0
0.016184 -0.025672 0.007627
0.500000 -0.015625 0.835938
255 255 255 255
1.208984 0.554199
0.543945 0.556641
2 0 0 0
1 0 0 0
0.015962 -0.051023 0.007627
0.500000 -0.015625 0.835938
255 255 255 255
1.208984 0.581055
0.543945 0.577637
2 0 0 0
1 0 0 0
0.015935 -0.063700 0.007627
0.500000 -0.015625 0.835938
255 255 255 255
1.208984 0.594238
0.543945 0.588379
2 0 0 0
1 0 0 0
0.019283 0.075683 0.007627
0.500000 -0.039063 0.835938
255 255 255 255
1.208984 0.447754
0.543945 0.473633
2 0 0 0
1 0 0 0
0.020611 0.101000 0.007627
0.500000 -0.039063 0.835938
255 255 255 255
1.208984 0.421875
0.543945 0.453125
2 0 0 0
1 0 0 0
0.022161 0.126304 0.007627
0.500000 -0.046875 0.835938
255 255 255 255
1.208984 0.396484
0.543945 0.433106
2 0 0 0
1 0 0 0
0.023018 0.138951 0.007627
0.500000 -0.046875 0.835938
255 255 255 255
1.208984 0.383789
0.543945 0.422852
2 0 0 0
1 0 0 0
0.023931 0.151594 0.007627
0.500000 -0.046875 0.835938
255 255 255 255
1.208984 0.371094
0.543945 0.413086
2 0 0 0
1 0 0 0
0.025937 0.177039 0.007627
0.500000 -0.054688 0.835938
255 255 255 255
1.208984 0.345703
0.543945 0.393066
2 0 0 0
1 0 0 0
0.027062 0.190182 0.007627
0.500000 -0.054688 0.835938
255 255 255 255
1.208984 0.33252
0.543945 0.382813
2 0 0 0
1 0 0 0
0.009075 0.063441 0.012336
0.257813 -0.023438 0.945313
255 255 255 255
1.163086 0.460938
0.535156 0.483887
2 0 0 0
1 0 0 0
0.014628 0.063198 0.010070
0.429688 -0.031250 0.875000
255 255 255 255
1.187012 0.460938
0.539551 0.483887
2 0 0 0
1 0 0 0
0.018702 0.063020 0.007627
0.500000 -0.031250 0.835938
255 255 255 255
1.208984 0.460938
0.543945 0.483887
2 0 0 0
1 0 0 0
0.002683 0.210862 -0.008823
-0.351563 0.398438 -0.843750
255 255 255 255
0.089844 0.31543
0.571289 0.371094
2 0 0 0
1 0 0 0
-0.004933 0.025698 -0.012019
-0.203125 0.007813 -0.984375
255 255 255 255
0.114258 0.500488
0.576172 0.516113
2 0 0 0
1 0 0 0
0.001780 0.038245 -0.012360
-0.015625 -0.054688 -1.000000
255 255 255 255
0.138672 0.487305
0.581055 0.505859
2 0 0 0
1 0 0 0
-0.010070 0.038659 -0.010071
-0.429688 0.000000 -0.906250
255 255 255 255
0.089844 0.487305
0.571289 0.505859
2 0 0 0
1 0 0 0
-0.005603 0.000161 -0.011935
-0.179688 -0.023438 -0.992188
255 255 255 255
0.114258 0.527344
0.576172 0.537109
2 0 0 0
1 0 0 0
-0.010852 0.013076 -0.010071
-0.453125 0.000000 -0.898438
255 255 255 255
0.089844 0.51416
0.571289 0.526367
2 0 0 0
1 0 0 0
0.000445 -0.012720 -0.012063
-0.007813 0.039063 -1.000000
255 255 255 255
0.138672 0.540527
0.581055 0.547363
2 0 0 0
1 0 0 0
-0.011411 -0.012513 -0.010071
-0.429688 -0.007813 -0.914063
255 255 255 255
0.089844 0.540527
0.571289 0.547363
2 0 0 0
1 0 0 0
-0.006188 -0.038154 -0.012336
-0.281250 -0.007813 -0.968750
255 255 255 255
0.114258 0.567383
0.576172 0.568359
2 0 0 0
1 0 0 0
-0.006271 -0.050927 -0.012336
-0.281250 -0.007813 -0.968750
255 255 255 255
0.114258 0.581055
0.576172 0.579102
2 0 0 0
1 0 0 0
0.000028 -0.050954 -0.013416
-0.007813 -0.007813 -1.000000
255 255 255 255
0.138672 0.581055
0.581055 0.579102
2 0 0 0
1 0 0 0
0.000111 -0.038209 -0.013416
-0.007813 -0.007813 -1.000000
255 255 255 255
0.138672 0.567383
0.581055 0.568359
2 0 0 0
1 0 0 0
-0.011746 -0.038105 -0.010071
-0.453125 -0.007813 -0.898438
255 255 255 255
0.089844 0.567383
0.571289 0.568359
2 0 0 0
1 0 0 0
-0.006299 -0.063700 -0.012336
-0.281250 -0.007813 -0.968750
255 255 255 255
0.114258 0.594238
0.576172 0.589844
2 0 0 0
1 0 0 0
0.000000 -0.063700 -0.013416
-0.007813 -0.007813 -1.000000
255 255 255 255
0.138672 0.594238
0.581055 0.589844
2 0 0 0
1 0 0 0
-0.011858 -0.063700 -0.010071
-0.453125 -0.007813 -0.898438
255 255 255 255
0.089844 0.594238
0.571289 0.589844
2 0 0 0
1 0 0 0
-0.002284 0.089508 -0.012336
-0.281250 0.000000 -0.968750
255 255 255 255
0.114258 0.435059
0.576172 0.464356
2 0 0 0
1 0 0 0
-0.001587 0.102262 -0.012336
-0.281250 0.007813 -0.968750
255 255 255 255
0.114258 0.421875
0.576172 0.454102
2 0 0 0
1 0 0 0
-0.007835 0.089799 -0.010071
-0.453125 0.007813 -0.898438
255 255 255 255
0.089844 0.435059
0.571289 0.464356
2 0 0 0
1 0 0 0
0.004006 0.089178 -0.013416
-0.007813 -0.007813 -1.000000
255 255 255 255
0.138672 0.435059
0.581055 0.464356
2 0 0 0
1 0 0 0
-0.002925 0.076751 -0.012336
-0.281250 0.000000 -0.968750
255 255 255 255
0.114258 0.447754
0.576172 0.474609
2 0 0 0
1 0 0 0
0.003366 0.076448 -0.013416
-0.007813 -0.007813 -1.000000
255 255 255 255
0.138672 0.447754
0.581055 0.474609
2 0 0 0
1 0 0 0
-0.000026 0.127760 -0.012336
-0.281250 0.007813 -0.968750
255 255 255 255
0.114258 0.396484
0.576172 0.434082
2 0 0 0
1 0 0 0
-0.006382 0.115353 -0.010071
-0.453125 0.015625 -0.898438
255 255 255 255
0.089844 0.40918
0.571289 0.444336
2 0 0 0
1 0 0 0
0.005453 0.114628 -0.013416
-0.007813 -0.007813 -1.000000
255 255 255 255
0.138672 0.40918
0.581055 0.444336
2 0 0 0
1 0 0 0
0.006260 0.127348 -0.013416
-0.007813 -0.007813 -1.000000
255 255 255 255
0.138672 0.396484
0.581055 0.434082
2 0 0 0
1 0 0 0
0.000839 0.140504 -0.012336
-0.281250 0.007813 -0.968750
255 255 255 255
0.114258 0.383789
0.576172 0.424316
2 0 0 0
1 0 0 0
0.001759 0.153244 -0.012336
-0.281250 0.007813 -0.968750
255 255 255 255
0.114258 0.371094
0.576172 0.414063
2 0 0 0
1 0 0 0
-0.003785 0.153657 -0.010071
-0.453125 0.023438 -0.898438
255 255 255 255
0.089844 0.371094
0.571289 0.414063
2 0 0 0
1 0 0 0
-0.004706 0.140892 -0.010071
-0.453125 0.015625 -0.898438
255 255 255 255
0.089844 0.383789
0.571289 0.424316
2 0 0 0
1 0 0 0
0.007122 0.140064 -0.013416
-0.007813 -0.007813 -1.000000
255 255 255 255
0.138672 0.383789
0.581055 0.424316
2 0 0 0
1 0 0 0
0.003780 0.178884 -0.012336
-0.281250 0.007813 -0.968750
255 255 255 255
0.114258 0.345703
0.576172 0.394531
2 0 0 0
1 0 0 0
-0.002807 0.166417 -0.010071
-0.453125 0.023438 -0.898438
255 255 255 255
0.089844 0.358398
0.571289 0.404297
2 0 0 0
1 0 0 0
0.009014 0.165485 -0.013416
-0.007813 -0.007813 -1.000000
255 255 255 255
0.138672 0.358398
0.581055 0.404297
2 0 0 0
1 0 0 0
0.010057 0.178361 -0.013416
-0.007813 -0.007813 -1.000000
255 255 255 255
0.138672 0.345703
0.581055 0.394531
2 0 0 0
1 0 0 0
-0.000624 0.192614 -0.010071
-0.453125 0.031250 -0.898438
255 255 255 255
0.089844 0.33252
0.571289 0.383789
2 0 0 0
1 0 0 0
0.004913 0.192128 -0.012336
-0.281250 0.015625 -0.968750
255 255 255 255
0.114258 0.33252
0.576172 0.383789
2 0 0 0
1 0 0 0
0.011188 0.191577 -0.013416
-0.007813 -0.007813 -1.000000
255 255 255 255
0.138672 0.33252
0.581055 0.383789
2 0 0 0
1 0 0 0
-0.014565 0.025993 -0.007628
-0.523438 0.007813 -0.859375
255 255 255 255
0.065918 0.500488
0.566895 0.516113
2 0 0 0
1 0 0 0
-0.013669 0.051608 -0.007628
-0.523438 0.007813 -0.859375
255 255 255 255
0.065918 0.474121
0.566895 0.495117
2 0 0 0
1 0 0 0
-0.015236 0.000371 -0.007628
-0.523438 0.000000 -0.859375
255 255 255 255
0.065918 0.527344
0.566895 0.537109
2 0 0 0
1 0 0 0
-0.015684 -0.025255 -0.007628
-0.523438 -0.007813 -0.859375
255 255 255 255
0.065918 0.554199
0.566895 0.558106
2 0 0 0
1 0 0 0
-0.015823 -0.038070 -0.007628
-0.523438 -0.007813 -0.859375
255 255 255 255
0.065918 0.567383
0.566895 0.568359
2 0 0 0
1 0 0 0
-0.015907 -0.050885 -0.007628
-0.523438 -0.007813 -0.859375
255 255 255 255
0.065918 0.581055
0.566895 0.579102
2 0 0 0
1 0 0 0
-0.015935 -0.063700 -0.007628
-0.523438 -0.007813 -0.859375
255 255 255 255
0.065918 0.594238
0.566895 0.589844
2 0 0 0
1 0 0 0
-0.011207 0.102809 -0.007628
-0.523438 0.015625 -0.859375
255 255 255 255
0.065918 0.421875
0.566895 0.454102
2 0 0 0
1 0 0 0
-0.012550 0.077214 -0.007628
-0.523438 0.015625 -0.859375
255 255 255 255
0.065918 0.447754
0.566895 0.474609
2 0 0 0
1 0 0 0
-0.009641 0.128391 -0.007628
-0.523438 0.023438 -0.859375
255 255 255 255
0.065918 0.396484
0.566895 0.434082
2 0 0 0
1 0 0 0
-0.008774 0.141177 -0.007628
-0.523438 0.023438 -0.859375
255 255 255 255
0.065918 0.383789
0.566895 0.424316
2 0 0 0
1 0 0 0
-0.007851 0.153959 -0.007628
-0.523438 0.023438 -0.859375
255 255 255 255
0.065918 0.371094
0.566895 0.414063
2 0 0 0
1 0 0 0
-0.005823 0.179683 -0.007628
-0.523438 0.031250 -0.859375
255 255 255 255
0.065918 0.345703
0.566895 0.394531
2 0 0 0
1 0 0 0
-0.004686 0.192971 -0.007628
-0.523438 0.031250 -0.859375
255 255 255 255
0.065918 0.33252
0.566895 0.383789
2 0 0 0
1 0 0 0
-0.003511 0.063991 -0.012336
-0.281250 0.000000 -0.968750
255 255 255 255
0.114258 0.460938
0.576172 0.484863
2 0 0 0
1 0 0 0
-0.009064 0.064234 -0.010071
-0.453125 0.007813 -0.898438
255 255 255 255
0.089844 0.460938
0.571289 0.484863
2 0 0 0
1 0 0 0
0.002782 0.063716 -0.013416
-0.007813 -0.007813 -1.000000
255 255 255 255
0.138672 0.460938
0.581055 0.484863
2 0 0 0
1 0 0 0
-0.013138 0.064412 -0.007628
-0.523438 0.007813 -0.859375
255 255 255 255
0.065918 0.460938
0.566895 0.484863
2 0 0 0
1 0 0 0
0.023028 0.208946 -0.008823
0.398438 0.328125 -0.843750
255 255 255 255
0.187012 0.31543
0.59082 0.371094
2 0 0 0
1 0 0 0
0.013631 0.037830 -0.010071
0.406250 -0.023438 -0.906250
255 255 255 255
0.187012 0.487305
0.59082 0.505859
2 0 0 0
1 0 0 0
0.008548 0.050734 -0.012336
0.257813 -0.031250 -0.968750
255 255 255 255
0.163086 0.474121
0.585938 0.495117
2 0 0 0
1 0 0 0
0.007659 0.025313 -0.012019
0.179688 -0.007813 -0.984375
255 255 255 255
0.163086 0.500488
0.585938 0.516113
2 0 0 0
1 0 0 0
0.012855 0.012455 -0.010071
0.429688 -0.023438 -0.898438
255 255 255 255
0.187012 0.51416
0.59082 0.526367
2 0 0 0
1 0 0 0
0.006993 -0.000114 -0.011935
0.156250 -0.031250 -0.992188
255 255 255 255
0.163086 0.527344
0.585938 0.537109
2 0 0 0
1 0 0 0
0.012300 -0.012927 -0.010071
0.406250 -0.015625 -0.914063
255 255 255 255
0.187012 0.540527
0.59082 0.547363
2 0 0 0
1 0 0 0
0.006410 -0.038264 -0.012336
0.257813 -0.015625 -0.968750
255 255 255 255
0.163086 0.567383
0.585938 0.568359
2 0 0 0
1 0 0 0
0.011968 -0.038312 -0.010071
0.429688 -0.015625 -0.898438
255 255 255 255
0.187012 0.567383
0.59082 0.568359
2 0 0 0
1 0 0 0
0.006327 -0.050981 -0.012336
0.257813 -0.015625 -0.968750
255 255 255 255
0.163086 0.581055
0.585938 0.579102
2 0 0 0
1 0 0 0
0.006299 -0.063700 -0.012336
0.257813 -0.007813 -0.968750
255 255 255 255
0.163086 0.594238
0.585938 0.589844
2 0 0 0
1 0 0 0
0.011858 -0.063700 -0.010071
0.429688 -0.007813 -0.898438
255 255 255 255
0.187012 0.594238
0.59082 0.589844
2 0 0 0
1 0 0 0
0.009658 0.076146 -0.012336
0.257813 -0.023438 -0.968750
255 255 255 255
0.163086 0.447754
0.585938 0.474609
2 0 0 0
1 0 0 0
0.010991 0.101547 -0.012336
0.257813 -0.031250 -0.968750
255 255 255 255
0.163086 0.421875
0.585938 0.454102
2 0 0 0
1 0 0 0
0.015848 0.088557 -0.010071
0.429688 -0.031250 -0.898438
255 255 255 255
0.187012 0.435059
0.59082 0.464356
2 0 0 0
1 0 0 0
0.016541 0.101231 -0.010071
0.429688 -0.039063 -0.898438
255 255 255 255
0.187012 0.421875
0.59082 0.454102
2 0 0 0
1 0 0 0
0.011741 0.114243 -0.012336
0.257813 -0.031250 -0.968750
255 255 255 255
0.163086 0.40918
0.585938 0.444336
2 0 0 0
1 0 0 0
0.012546 0.126935 -0.012336
0.257813 -0.031250 -0.968750
255 255 255 255
0.163086 0.396484
0.585938 0.434082
2 0 0 0
1 0 0 0
0.017289 0.113903 -0.010071
0.429688 -0.039063 -0.898438
255 255 255 255
0.187012 0.40918
0.59082 0.444336
2 0 0 0
1 0 0 0
0.014322 0.152309 -0.012336
0.257813 -0.031250 -0.968750
255 255 255 255
0.163086 0.371094
0.585938 0.414063
2 0 0 0
1 0 0 0
0.018951 0.139236 -0.010071
0.429688 -0.039063 -0.898438
255 255 255 255
0.187012 0.383789
0.59082 0.424316
2 0 0 0
1 0 0 0
0.019865 0.151897 -0.010071
0.429688 -0.046875 -0.898438
255 255 255 255
0.187012 0.371094
0.59082 0.414063
2 0 0 0
1 0 0 0
0.015294 0.164990 -0.012336
0.257813 -0.031250 -0.968750
255 255 255 255
0.163086 0.358398
0.585938 0.404297
2 0 0 0
1 0 0 0
0.016335 0.177839 -0.012336
0.257813 -0.031250 -0.968750
255 255 255 255
0.163086 0.345703
0.585938 0.394531
2 0 0 0
1 0 0 0
0.020835 0.164554 -0.010071
0.429688 -0.046875 -0.898438
255 255 255 255
0.187012 0.358398
0.59082 0.404297
2 0 0 0
1 0 0 0
0.017463 0.191025 -0.012336
0.257813 -0.031250 -0.968750
255 255 255 255
0.163086 0.33252
0.585938 0.383789
2 0 0 0
1 0 0 0
0.023000 0.190539 -0.010071
0.429688 -0.046875 -0.898438
255 255 255 255
0.187012 0.33252
0.59082 0.383789
2 0 0 0
1 0 0 0
0.017705 0.037688 -0.007628
0.500000 -0.031250 -0.859375
255 255 255 255
0.208984 0.487305
0.594727 0.505859
2 0 0 0
1 0 0 0
0.017290 0.025019 -0.007628
0.500000 -0.031250 -0.859375
255 255 255 255
0.208984 0.500488
0.594727 0.516113
2 0 0 0
1 0 0 0
0.018176 0.050355 -0.007628
0.500000 -0.031250 -0.859375
255 255 255 255
0.208984 0.474121
0.594727 0.495117
2 0 0 0
1 0 0 0
0.016626 -0.000324 -0.007628
0.500000 -0.023438 -0.859375
255 255 255 255
0.208984 0.527344
0.594727 0.537109
2 0 0 0
1 0 0 0
0.016377 -0.012998 -0.007628
0.500000 -0.023438 -0.859375
255 255 255 255
0.208984 0.540527
0.594727 0.547363
2 0 0 0
1 0 0 0
0.016184 -0.025672 -0.007628
0.500000 -0.015625 -0.859375
255 255 255 255
0.208984 0.554199
0.594727 0.558106
2 0 0 0
1 0 0 0
0.015962 -0.051023 -0.007628
0.500000 -0.015625 -0.859375
255 255 255 255
0.208984 0.581055
0.594727 0.579102
2 0 0 0
1 0 0 0
0.015935 -0.063700 -0.007628
0.500000 -0.015625 -0.859375
255 255 255 255
0.208984 0.594238
0.594727 0.589844
2 0 0 0
1 0 0 0
0.019283 0.075683 -0.007628
0.500000 -0.039063 -0.859375
255 255 255 255
0.208984 0.447754
0.594727 0.474609
2 0 0 0
1 0 0 0
0.020611 0.101000 -0.007628
0.500000 -0.039063 -0.859375
255 255 255 255
0.208984 0.421875
0.594727 0.454102
2 0 0 0
1 0 0 0
0.022161 0.126304 -0.007628
0.500000 -0.046875 -0.859375
255 255 255 255
0.208984 0.396484
0.594727 0.434082
2 0 0 0
1 0 0 0
0.023018 0.138951 -0.007628
0.500000 -0.046875 -0.859375
255 255 255 255
0.208984 0.383789
0.594727 0.424316
2 0 0 0
1 0 0 0
0.023931 0.151594 -0.007628
0.500000 -0.046875 -0.859375
255 255 255 255
0.208984 0.371094
0.594727 0.414063
2 0 0 0
1 0 0 0
0.025937 0.177039 -0.007628
0.500000 -0.054688 -0.859375
255 255 255 255
0.208984 0.345703
0.594727 0.394531
2 0 0 0
1 0 0 0
0.027062 0.190182 -0.007628
0.500000 -0.054688 -0.859375
255 255 255 255
0.208984 0.33252
0.594727 0.383789
2 0 0 0
1 0 0 0
0.009075 0.063441 -0.012336
0.257813 -0.023438 -0.968750
255 255 255 255
0.163086 0.460938
0.585938 0.484863
2 0 0 0
1 0 0 0
0.014628 0.063198 -0.010071
0.429688 -0.031250 -0.898438
255 255 255 255
0.187012 0.460938
0.59082 0.484863
2 0 0 0
1 0 0 0
0.002899 0.038531 0.015034
-0.054688 -0.296875 0.937500
255 255 255 255
0.17041 0.120606
0.486816 0.414551
2 0 0 0
1 0 0 0
-0.013670 -0.010052 0.009918
-0.734375 -0.125000 0.656250
255 255 255 255
0.03418 0.238281
0.472656 0.462891
2 0 0 0
1 0 0 0
-0.014154 -0.007682 0.010145
-0.632813 -0.109375 0.750000
255 255 255 255
0.033203 0.23291
0.472656 0.460449
2 0 0 0
1 0 0 0
-0.013312 -0.013401 0.010579
-0.796875 -0.125000 0.585938
255 255 255 255
0.040527 0.246094
0.473633 0.46582
2 0 0 0
1 0 0 0
-0.014239 -0.013003 0.008516
-0.914063 -0.304688 0.281250
255 255 255 255
0.026367 0.246094
0.472168 0.46582
2 0 0 0
1 0 0 0
-0.011497 -0.017405 0.009279
-0.781250 -0.585938 0.234375
255 255 255 255
0.041016 0.258301
0.473633 0.471191
2 0 0 0
1 0 0 0
-0.007277 0.008714 0.013199
-0.304688 -0.085938 0.929688
255 255 255 255
0.081055 0.193359
0.477539 0.444336
2 0 0 0
1 0 0 0
-0.009303 0.008259 0.012373
-0.414063 -0.039063 0.898438
255 255 255 255
0.067383 0.193359
0.476074 0.444336
2 0 0 0
1 0 0 0
-0.008132 0.009329 0.012778
-0.453125 0.062500 0.875000
255 255 255 255
0.075684 0.191895
0.477051 0.443848
2 0 0 0
1 0 0 0
-0.005468 0.010037 0.013548
0.328125 -0.070313 0.921875
255 255 255 255
0.094238 0.189453
0.479004 0.442871
2 0 0 0
1 0 0 0
-0.003926 0.007087 0.013770
-0.359375 0.039063 0.914063
255 255 255 255
0.108887 0.196289
0.480469 0.445801
2 0 0 0
1 0 0 0
-0.006539 0.007214 0.013322
-0.007813 -0.078125 0.976563
255 255 255 255
0.087402 0.196289
0.478516 0.445801
2 0 0 0
1 0 0 0
-0.009660 0.027631 0.011273
-0.843750 0.335938 0.406250
255 255 255 255
0.072754 0.145508
0.477051 0.424805
2 0 0 0
1 0 0 0
-0.008040 0.028866 0.011649
-0.640625 0.515625 0.546875
255 255 255 255
0.081543 0.14209
0.477539 0.42334
2 0 0 0
1 0 0 0
-0.006922 0.028406 0.013142
-0.500000 0.343750 0.781250
255 255 255 255
0.091309 0.144043
0.478516 0.424316
2 0 0 0
1 0 0 0
-0.006132 -0.016701 0.013952
-0.125000 -0.093750 0.968750
255 255 255 255
0.091797 0.254395
0.479004 0.469238
2 0 0 0
1 0 0 0
-0.008036 -0.015056 0.012779
-0.429688 0.351563 0.812500
255 255 255 255
0.079102 0.25
0.477539 0.467773
2 0 0 0
1 0 0 0
-0.005532 -0.018574 0.012200
-0.187500 -0.460938 0.851563
255 255 255 255
0.095703 0.259766
0.479004 0.47168
2 0 0 0
1 0 0 0
-0.008403 -0.009173 0.011846
-0.054688 -0.226563 0.953125
255 255 255 255
0.074707 0.235352
0.477051 0.461426
2 0 0 0
1 0 0 0
-0.008195 -0.007786 0.012058
-0.093750 0.085938 0.968750
255 255 255 255
0.075684 0.232422
0.477051 0.460449
2 0 0 0
1 0 0 0
-0.008866 -0.005938 0.011470
-0.203125 0.109375 0.953125
255 255 255 255
0.069336 0.228027
0.476563 0.458496
2 0 0 0
1 0 0 0
-0.006608 -0.004852 0.012576
-0.421875 -0.109375 0.890625
255 255 255 255
0.087402 0.225098
0.478516 0.45752
2 0 0 0
1 0 0 0
-0.005085 -0.013085 0.013784
-0.343750 0.257813 0.882813
255 255 255 255
0.100098 0.246094
0.479492 0.46582
2 0 0 0
1 0 0 0
-0.007845 -0.011490 0.011426
-0.195313 0.093750 0.953125
255 255 255 255
0.07959 0.241211
0.477539 0.463867
2 0 0 0
1 0 0 0
-0.002493 0.027816 0.013357
-0.062500 -0.062500 0.976563
255 255 255 255
0.121094 0.145996
0.481934 0.424805
2 0 0 0
1 0 0 0
-0.004720 0.029141 0.013577
-0.218750 0.210938 0.929688
255 255 255 255
0.105957 0.142578
0.479981 0.423828
2 0 0 0
1 0 0 0
-0.005222 0.032460 0.012991
-0.187500 -0.054688 0.960938
255 255 255 255
0.105469 0.133301
0.479981 0.419922
2 0 0 0
1 0 0 0
-0.002784 -0.021435 0.014032
-0.429688 0.375000 0.804688
255 255 255 255
0.119141 0.264648
0.481445 0.473633
2 0 0 0
1 0 0 0
-0.008676 0.022434 0.009899
-0.656250 -0.765625 -0.046875
255 255 255 255
0.066406 0.159668
0.476074 0.430664
2 0 0 0
1 0 0 0
-0.006798 0.021497 0.010040
-0.367188 -0.937500 -0.078125
255 255 255 255
0.07373 0.164063
0.477051 0.432617
2 0 0 0
1 0 0 0
-0.006633 0.021664 0.008534
-0.421875 -0.914063 -0.078125
255 255 255 255
0.064941 0.166016
0.476074 0.433106
2 0 0 0
1 0 0 0
-0.008251 0.024677 0.012938
-0.320313 -0.101563 0.929688
255 255 255 255
0.082031 0.152832
0.477539 0.427734
2 0 0 0
1 0 0 0
-0.006995 0.026109 0.013192
0.210938 -0.296875 0.914063
255 255 255 255
0.090332 0.149414
0.478516 0.42627
2 0 0 0
1 0 0 0
-0.009852 0.024782 0.009741
-0.968750 -0.265625 0.078125
255 255 255 255
0.0625 0.152344
0.475586 0.427734
2 0 0 0
1 0 0 0
-0.005346 0.022189 0.013331
-0.062500 -0.312500 0.929688
255 255 255 255
0.095703 0.158691
0.479004 0.430176
2 0 0 0
1 0 0 0
-0.004040 0.024162 0.013379
-0.296875 -0.093750 0.937500
255 255 255 255
0.108887 0.154785
0.480469 0.428711
2 0 0 0
1 0 0 0
-0.001285 -0.030514 0.014755
-0.156250 0.515625 0.820313
255 255 255 255
0.133301 0.286133
0.48291 0.482422
2 0 0 0
1 0 0 0
-0.002649 -0.028574 0.013565
-0.625000 0.070313 0.765625
255 255 255 255
0.119629 0.282715
0.481445 0.480957
2 0 0 0
1 0 0 0
-0.001159 -0.012984 0.015004
-0.140625 0.320313 0.914063
255 255 255 255
0.129883 0.246094
0.48291 0.46582
2 0 0 0
1 0 0 0
-0.000169 -0.014325 0.015190
-0.046875 0.007813 0.976563
255 255 255 255
0.137695 0.249023
0.483398 0.467285
2 0 0 0
1 0 0 0
-0.000798 -0.015164 0.014788
-0.140625 -0.078125 0.968750
255 255 255 255
0.133789 0.250977
0.48291 0.468262
2 0 0 0
1 0 0 0
-0.000003 -0.016519 0.014887
0.117188 0.304688 0.921875
255 255 255 255
0.14209 0.254395
0.483887 0.469238
2 0 0 0
1 0 0 0
0.001792 -0.015297 0.014474
0.507813 -0.132813 0.828125
255 255 255 255
0.151856 0.250977
0.484863 0.467773
2 0 0 0
1 0 0 0
-0.000160 0.032610 0.013521
0.515625 0.390625 0.726563
255 255 255 255
0.13916 0.134277
0.483398 0.42041
2 0 0 0
1 0 0 0
0.001786 -0.032462 0.016287
-0.171875 0.031250 0.968750
255 255 255 255
0.154785 0.291016
0.485352 0.484375
2 0 0 0
1 0 0 0
-0.001905 -0.033387 0.015710
-0.351563 -0.257813 0.890625
255 255 255 255
0.136231 0.293457
0.483398 0.485352
2 0 0 0
1 0 0 0
-0.001788 -0.032590 0.015560
-0.210938 0.312500 0.906250
255 255 255 255
0.135742 0.291504
0.483398 0.484375
2 0 0 0
1 0 0 0
0.003260 -0.029802 0.016020
-0.257813 0.085938 0.945313
255 255 255 255
0.160645 0.285645
0.48584 0.481934
2 0 0 0
1 0 0 0
0.003133 -0.009842 0.013783
0.046875 -0.421875 0.890625
255 255 255 255
0.15918 0.236816
0.48584 0.462402
2 0 0 0
1 0 0 0
0.003133 -0.008043 0.014341
-0.015625 -0.148438 0.968750
255 255 255 255
0.15918 0.23291
0.48584 0.460449
2 0 0 0
1 0 0 0
0.002843 0.040820 0.015177
0.375000 -0.070313 0.898438
255 255 255 255
0.168945 0.115723
0.486816 0.412598
2 0 0 0
1 0 0 0
0.001591 0.041407 0.015188
-0.390625 -0.031250 0.906250
255 255 255 255
0.162598 0.11377
0.48584 0.412109
2 0 0 0
1 0 0 0
0.001535 -0.010073 0.013868
0.039063 -0.382813 0.906250
255 255 255 255
0.147949 0.237305
0.484375 0.462402
2 0 0 0
1 0 0 0
0.001167 -0.008450 0.014257
-0.046875 -0.109375 0.976563
255 255 255 255
0.144531 0.233887
0.484375 0.460938
2 0 0 0
1 0 0 0
0.003587 -0.033178 0.016076
0.390625 -0.242188 0.867188
255 255 255 255
0.166504 0.292969
0.486328 0.484863
2 0 0 0
1 0 0 0
0.006170 0.025422 0.014544
0.023438 -0.054688 0.976563
255 255 255 255
0.18457 0.151367
0.488281 0.427246
2 0 0 0
1 0 0 0
0.008605 0.025174 0.013852
0.210938 -0.015625 0.953125
255 255 255 255
0.202148 0.151856
0.490234 0.427246
2 0 0 0
1 0 0 0
0.007758 0.020296 0.014693
0.109375 0.085938 0.968750
255 255 255 255
0.195801 0.164063
0.489258 0.432617
2 0 0 0
1 0 0 0
0.007969 0.029524 0.014464
0.460938 0.125000 0.851563
255 255 255 255
0.199707 0.141602
0.489746 0.42334
2 0 0 0
1 0 0 0
0.002248 0.033835 0.014771
-0.328125 -0.273438 0.890625
255 255 255 255
0.165527 0.130371
0.486328 0.418457
2 0 0 0
1 0 0 0
0.002839 0.028585 0.013401
-0.140625 0.210938 0.945313
255 255 255 255
0.161133 0.143555
0.48584 0.423828
2 0 0 0
1 0 0 0
0.000761 0.025840 0.013688
-0.054688 0.039063 0.976563
255 255 255 255
0.14502 0.150391
0.484375 0.426758
2 0 0 0
1 0 0 0
-0.003202 0.019067 0.012664
-0.507813 -0.070313 0.843750
255 255 255 255
0.111328 0.166504
0.480957 0.433594
2 0 0 0
1 0 0 0
-0.001102 0.018524 0.013366
-0.273438 -0.046875 0.945313
255 255 255 255
0.130371 0.167969
0.48291 0.434082
2 0 0 0
1 0 0 0
-0.010784 0.002977 0.007806
-0.976563 0.015625 0.218750
255 255 255 255
0.030762 0.201172
0.472656 0.447754
2 0 0 0
1 0 0 0
0.007024 -0.027615 0.013732
0.953125 -0.101563 0.203125
255 255 255 255
0.193848 0.282715
0.489258 0.480957
2 0 0 0
1 0 0 0
0.004151 -0.034881 0.009570
0.945313 -0.179688 -0.203125
255 255 255 255
0.18457 0.306641
0.488281 0.490723
2 0 0 0
1 0 0 0
0.004612 -0.034134 0.011238
0.960938 -0.187500 -0.109375
255 255 255 255
0.18457 0.301758
0.488281 0.48877
2 0 0 0
1 0 0 0
-0.003449 -0.029381 0.011209
-0.984375 -0.140625 0.132813
255 255 255 255
0.104004 0.288086
0.479981 0.483398
2 0 0 0
1 0 0 0
-0.003872 -0.032359 0.009081
-0.984375 -0.125000 -0.187500
255 255 255 255
0.105469 0.298828
0.479981 0.487793
2 0 0 0
1 0 0 0
-0.004723 -0.027316 0.011464
-0.765625 -0.554688 0.328125
255 255 255 255
0.096191 0.282715
0.479004 0.480957
2 0 0 0
1 0 0 0
-0.004409 -0.026750 0.012565
-0.656250 -0.601563 0.460938
255 255 255 255
0.103516 0.279785
0.479981 0.479981
2 0 0 0
1 0 0 0
-0.006527 -0.025397 0.011572
-0.695313 -0.710938 0.156250
255 255 255 255
0.085938 0.277344
0.478027 0.479004
2 0 0 0
1 0 0 0
-0.008278 -0.023811 0.011506
-0.937500 -0.320313 0.148438
255 255 255 255
0.078125 0.272461
0.477539 0.476563
2 0 0 0
1 0 0 0
-0.008144 -0.021166 0.010625
-0.945313 -0.179688 0.281250
255 255 255 255
0.066895 0.267578
0.476074 0.474609
2 0 0 0
1 0 0 0
-0.006477 -0.025515 0.010110
-0.718750 -0.703125 0.023438
255 255 255 255
0.078125 0.280273
0.477539 0.479981
2 0 0 0
1 0 0 0
-0.004543 -0.028389 0.008982
-0.890625 -0.468750 0.000000
255 255 255 255
0.087402 0.289551
0.478516 0.483887
2 0 0 0
1 0 0 0
0.001295 -0.035212 0.011524
-0.390625 -0.929688 -0.007813
255 255 255 255
0.150879 0.306152
0.484863 0.490723
2 0 0 0
1 0 0 0
-0.003760 -0.032933 0.013995
-0.835938 -0.460938 0.304688
255 255 255 255
0.125488 0.293457
0.482422 0.485352
2 0 0 0
1 0 0 0
0.000282 -0.034583 0.015087
-0.250000 -0.812500 0.523438
255 255 255 255
0.147949 0.296875
0.484375 0.486816
2 0 0 0
1 0 0 0
0.000106 -0.035147 0.013293
-0.179688 -0.960938 0.226563
255 255 255 255
0.145508 0.30127
0.484375 0.488281
2 0 0 0
1 0 0 0
-0.002168 -0.034868 0.012790
-0.445313 -0.890625 0.156250
255 255 255 255
0.132324 0.299805
0.48291 0.487793
2 0 0 0
1 0 0 0
-0.003905 -0.033240 0.012505
-0.921875 -0.398438 0.054688
255 255 255 255
0.121582 0.295898
0.481934 0.486328
2 0 0 0
1 0 0 0
-0.002206 -0.035087 0.010791
-0.523438 -0.859375 -0.007813
255 255 255 255
0.128418 0.303711
0.482422 0.489746
2 0 0 0
1 0 0 0
-0.000119 -0.035308 0.011203
-0.070313 -1.000000 -0.015625
255 255 255 255
0.141113 0.305664
0.483887 0.490234
2 0 0 0
1 0 0 0
-0.000421 -0.035239 0.009423
-0.070313 -1.000000 -0.039063
255 255 255 255
0.136231 0.30957
0.483398 0.491699
2 0 0 0
1 0 0 0
0.002060 -0.036036 0.009578
-0.414063 -0.914063 0.031250
255 255 255 255
0.159668 0.311035
0.48584 0.492676
2 0 0 0
1 0 0 0
-0.012127 -0.016483 0.007486
-0.562500 -0.453125 -0.710938
255 255 255 255
0.023438 0.257813
0.47168 0.470703
2 0 0 0
1 0 0 0
-0.013280 -0.003379 0.007222
-0.632813 0.710938 0.265625
255 255 255 255
0.023926 0.219238
0.47168 0.455078
2 0 0 0
1 0 0 0
-0.012999 -0.004324 0.009522
-0.562500 0.531250 0.609375
255 255 255 255
0.036133 0.224121
0.473145 0.457031
2 0 0 0
1 0 0 0
0.006212 -0.023628 0.009507
0.953125 0.093750 -0.218750
255 255 255 255
0.223633 0.277344
0.492188 0.478516
2 0 0 0
1 0 0 0
0.001329 -0.025114 0.015353
-0.140625 0.007813 0.968750
255 255 255 255
0.148926 0.274414
0.484375 0.477539
2 0 0 0
1 0 0 0
0.005827 -0.022775 0.014118
0.875000 0.296875 0.304688
255 255 255 255
0.193359 0.270508
0.489258 0.476074
2 0 0 0
1 0 0 0
0.006249 -0.022981 0.012053
0.953125 0.210938 0.093750
255 255 255 255
0.208008 0.272461
0.490723 0.476563
2 0 0 0
1 0 0 0
0.005805 -0.020976 0.011073
0.937500 -0.218750 0.203125
255 255 255 255
0.214844 0.268555
0.491211 0.475098
2 0 0 0
1 0 0 0
0.007151 -0.019234 0.012795
0.796875 -0.554688 0.164063
255 255 255 255
0.208008 0.262207
0.490723 0.472656
2 0 0 0
1 0 0 0
0.007371 -0.019336 0.010706
0.835938 -0.523438 0.093750
255 255 255 255
0.220215 0.263184
0.491699 0.473145
2 0 0 0
1 0 0 0
0.008391 -0.015063 0.009362
0.960938 -0.210938 -0.070313
255 255 255 255
0.232422 0.252441
0.493164 0.46875
2 0 0 0
1 0 0 0
0.008780 0.011801 0.009268
0.953125 -0.085938 0.218750
255 255 255 255
0.232422 0.18457
0.493164 0.440918
2 0 0 0
1 0 0 0
0.007864 0.011589 0.012336
0.882813 -0.117188 0.398438
255 255 255 255
0.213867 0.185547
0.491211 0.440918
2 0 0 0
1 0 0 0
0.008785 -0.000570 0.009277
0.726563 0.039063 -0.671875
255 255 255 255
0.240234 0.214844
0.494141 0.453125
2 0 0 0
1 0 0 0
0.009039 -0.005361 0.009274
0.765625 0.007813 -0.632813
255 255 255 255
0.239258 0.227051
0.493652 0.458496
2 0 0 0
1 0 0 0
0.005701 0.003862 0.015895
0.500000 0.093750 0.835938
255 255 255 255
0.19043 0.204102
0.48877 0.448731
2 0 0 0
1 0 0 0
0.006954 0.008070 0.012737
0.851563 -0.054688 0.468750
255 255 255 255
0.210938 0.193848
0.490723 0.444824
2 0 0 0
1 0 0 0
0.009161 -0.005030 0.013061
0.921875 0.046875 0.312500
255 255 255 255
0.214356 0.226074
0.491211 0.458008
2 0 0 0
1 0 0 0
0.009353 -0.010223 0.011185
0.976563 -0.085938 -0.039063
255 255 255 255
0.225586 0.239258
0.492188 0.463379
2 0 0 0
1 0 0 0
0.005501 -0.005035 0.015321
-0.171875 -0.140625 0.960938
255 255 255 255
0.182617 0.226074
0.487793 0.458008
2 0 0 0
1 0 0 0
0.007605 -0.009242 0.015530
0.273438 0.093750 0.937500
255 255 255 255
0.195801 0.236328
0.489258 0.461914
2 0 0 0
1 0 0 0
0.000052 0.039396 0.014630
-0.171875 -0.031250 0.968750
255 255 255 255
0.152344 0.117188
0.484863 0.413086
2 0 0 0
1 0 0 0
-0.000423 0.041826 0.014391
-0.234375 0.023438 0.953125
255 255 255 255
0.150879 0.111328
0.484863 0.410645
2 0 0 0
1 0 0 0
0.001107 0.042934 0.014716
-0.156250 -0.210938 0.953125
255 255 255 255
0.160156 0.109863
0.48584 0.410156
2 0 0 0
1 0 0 0
-0.005136 0.037299 0.008676
-0.851563 0.515625 0.046875
255 255 255 255
0.097168 0.114258
0.479492 0.412109
2 0 0 0
1 0 0 0
0.007840 0.015864 0.014600
0.718750 -0.210938 0.625000
255 255 255 255
0.200684 0.174805
0.489746 0.436523
2 0 0 0
1 0 0 0
0.003697 0.012277 0.015948
-0.093750 0.101563 0.968750
255 255 255 255
0.174805 0.18457
0.487305 0.440918
2 0 0 0
1 0 0 0
0.001885 0.003197 0.015279
-0.546875 -0.179688 0.804688
255 255 255 255
0.158203 0.206055
0.485352 0.449707
2 0 0 0
1 0 0 0
0.003360 -0.001242 0.014684
-0.460938 -0.218750 0.843750
255 255 255 255
0.165039 0.217285
0.486328 0.454102
2 0 0 0
1 0 0 0
-0.001944 0.001097 0.013871
-0.156250 -0.007813 0.968750
255 255 255 255
0.124512 0.210938
0.481934 0.45166
2 0 0 0
1 0 0 0
-0.002739 0.004293 0.013736
-0.187500 -0.078125 0.960938
255 255 255 255
0.118164 0.203125
0.481445 0.448242
2 0 0 0
1 0 0 0
-0.000559 0.006530 0.014655
-0.304688 -0.015625 0.937500
255 255 255 255
0.136719 0.197754
0.483398 0.446289
2 0 0 0
1 0 0 0
0.001957 -0.001766 0.014249
-0.148438 -0.054688 0.968750
255 255 255 255
0.151856 0.218262
0.484863 0.45459
2 0 0 0
1 0 0 0
-0.000539 -0.002672 0.014067
-0.109375 -0.007813 0.976563
255 255 255 255
0.132813 0.220215
0.48291 0.455566
2 0 0 0
1 0 0 0
-0.007035 -0.001026 0.012495
-0.453125 0.023438 0.875000
255 255 255 255
0.083496 0.21582
0.478027 0.453613
2 0 0 0
1 0 0 0
-0.004545 -0.000365 0.013450
-0.273438 -0.007813 0.945313
255 255 255 255
0.103516 0.214356
0.479981 0.453125
2 0 0 0
1 0 0 0
-0.002508 -0.007079 0.013843
-0.296875 -0.093750 0.937500
255 255 255 255
0.118164 0.230957
0.481445 0.459961
2 0 0 0
1 0 0 0
-0.002867 -0.009772 0.013408
-0.250000 -0.015625 0.953125
255 255 255 255
0.115723 0.237793
0.481445 0.462402
2 0 0 0
1 0 0 0
0.000898 -0.006665 0.014220
-0.109375 0.007813 0.976563
255 255 255 255
0.141602 0.230469
0.483887 0.459473
2 0 0 0
1 0 0 0
0.002761 -0.005450 0.014311
-0.054688 0.000000 0.976563
255 255 255 255
0.156738 0.227051
0.485352 0.458496
2 0 0 0
1 0 0 0
-0.001522 -0.022541 0.015426
-0.289063 0.164063 0.921875
255 255 255 255
0.130859 0.267578
0.48291 0.474609
2 0 0 0
1 0 0 0
-0.002939 -0.023660 0.014978
-0.351563 0.031250 0.914063
255 255 255 255
0.119629 0.27002
0.481445 0.475586
2 0 0 0
1 0 0 0
-0.000705 -0.021190 0.015226
-0.312500 0.117188 0.921875
255 255 255 255
0.137695 0.264648
0.483398 0.473633
2 0 0 0
1 0 0 0
-0.002234 -0.019280 0.014707
-0.562500 -0.359375 0.734375
255 255 255 255
0.127441 0.260742
0.482422 0.47168
2 0 0 0
1 0 0 0
0.000240 -0.018659 0.015927
-0.273438 -0.085938 0.945313
255 255 255 255
0.147461 0.260254
0.484375 0.47168
2 0 0 0
1 0 0 0
0.000963 -0.017352 0.015818
-0.203125 0.398438 0.867188
255 255 255 255
0.152344 0.257324
0.484863 0.470703
2 0 0 0
1 0 0 0
0.002270 -0.013584 0.013670
0.453125 0.281250 0.812500
255 255 255 255
0.154785 0.246094
0.485352 0.46582
2 0 0 0
1 0 0 0
0.003464 -0.013969 0.013961
-0.421875 0.437500 0.773438
255 255 255 255
0.163086 0.24707
0.48584 0.466309
2 0 0 0
1 0 0 0
0.004280 -0.014659 0.015431
-0.539063 0.398438 0.718750
255 255 255 255
0.172363 0.25
0.486816 0.467285
2 0 0 0
1 0 0 0
-0.011898 0.010153 0.009479
-1.000000 -0.109375 0.046875
255 255 255 255
0.050293 0.185059
0.474609 0.440918
2 0 0 0
1 0 0 0
-0.010803 0.007199 0.011397
-0.703125 -0.343750 0.617188
255 255 255 255
0.055664 0.194336
0.475098 0.444824
2 0 0 0
1 0 0 0
-0.009435 0.011515 0.012702
-0.351563 -0.179688 0.906250
255 255 255 255
0.070313 0.187012
0.476563 0.441895
2 0 0 0
1 0 0 0
-0.011390 0.012717 0.009501
-0.906250 0.406250 0.101563
255 255 255 255
0.059082 0.179688
0.475586 0.438965
2 0 0 0
1 0 0 0
-0.009499 0.013790 0.010218
-0.421875 0.890625 0.093750
255 255 255 255
0.070313 0.179199
0.476563 0.438477
2 0 0 0
1 0 0 0
-0.007581 0.014359 0.010164
-0.179688 0.960938 0.070313
255 255 255 255
0.083008 0.178223
0.478027 0.437988
2 0 0 0
1 0 0 0
-0.007156 0.014177 0.012009
-0.078125 0.906250 0.359375
255 255 255 255
0.085938 0.180664
0.478027 0.439453
2 0 0 0
1 0 0 0
-0.007507 0.014437 0.008422
-0.226563 0.945313 0.125000
255 255 255 255
0.083008 0.174805
0.478027 0.437012
2 0 0 0
1 0 0 0
-0.006151 0.014452 0.009950
-0.500000 0.835938 0.164063
255 255 255 255
0.09082 0.17627
0.478516 0.4375
2 0 0 0
1 0 0 0
-0.001564 0.012713 0.013430
-0.296875 0.085938 0.937500
255 255 255 255
0.128418 0.182129
0.482422 0.439941
2 0 0 0
1 0 0 0
0.000481 0.022787 0.014011
-0.109375 -0.015625 0.976563
255 255 255 255
0.144043 0.157715
0.483887 0.429688
2 0 0 0
1 0 0 0
0.003009 0.022190 0.014368
-0.054688 -0.062500 0.976563
255 255 255 255
0.162598 0.15918
0.48584 0.430664
2 0 0 0
1 0 0 0
0.002411 0.019270 0.013880
-0.007813 -0.007813 0.984375
255 255 255 255
0.15918 0.166504
0.48584 0.433594
2 0 0 0
1 0 0 0
0.004218 0.017367 0.014202
-0.296875 0.171875 0.921875
255 255 255 255
0.171387 0.171387
0.486816 0.435547
2 0 0 0
1 0 0 0
0.004499 -0.033579 0.012932
0.960938 -0.203125 0.046875
255 255 255 255
0.181641 0.297852
0.487793 0.487305
2 0 0 0
1 0 0 0
0.003649 -0.034975 0.016346
0.484375 0.179688 0.828125
255 255 255 255
0.165527 0.295898
0.486328 0.486328
2 0 0 0
1 0 0 0
0.002216 0.042519 0.015247
0.015625 0.320313 0.921875
255 255 255 255
0.166016 0.111328
0.486328 0.410645
2 0 0 0
1 0 0 0
0.001091 -0.013599 0.014832
0.398438 0.312500 0.828125
255 255 255 255
0.145508 0.24707
0.484375 0.466309
2 0 0 0
1 0 0 0
0.001401 -0.014503 0.014886
0.539063 0.046875 0.812500
255 255 255 255
0.147949 0.249023
0.484375 0.467285
2 0 0 0
1 0 0 0
0.001549 0.042311 0.015099
-0.414063 0.164063 0.882813
255 255 255 255
0.162598 0.111816
0.48584 0.411133
2 0 0 0
1 0 0 0
0.000766 0.030816 0.013296
0.539063 0.273438 0.757813
255 255 255 255
0.146484 0.138184
0.484375 0.421875
2 0 0 0
1 0 0 0
0.000603 -0.017009 0.015394
-0.171875 0.695313 0.664063
255 255 255 255
0.148438 0.255859
0.484375 0.470215
2 0 0 0
1 0 0 0
-0.001724 -0.031285 0.015365
-0.132813 0.242188 0.937500
255 255 255 255
0.133789 0.288574
0.48291 0.483398
2 0 0 0
1 0 0 0
-0.000898 -0.015986 0.015056
0.062500 0.203125 0.953125
255 255 255 255
0.134277 0.25293
0.48291 0.46875
2 0 0 0
1 0 0 0
-0.000356 -0.009995 0.013938
-0.054688 -0.281250 0.945313
255 255 255 255
0.134766 0.237305
0.483398 0.462402
2 0 0 0
1 0 0 0
-0.002055 -0.031970 0.015185
-0.210938 0.140625 0.945313
255 255 255 255
0.133301 0.290039
0.48291 0.483887
2 0 0 0
1 0 0 0
-0.002919 -0.011964 0.013861
-0.203125 0.289063 0.914063
255 255 255 255
0.116211 0.243164
0.481445 0.464844
2 0 0 0
1 0 0 0
-0.003637 0.036296 0.011493
-0.460938 0.078125 0.867188
255 255 255 255
0.119141 0.12207
0.481445 0.415039
2 0 0 0
1 0 0 0
-0.005922 -0.023162 0.013865
-0.195313 0.007813 0.960938
255 255 255 255
0.098633 0.269531
0.479492 0.475586
2 0 0 0
1 0 0 0
-0.004280 0.010921 0.012885
-0.203125 0.078125 0.960938
255 255 255 255
0.106934 0.187012
0.480469 0.441895
2 0 0 0
1 0 0 0
-0.003925 -0.031594 0.013883
-0.960938 0.171875 0.218750
255 255 255 255
0.12207 0.290527
0.481934 0.484375
2 0 0 0
1 0 0 0
-0.005251 -0.017582 0.013417
0.179688 -0.570313 0.789063
255 255 255 255
0.097656 0.256836
0.479492 0.470215
2 0 0 0
1 0 0 0
-0.005066 -0.022599 0.013715
0.000000 0.265625 0.945313
255 255 255 255
0.104004 0.267578
0.479981 0.474609
2 0 0 0
1 0 0 0
-0.005801 -0.022389 0.013933
-0.062500 0.078125 0.976563
255 255 255 255
0.098633 0.267578
0.479492 0.474609
2 0 0 0
1 0 0 0
-0.005009 -0.015124 0.013932
-0.320313 0.007813 0.929688
255 255 255 255
0.102539 0.250977
0.479981 0.467773
2 0 0 0
1 0 0 0
-0.005553 0.021171 0.010353
-0.523438 -0.859375 0.039063
255 255 255 255
0.081055 0.165039
0.477539 0.432617
2 0 0 0
1 0 0 0
-0.006159 0.024089 0.012342
-0.015625 0.484375 0.851563
255 255 255 255
0.094727 0.154785
0.479004 0.428711
2 0 0 0
1 0 0 0
-0.005640 -0.018029 0.013043
0.171875 -0.820313 0.539063
255 255 255 255
0.094238 0.257813
0.479004 0.470703
2 0 0 0
1 0 0 0
-0.006191 -0.021178 0.012852
-0.257813 0.679688 0.656250
255 255 255 255
0.091797 0.265137
0.478516 0.473633
2 0 0 0
1 0 0 0
-0.005665 0.026090 0.013309
-0.429688 -0.421875 0.789063
255 255 255 255
0.099609 0.149902
0.479492 0.426758
2 0 0 0
1 0 0 0
-0.006764 0.024690 0.012409
0.492188 0.023438 0.843750
255 255 255 255
0.091797 0.15332
0.479004 0.428223
2 0 0 0
1 0 0 0
-0.008550 0.012507 0.013159
-0.312500 0.117188 0.929688
255 255 255 255
0.07666 0.185547
0.477051 0.441406
2 0 0 0
1 0 0 0
-0.006746 -0.022335 0.013514
-0.484375 0.250000 0.820313
255 255 255 255
0.092285 0.268066
0.479004 0.475098
2 0 0 0
1 0 0 0
-0.007446 0.010302 0.013103
-0.484375 -0.031250 0.859375
255 255 255 255
0.080566 0.189941
0.477539 0.442871
2 0 0 0
1 0 0 0
-0.008036 0.011170 0.012862
-0.312500 -0.218750 0.914063
255 255 255 255
0.077637 0.187988
0.477539 0.442383
2 0 0 0
1 0 0 0
-0.007307 -0.023291 0.013511
-0.562500 0.007813 0.812500
255 255 255 255
0.09082 0.27002
0.478516 0.475586
2 0 0 0
1 0 0 0
-0.008586 0.029048 0.010481
-0.648438 0.726563 0.156250
255 255 255 255
0.075684 0.141113
0.477051 0.422852
2 0 0 0
1 0 0 0
-0.008670 0.010157 0.012399
-0.312500 -0.085938 0.929688
255 255 255 255
0.072754 0.189941
0.477051 0.442871
2 0 0 0
1 0 0 0
-0.008486 0.029399 0.009268
-0.765625 0.437500 0.453125
255 255 255 255
0.072266 0.137695
0.476563 0.421875
2 0 0 0
1 0 0 0
-0.009165 -0.014010 0.011188
-0.093750 0.312500 0.921875
255 255 255 255
0.070801 0.246094
0.476563 0.46582
2 0 0 0
1 0 0 0
-0.008947 -0.010001 0.011580
-0.039063 -0.210938 0.960938
255 255 255 255
0.071289 0.237305
0.476563 0.462402
2 0 0 0
1 0 0 0
-0.010373 -0.009129 0.011729
-0.234375 -0.085938 0.953125
255 255 255 255
0.060547 0.235352
0.475586 0.461426
2 0 0 0
1 0 0 0
-0.009981 -0.007703 0.011752
-0.351563 0.117188 0.906250
255 255 255 255
0.0625 0.232422
0.475586 0.460449
2 0 0 0
1 0 0 0
-0.010752 -0.006295 0.011154
-0.382813 0.078125 0.906250
255 255 255 255
0.054688 0.229004
0.475098 0.458984
2 0 0 0
1 0 0 0
-0.010797 -0.012675 0.011490
0.093750 0.101563 0.968750
255 255 255 255
0.058594 0.243652
0.475586 0.464844
2 0 0 0
1 0 0 0
-0.011164 -0.007800 0.011040
-0.453125 0.093750 0.867188
255 255 255 255
0.052734 0.232422
0.474609 0.460449
2 0 0 0
1 0 0 0
-0.011629 -0.005564 0.010843
-0.414063 0.195313 0.875000
255 255 255 255
0.047363 0.227539
0.474121 0.458496
2 0 0 0
1 0 0 0
-0.012865 -0.007571 0.010930
-0.210938 0.085938 0.953125
255 255 255 255
0.040527 0.232422
0.473633 0.460449
2 0 0 0
1 0 0 0
0.002899 0.038531 -0.015245
-0.085938 -0.304688 -0.953125
255 255 255 255
0.17041 0.120606
0.450195 0.444336
2 0 0 0
1 0 0 0
-0.013670 -0.010052 -0.009913
-0.734375 -0.125000 -0.687500
255 255 255 255
0.03418 0.238281
0.414063 0.490234
2 0 0 0
1 0 0 0
-0.014154 -0.007682 -0.010143
-0.632813 -0.109375 -0.781250
255 255 255 255
0.033203 0.23291
0.414063 0.487793
2 0 0 0
1 0 0 0
-0.013312 -0.013401 -0.010572
-0.796875 -0.125000 -0.609375
255 255 255 255
0.040527 0.246094
0.416016 0.493164
2 0 0 0
1 0 0 0
-0.014239 -0.013003 -0.008514
-0.914063 -0.304688 -0.304688
255 255 255 255
0.026367 0.246094
0.412109 0.493164
2 0 0 0
1 0 0 0
-0.011497 -0.017405 -0.009258
-0.781250 -0.585938 -0.257813
255 255 255 255
0.041016 0.258301
0.416016 0.498047
2 0 0 0
1 0 0 0
-0.007277 0.008714 -0.013170
-0.304688 -0.093750 -0.953125
255 255 255 255
0.081055 0.193359
0.426758 0.472656
2 0 0 0
1 0 0 0
-0.008132 0.009329 -0.012753
-0.445313 0.062500 -0.898438
255 255 255 255
0.075684 0.191895
0.425293 0.472168
2 0 0 0
1 0 0 0
-0.009303 0.008259 -0.012353
-0.406250 -0.039063 -0.921875
255 255 255 255
0.067383 0.193359
0.422852 0.472656
2 0 0 0
1 0 0 0
-0.005468 0.010037 -0.013518
0.328125 -0.070313 -0.937500
255 255 255 255
0.094238 0.189453
0.430176 0.471191
2 0 0 0
1 0 0 0
-0.006539 0.007214 -0.013287
-0.007813 -0.078125 -1.000000
255 255 255 255
0.087402 0.196289
0.428223 0.473633
2 0 0 0
1 0 0 0
-0.003926 0.007087 -0.013730
-0.367188 0.039063 -0.937500
255 255 255 255
0.108887 0.196289
0.434082 0.474121
2 0 0 0
1 0 0 0
-0.006922 0.028406 -0.013147
-0.500000 0.343750 -0.796875
255 255 255 255
0.091309 0.144043
0.429199 0.453613
2 0 0 0
1 0 0 0
-0.008040 0.028866 -0.011649
-0.640625 0.515625 -0.570313
255 255 255 255
0.081543 0.14209
0.426758 0.453125
2 0 0 0
1 0 0 0
-0.009660 0.027631 -0.011270
-0.843750 0.335938 -0.429688
255 255 255 255
0.072754 0.145508
0.424805 0.454102
2 0 0 0
1 0 0 0
-0.006132 -0.016701 -0.013868
-0.117188 -0.101563 -0.992188
255 255 255 255
0.091797 0.254395
0.429688 0.496094
2 0 0 0
1 0 0 0
-0.008036 -0.015056 -0.012720
-0.421875 0.351563 -0.835938
255 255 255 255
0.079102 0.25
0.42627 0.494629
2 0 0 0
1 0 0 0
-0.005532 -0.018574 -0.012103
-0.179688 -0.460938 -0.882813
255 255 255 255
0.095703 0.259766
0.430664 0.498535
2 0 0 0
1 0 0 0
-0.008195 -0.007786 -0.012009
-0.085938 0.085938 -0.992188
255 255 255 255
0.075684 0.232422
0.425293 0.487793
2 0 0 0
1 0 0 0
-0.008403 -0.009173 -0.011798
-0.046875 -0.226563 -0.976563
255 255 255 255
0.074707 0.235352
0.424805 0.489258
2 0 0 0
1 0 0 0
-0.006608 -0.004852 -0.012517
-0.414063 -0.109375 -0.914063
255 255 255 255
0.087402 0.225098
0.428223 0.485352
2 0 0 0
1 0 0 0
-0.008866 -0.005938 -0.011430
-0.195313 0.109375 -0.976563
255 255 255 255
0.069336 0.228027
0.423828 0.486328
2 0 0 0
1 0 0 0
-0.005085 -0.013085 -0.013694
-0.335938 0.257813 -0.906250
255 255 255 255
0.100098 0.246094
0.431641 0.493164
2 0 0 0
1 0 0 0
-0.007845 -0.011490 -0.011369
-0.187500 0.093750 -0.984375
255 255 255 255
0.07959 0.241211
0.42627 0.491211
2 0 0 0
1 0 0 0
-0.004720 0.029141 -0.013596
-0.226563 0.210938 -0.953125
255 255 255 255
0.105957 0.142578
0.433106 0.453125
2 0 0 0
1 0 0 0
-0.002493 0.027816 -0.013393
-0.070313 -0.062500 -1.000000
255 255 255 255
0.121094 0.145996
0.4375 0.45459
2 0 0 0
1 0 0 0
-0.005222 0.032460 -0.013011
-0.195313 -0.054688 -0.984375
255 255 255 255
0.105469 0.133301
0.433106 0.449707
2 0 0 0
1 0 0 0
-0.002784 -0.021435 -0.013898
-0.421875 0.375000 -0.828125
255 255 255 255
0.119141 0.264648
0.437012 0.500488
2 0 0 0
1 0 0 0
-0.008676 0.022434 -0.009891
-0.656250 -0.765625 0.023438
255 255 255 255
0.066406 0.159668
0.422852 0.459473
2 0 0 0
1 0 0 0
-0.006633 0.021664 -0.008522
-0.421875 -0.914063 0.054688
255 255 255 255
0.064941 0.166016
0.422363 0.462402
2 0 0 0
1 0 0 0
-0.006798 0.021497 -0.010029
-0.367188 -0.937500 0.054688
255 255 255 255
0.07373 0.164063
0.424805 0.461426
2 0 0 0
1 0 0 0
-0.008251 0.024677 -0.012934
-0.320313 -0.101563 -0.953125
255 255 255 255
0.082031 0.152832
0.426758 0.457031
2 0 0 0
1 0 0 0
-0.006995 0.026109 -0.013193
0.210938 -0.296875 -0.937500
255 255 255 255
0.090332 0.149414
0.429199 0.456055
2 0 0 0
1 0 0 0
-0.009852 0.024782 -0.009735
-0.968750 -0.265625 -0.101563
255 255 255 255
0.0625 0.152344
0.421875 0.457031
2 0 0 0
1 0 0 0
-0.005346 0.022189 -0.013330
-0.062500 -0.312500 -0.953125
255 255 255 255
0.095703 0.158691
0.430664 0.459473
2 0 0 0
1 0 0 0
-0.004040 0.024162 -0.013391
-0.296875 -0.093750 -0.960938
255 255 255 255
0.108887 0.154785
0.434082 0.458008
2 0 0 0
1 0 0 0
-0.001285 -0.030514 -0.014591
-0.148438 0.515625 -0.843750
255 255 255 255
0.133301 0.286133
0.44043 0.508789
2 0 0 0
1 0 0 0
-0.001159 -0.012984 -0.014885
-0.140625 0.320313 -0.937500
255 255 255 255
0.129883 0.246094
0.439453 0.493164
2 0 0 0
1 0 0 0
-0.000169 -0.014325 -0.015064
-0.046875 0.007813 -1.000000
255 255 255 255
0.137695 0.249023
0.441895 0.494141
2 0 0 0
1 0 0 0
-0.000798 -0.015164 -0.014659
-0.132813 -0.085938 -0.992188
255 255 255 255
0.133789 0.250977
0.440918 0.495117
2 0 0 0
1 0 0 0
0.001792 -0.015297 -0.014343
0.507813 -0.140625 -0.851563
255 255 255 255
0.151856 0.250977
0.445313 0.495117
2 0 0 0
1 0 0 0
-0.000003 -0.016519 -0.014751
0.117188 0.296875 -0.945313
255 255 255 255
0.14209 0.254395
0.442871 0.496582
2 0 0 0
1 0 0 0
-0.000160 0.032610 -0.013610
0.515625 0.390625 -0.750000
255 255 255 255
0.13916 0.134277
0.441895 0.450195
2 0 0 0
1 0 0 0
0.001786 -0.032462 -0.016104
-0.171875 0.031250 -0.992188
255 255 255 255
0.154785 0.291016
0.446289 0.510742
2 0 0 0
1 0 0 0
-0.001788 -0.032590 -0.015398
-0.203125 0.312500 -0.929688
255 255 255 255
0.135742 0.291504
0.440918 0.510742
2 0 0 0
1 0 0 0
-0.001905 -0.033387 -0.015549
-0.343750 -0.265625 -0.914063
255 255 255 255
0.136231 0.293457
0.441406 0.511231
2 0 0 0
1 0 0 0
0.003260 -0.029802 -0.015845
-0.257813 0.085938 -0.968750
255 255 255 255
0.160645 0.285645
0.447754 0.508301
2 0 0 0
1 0 0 0
0.003133 -0.009842 -0.013689
0.039063 -0.429688 -0.906250
255 255 255 255
0.15918 0.236816
0.447266 0.489746
2 0 0 0
1 0 0 0
0.003133 -0.008043 -0.014260
-0.023438 -0.156250 -0.992188
255 255 255 255
0.15918 0.23291
0.447266 0.488281
2 0 0 0
1 0 0 0
0.002843 0.040820 -0.015395
0.351563 -0.070313 -0.929688
255 255 255 255
0.168945 0.115723
0.450195 0.442871
2 0 0 0
1 0 0 0
0.001591 0.041407 -0.015366
-0.414063 -0.031250 -0.914063
255 255 255 255
0.162598 0.11377
0.448242 0.441895
2 0 0 0
1 0 0 0
0.001167 -0.008450 -0.014157
-0.054688 -0.109375 -1.000000
255 255 255 255
0.144531 0.233887
0.443359 0.488281
2 0 0 0
1 0 0 0
0.001535 -0.010073 -0.013760
0.031250 -0.390625 -0.929688
255 255 255 255
0.147949 0.237305
0.444336 0.489746
2 0 0 0
1 0 0 0
0.003587 -0.033178 -0.015897
0.390625 -0.242188 -0.890625
255 255 255 255
0.166504 0.292969
0.449219 0.511231
2 0 0 0
1 0 0 0
0.006170 0.025422 -0.014806
-0.015625 -0.062500 -1.000000
255 255 255 255
0.18457 0.151367
0.454102 0.456543
2 0 0 0
1 0 0 0
0.007758 0.020296 -0.014993
0.070313 0.078125 -1.000000
255 255 255 255
0.195801 0.164063
0.457031 0.461426
2 0 0 0
1 0 0 0
0.008605 0.025174 -0.014216
0.164063 -0.023438 -0.984375
255 255 255 255
0.202148 0.151856
0.458496 0.456543
2 0 0 0
1 0 0 0
0.007969 0.029524 -0.014845
0.437500 0.125000 -0.890625
255 255 255 255
0.199707 0.141602
0.458008 0.452637
2 0 0 0
1 0 0 0
0.002248 0.033835 -0.014939
-0.351563 -0.265625 -0.906250
255 255 255 255
0.165527 0.130371
0.449219 0.448242
2 0 0 0
1 0 0 0
0.002839 0.028585 -0.013543
-0.164063 0.203125 -0.968750
255 255 255 255
0.161133 0.143555
0.447754 0.453613
2 0 0 0
1 0 0 0
0.000761 0.025840 -0.013770
-0.070313 0.031250 -1.000000
255 255 255 255
0.14502 0.150391
0.443848 0.456055
2 0 0 0
1 0 0 0
-0.003202 0.019067 -0.012663
-0.507813 -0.070313 -0.867188
255 255 255 255
0.111328 0.166504
0.43457 0.462402
2 0 0 0
1 0 0 0
-0.001102 0.018524 -0.013383
-0.281250 -0.046875 -0.968750
255 255 255 255
0.130371 0.167969
0.439941 0.462891
2 0 0 0
1 0 0 0
-0.010784 0.002977 -0.007788
-0.976563 0.015625 -0.242188
255 255 255 255
0.030762 0.201172
0.413574 0.476074
2 0 0 0
1 0 0 0
0.007024 -0.027615 -0.013617
0.953125 -0.101563 -0.226563
255 255 255 255
0.193848 0.282715
0.456543 0.507324
2 0 0 0
1 0 0 0
0.004151 -0.034881 -0.009395
0.945313 -0.179688 0.179688
255 255 255 255
0.18457 0.306641
0.454102 0.516602
2 0 0 0
1 0 0 0
-0.003872 -0.032359 -0.008945
-0.984375 -0.125000 0.164063
255 255 255 255
0.105469 0.298828
0.433106 0.513672
2 0 0 0
1 0 0 0
-0.003449 -0.029381 -0.011070
-0.984375 -0.148438 -0.156250
255 255 255 255
0.104004 0.288086
0.432617 0.509277
2 0 0 0
1 0 0 0
-0.004723 -0.027316 -0.011345
-0.765625 -0.562500 -0.359375
255 255 255 255
0.096191 0.282715
0.430664 0.507324
2 0 0 0
1 0 0 0
-0.004409 -0.026750 -0.012442
-0.656250 -0.601563 -0.484375
255 255 255 255
0.103516 0.279785
0.432617 0.506348
2 0 0 0
1 0 0 0
-0.006527 -0.025397 -0.011481
-0.695313 -0.710938 -0.179688
255 255 255 255
0.085938 0.277344
0.428223 0.505371
2 0 0 0
1 0 0 0
-0.008278 -0.023811 -0.011442
-0.937500 -0.320313 -0.171875
255 255 255 255
0.078125 0.272461
0.425781 0.503418
2 0 0 0
1 0 0 0
-0.008144 -0.021166 -0.010561
-0.945313 -0.179688 -0.312500
255 255 255 255
0.066895 0.267578
0.422852 0.501465
2 0 0 0
1 0 0 0
-0.006477 -0.025515 -0.010018
-0.718750 -0.703125 -0.046875
255 255 255 255
0.078125 0.280273
0.425781 0.506348
2 0 0 0
1 0 0 0
-0.004543 -0.028389 -0.008859
-0.890625 -0.468750 -0.023438
255 255 255 255
0.087402 0.289551
0.428223 0.510254
2 0 0 0
1 0 0 0
0.001295 -0.035212 -0.011340
-0.390625 -0.929688 -0.015625
255 255 255 255
0.150879 0.306152
0.445313 0.516602
2 0 0 0
1 0 0 0
-0.003760 -0.032933 -0.013857
-0.835938 -0.460938 -0.328125
255 255 255 255
0.125488 0.293457
0.438477 0.511719
2 0 0 0
1 0 0 0
0.000282 -0.034583 -0.014907
-0.250000 -0.812500 -0.546875
255 255 255 255
0.147949 0.296875
0.444336 0.512695
2 0 0 0
1 0 0 0
-0.002168 -0.034868 -0.012632
-0.445313 -0.890625 -0.179688
255 255 255 255
0.132324 0.299805
0.44043 0.51416
2 0 0 0
1 0 0 0
0.000106 -0.035147 -0.013114
-0.179688 -0.960938 -0.250000
255 255 255 255
0.145508 0.30127
0.443848 0.514648
2 0 0 0
1 0 0 0
-0.003905 -0.033240 -0.012370
-0.921875 -0.398438 -0.078125
255 255 255 255
0.121582 0.295898
0.4375 0.512207
2 0 0 0
1 0 0 0
-0.002206 -0.035087 -0.010632
-0.523438 -0.859375 -0.007813
255 255 255 255
0.128418 0.303711
0.438965 0.515625
2 0 0 0
1 0 0 0
-0.000119 -0.035308 -0.011025
-0.070313 -1.000000 -0.007813
255 255 255 255
0.141113 0.305664
0.442383 0.516113
2 0 0 0
1 0 0 0
-0.000421 -0.035239 -0.009248
-0.070313 -1.000000 0.015625
255 255 255 255
0.136231 0.30957
0.441406 0.517578
2 0 0 0
1 0 0 0
0.002060 -0.036036 -0.009393
-0.414063 -0.914063 -0.054688
255 255 255 255
0.159668 0.311035
0.447266 0.518555
2 0 0 0
1 0 0 0
-0.012127 -0.016483 -0.007471
-0.562500 -0.453125 0.687500
255 255 255 255
0.023438 0.257813
0.411621 0.497559
2 0 0 0
1 0 0 0
-0.013280 -0.003379 -0.007217
-0.632813 0.710938 -0.289063
255 255 255 255
0.023926 0.219238
0.411621 0.48291
2 0 0 0
1 0 0 0
-0.012999 -0.004324 -0.009515
-0.562500 0.531250 -0.640625
255 255 255 255
0.036133 0.224121
0.415039 0.484863
2 0 0 0
1 0 0 0
0.006212 -0.023628 -0.009381
0.953125 0.093750 0.187500
255 255 255 255
0.223633 0.277344
0.464356 0.505371
2 0 0 0
1 0 0 0
0.001329 -0.025114 -0.015186
-0.140625 0.007813 -0.992188
255 255 255 255
0.148926 0.274414
0.444824 0.503906
2 0 0 0
1 0 0 0
0.005827 -0.022775 -0.013995
0.875000 0.296875 -0.328125
255 255 255 255
0.193359 0.270508
0.456543 0.502441
2 0 0 0
1 0 0 0
0.006249 -0.022981 -0.011934
0.953125 0.210938 -0.117188
255 255 255 255
0.208008 0.272461
0.460449 0.503418
2 0 0 0
1 0 0 0
0.005805 -0.020976 -0.010951
0.937500 -0.218750 -0.226563
255 255 255 255
0.214844 0.268555
0.461914 0.501953
2 0 0 0
1 0 0 0
0.007151 -0.019234 -0.012717
0.796875 -0.554688 -0.187500
255 255 255 255
0.208008 0.262207
0.460449 0.499512
2 0 0 0
1 0 0 0
0.007371 -0.019336 -0.010626
0.828125 -0.523438 -0.117188
255 255 255 255
0.220215 0.263184
0.463379 0.5
2 0 0 0
1 0 0 0
0.008391 -0.015063 -0.009328
0.960938 -0.210938 0.039063
255 255 255 255
0.232422 0.252441
0.466797 0.495606
2 0 0 0
1 0 0 0
0.008780 0.011801 -0.009424
0.953125 -0.085938 -0.234375
255 255 255 255
0.232422 0.18457
0.466797 0.469238
2 0 0 0
1 0 0 0
0.007864 0.011589 -0.012509
0.882813 -0.125000 -0.421875
255 255 255 255
0.213867 0.185547
0.461914 0.469727
2 0 0 0
1 0 0 0
0.008785 -0.000570 -0.009344
0.742188 0.039063 0.632813
255 255 255 255
0.240234 0.214844
0.46875 0.480957
2 0 0 0
1 0 0 0
0.009038 -0.005361 -0.009319
0.773438 0.015625 0.593750
255 255 255 255
0.239258 0.227051
0.46875 0.48584
2 0 0 0
1 0 0 0
0.006954 0.008070 -0.012852
0.851563 -0.054688 -0.492188
255 255 255 255
0.210938 0.193848
0.460938 0.473145
2 0 0 0
1 0 0 0
0.005701 0.003862 -0.015977
0.484375 0.085938 -0.867188
255 255 255 255
0.19043 0.204102
0.455566 0.477051
2 0 0 0
1 0 0 0
0.009161 -0.005030 -0.013155
0.921875 0.046875 -0.335938
255 255 255 255
0.214356 0.226074
0.461914 0.485352
2 0 0 0
1 0 0 0
0.009353 -0.010223 -0.011227
0.976563 -0.085938 0.015625
255 255 255 255
0.225586 0.239258
0.464844 0.490723
2 0 0 0
1 0 0 0
0.005501 -0.005035 -0.015313
-0.203125 -0.148438 -0.976563
255 255 255 255
0.182617 0.226074
0.453613 0.485352
2 0 0 0
1 0 0 0
0.000052 0.039396 -0.014753
-0.195313 -0.031250 -0.984375
255 255 255 255
0.152344 0.117188
0.445801 0.443359
2 0 0 0
1 0 0 0
-0.000423 0.041826 -0.014506
-0.257813 0.023438 -0.976563
255 255 255 255
0.150879 0.111328
0.445313 0.440918
2 0 0 0
1 0 0 0
0.001107 0.042934 -0.014876
-0.187500 -0.210938 -0.968750
255 255 255 255
0.160156 0.109863
0.447754 0.44043
2 0 0 0
1 0 0 0
-0.005136 0.037299 -0.008694
-0.851563 0.515625 -0.070313
255 255 255 255
0.097168 0.114258
0.431152 0.442383
2 0 0 0
1 0 0 0
0.007840 0.015864 -0.014860
0.710938 -0.226563 -0.656250
255 255 255 255
0.200684 0.174805
0.458496 0.465332
2 0 0 0
1 0 0 0
0.003697 0.012277 -0.016042
-0.117188 0.093750 -0.992188
255 255 255 255
0.174805 0.18457
0.45166 0.469238
2 0 0 0
1 0 0 0
0.001885 0.003197 -0.015261
-0.554688 -0.187500 -0.820313
255 255 255 255
0.158203 0.206055
0.447266 0.477539
2 0 0 0
1 0 0 0
0.003360 -0.001242 -0.014654
-0.476563 -0.218750 -0.859375
255 255 255 255
0.165039 0.217285
0.448731 0.481934
2 0 0 0
1 0 0 0
-0.000559 0.006530 -0.014627
-0.312500 -0.023438 -0.953125
255 255 255 255
0.136719 0.197754
0.441406 0.474609
2 0 0 0
1 0 0 0
-0.002739 0.004293 -0.013685
-0.187500 -0.085938 -0.984375
255 255 255 255
0.118164 0.203125
0.436523 0.476563
2 0 0 0
1 0 0 0
-0.001944 0.001097 -0.013809
-0.156250 -0.007813 -0.992188
255 255 255 255
0.124512 0.210938
0.437988 0.479492
2 0 0 0
1 0 0 0
0.001957 -0.001766 -0.014194
-0.156250 -0.054688 -0.992188
255 255 255 255
0.151856 0.218262
0.445313 0.482422
2 0 0 0
1 0 0 0
-0.000539 -0.002672 -0.013990
-0.117188 -0.015625 -1.000000
255 255 255 255
0.132813 0.220215
0.44043 0.483398
2 0 0 0
1 0 0 0
-0.004545 -0.000365 -0.013388
-0.265625 -0.007813 -0.968750
255 255 255 255
0.103516 0.214356
0.432617 0.480957
2 0 0 0
1 0 0 0
-0.007035 -0.001026 -0.012446
-0.453125 0.023438 -0.898438
255 255 255 255
0.083496 0.21582
0.427246 0.481445
2 0 0 0
1 0 0 0
-0.002508 -0.007079 -0.013750
-0.296875 -0.101563 -0.960938
255 255 255 255
0.118164 0.230957
0.436523 0.487305
2 0 0 0
1 0 0 0
-0.002867 -0.009772 -0.013306
-0.242188 -0.015625 -0.976563
255 255 255 255
0.115723 0.237793
0.436035 0.489746
2 0 0 0
1 0 0 0
0.000898 -0.006665 -0.014128
-0.109375 0.000000 -1.000000
255 255 255 255
0.141602 0.230469
0.442871 0.487305
2 0 0 0
1 0 0 0
0.002761 -0.005450 -0.014242
-0.062500 -0.007813 -1.000000
255 255 255 255
0.156738 0.227051
0.446777 0.48584
2 0 0 0
1 0 0 0
0.006764 -0.013018 -0.015974
-0.109375 0.085938 -0.992188
255 255 255 255
0.189453 0.246094
0.455566 0.493164
2 0 0 0
1 0 0 0
-0.001522 -0.022541 -0.015279
-0.281250 0.164063 -0.953125
255 255 255 255
0.130859 0.267578
0.439941 0.501465
2 0 0 0
1 0 0 0
-0.002939 -0.023660 -0.014841
-0.343750 0.031250 -0.945313
255 255 255 255
0.119629 0.27002
0.437012 0.502441
2 0 0 0
1 0 0 0
-0.000705 -0.021190 -0.015077
-0.304688 0.117188 -0.953125
255 255 255 255
0.137695 0.264648
0.441895 0.500488
2 0 0 0
1 0 0 0
-0.002234 -0.019280 -0.014574
-0.562500 -0.359375 -0.765625
255 255 255 255
0.127441 0.260742
0.438965 0.499023
2 0 0 0
1 0 0 0
0.000240 -0.018659 -0.015783
-0.273438 -0.093750 -0.968750
255 255 255 255
0.147461 0.260254
0.444336 0.498535
2 0 0 0
1 0 0 0
0.000963 -0.017352 -0.015679
-0.203125 0.398438 -0.898438
255 255 255 255
0.152344 0.257324
0.445313 0.497559
2 0 0 0
1 0 0 0
0.003464 -0.013969 -0.013847
-0.429688 0.437500 -0.789063
255 255 255 255
0.163086 0.24707
0.448242 0.493652
2 0 0 0
1 0 0 0
0.002270 -0.013584 -0.013548
0.453125 0.273438 -0.835938
255 255 255 255
0.154785 0.246094
0.446289 0.493164
2 0 0 0
1 0 0 0
0.004280 -0.014659 -0.015330
-0.546875 0.398438 -0.734375
255 255 255 255
0.172363 0.25
0.450684 0.494629
2 0 0 0
1 0 0 0
-0.011898 0.010153 -0.009471
-1.000000 -0.109375 -0.070313
255 255 255 255
0.050293 0.185059
0.418457 0.469727
2 0 0 0
1 0 0 0
-0.010803 0.007199 -0.011382
-0.703125 -0.343750 -0.640625
255 255 255 255
0.055664 0.194336
0.419922 0.473145
2 0 0 0
1 0 0 0
-0.009435 0.011515 -0.012685
-0.343750 -0.179688 -0.929688
255 255 255 255
0.070313 0.187012
0.423828 0.470215
2 0 0 0
1 0 0 0
-0.011390 0.012717 -0.009492
-0.906250 0.406250 -0.125000
255 255 255 255
0.059082 0.179688
0.420898 0.467773
2 0 0 0
1 0 0 0
-0.009499 0.013790 -0.010202
-0.414063 0.890625 -0.117188
255 255 255 255
0.070313 0.179199
0.423828 0.467285
2 0 0 0
1 0 0 0
-0.007156 0.014177 -0.011988
-0.078125 0.906250 -0.382813
255 255 255 255
0.085938 0.180664
0.428223 0.467773
2 0 0 0
1 0 0 0
-0.007581 0.014359 -0.010143
-0.179688 0.960938 -0.093750
255 255 255 255
0.083008 0.178223
0.427246 0.466797
2 0 0 0
1 0 0 0
-0.007507 0.014437 -0.008399
-0.226563 0.945313 -0.148438
255 255 255 255
0.083008 0.174805
0.427246 0.46582
2 0 0 0
1 0 0 0
-0.006151 0.014452 -0.009925
-0.500000 0.835938 -0.187500
255 255 255 255
0.09082 0.17627
0.429199 0.466309
2 0 0 0
1 0 0 0
-0.001564 0.012713 -0.013418
-0.304688 0.078125 -0.953125
255 255 255 255
0.128418 0.182129
0.438965 0.468262
2 0 0 0
1 0 0 0
0.000481 0.022787 -0.014075
-0.125000 -0.015625 -1.000000
255 255 255 255
0.144043 0.157715
0.443359 0.458984
2 0 0 0
1 0 0 0
0.003009 0.022190 -0.014491
-0.085938 -0.062500 -1.000000
255 255 255 255
0.162598 0.15918
0.448242 0.459473
2 0 0 0
1 0 0 0
0.002411 0.019270 -0.013963
-0.039063 -0.031250 -1.000000
255 255 255 255
0.15918 0.166504
0.447266 0.462402
2 0 0 0
1 0 0 0
0.004218 0.017367 -0.014325
-0.328125 0.164063 -0.937500
255 255 255 255
0.171387 0.171387
0.450684 0.464356
2 0 0 0
1 0 0 0
0.004499 -0.033579 -0.012760
0.960938 -0.203125 -0.070313
255 255 255 255
0.181641 0.297852
0.453125 0.513184
2 0 0 0
1 0 0 0
0.003649 -0.034975 -0.016166
0.484375 0.179688 -0.851563
255 255 255 255
0.165527 0.295898
0.449219 0.512695
2 0 0 0
1 0 0 0
0.002216 0.042519 -0.015448
-0.015625 0.328125 -0.945313
255 255 255 255
0.166016 0.111328
0.449219 0.440918
2 0 0 0
1 0 0 0
0.001091 -0.013599 -0.014708
0.398438 0.312500 -0.859375
255 255 255 255
0.145508 0.24707
0.443848 0.493652
2 0 0 0
1 0 0 0
0.001401 -0.014503 -0.014759
0.539063 0.039063 -0.835938
255 255 255 255
0.147949 0.249023
0.444336 0.494141
2 0 0 0
1 0 0 0
0.001549 0.042311 -0.015276
-0.437500 0.164063 -0.890625
255 255 255 255
0.162598 0.111816
0.448242 0.440918
2 0 0 0
1 0 0 0
0.000766 0.030816 -0.013395
0.531250 0.273438 -0.789063
255 255 255 255
0.146484 0.138184
0.443848 0.45166
2 0 0 0
1 0 0 0
0.000603 -0.017009 -0.015255
-0.171875 0.695313 -0.687500
255 255 255 255
0.148438 0.255859
0.444336 0.49707
2 0 0 0
1 0 0 0
-0.001724 -0.031285 -0.015204
-0.125000 0.242188 -0.960938
255 255 255 255
0.133789 0.288574
0.440918 0.509766
2 0 0 0
1 0 0 0
-0.000898 -0.015986 -0.014925
0.070313 0.203125 -0.976563
255 255 255 255
0.134277 0.25293
0.440918 0.495606
2 0 0 0
1 0 0 0
-0.000356 -0.009995 -0.013827
-0.054688 -0.281250 -0.960938
255 255 255 255
0.134766 0.237305
0.440918 0.489746
2 0 0 0
1 0 0 0
-0.002055 -0.031970 -0.015027
-0.203125 0.140625 -0.976563
255 255 255 255
0.133301 0.290039
0.44043 0.510254
2 0 0 0
1 0 0 0
-0.002919 -0.011964 -0.013754
-0.195313 0.281250 -0.937500
255 255 255 255
0.116211 0.243164
0.436035 0.492188
2 0 0 0
1 0 0 0
-0.003637 0.036296 -0.011528
-0.468750 0.078125 -0.890625
255 255 255 255
0.119141 0.12207
0.437012 0.445313
2 0 0 0
1 0 0 0
-0.005922 -0.023162 -0.013768
-0.179688 0.007813 -0.992188
255 255 255 255
0.098633 0.269531
0.431641 0.501953
2 0 0 0
1 0 0 0
-0.004280 0.010921 -0.012856
-0.203125 0.078125 -0.984375
255 255 255 255
0.106934 0.187012
0.433594 0.470215
2 0 0 0
1 0 0 0
-0.003925 -0.031594 -0.013749
-0.960938 0.171875 -0.242188
255 255 255 255
0.12207 0.290527
0.4375 0.510254
2 0 0 0
1 0 0 0
-0.005251 -0.017582 -0.013319
0.187500 -0.570313 -0.804688
255 255 255 255
0.097656 0.256836
0.431152 0.49707
2 0 0 0
1 0 0 0
-0.005066 -0.022599 -0.013607
0.015625 0.265625 -0.968750
255 255 255 255
0.104004 0.267578
0.432617 0.501465
2 0 0 0
1 0 0 0
-0.005801 -0.022389 -0.013835
-0.054688 0.078125 -1.000000
255 255 255 255
0.098633 0.267578
0.431152 0.501465
2 0 0 0
1 0 0 0
-0.005009 -0.015124 -0.013837
-0.304688 0.000000 -0.960938
255 255 255 255
0.102539 0.250977
0.432617 0.495117
2 0 0 0
1 0 0 0
-0.005553 0.021171 -0.010343
-0.523438 -0.859375 -0.062500
255 255 255 255
0.081055 0.165039
0.426758 0.461914
2 0 0 0
1 0 0 0
-0.006159 0.024089 -0.012340
-0.015625 0.484375 -0.875000
255 255 255 255
0.094727 0.154785
0.430176 0.458008
2 0 0 0
1 0 0 0
-0.005640 -0.018029 -0.012950
0.179688 -0.812500 -0.562500
255 255 255 255
0.094238 0.257813
0.430176 0.497559
2 0 0 0
1 0 0 0
-0.006191 -0.021178 -0.012761
-0.250000 0.679688 -0.679688
255 255 255 255
0.091797 0.265137
0.429688 0.500488
2 0 0 0
1 0 0 0
-0.005665 0.026090 -0.013315
-0.429688 -0.421875 -0.812500
255 255 255 255
0.099609 0.149902
0.431641 0.456055
2 0 0 0
1 0 0 0
-0.006764 0.024690 -0.012407
0.492188 0.015625 -0.867188
255 255 255 255
0.091797 0.15332
0.429688 0.457031
2 0 0 0
1 0 0 0
-0.008550 0.012507 -0.013141
-0.304688 0.117188 -0.953125
255 255 255 255
0.07666 0.185547
0.425293 0.469727
2 0 0 0
1 0 0 0
-0.006746 -0.022335 -0.013430
-0.476563 0.250000 -0.851563
255 255 255 255
0.092285 0.268066
0.429688 0.501465
2 0 0 0
1 0 0 0
-0.007446 0.010302 -0.013078
-0.484375 -0.031250 -0.882813
255 255 255 255
0.080566 0.189941
0.426758 0.471191
2 0 0 0
1 0 0 0
-0.008036 0.011170 -0.012839
-0.312500 -0.218750 -0.937500
255 255 255 255
0.077637 0.187988
0.425781 0.470703
2 0 0 0
1 0 0 0
-0.007307 -0.023291 -0.013433
-0.554688 0.000000 -0.843750
255 255 255 255
0.09082 0.27002
0.429199 0.502441
2 0 0 0
1 0 0 0
-0.008586 0.029048 -0.010480
-0.648438 0.726563 -0.179688
255 255 255 255
0.075684 0.141113
0.425293 0.452637
2 0 0 0
1 0 0 0
-0.008670 0.010157 -0.012377
-0.312500 -0.085938 -0.953125
255 255 255 255
0.072754 0.189941
0.424316 0.47168
2 0 0 0
1 0 0 0
-0.008486 0.029399 -0.009266
-0.765625 0.437500 -0.476563
255 255 255 255
0.072266 0.137695
0.424316 0.451172
2 0 0 0
1 0 0 0
-0.009165 -0.014010 -0.011143
-0.085938 0.312500 -0.945313
255 255 255 255
0.070801 0.246094
0.423828 0.493164
2 0 0 0
1 0 0 0
-0.008947 -0.010001 -0.011537
-0.031250 -0.218750 -0.984375
255 255 255 255
0.071289 0.237305
0.424316 0.489746
2 0 0 0
1 0 0 0
-0.010373 -0.009129 -0.011701
-0.226563 -0.085938 -0.976563
255 255 255 255
0.060547 0.235352
0.421387 0.48877
2 0 0 0
1 0 0 0
-0.009981 -0.007703 -0.011721
-0.351563 0.117188 -0.937500
255 255 255 255
0.0625 0.232422
0.421875 0.487793
2 0 0 0
1 0 0 0
-0.010752 -0.006295 -0.011131
-0.375000 0.078125 -0.929688
255 255 255 255
0.054688 0.229004
0.419922 0.486816
2 0 0 0
1 0 0 0
-0.010797 -0.012675 -0.011464
0.101563 0.101563 -0.992188
255 255 255 255
0.058594 0.243652
0.420898 0.492188
2 0 0 0
1 0 0 0
-0.011164 -0.007800 -0.011019
-0.453125 0.093750 -0.898438
255 255 255 255
0.052734 0.232422
0.419434 0.487793
2 0 0 0
1 0 0 0
-0.011629 -0.005564 -0.010827
-0.406250 0.195313 -0.898438
255 255 255 255
0.047363 0.227539
0.417969 0.48584
2 0 0 0
1 0 0 0
-0.012865 -0.007571 -0.010922
-0.210938 0.085938 -0.976563
255 255 255 255
0.040527 0.232422
0.416016 0.487793
2 0 0 0
1 0 0 0
-0.009974 -0.076418 0.013895
-0.382813 -0.007813 0.906250
255 255 255 255
1.097656 0.629883
0.697754 0.381348
2 0 0 0
1 0 0 0
-0.012873 -0.066937 0.012432
-0.539063 -0.007813 0.828125
255 255 255 255
1.08252 0.620117
0.694824 0.372559
2 0 0 0
1 0 0 0
-0.006846 -0.066957 0.014841
-0.242188 -0.007813 0.953125
255 255 255 255
1.113281 0.620117
0.701172 0.372559
2 0 0 0
1 0 0 0
-0.003478 -0.066969 0.015444
-0.132813 -0.007813 0.976563
255 255 255 255
1.129883 0.620117
0.705078 0.372559
2 0 0 0
1 0 0 0
-0.003495 -0.076419 0.015444
-0.132813 -0.007813 0.976563
255 255 255 255
1.129883 0.629883
0.705078 0.381348
2 0 0 0
1 0 0 0
-0.015664 -0.076417 0.010278
-0.695313 -0.007813 0.703125
255 255 255 255
1.067383 0.629883
0.691406 0.381348
2 0 0 0
1 0 0 0
0.020008 -0.067048 0.003889
0.921875 -0.015625 0.328125
255 255 255 255
1.256836 0.620117
0.73291 0.372559
2 0 0 0
1 0 0 0
0.009974 -0.076420 0.013895
0.328125 -0.015625 0.921875
255 255 255 255
1.194336 0.629883
0.719238 0.381348
2 0 0 0
1 0 0 0
0.009991 -0.067014 0.013895
0.382813 -0.015625 0.898438
255 255 255 255
1.194336 0.620117
0.719238 0.372559
2 0 0 0
1 0 0 0
0.003511 -0.066992 0.015444
0.085938 -0.007813 0.976563
255 255 255 255
1.163574 0.620117
0.712402 0.372559
2 0 0 0
1 0 0 0
0.003495 -0.076420 0.015444
0.125000 -0.007813 0.968750
255 255 255 255
1.163574 0.629883
0.712402 0.381348
2 0 0 0
1 0 0 0
0.015681 -0.067033 0.010278
0.648438 -0.015625 0.726563
255 255 255 255
1.225098 0.620117
0.726074 0.372559
2 0 0 0
1 0 0 0
0.015664 -0.076421 0.010278
0.695313 -0.015625 0.679688
255 255 255 255
1.225098 0.629883
0.726074 0.381348
2 0 0 0
1 0 0 0
-0.012873 -0.066937 -0.012433
-0.539063 -0.007813 -0.851563
255 255 255 255
0.08252 0.620117
0.636719 0.371094
2 0 0 0
1 0 0 0
-0.009974 -0.076418 -0.013895
-0.382813 -0.007813 -0.929688
255 255 255 255
0.097656 0.629883
0.640137 0.379395
2 0 0 0
1 0 0 0
-0.006846 -0.066957 -0.014841
-0.242188 -0.007813 -0.976563
255 255 255 255
0.113281 0.620117
0.643555 0.371094
2 0 0 0
1 0 0 0
-0.003478 -0.066969 -0.015445
-0.132813 -0.007813 -1.000000
255 255 255 255
0.129883 0.620117
0.647461 0.371094
2 0 0 0
1 0 0 0
-0.003495 -0.076419 -0.015445
-0.132813 -0.007813 -1.000000
255 255 255 255
0.129883 0.629883
0.647461 0.379395
2 0 0 0
1 0 0 0
-0.015664 -0.076417 -0.010279
-0.695313 -0.007813 -0.726563
255 255 255 255
0.067383 0.629883
0.633789 0.379395
2 0 0 0
1 0 0 0
0.020008 -0.067048 -0.003889
0.921875 -0.015625 -0.351563
255 255 255 255
0.256836 0.620117
0.675293 0.371094
2 0 0 0
1 0 0 0
0.009974 -0.076420 -0.013895
0.328125 -0.015625 -0.945313
255 255 255 255
0.194336 0.629883
0.661621 0.379395
2 0 0 0
1 0 0 0
0.009991 -0.067014 -0.013895
0.382813 -0.015625 -0.921875
255 255 255 255
0.194336 0.620117
0.661621 0.371094
2 0 0 0
1 0 0 0
0.003511 -0.066992 -0.015445
0.085938 -0.007813 -1.000000
255 255 255 255
0.163574 0.620117
0.654785 0.371094
2 0 0 0
1 0 0 0
0.003495 -0.076420 -0.015445
0.125000 -0.007813 -0.992188
255 255 255 255
0.163574 0.629883
0.654785 0.379395
2 0 0 0
1 0 0 0
0.015681 -0.067033 -0.010279
0.648438 -0.015625 -0.750000
255 255 255 255
0.225098 0.620117
0.668457 0.371094
2 0 0 0
1 0 0 0
0.015664 -0.076421 -0.010279
0.695313 -0.015625 -0.703125
255 255 255 255
0.225098 0.629883
0.668457 0.379395
2 0 0 0
1 0 0 0
-0.001008 0.189502 0.012716
-0.039063 -1.000000 -0.070313
255 255 255 255
1.086426 0.899902
0.636231 0.776367
2 0 0 0
1 0 0 0
-0.000708 0.189502 0.011251
-0.070313 -1.000000 -0.046875
255 255 255 255
1.078613 0.901367
0.634766 0.777344
2 0 0 0
1 0 0 0
0.023394 0.187604 0.011251
-0.125000 -1.000000 -0.039063
255 255 255 255
1.266602 0.899902
0.669922 0.776367
2 0 0 0
1 0 0 0
0.023694 0.187604 0.012716
-0.132813 -1.000000 -0.023438
255 255 255 255
1.263184 0.897949
0.669434 0.774902
2 0 0 0
1 0 0 0
0.030783 0.186944 0.003756
-0.007813 -1.000000 -0.007813
255 255 255 255
1.318359 0.897949
0.680176 0.774902
2 0 0 0
1 0 0 0
0.032358 0.187073 0.000000
-0.007813 -1.000000 -0.007813
255 255 255 255
1.336426 0.895508
0.683594 0.772949
2 0 0 0
1 0 0 0
0.031387 0.187064 0.000000
-0.007813 -1.000000 -0.007813
255 255 255 255
1.336914 0.897949
0.683594 0.774902
2 0 0 0
1 0 0 0
-0.008265 0.190179 0.003664
-0.031250 -1.000000 -0.093750
255 255 255 255
1.027832 0.892578
0.625 0.770996
2 0 0 0
1 0 0 0
-0.008822 0.190401 0.000000
-0.078125 -1.000000 -0.007813
255 255 255 255
1.007813 0.891113
0.621094 0.77002
2 0 0 0
1 0 0 0
-0.009690 0.190455 0.000000
-0.078125 -1.000000 -0.007813
255 255 255 255
1.007324 0.889648
0.621094 0.768555
2 0 0 0
1 0 0 0
0.007383 0.199652 0.013822
-0.226563 -0.882813 0.406250
255 255 255 255
1.157227 0.888184
0.649414 0.767578
2 0 0 0
1 0 0 0
0.011871 0.199608 0.015281
-0.078125 -0.921875 0.382813
255 255 255 255
1.180176 0.886719
0.653809 0.766113
2 0 0 0
1 0 0 0
0.016293 0.198833 0.013822
-0.007813 -0.921875 0.375000
255 255 255 255
1.203125 0.887695
0.658203 0.76709
2 0 0 0
1 0 0 0
0.016363 0.212337 0.006626
0.210938 0.929688 0.226563
255 255 255 255
1.201172 0.86377
0.657715 0.748535
2 0 0 0
1 0 0 0
0.015994 0.210203 0.011742
0.226563 0.875000 0.375000
255 255 255 255
1.194824 0.871094
0.656738 0.754395
2 0 0 0
1 0 0 0
0.024169 0.210892 0.005988
0.195313 0.945313 0.171875
255 255 255 255
1.243164 0.865723
0.666016 0.750488
2 0 0 0
1 0 0 0
0.021640 0.209722 0.010347
0.156250 0.898438 0.343750
255 255 255 255
1.225098 0.870606
0.662109 0.753906
2 0 0 0
1 0 0 0
0.024867 0.210899 0.000000
0.226563 0.953125 -0.007813
255 255 255 255
1.259766 0.859375
0.668945 0.745606
2 0 0 0
1 0 0 0
0.016403 0.212605 0.000000
0.195313 0.960938 -0.007813
255 255 255 255
1.211426 0.854981
0.659668 0.742188
2 0 0 0
1 0 0 0
-0.004334 0.189739 -0.009146
0.023438 -1.000000 0.085938
255 255 255 255
0.059082 0.897949
0.697266 0.766602
2 0 0 0
1 0 0 0
-0.000708 0.189502 -0.011251
-0.070313 -1.000000 0.023438
255 255 255 255
0.078613 0.901367
0.700684 0.769531
2 0 0 0
1 0 0 0
-0.001008 0.189502 -0.012716
-0.039063 -1.000000 0.046875
255 255 255 255
0.086426 0.899902
0.702148 0.768555
2 0 0 0
1 0 0 0
0.023394 0.187604 -0.011251
-0.125000 -1.000000 0.015625
255 255 255 255
0.266602 0.899902
0.736328 0.768555
2 0 0 0
1 0 0 0
0.023694 0.187604 -0.012716
-0.132813 -1.000000 0.000000
255 255 255 255
0.263184 0.897949
0.73584 0.76709
2 0 0 0
1 0 0 0
0.030783 0.186944 -0.003757
-0.007813 -1.000000 -0.007813
255 255 255 255
0.318359 0.897949
0.746094 0.76709
2 0 0 0
1 0 0 0
0.031387 0.187064 0.000000
-0.007813 -1.000000 -0.007813
255 255 255 255
0.336914 0.897949
0.749512 0.76709
2 0 0 0
1 0 0 0
0.032358 0.187073 0.000000
-0.007813 -1.000000 -0.007813
255 255 255 255
0.336426 0.895508
0.749512 0.765137
2 0 0 0
1 0 0 0
-0.008265 0.190179 -0.003665
-0.031250 -1.000000 0.070313
255 255 255 255
0.027832 0.892578
0.691406 0.763184
2 0 0 0
1 0 0 0
-0.009035 0.190195 -0.004312
-0.078125 -1.000000 0.039063
255 255 255 255
0.029297 0.89209
0.691406 0.762695
2 0 0 0
1 0 0 0
-0.008822 0.190401 0.000000
-0.078125 -1.000000 -0.007813
255 255 255 255
0.007813 0.891113
0.6875 0.762207
2 0 0 0
1 0 0 0
-0.009690 0.190455 0.000000
-0.078125 -1.000000 -0.007813
255 255 255 255
0.007324 0.889648
0.6875 0.760742
2 0 0 0
1 0 0 0
0.011871 0.199608 -0.015281
-0.078125 -0.921875 -0.406250
255 255 255 255
0.180176 0.886719
0.720215 0.758301
2 0 0 0
1 0 0 0
0.007383 0.199652 -0.013823
-0.226563 -0.882813 -0.429688
255 255 255 255
0.157227 0.888184
0.71582 0.759766
2 0 0 0
1 0 0 0
0.016293 0.198833 -0.013823
-0.007813 -0.921875 -0.398438
255 255 255 255
0.203125 0.887695
0.724609 0.759277
2 0 0 0
1 0 0 0
0.016363 0.212337 -0.006627
0.210938 0.929688 -0.250000
255 255 255 255
0.201172 0.86377
0.724121 0.740723
2 0 0 0
1 0 0 0
0.015994 0.210203 -0.011742
0.226563 0.875000 -0.398438
255 255 255 255
0.194824 0.871094
0.722656 0.746582
2 0 0 0
1 0 0 0
0.024169 0.210892 -0.005988
0.195313 0.945313 -0.195313
255 255 255 255
0.243164 0.865723
0.731934 0.742676
2 0 0 0
1 0 0 0
0.021640 0.209722 -0.010347
0.156250 0.898438 -0.367188
255 255 255 255
0.225098 0.870606
0.728516 0.746094
2 0 0 0
1 0 0 0
0.024867 0.210899 0.000000
0.226563 0.953125 -0.007813
255 255 255 255
0.259766 0.859375
0.735352 0.737793
2 0 0 0
1 0 0 0
0.016403 0.212605 0.000000
0.195313 0.960938 -0.007813
255 255 255 255
0.211426 0.854981
0.726074 0.734375
2 0 0 0
1 0 0 0
0.015962 -0.110391 0.001791
0.664063 -0.023438 -0.742188
255 255 255 255
1.039063 0.9375
0.384766 0.499512
2 0 0 0
1 0 0 0
0.001987 -0.110394 0.006229
-0.101563 -0.007813 0.976563
255 255 255 255
1.148926 0.941406
0.392578 0.501465
2 0 0 0
1 0 0 0
-0.019645 -0.110452 0.002181
-0.195313 -0.007813 0.960938
255 255 255 255
1.310547 0.94043
0.404297 0.500977
2 0 0 0
1 0 0 0
0.015552 -0.110356 0.006163
-0.007813 -0.007813 0.984375
255 255 255 255
1.046387 0.939941
0.385742 0.500977
2 0 0 0
1 0 0 0
-0.019645 -0.110452 -0.002191
-0.195313 -0.007813 -0.984375
255 255 255 255
0.310547 0.94043
0.361816 0.096191
2 0 0 0
1 0 0 0
0.001987 -0.110394 -0.006272
-0.109375 -0.007813 -1.000000
255 255 255 255
0.148926 0.941406
0.350586 0.09668
2 0 0 0
1 0 0 0
0.015552 -0.110356 -0.006319
-0.007813 -0.007813 -1.000000
255 255 255 255
0.046387 0.939941
0.343262 0.095703
2 0 0 0
1 0 0 0
0.012897 -0.067376 0.010925
0.609375 0.023438 0.757813
255 255 255 255
1.52832 0.995606
0.719727 0.509277
2 0 0 0
1 0 0 0
0.016075 -0.051952 0.007683
0.617188 0.023438 0.757813
255 255 255 255
1.547852 0.979492
0.724121 0.493164
2 0 0 0
1 0 0 0
0.003269 -0.057856 0.014301
-0.304688 0.437500 0.820313
255 255 255 255
1.48877 0.984375
0.709961 0.498047
2 0 0 0
1 0 0 0
-0.003350 -0.064692 -0.015295
0.007813 -0.242188 -0.976563
255 255 255 255
1.460449 0.992188
0.645996 0.421387
2 0 0 0
1 0 0 0
-0.012470 -0.052245 -0.011442
-0.609375 0.093750 -0.796875
255 255 255 255
1.419922 0.979981
0.636231 0.409668
2 0 0 0
1 0 0 0
-0.000978 -0.063403 -0.015358
0.031250 -0.281250 -0.968750
255 255 255 255
1.46875 0.991211
0.648438 0.42041
2 0 0 0
1 0 0 0
0.007739 0.188950 0.013386
0.007813 -0.226563 0.953125
255 255 255 255
1.460449 0.97168
0.712402 0.665039
2 0 0 0
1 0 0 0
-0.000715 0.201516 0.010308
-0.554688 0.125000 0.812500
255 255 255 255
1.419922 0.959473
0.702637 0.65332
2 0 0 0
1 0 0 0
0.010102 0.190011 0.013433
0.007813 -0.265625 0.945313
255 255 255 255
1.46875 0.970703
0.714356 0.664063
2 0 0 0
1 0 0 0
0.024133 0.185185 -0.010995
0.585938 -0.023438 -0.804688
255 255 255 255
1.52832 0.975098
0.727051 0.557129
2 0 0 0
1 0 0 0
0.028455 0.199642 -0.007712
0.656250 -0.031250 -0.742188
255 255 255 255
1.547852 0.958496
0.731445 0.542481
2 0 0 0
1 0 0 0
0.014523 0.194997 -0.012753
-0.390625 0.437500 -0.812500
255 255 255 255
1.48877 0.963867
0.717773 0.546875
2 0 0 0
1 0 0 0
0.006163 0.174174 0.013762
-0.007813 -0.234375 0.953125
255 255 255 255
1.460449 0.97168
0.711426 0.642578
2 0 0 0
1 0 0 0
-0.002065 0.186642 0.010295
-0.562500 0.132813 0.804688
255 255 255 255
1.419922 0.959473
0.702148 0.631348
2 0 0 0
1 0 0 0
0.008629 0.175238 0.013819
0.007813 -0.273438 0.945313
255 255 255 255
1.46875 0.970703
0.713379 0.641602
2 0 0 0
1 0 0 0
0.022646 0.170453 -0.010919
0.585938 -0.023438 -0.804688
255 255 255 255
1.52832 0.975098
0.788574 0.580078
2 0 0 0
1 0 0 0
0.027231 0.184873 -0.007563
0.625000 -0.031250 -0.773438
255 255 255 255
1.547852 0.958496
0.792969 0.564453
2 0 0 0
1 0 0 0
0.013278 0.180224 -0.013057
-0.359375 0.445313 -0.820313
255 255 255 255
1.48877 0.963867
0.778809 0.569336
2 0 0 0
1 0 0 0
0.012897 -0.053622 0.010925
0.609375 0.023438 0.757813
255 255 255 255
1.52832 0.995606
0.721191 0.467773
2 0 0 0
1 0 0 0
0.016075 -0.038197 0.007683
0.617188 0.023438 0.757813
255 255 255 255
1.547852 0.979492
0.725586 0.45166
2 0 0 0
1 0 0 0
0.003269 -0.044101 0.014301
-0.304688 0.437500 0.820313
255 255 255 255
1.48877 0.984375
0.711426 0.456543
2 0 0 0
1 0 0 0
-0.003350 -0.050937 -0.015295
0.007813 -0.242188 -0.976563
255 255 255 255
1.460449 0.992188
0.645508 0.401856
2 0 0 0
1 0 0 0
-0.012470 -0.038490 -0.011442
-0.609375 0.093750 -0.796875
255 255 255 255
1.419922 0.979981
0.635742 0.390137
2 0 0 0
1 0 0 0
-0.000978 -0.049649 -0.015358
0.031250 -0.281250 -0.968750
255 255 255 255
1.46875 0.991211
0.647461 0.400879
2 0 0 0
1 0 0 0
-0.003142 -0.037808 -0.016217
-0.187500 -0.304688 -0.945313
255 255 255 255
1.460449 0.97168
0.644043 0.483398
2 0 0 0
1 0 0 0
-0.012380 -0.025320 -0.011941
-0.632813 0.078125 -0.781250
255 255 255 255
1.419922 0.959473
0.634277 0.471191
2 0 0 0
1 0 0 0
0.009310 -0.026685 -0.013459
0.570313 0.023438 -0.812500
255 255 255 255
1.513672 0.960938
0.657227 0.472656
2 0 0 0
1 0 0 0
0.008925 -0.039706 -0.014530
0.570313 0.023438 -0.812500
255 255 255 255
1.507813 0.973633
0.655762 0.484863
2 0 0 0
1 0 0 0
0.012971 -0.040565 -0.011131
0.625000 0.007813 -0.773438
255 255 255 255
1.52832 0.975098
0.660645 0.486328
2 0 0 0
1 0 0 0
0.016281 -0.025155 -0.007996
0.632813 0.007813 -0.765625
255 255 255 255
1.547852 0.958496
0.665527 0.470703
2 0 0 0
1 0 0 0
0.004009 -0.031001 -0.017176
0.195313 0.179688 -0.960938
255 255 255 255
1.48877 0.963867
0.650879 0.475586
2 0 0 0
1 0 0 0
-0.003148 -0.024729 -0.016196
-0.054688 -0.289063 -0.960938
255 255 255 255
1.460449 0.950684
0.705566 0.420898
2 0 0 0
1 0 0 0
-0.012271 -0.012150 -0.012170
-0.632813 0.085938 -0.781250
255 255 255 255
1.419922 0.938965
0.695801 0.40918
2 0 0 0
1 0 0 0
-0.000798 -0.023618 -0.016498
-0.078125 -0.335938 -0.945313
255 255 255 255
1.46875 0.949707
0.70752 0.419922
2 0 0 0
1 0 0 0
0.013141 -0.027509 -0.011375
0.632813 0.000000 -0.765625
255 255 255 255
1.52832 0.954102
0.722168 0.424316
2 0 0 0
1 0 0 0
0.016594 -0.012113 -0.008143
0.640625 0.000000 -0.765625
255 255 255 255
1.547852 0.937988
0.727051 0.408203
2 0 0 0
1 0 0 0
0.005963 -0.018194 -0.015592
-0.257813 0.507813 -0.820313
255 255 255 255
1.48877 0.942871
0.712402 0.413086
2 0 0 0
1 0 0 0
-0.002957 -0.011550 -0.016435
0.000000 -0.281250 -0.968750
255 255 255 255
1.460449 0.992188
0.644531 0.463379
2 0 0 0
1 0 0 0
-0.012107 0.001019 -0.012336
-0.640625 0.085938 -0.773438
255 255 255 255
1.419922 0.979981
0.634766 0.45166
2 0 0 0
1 0 0 0
-0.000542 -0.010293 -0.016539
0.015625 -0.320313 -0.953125
255 255 255 255
1.46875 0.991211
0.646484 0.462402
2 0 0 0
1 0 0 0
0.013417 -0.014453 -0.011595
0.640625 0.000000 -0.757813
255 255 255 255
1.52832 0.995606
0.661133 0.466797
2 0 0 0
1 0 0 0
0.016980 0.000927 -0.008247
0.640625 0.000000 -0.757813
255 255 255 255
1.547852 0.979492
0.666016 0.450684
2 0 0 0
1 0 0 0
0.004302 -0.004804 -0.016087
-0.289063 0.382813 -0.875000
255 255 255 255
1.48877 0.984375
0.651367 0.455566
2 0 0 0
1 0 0 0
-0.002718 0.001578 -0.016648
0.000000 -0.273438 -0.968750
255 255 255 255
1.460449 0.97168
0.706543 0.443359
2 0 0 0
1 0 0 0
-0.011852 0.014187 -0.012404
-0.640625 0.101563 -0.773438
255 255 255 255
1.419922 0.959473
0.696289 0.431641
2 0 0 0
1 0 0 0
-0.000278 0.002824 -0.016742
0.023438 -0.312500 -0.953125
255 255 255 255
1.46875 0.970703
0.708496 0.442383
2 0 0 0
1 0 0 0
0.013769 -0.001399 -0.011757
0.640625 0.000000 -0.757813
255 255 255 255
1.52832 0.975098
0.723145 0.446777
2 0 0 0
1 0 0 0
0.017398 0.013966 -0.008286
0.640625 0.007813 -0.757813
255 255 255 255
1.547852 0.958496
0.728027 0.430664
2 0 0 0
1 0 0 0
0.004163 0.008294 -0.015615
-0.304688 0.453125 -0.835938
255 255 255 255
1.48877 0.963867
0.713379 0.435547
2 0 0 0
1 0 0 0
-0.002407 0.014704 -0.016729
0.000000 -0.265625 -0.968750
255 255 255 255
1.460449 0.950684
0.704102 0.484863
2 0 0 0
1 0 0 0
-0.011475 0.027353 -0.012341
-0.632813 0.117188 -0.773438
255 255 255 255
1.419922 0.938965
0.693848 0.472656
2 0 0 0
1 0 0 0
0.000052 0.015939 -0.016806
0.023438 -0.304688 -0.960938
255 255 255 255
1.46875 0.949707
0.706055 0.483398
2 0 0 0
1 0 0 0
0.014165 0.011655 -0.011833
0.640625 0.007813 -0.757813
255 255 255 255
1.52832 0.954102
0.721191 0.487793
2 0 0 0
1 0 0 0
0.017803 0.027004 -0.008238
0.640625 0.007813 -0.757813
255 255 255 255
1.547852 0.937988
0.725586 0.47168
2 0 0 0
1 0 0 0
0.004536 0.021389 -0.015607
-0.296875 0.460938 -0.835938
255 255 255 255
1.48877 0.942871
0.710938 0.477051
2 0 0 0
1 0 0 0
-0.002018 0.027828 -0.016632
-0.007813 -0.250000 -0.976563
255 255 255 255
1.460449 0.992188
0.771973 0.643066
2 0 0 0
1 0 0 0
-0.010948 0.040517 -0.012113
-0.632813 0.132813 -0.773438
255 255 255 255
1.419922 0.979981
0.761719 0.630859
2 0 0 0
1 0 0 0
0.000450 0.029053 -0.016689
0.023438 -0.289063 -0.960938
255 255 255 255
1.46875 0.991211
0.773926 0.64209
2 0 0 0
1 0 0 0
0.014569 0.024707 -0.011790
0.632813 0.015625 -0.765625
255 255 255 255
1.52832 0.995606
0.788574 0.646484
2 0 0 0
1 0 0 0
0.018146 0.040040 -0.008081
0.632813 0.023438 -0.765625
255 255 255 255
1.547852 0.979492
0.793457 0.629883
2 0 0 0
1 0 0 0
0.004948 0.034483 -0.015413
-0.296875 0.468750 -0.828125
255 255 255 255
1.48877 0.984375
0.778809 0.635254
2 0 0 0
1 0 0 0
-0.001549 0.040951 0.015894
0.000000 -0.210938 0.960938
255 255 255 255
1.460449 0.97168
0.773926 0.732422
2 0 0 0
1 0 0 0
-0.010254 0.053679 0.011469
-0.609375 0.148438 0.765625
255 255 255 255
1.419922 0.959473
0.76416 0.720703
2 0 0 0
1 0 0 0
0.000907 0.042165 0.015917
0.023438 -0.250000 0.953125
255 255 255 255
1.46875 0.970703
0.776367 0.731445
2 0 0 0
1 0 0 0
0.014942 0.037757 -0.011597
0.632813 0.031250 -0.765625
255 255 255 255
1.52832 0.975098
0.791016 0.55957
2 0 0 0
1 0 0 0
0.018372 0.053074 -0.007795
0.632813 0.031250 -0.765625
255 255 255 255
1.547852 0.958496
0.795898 0.543457
2 0 0 0
1 0 0 0
0.005378 0.047575 -0.014991
-0.289063 0.492188 -0.820313
255 255 255 255
1.48877 0.963867
0.78125 0.54834
2 0 0 0
1 0 0 0
-0.001004 0.054072 0.015295
0.000000 -0.242188 0.953125
255 255 255 255
1.460449 0.950684
0.651367 0.598145
2 0 0 0
1 0 0 0
-0.009671 0.066839 0.011442
-0.609375 0.117188 0.773438
255 255 255 255
1.419922 0.938965
0.641602 0.586426
2 0 0 0
1 0 0 0
0.001413 0.055274 0.015358
0.023438 -0.281250 0.945313
255 255 255 255
1.46875 0.949707
0.65332 0.597168
2 0 0 0
1 0 0 0
0.015136 0.050805 -0.010926
0.609375 0.000000 -0.781250
255 255 255 255
1.52832 0.954102
0.790039 0.691406
2 0 0 0
1 0 0 0
0.018867 0.066105 -0.007684
0.617188 0.000000 -0.781250
255 255 255 255
1.547852 0.937988
0.794922 0.675781
2 0 0 0
1 0 0 0
0.005857 0.060665 -0.014302
-0.289063 0.445313 -0.843750
255 255 255 255
1.48877 0.942871
0.780273 0.680664
2 0 0 0
1 0 0 0
0.015680 0.063850 0.010925
0.609375 0.000000 0.757813
255 255 255 255
1.52832 0.995606
0.672363 0.737305
2 0 0 0
1 0 0 0
0.019003 0.063201 0.008296
0.617188 0.000000 0.750000
255 255 255 255
1.546875 0.996582
0.676758 0.737793
2 0 0 0
1 0 0 0
0.019480 0.079134 0.007683
0.617188 0.000000 0.757813
255 255 255 255
1.547852 0.979492
0.676758 0.721191
2 0 0 0
1 0 0 0
0.006445 0.073752 0.014301
-0.289063 0.453125 0.820313
255 255 255 255
1.48877 0.984375
0.662598 0.726074
2 0 0 0
1 0 0 0
0.015680 0.063850 -0.010926
0.609375 0.000000 -0.781250
255 255 255 255
1.52832 0.995606
0.666504 0.665527
2 0 0 0
1 0 0 0
0.019480 0.079134 -0.007684
0.617188 0.000000 -0.781250
255 255 255 255
1.547852 0.979492
0.671387 0.649414
2 0 0 0
1 0 0 0
0.006445 0.073752 -0.014302
-0.289063 0.453125 -0.843750
255 255 255 255
1.48877 0.984375
0.657227 0.654297
2 0 0 0
1 0 0 0
0.016282 0.076893 0.010925
0.609375 -0.007813 0.757813
255 255 255 255
1.52832 0.975098
0.791016 0.668945
2 0 0 0
1 0 0 0
0.019603 0.076229 0.008296
0.625000 -0.007813 0.750000
255 255 255 255
1.546875 0.975586
0.79541 0.669922
2 0 0 0
1 0 0 0
0.020151 0.092160 0.007683
0.617188 -0.007813 0.757813
255 255 255 255
1.547852 0.958496
0.79541 0.65332
2 0 0 0
1 0 0 0
0.007093 0.086837 0.014301
-0.281250 0.453125 0.820313
255 255 255 255
1.48877 0.963867
0.78125 0.658203
2 0 0 0
1 0 0 0
0.016282 0.076893 -0.010926
0.609375 -0.007813 -0.781250
255 255 255 255
1.52832 0.975098
0.668945 0.690918
2 0 0 0
1 0 0 0
0.020151 0.092160 -0.007684
0.617188 -0.007813 -0.781250
255 255 255 255
1.547852 0.958496
0.673828 0.674805
2 0 0 0
1 0 0 0
0.007093 0.086837 -0.014302
-0.281250 0.453125 -0.843750
255 255 255 255
1.48877 0.963867
0.659668 0.680176
2 0 0 0
1 0 0 0
0.000850 0.093418 0.015295
0.000000 -0.242188 0.953125
255 255 255 255
1.460449 0.950684
0.712402 0.687012
2 0 0 0
1 0 0 0
-0.007644 0.106301 0.011442
-0.601563 0.125000 0.773438
255 255 255 255
1.419922 0.938965
0.702637 0.675293
2 0 0 0
1 0 0 0
0.003282 0.094588 0.015358
0.015625 -0.281250 0.945313
255 255 255 255
1.46875 0.949707
0.714356 0.686035
2 0 0 0
1 0 0 0
0.016943 0.089934 -0.010926
0.609375 -0.007813 -0.781250
255 255 255 255
1.52832 0.954102
0.790039 0.713379
2 0 0 0
1 0 0 0
0.020881 0.105182 -0.007684
0.617188 -0.007813 -0.781250
255 255 255 255
1.547852 0.937988
0.794922 0.697754
2 0 0 0
1 0 0 0
0.007799 0.099918 -0.014302
-0.281250 0.453125 -0.843750
255 255 255 255
1.48877 0.942871
0.780762 0.702637
2 0 0 0
1 0 0 0
0.001585 0.106528 0.015295
0.000000 -0.242188 0.953125
255 255 255 255
1.460449 0.992188
0.651856 0.57666
2 0 0 0
1 0 0 0
-0.006851 0.119448 0.011442
-0.601563 0.125000 0.773438
255 255 255 255
1.419922 0.979981
0.64209 0.564941
2 0 0 0
1 0 0 0
0.004023 0.107687 0.015358
0.015625 -0.281250 0.945313
255 255 255 255
1.46875 0.991211
0.653809 0.575684
2 0 0 0
1 0 0 0
0.017663 0.102971 -0.010926
0.609375 -0.015625 -0.781250
255 255 255 255
1.52832 0.995606
0.669922 0.712891
2 0 0 0
1 0 0 0
0.021669 0.118202 -0.007684
0.617188 -0.007813 -0.781250
255 255 255 255
1.547852 0.979492
0.674316 0.696777
2 0 0 0
1 0 0 0
0.008563 0.112997 -0.014302
-0.281250 0.453125 -0.843750
255 255 255 255
1.48877 0.984375
0.660156 0.702148
2 0 0 0
1 0 0 0
0.002380 0.119634 0.015295
-0.007813 -0.242188 0.953125
255 255 255 255
1.460449 0.97168
0.711914 0.622559
2 0 0 0
1 0 0 0
-0.005998 0.132592 0.011442
-0.601563 0.125000 0.773438
255 255 255 255
1.419922 0.959473
0.702148 0.61084
2 0 0 0
1 0 0 0
0.004823 0.120782 0.015358
0.015625 -0.281250 0.945313
255 255 255 255
1.46875 0.970703
0.713867 0.621582
2 0 0 0
1 0 0 0
0.018442 0.116005 -0.010926
0.609375 -0.015625 -0.781250
255 255 255 255
1.52832 0.975098
0.729981 0.602539
2 0 0 0
1 0 0 0
0.022516 0.131217 -0.007684
0.617188 -0.015625 -0.781250
255 255 255 255
1.547852 0.958496
0.734863 0.586426
2 0 0 0
1 0 0 0
0.009387 0.126071 -0.014302
-0.273438 0.453125 -0.843750
255 255 255 255
1.48877 0.963867
0.720703 0.591797
2 0 0 0
1 0 0 0
0.003233 0.132736 0.015295
-0.007813 -0.250000 0.953125
255 255 255 255
1.460449 0.950684
0.651856 0.554688
2 0 0 0
1 0 0 0
-0.005086 0.145732 0.011442
-0.601563 0.132813 0.773438
255 255 255 255
1.419922 0.938965
0.64209 0.542969
2 0 0 0
1 0 0 0
0.005682 0.133873 0.015358
0.015625 -0.281250 0.945313
255 255 255 255
1.46875 0.949707
0.653809 0.553711
2 0 0 0
1 0 0 0
0.019279 0.129035 -0.010926
0.609375 -0.015625 -0.781250
255 255 255 255
1.52832 0.954102
0.729004 0.580078
2 0 0 0
1 0 0 0
0.023421 0.144229 -0.007684
0.617188 -0.015625 -0.781250
255 255 255 255
1.547852 0.937988
0.733398 0.563965
2 0 0 0
1 0 0 0
0.010270 0.139142 -0.014302
-0.273438 0.453125 -0.843750
255 255 255 255
1.48877 0.942871
0.719238 0.569336
2 0 0 0
1 0 0 0
0.004146 0.145834 0.015295
-0.007813 -0.250000 0.953125
255 255 255 255
1.460449 0.992188
0.774414 0.599121
2 0 0 0
1 0 0 0
-0.004115 0.158868 0.011442
-0.601563 0.132813 0.773438
255 255 255 255
1.419922 0.979981
0.764648 0.587402
2 0 0 0
1 0 0 0
0.006599 0.146960 0.015358
0.015625 -0.281250 0.945313
255 255 255 255
1.46875 0.991211
0.776367 0.598145
2 0 0 0
1 0 0 0
0.020175 0.142061 -0.010926
0.609375 -0.023438 -0.781250
255 255 255 255
1.52832 0.995606
0.789063 0.625977
2 0 0 0
1 0 0 0
0.024385 0.157236 -0.007684
0.617188 -0.023438 -0.781250
255 255 255 255
1.547852 0.979492
0.793457 0.609863
2 0 0 0
1 0 0 0
0.011211 0.152209 -0.014302
-0.273438 0.460938 -0.843750
255 255 255 255
1.48877 0.984375
0.779297 0.614746
2 0 0 0
1 0 0 0
0.021129 0.155083 0.010925
0.609375 -0.023438 0.757813
255 255 255 255
1.52832 0.975098
0.667969 0.645508
2 0 0 0
1 0 0 0
0.025408 0.170239 0.007683
0.617188 -0.023438 0.757813
255 255 255 255
1.547852 0.958496
0.672852 0.629883
2 0 0 0
1 0 0 0
0.012211 0.165271 0.014301
-0.273438 0.460938 0.820313
255 255 255 255
1.48877 0.963867
0.658691 0.634766
2 0 0 0
1 0 0 0
0.021129 0.155083 -0.010926
0.609375 -0.023438 -0.781250
255 255 255 255
1.52832 0.975098
0.730469 0.712891
2 0 0 0
1 0 0 0
0.025408 0.170239 -0.007684
0.617188 -0.023438 -0.781250
255 255 255 255
1.547852 0.958496
0.735352 0.696777
2 0 0 0
1 0 0 0
0.012211 0.165271 -0.014302
-0.273438 0.460938 -0.843750
255 255 255 255
1.48877 0.963867
0.720703 0.702148
2 0 0 0
1 0 0 0
-0.014565 0.025993 0.007627
-0.976563 0.015625 0.203125
255 255 255 255
1.065918 0.500488
0.516113 0.514648
2 0 0 0
1 0 0 0
-0.015812 0.038860 0.000000
-1.000000 0.023438 -0.007813
255 255 255 255
1.03125 0.487305
0.509277 0.504395
2 0 0 0
1 0 0 0
-0.013669 0.051608 0.007627
-0.976563 0.023438 0.203125
255 255 255 255
1.065918 0.474121
0.516113 0.494141
2 0 0 0
1 0 0 0
-0.015236 0.000371 0.007627
-0.984375 0.007813 0.203125
255 255 255 255
1.065918 0.527344
0.516113 0.535645
2 0 0 0
1 0 0 0
-0.016596 0.013227 0.000000
-1.000000 -0.007813 -0.007813
255 255 255 255
1.03125 0.51416
0.509277 0.525391
2 0 0 0
1 0 0 0
-0.015684 -0.025255 0.007627
-0.984375 0.000000 0.203125
255 255 255 255
1.065918 0.554199
0.516113 0.556641
2 0 0 0
1 0 0 0
-0.017156 -0.012412 0.000000
-1.000000 -0.007813 -0.007813
255 255 255 255
1.03125 0.540527
0.509277 0.546387
2 0 0 0
1 0 0 0
-0.015823 -0.038070 0.007627
-0.984375 0.000000 0.203125
255 255 255 255
1.065918 0.567383
0.516113 0.567383
2 0 0 0
1 0 0 0
-0.015907 -0.050885 0.007627
-0.984375 -0.007813 0.203125
255 255 255 255
1.065918 0.581055
0.516113 0.577637
2 0 0 0
1 0 0 0
-0.017575 -0.050877 0.000000
-1.000000 -0.007813 -0.007813
255 255 255 255
1.03125 0.581055
0.509277 0.577637
2 0 0 0
1 0 0 0
-0.017492 -0.038055 0.000000
-1.000000 -0.007813 -0.007813
255 255 255 255
1.03125 0.567383
0.509277 0.567383
2 0 0 0
1 0 0 0
-0.015935 -0.063700 0.007627
-0.984375 -0.007813 0.203125
255 255 255 255
1.065918 0.594238
0.516113 0.588379
2 0 0 0
1 0 0 0
-0.017603 -0.063700 0.000000
-1.000000 -0.007813 -0.007813
255 255 255 255
1.03125 0.594238
0.509277 0.588379
2 0 0 0
1 0 0 0
-0.011907 0.090013 0.007627
-0.976563 0.039063 0.203125
255 255 255 255
1.065918 0.435059
0.516113 0.463379
2 0 0 0
1 0 0 0
-0.013573 0.090100 0.000000
-1.000000 0.039063 -0.007813
255 255 255 255
1.03125 0.435059
0.509277 0.463379
2 0 0 0
1 0 0 0
-0.011207 0.102809 0.007627
-0.976563 0.039063 0.203125
255 255 255 255
1.065918 0.421875
0.516113 0.453125
2 0 0 0
1 0 0 0
-0.012550 0.077214 0.007627
-0.976563 0.031250 0.203125
255 255 255 255
1.065918 0.447754
0.516113 0.473633
2 0 0 0
1 0 0 0
-0.012117 0.115704 0.000000
-1.000000 0.046875 -0.007813
255 255 255 255
1.03125 0.40918
0.509277 0.442871
2 0 0 0
1 0 0 0
-0.009641 0.128391 0.007627
-0.976563 0.054688 0.203125
255 255 255 255
1.065918 0.396484
0.516113 0.433106
2 0 0 0
1 0 0 0
-0.008774 0.141177 0.007627
-0.976563 0.054688 0.203125
255 255 255 255
1.065918 0.383789
0.516113 0.422852
2 0 0 0
1 0 0 0
-0.010438 0.141294 0.000000
-1.000000 0.054688 -0.007813
255 255 255 255
1.03125 0.383789
0.509277 0.422852
2 0 0 0
1 0 0 0
-0.007851 0.153959 0.007627
-0.976563 0.062500 0.203125
255 255 255 255
1.065918 0.371094
0.516113 0.413086
2 0 0 0
1 0 0 0
-0.008535 0.166868 0.000000
-1.000000 0.070313 -0.007813
255 255 255 255
1.03125 0.358398
0.509277 0.40332
2 0 0 0
1 0 0 0
-0.007485 0.179822 0.000000
-1.000000 0.070313 -0.007813
255 255 255 255
1.03125 0.345703
0.509277 0.393066
2 0 0 0
1 0 0 0
-0.005823 0.179683 0.007627
-0.976563 0.070313 0.203125
255 255 255 255
1.065918 0.345703
0.516113 0.393066
2 0 0 0
1 0 0 0
-0.004686 0.192971 0.007627
-0.976563 0.070313 0.203125
255 255 255 255
1.065918 0.33252
0.516113 0.382813
2 0 0 0
1 0 0 0
-0.006348 0.193117 0.000000
-1.000000 0.078125 -0.007813
255 255 255 255
1.03125 0.33252
0.509277 0.382813
2 0 0 0
1 0 0 0
-0.014804 0.064485 0.000000
-1.000000 0.031250 -0.007813
255 255 255 255
1.03125 0.460938
0.509277 0.483887
2 0 0 0
1 0 0 0
0.018176 0.050355 0.007627
0.953125 -0.046875 0.203125
255 255 255 255
1.208984 0.474121
0.543945 0.494141
2 0 0 0
1 0 0 0
0.019843 0.050290 0.000000
0.976563 -0.046875 -0.007813
255 255 255 255
1.239746 0.474121
0.550293 0.494141
2 0 0 0
1 0 0 0
0.019373 0.037630 0.000000
0.976563 -0.046875 -0.007813
255 255 255 255
1.239746 0.487305
0.550293 0.504395
2 0 0 0
1 0 0 0
0.017290 0.025019 0.007627
0.953125 -0.039063 0.203125
255 255 255 255
1.208984 0.500488
0.543945 0.514648
2 0 0 0
1 0 0 0
0.018598 0.012304 0.000000
0.984375 -0.007813 -0.007813
255 255 255 255
1.239746 0.51416
0.550293 0.525391
2 0 0 0
1 0 0 0
0.016626 -0.000324 0.007627
0.960938 -0.031250 0.203125
255 255 255 255
1.208984 0.527344
0.543945 0.535645
2 0 0 0
1 0 0 0
0.016377 -0.012998 0.007627
0.960938 -0.031250 0.203125
255 255 255 255
1.208984 0.540527
0.543945 0.546387
2 0 0 0
1 0 0 0
0.018045 -0.013027 0.000000
0.984375 -0.007813 -0.007813
255 255 255 255
1.239746 0.540527
0.550293 0.546387
2 0 0 0
1 0 0 0
0.016184 -0.025672 0.007627
0.960938 -0.023438 0.203125
255 255 255 255
1.208984 0.554199
0.543945 0.556641
2 0 0 0
1 0 0 0
0.017714 -0.038362 0.000000
0.984375 -0.007813 -0.007813
255 255 255 255
1.239746 0.567383
0.550293 0.567383
2 0 0 0
1 0 0 0
0.017631 -0.051031 0.000000
0.984375 -0.007813 -0.007813
255 255 255 255
1.239746 0.581055
0.550293 0.577637
2 0 0 0
1 0 0 0
0.015962 -0.051023 0.007627
0.960938 -0.015625 0.203125
255 255 255 255
1.208984 0.581055
0.543945 0.577637
2 0 0 0
1 0 0 0
0.015935 -0.063700 0.007627
0.960938 -0.015625 0.203125
255 255 255 255
1.208984 0.594238
0.543945 0.588379
2 0 0 0
1 0 0 0
0.017603 -0.063700 0.000000
0.984375 -0.007813 -0.007813
255 255 255 255
1.239746 0.594238
0.550293 0.588379
2 0 0 0
1 0 0 0
0.020611 0.101000 0.007627
0.953125 -0.062500 0.203125
255 255 255 255
1.208984 0.421875
0.543945 0.453125
2 0 0 0
1 0 0 0
0.021586 0.088255 0.000000
0.976563 -0.062500 -0.007813
255 255 255 255
1.239746 0.435059
0.550293 0.463379
2 0 0 0
1 0 0 0
0.019283 0.075683 0.007627
0.953125 -0.054688 0.203125
255 255 255 255
1.208984 0.447754
0.543945 0.473633
2 0 0 0
1 0 0 0
0.022161 0.126304 0.007627
0.953125 -0.078125 0.203125
255 255 255 255
1.208984 0.396484
0.543945 0.433106
2 0 0 0
1 0 0 0
0.023024 0.113552 0.000000
0.976563 -0.070313 -0.007813
255 255 255 255
1.239746 0.40918
0.550293 0.442871
2 0 0 0
1 0 0 0
0.023018 0.138951 0.007627
0.953125 -0.078125 0.203125
255 255 255 255
1.208984 0.383789
0.543945 0.422852
2 0 0 0
1 0 0 0
0.023931 0.151594 0.007627
0.953125 -0.085938 0.203125
255 255 255 255
1.208984 0.371094
0.543945 0.413086
2 0 0 0
1 0 0 0
0.024683 0.138835 0.000000
0.976563 -0.078125 -0.007813
255 255 255 255
1.239746 0.383789
0.550293 0.422852
2 0 0 0
1 0 0 0
0.025937 0.177039 0.007627
0.953125 -0.093750 0.203125
255 255 255 255
1.208984 0.345703
0.543945 0.393066
2 0 0 0
1 0 0 0
0.026563 0.164102 0.000000
0.976563 -0.093750 -0.007813
255 255 255 255
1.239746 0.358398
0.550293 0.40332
2 0 0 0
1 0 0 0
0.027062 0.190182 0.007627
0.953125 -0.093750 0.203125
255 255 255 255
1.208984 0.33252
0.543945 0.382813
2 0 0 0
1 0 0 0
0.028723 0.190036 0.000000
0.976563 -0.101563 -0.007813
255 255 255 255
1.239746 0.33252
0.550293 0.382813
2 0 0 0
1 0 0 0
0.018702 0.063020 0.007627
0.953125 -0.054688 0.203125
255 255 255 255
1.208984 0.460938
0.543945 0.483887
2 0 0 0
1 0 0 0
0.020369 0.062947 0.000000
0.976563 -0.054688 -0.007813
255 255 255 255
1.239746 0.460938
0.550293 0.483887
2 0 0 0
1 0 0 0
-0.015812 0.038860 0.000000
-1.000000 0.023438 -0.007813
255 255 255 255
0.03125 0.487305
0.560059 0.505859
2 0 0 0
1 0 0 0
-0.014565 0.025993 -0.007628
-0.976563 0.015625 -0.226563
255 255 255 255
0.065918 0.500488
0.566895 0.516113
2 0 0 0
1 0 0 0
-0.013669 0.051608 -0.007628
-0.976563 0.023438 -0.226563
255 255 255 255
0.065918 0.474121
0.566895 0.495117
2 0 0 0
1 0 0 0
-0.016596 0.013227 0.000000
-1.000000 -0.007813 -0.007813
255 255 255 255
0.03125 0.51416
0.560059 0.526367
2 0 0 0
1 0 0 0
-0.015236 0.000371 -0.007628
-0.984375 0.007813 -0.226563
255 255 255 255
0.065918 0.527344
0.566895 0.537109
2 0 0 0
1 0 0 0
-0.017156 -0.012412 0.000000
-1.000000 -0.007813 -0.007813
255 255 255 255
0.03125 0.540527
0.560059 0.547363
2 0 0 0
1 0 0 0
-0.015684 -0.025255 -0.007628
-0.984375 0.000000 -0.226563
255 255 255 255
0.065918 0.554199
0.566895 0.558106
2 0 0 0
1 0 0 0
-0.015823 -0.038070 -0.007628
-0.984375 0.000000 -0.226563
255 255 255 255
0.065918 0.567383
0.566895 0.568359
2 0 0 0
1 0 0 0
-0.017492 -0.038055 0.000000
-1.000000 -0.007813 -0.007813
255 255 255 255
0.03125 0.567383
0.560059 0.568359
2 0 0 0
1 0 0 0
-0.017575 -0.050877 0.000000
-1.000000 -0.007813 -0.007813
255 255 255 255
0.03125 0.581055
0.560059 0.579102
2 0 0 0
1 0 0 0
-0.015907 -0.050885 -0.007628
-0.984375 -0.007813 -0.226563
255 255 255 255
0.065918 0.581055
0.566895 0.579102
2 0 0 0
1 0 0 0
-0.015935 -0.063700 -0.007628
-0.984375 -0.007813 -0.226563
255 255 255 255
0.065918 0.594238
0.566895 0.589844
2 0 0 0
1 0 0 0
-0.017603 -0.063700 0.000000
-1.000000 -0.007813 -0.007813
255 255 255 255
0.03125 0.594238
0.560059 0.589844
2 0 0 0
1 0 0 0
-0.011207 0.102809 -0.007628
-0.976563 0.039063 -0.226563
255 255 255 255
0.065918 0.421875
0.566895 0.454102
2 0 0 0
1 0 0 0
-0.013573 0.090100 0.000000
-1.000000 0.039063 -0.007813
255 255 255 255
0.03125 0.435059
0.560059 0.464356
2 0 0 0
1 0 0 0
-0.012550 0.077214 -0.007628
-0.976563 0.031250 -0.226563
255 255 255 255
0.065918 0.447754
0.566895 0.474609
2 0 0 0
1 0 0 0
-0.009641 0.128391 -0.007628
-0.976563 0.054688 -0.226563
255 255 255 255
0.065918 0.396484
0.566895 0.434082
2 0 0 0
1 0 0 0
-0.012117 0.115704 0.000000
-1.000000 0.046875 -0.007813
255 255 255 255
0.03125 0.40918
0.560059 0.444336
2 0 0 0
1 0 0 0
-0.008774 0.141177 -0.007628
-0.976563 0.054688 -0.226563
255 255 255 255
0.065918 0.383789
0.566895 0.424316
2 0 0 0
1 0 0 0
-0.007851 0.153959 -0.007628
-0.976563 0.062500 -0.226563
255 255 255 255
0.065918 0.371094
0.566895 0.414063
2 0 0 0
1 0 0 0
-0.010438 0.141294 0.000000
-1.000000 0.054688 -0.007813
255 255 255 255
0.03125 0.383789
0.560059 0.424316
2 0 0 0
1 0 0 0
-0.005823 0.179683 -0.007628
-0.976563 0.070313 -0.226563
255 255 255 255
0.065918 0.345703
0.566895 0.394531
2 0 0 0
1 0 0 0
-0.007485 0.179822 0.000000
-1.000000 0.070313 -0.007813
255 255 255 255
0.03125 0.345703
0.560059 0.394531
2 0 0 0
1 0 0 0
-0.008535 0.166868 0.000000
-1.000000 0.070313 -0.007813
255 255 255 255
0.03125 0.358398
0.560059 0.404297
2 0 0 0
1 0 0 0
-0.006348 0.193117 0.000000
-1.000000 0.078125 -0.007813
255 255 255 255
0.03125 0.33252
0.560059 0.383789
2 0 0 0
1 0 0 0
-0.004686 0.192971 -0.007628
-0.976563 0.070313 -0.226563
255 255 255 255
0.065918 0.33252
0.566895 0.383789
2 0 0 0
1 0 0 0
-0.013138 0.064412 -0.007628
-0.976563 0.031250 -0.226563
255 255 255 255
0.065918 0.460938
0.566895 0.484863
2 0 0 0
1 0 0 0
-0.014804 0.064485 0.000000
-1.000000 0.031250 -0.007813
255 255 255 255
0.03125 0.460938
0.560059 0.484863
2 0 0 0
1 0 0 0
0.017705 0.037688 -0.007628
0.953125 -0.046875 -0.226563
255 255 255 255
0.208984 0.487305
0.594727 0.505859
2 0 0 0
1 0 0 0
0.019373 0.037630 0.000000
0.976563 -0.046875 -0.007813
255 255 255 255
0.239746 0.487305
0.601074 0.505859
2 0 0 0
1 0 0 0
0.019843 0.050290 0.000000
0.976563 -0.046875 -0.007813
255 255 255 255
0.239746 0.474121
0.601074 0.495117
2 0 0 0
1 0 0 0
0.018176 0.050355 -0.007628
0.953125 -0.046875 -0.226563
255 255 255 255
0.208984 0.474121
0.594727 0.495117
2 0 0 0
1 0 0 0
0.017290 0.025019 -0.007628
0.953125 -0.039063 -0.226563
255 255 255 255
0.208984 0.500488
0.594727 0.516113
2 0 0 0
1 0 0 0
0.018598 0.012304 0.000000
0.984375 -0.007813 -0.007813
255 255 255 255
0.239746 0.51416
0.601074 0.526367
2 0 0 0
1 0 0 0
0.016626 -0.000324 -0.007628
0.960938 -0.031250 -0.226563
255 255 255 255
0.208984 0.527344
0.594727 0.537109
2 0 0 0
1 0 0 0
0.016377 -0.012998 -0.007628
0.960938 -0.031250 -0.226563
255 255 255 255
0.208984 0.540527
0.594727 0.547363
2 0 0 0
1 0 0 0
0.018045 -0.013027 0.000000
0.984375 -0.007813 -0.007813
255 255 255 255
0.239746 0.540527
0.601074 0.547363
2 0 0 0
1 0 0 0
0.016184 -0.025672 -0.007628
0.960938 -0.023438 -0.226563
255 255 255 255
0.208984 0.554199
0.594727 0.558106
2 0 0 0
1 0 0 0
0.017714 -0.038362 0.000000
0.984375 -0.007813 -0.007813
255 255 255 255
0.239746 0.567383
0.601074 0.568359
2 0 0 0
1 0 0 0
0.015962 -0.051023 -0.007628
0.960938 -0.015625 -0.226563
255 255 255 255
0.208984 0.581055
0.594727 0.579102
2 0 0 0
1 0 0 0
0.017631 -0.051031 0.000000
0.984375 -0.007813 -0.007813
255 255 255 255
0.239746 0.581055
0.601074 0.579102
2 0 0 0
1 0 0 0
0.015935 -0.063700 -0.007628
0.960938 -0.015625 -0.226563
255 255 255 255
0.208984 0.594238
0.594727 0.589844
2 0 0 0
1 0 0 0
0.017603 -0.063700 0.000000
0.984375 -0.007813 -0.007813
255 255 255 255
0.239746 0.594238
0.601074 0.589844
2 0 0 0
1 0 0 0
0.021586 0.088255 0.000000
0.976563 -0.062500 -0.007813
255 255 255 255
0.239746 0.435059
0.601074 0.464356
2 0 0 0
1 0 0 0
0.020611 0.101000 -0.007628
0.953125 -0.062500 -0.226563
255 255 255 255
0.208984 0.421875
0.594727 0.454102
2 0 0 0
1 0 0 0
0.019283 0.075683 -0.007628
0.953125 -0.054688 -0.226563
255 255 255 255
0.208984 0.447754
0.594727 0.474609
2 0 0 0
1 0 0 0
0.023024 0.113552 0.000000
0.976563 -0.070313 -0.007813
255 255 255 255
0.239746 0.40918
0.601074 0.444336
2 0 0 0
1 0 0 0
0.022161 0.126304 -0.007628
0.953125 -0.078125 -0.226563
255 255 255 255
0.208984 0.396484
0.594727 0.434082
2 0 0 0
1 0 0 0
0.023018 0.138951 -0.007628
0.953125 -0.078125 -0.226563
255 255 255 255
0.208984 0.383789
0.594727 0.424316
2 0 0 0
1 0 0 0
0.024683 0.138835 0.000000
0.976563 -0.078125 -0.007813
255 255 255 255
0.239746 0.383789
0.601074 0.424316
2 0 0 0
1 0 0 0
0.023931 0.151594 -0.007628
0.953125 -0.085938 -0.226563
255 255 255 255
0.208984 0.371094
0.594727 0.414063
2 0 0 0
1 0 0 0
0.026563 0.164102 0.000000
0.976563 -0.093750 -0.007813
255 255 255 255
0.239746 0.358398
0.601074 0.404297
2 0 0 0
1 0 0 0
0.025937 0.177039 -0.007628
0.953125 -0.093750 -0.226563
255 255 255 255
0.208984 0.345703
0.594727 0.394531
2 0 0 0
1 0 0 0
0.027062 0.190182 -0.007628
0.953125 -0.093750 -0.226563
255 255 255 255
0.208984 0.33252
0.594727 0.383789
2 0 0 0
1 0 0 0
0.028723 0.190036 0.000000
0.976563 -0.101563 -0.007813
255 255 255 255
0.239746 0.33252
0.601074 0.383789
2 0 0 0
1 0 0 0
0.020369 0.062947 0.000000
0.976563 -0.054688 -0.007813
255 255 255 255
0.239746 0.460938
0.601074 0.484863
2 0 0 0
1 0 0 0
0.001519 -0.083154 0.004318
-0.007813 0.984375 -0.007813
255 255 255 255
0.180176 0.915527
0.392578 0.384277
2 0 0 0
1 0 0 0
4044
4 5 2179
2179 2178 4
3 2178 2179
2179 788 3
17 2205 16
2205 17 18
18 821 2205
821 18 819
819 818 821
817 818 819
819 820 817
2323 86 2321
2321 2320 2323
2320 2321 87
2323 2320 953
953 88 2323
87 2322 2320
2320 2322 85
85 953 2320
2322 87 954
954 2324 2322
85 2322 2324
953 85 981
981 2348 953
88 953 2348
2324 89 85
85 89 2349
2349 981 85
2324 954 979
89 2324 2325
979 2325 2324
2350 2348 981
105 981 2349
981 105 2350
2325 980 89
2351 2349 89
89 980 2351
2349 2351 982
2349 97 105
982 97 2349
2348 2350 2352
2352 2353 2348
2348 2353 88
2353 2352 983
978 2353 983
88 2353 978
978 971 88
978 983 99
978 99 2340
971 978 2340
2340 2341 971
2340 99 972
2340 972 970
970 2341 2340
972 99 977
972 977 2347
972 2347 78
78 970 972
977 2346 2347
2342 2347 2346
78 2347 2342
2346 2344 2342
975 2342 2344
950 2342 975
2342 950 78
2344 102 975
975 75 950
2343 975 102
75 975 2343
950 75 2308
78 950 2310
2308 2310 950
2310 2311 78
2308 75 79
2343 79 75
102 103 2343
2343 103 976
976 2345 2343
79 2343 2345
2309 2310 2308
77 2311 2310
2310 2309 77
2308 76 2309
79 2312 2308
76 2308 2312
2312 79 973
2345 973 79
2312 80 76
973 2313 2312
80 2312 2313
2313 974 80
2354 108 984
984 107 2354
110 2354 107
107 2355 110
2355 107 985
985 109 2355
986 112 987
987 111 986
111 987 113
113 2356 111
988 111 2356
2356 114 988
2357 117 990
990 2358 2357
2357 2358 115
115 989 2357
1004 127 1005
1005 2363 1004
2362 1004 2363
2363 128 2362
1003 2362 128
128 1002 1003
126 1003 1002
1002 1006 126
1007 126 1006
1006 2364 1007
130 1007 2364
2364 1008 130
131 132 1012
1012 1011 131
1011 1012 1010
1010 2366 1011
2366 1010 2365
2365 1009 2366
1009 2365 133
133 134 1009
134 133 1013
1013 1014 134
1014 1013 135
135 2367 1014
2367 135 136
136 1015 2367
1020 143 142
142 1021 1020
139 1020 1021
1021 137 139
1017 139 137
137 1018 1017
1016 1017 1018
1018 138 1016
140 1016 138
138 2368 140
140 2368 2369
2369 1019 140
1019 2369 141
141 1022 1019
147 148 145
145 1026 147
1026 145 1023
1023 2371 1026
2371 1023 2370
2370 144 2371
144 2370 1024
1024 1025 144
1025 1024 1027
1027 1028 1025
1028 1027 146
146 2372 1028
2372 146 584
584 1029 2372
1051 163 1052
1052 2380 1051
2379 1051 2380
2380 164 2379
1050 2379 164
164 1049 1050
162 1050 1049
1049 1053 162
1054 162 1053
1053 2381 1054
166 1054 2381
2381 1055 166
171 170 1058
1058 169 171
169 1058 167
167 2384 169
2384 167 2383
2383 2382 2384
2382 2383 1056
1056 1057 2382
1057 1056 1059
1059 168 1057
168 1059 1061
1061 2385 168
2385 1061 1062
1062 1060 2385
1093 192 1090
1090 1089 1093
1089 1090 1088
1088 2396 1089
2396 1088 2397
2397 191 2396
191 2397 193
193 1092 191
1092 193 195
195 194 1092
1295 333 2502
2502 2473 1295
1295 2473 2471
2471 1293 1295
2471 2473 1294
1294 2473 2502
2502 2501 1294
332 1293 2471
1294 2501 2500
2471 2472 332
2468 2472 2471
2471 2469 2468
1294 2469 2471
332 2472 2523
2523 2472 2468
2466 2469 1294
2500 2470 1294
1294 2470 2466
2468 2469 2466
2523 344 332
2466 2470 1292
1292 2470 2500
2500 2499 1292
2466 2467 2468
2468 2522 2523
2468 2467 1310
1310 2522 2468
1292 328 2466
331 2467 2466
2466 328 331
1310 2467 331
1311 2522 1310
2523 2522 1311
1311 2524 2523
1312 344 2523
2523 2524 1312
331 328 1290
1290 328 1292
1292 2465 1290
1292 2499 1302
1302 2465 1292
1312 2524 2544
2544 2524 1311
1290 2465 1288
1288 2465 1302
1310 2521 1311
1309 2521 1310
1310 2520 1309
331 2520 1310
1290 1291 331
331 1291 330
330 2520 331
1309 2520 330
2544 349 1312
1288 1287 1290
1286 1291 1290
1290 1287 1286
330 1291 1286
1302 2498 1288
2027 3198 698
3199 698 3198
3198 2028 3199
2029 3199 2028
2028 697 2029
699 2029 697
697 2033 699
704 2041 702
702 2040 704
2040 702 2036
2036 701 2040
701 2036 3202
3202 2037 701
2037 3202 2035
2035 2034 2037
2034 2035 703
703 3201 2034
3203 3201 703
703 2038 3203
2039 3203 2038
2038 2042 2039
3206 2049 261
261 2048 3206
2047 3206 2048
2048 705 2047
2043 2047 705
705 2044 2043
707 2043 2044
2044 3204 707
3205 707 3204
3204 2045 3205
2046 3205 2045
2045 706 2046
708 2046 706
706 2050 708
713 2058 711
711 2057 713
2057 711 2053
2053 710 2057
710 2053 3208
3208 2054 710
2054 3208 2052
2052 2051 2054
2051 2052 712
712 3207 2051
3209 3207 712
712 2055 3209
2056 3209 2055
2055 2059 2056
3212 2066 273
273 2065 3212
2064 3212 2065
2065 714 2064
2060 2064 714
714 2061 2060
716 2060 2061
2061 3210 716
3211 716 3210
3210 2062 3211
2063 3211 2062
2062 715 2063
717 2063 715
715 2067 717
721 2075 719
719 2074 721
2074 719 2070
2070 718 2074
718 2070 3214
3214 2071 718
2071 3214 2069
2069 2068 2071
2068 2069 720
720 3213 2068
3215 3213 720
720 2072 3215
2073 3215 2072
2072 2076 2073
3218 2083 285
285 2082 3218
2081 3218 2082
2082 722 2081
2077 2081 722
722 2078 2077
724 2077 2078
2078 3216 724
3217 724 3216
3216 2079 3217
2080 3217 2079
2079 723 2080
725 2080 723
723 2084 725
729 2092 727
727 2091 729
2091 727 2087
2087 726 2091
726 2087 3220
3220 2088 726
2088 3220 2086
2086 2085 2088
2085 2086 728
728 3219 2085
3221 3219 728
728 2089 3221
2090 3221 2089
2089 2093 2090
3224 2100 297
297 2099 3224
2098 3224 2099
2099 731 2098
2094 2098 731
731 2095 2094
733 2094 2095
2095 3222 733
3223 733 3222
3222 2096 3223
2097 3223 2096
2096 732 2097
734 2097 732
732 2101 734
738 2109 736
736 2108 738
2108 736 2104
2104 735 2108
735 2104 3226
3226 2105 735
2105 3226 2103
2103 2102 2105
2102 2103 737
737 3225 2102
3227 3225 737
737 2106 3227
2107 3227 2106
2106 2110 2107
3230 2117 308
308 2116 3230
2115 3230 2116
2116 740 2115
2111 2115 740
740 2112 2111
742 2111 2112
2112 3228 742
3229 742 3228
3228 2113 3229
2114 3229 2113
2113 741 2114
743 2114 741
741 2118 743
3236 2132 316
316 2131 3236
2130 3236 2131
2131 746 2130
2126 2130 746
746 2127 2126
748 2126 2127
2127 3234 748
3235 748 3234
3234 2128 3235
2129 3235 2128
2128 747 2129
749 2129 747
747 2133 749
2175 2176 2177
2177 3349 2175
2201 2202 2203
2203 2204 2201
62 2229 892
892 891 62
890 891 892
892 2228 890
890 2228 2236
2236 61 890
2233 61 2236
2236 63 2233
2233 63 2230
2230 64 2233
2232 64 2230
2230 2231 2232
2232 2231 2234
2234 2235 2232
65 2235 2234
2234 894 65
65 894 2252
2252 2253 65
908 2253 2252
2252 2251 908
908 2251 2249
2249 2250 908
907 2250 2249
2249 906 907
907 906 2254
2254 2255 907
904 2255 2254
2254 2248 904
904 2248 905
905 2247 904
903 2247 905
905 2246 903
895 2237 897
897 898 895
895 898 67
67 2238 895
2244 2238 67
67 2245 2244
2244 2245 900
900 899 2244
2239 899 900
900 2240 2239
2239 2240 68
68 2241 2239
2242 2241 68
68 2243 2242
2242 2243 902
902 901 2242
2261 901 902
902 2262 2261
2261 2262 66
66 2259 2261
2258 2259 66
66 2260 2258
2258 2260 914
914 913 2258
2263 913 914
914 2264 2263
2263 2264 909
909 2256 2263
911 2256 909
909 910 911
911 910 912
912 2257 911
915 2266 918
918 916 915
915 916 917
917 2265 915
2273 2265 917
917 923 2273
2273 923 2270
2270 920 2273
2267 920 2270
2270 921 2267
2267 921 2268
2268 2269 2267
2271 2269 2268
2268 2272 2271
2271 2272 922
922 919 2271
2289 919 922
922 2290 2289
2289 2290 937
937 2288 2289
2286 2288 937
937 2287 2286
2286 2287 938
938 939 2286
2291 939 938
938 2292 2291
2291 2292 936
1286 1287 326
326 1287 1288
1288 1289 326
1288 2498 329
329 1289 1288
343 2521 1309
1311 2521 343
326 1289 1283
1283 1289 329
330 2519 1309
1308 2519 330
330 2518 1308
1286 2518 330
326 1285 1286
1286 1285 342
342 2518 1286
1308 2518 342
1283 1282 326
1281 1285 326
326 1282 1281
342 1285 1281
329 2496 1283
1281 1282 1279
1279 1282 1283
1283 2464 1279
1283 2496 1301
1301 2464 1283
1279 2464 1284
1284 2464 1301
2541 2519 1308
1309 2519 2541
342 2517 1308
341 2517 342
342 2516 341
1281 2516 342
1279 2463 1281
1281 2463 1280
1280 2516 1281
341 2516 1280
1284 324 1279
327 2463 1279
1279 324 327
1280 2463 327
1301 2497 1284
327 324 2511
2511 324 1284
1284 2512 2511
1284 2497 338
338 2512 1284
2541 2542 1309
1309 2542 343
2511 2512 1297
1297 2512 338
1280 2515 341
1307 2515 1280
1280 325 1307
327 325 1280
2511 2513 327
327 2513 2552
2552 325 327
1307 325 2552
1297 2478 2511
2477 2513 2511
2511 2478 2477
2552 2513 2477
338 2505 1297
2477 2478 1296
1296 2478 1297
1297 2474 1296
1297 2505 2503
2503 2474 1297
1296 2474 335
335 2474 2503
348 2515 1307
341 2515 348
2477 2525 2552
2552 2553 1307
1315 2553 2552
2552 2525 1315
1296 2476 2477
2477 2476 1313
1313 2525 2477
1315 2525 1313
335 2475 1296
1298 2476 1296
1296 2475 1298
1313 2476 1298
2503 2504 335
1298 2475 2479
2479 2475 335
335 2480 2479
335 2504 339
339 2480 335
2479 2480 1299
1299 2480 339
2554 2553 1315
1307 2553 2554
1298 2526 1313
1313 2527 1315
1314 2527 1313
1313 2526 1314
2479 2483 1298
1298 2483 2528
2528 2526 1298
1314 2526 2528
1299 2481 2479
2482 2483 2479
2479 2481 2482
2528 2483 2482
339 2506 1299
2482 2481 334
334 2481 1299
1299 2484 334
1299 2506 2507
2507 2484 1299
2554 2539 1307
1307 2539 348
334 2484 2485
2485 2484 2507
2482 2529 2528
2528 2530 1314
1316 2530 2528
2528 2529 1316
334 2487 2482
2482 2487 346
346 2529 2482
1316 2529 346
2485 2486 334
1300 2487 334
334 2486 1300
346 2487 1300
2507 2508 2485
1300 2486 2488
2488 2486 2485
2485 2489 2488
2485 2508 1303
1303 2489 2485
2488 2489 336
336 2489 1303
350 2530 1316
1314 2530 350
1300 2531 346
346 2532 1316
345 2532 346
346 2531 345
2488 2492 1300
1300 2492 2533
2533 2531 1300
345 2531 2533
336 2490 2488
2491 2492 2488
2488 2490 2491
2533 2492 2491
1303 2509 336
2491 2490 2493
2493 2490 336
336 2494 2493
336 2509 2510
2510 2494 336
2493 2494 1278
1278 2494 2510
2548 2532 345
1316 2532 2548
2491 2534 2533
2533 2535 345
1317 2535 2533
2533 2534 1317
2493 2495 2491
2491 2495 2536
2536 2534 2491
1317 2534 2536
1278 323 2493
337 2495 2493
2493 323 337
2536 2495 337
2510 321 1278
337 323 1276
1276 323 1278
1278 2462 1276
322 2462 1278
1278 321 322
2548 2547 1316
1316 2547 350
1320 2535 1317
345 2535 1320
337 340 2536
2536 2537 1317
1305 2537 2536
2536 340 1305
1276 1277 337
337 1277 1304
1304 340 337
1305 340 1304
1320 2549 345
345 2549 2548
1304 2514 1305
2551 2537 1305
1317 2537 2551
1317 2550 1320
2551 2550 1317
1305 2514 1306
1306 347 1305
1305 347 2551
343 2543 1311
1311 2543 2544
348 2538 341
341 2538 1318
1318 2517 341
1308 2517 1318
1318 2540 1308
1308 2540 2541
350 2546 1314
1314 2546 1319
1319 2527 1314
1315 2527 1319
1319 2545 1315
1315 2545 2554
2599 361 1336
1336 2570 2599
2599 2570 1335
1335 2598 2599
2568 2570 1336
1335 2570 2568
1336 1334 2568
2597 2598 1335
2568 1334 359
2568 2564 1335
1335 2564 2563
2563 2567 1335
1335 2567 2597
2563 2564 2565
2565 2564 2568
359 2569 2568
2568 2569 2565
1333 2567 2563
2597 2567 1333
1333 2596 2597
2621 2569 359
2565 2569 2621
359 1352 2621
2565 2566 2563
2563 1332 1333
360 1332 2563
2563 2566 360
2618 2566 2565
2621 2620 2565
2565 2620 2618
360 2566 2618
354 1332 360
1333 1332 354
354 2562 1333
1333 2562 358
358 2596 1333
2618 2620 1351
1351 2620 2621
2621 2622 1351
936 2285 2291
935 2285 936
936 2283 935
935 2283 933
933 2284 935
926 2274 924
924 925 926
927 925 924
924 2275 927
927 2275 2281
2281 2282 927
929 2282 2281
2281 930 929
929 930 2276
2276 2277 929
928 2277 2276
2276 2278 928
928 2278 2279
2279 2280 928
932 2280 2279
2279 931 932
932 931 2298
2298 2299 932
946 2299 2298
2298 2297 946
946 2297 2295
2295 2296 946
945 2296 2295
2295 947 945
945 947 2300
2300 2301 945
942 2301 2300
2300 2293 942
942 2293 940
940 941 942
944 941 940
940 2294 944
357 2593 1328
1328 2558 357
351 2558 1328
1327 2558 351
357 2558 1327
1327 2594 357
351 1326 1327
2610 2594 1327
1327 1326 2607
2607 2608 1327
1327 2608 2610
1337 2608 2607
2610 2608 1337
1337 2601 2610
1343 2601 1337
363 2600 1343
368 2600 363
363 2578 368
368 2578 1339
1339 2602 368
2603 2602 1339
1349 2643 2642
1356 2643 1349
1349 2619 1356
1356 2619 1351
1351 2644 1356
2645 2644 1351
7 805 6
6 806 7
809 806 6
2190 6 805
6 808 809
808 6 2190
805 2189 2190
2190 2193 808
2190 2189 2191
2193 2190 804
2191 804 2190
804 2192 2193
804 2191 8
8 9 804
804 9 807
807 2192 804
14 11 811
811 11 816
811 812 14
812 811 2195
816 815 811
2195 811 815
2195 2196 812
815 2200 2195
2197 2196 2195
2195 2198 2197
2198 2195 2200
2200 2199 2198
13 2197 2198
2198 12 13
2198 2199 814
814 12 2198
2688 1396 1397
401 1396 2688
2688 2683 401
2685 401 2683
2683 2684 2685
2684 2683 1398
1398 2683 2688
1397 391 2688
2688 1395 1398
2667 1395 2688
2688 391 2667
1398 1399 2684
2685 2684 2826
2826 2684 1399
2826 1434 2685
2839 391 1397
1397 398 2839
2667 391 2837
1386 2837 391
391 2839 1386
1395 2667 390
1398 1395 2686
390 2686 1395
390 2667 2668
2837 2668 2667
2839 398 1387
1387 1386 2839
2837 1386 1377
1377 2668 2837
1431 1434 2826
2826 402 1431
1399 402 2826
399 1377 1386
1386 1387 399
1433 1434 1431
1387 398 2766
2766 408 1387
399 1387 408
2668 1377 392
392 1377 399
2668 2669 390
392 2669 2668
1390 2669 392
390 2669 1390
2717 1431 402
1431 2717 1526
1526 1435 1431
1431 1435 1433
402 1430 2717
1430 402 1399
2799 1433 1435
2799 1525 1433
1499 408 2766
2766 1498 1499
1435 445 2799
1374 445 1435
1435 1526 1374
2800 1526 2717
1526 2800 2820
2820 1374 1526
2798 1525 2799
2799 2796 2798
2797 2796 2799
2799 445 2797
1373 2797 445
445 1374 1373
2795 2796 2797
2798 2796 2795
1373 1374 2664
396 2664 1374
1374 2820 396
2820 2800 2665
2665 396 2820
2797 444 2795
444 2797 1373
2795 1524 2798
2664 450 1373
450 2664 1376
1376 2664 396
396 2665 1375
396 2666 1376
1375 2666 396
1373 2832 444
2832 1373 2835
1373 450 2834
2834 2835 1373
2795 444 1523
1523 444 2832
1376 2661 450
2834 450 2661
1376 2666 1372
1372 2661 1376
1372 2666 1375
2835 2793 2832
2832 2793 1523
2838 2835 2834
2793 2835 2838
2661 2663 2834
2834 2663 2838
2661 1372 2662
2662 2663 2661
2838 2663 2662
2838 420 2793
2662 420 2838
1521 1523 2793
2793 420 1521
1521 420 2662
2792 2662 1372
2662 2792 1521
2794 1523 1521
1523 2794 2795
1521 2792 1519
1521 2791 2794
1519 2791 1521
1372 1522 2792
1519 2792 1522
2794 2791 1520
2795 2794 443
1520 443 2794
2791 1519 419
419 1520 2791
419 1519 1367
1522 1367 1519
443 1524 2795
1367 2719 419
1365 1367 1522
1522 1372 1365
395 1367 1365
1367 395 1436
1436 2719 1367
1365 1366 395
1366 1365 1375
1375 1365 1372
2743 1436 395
395 2744 2743
2847 395 1366
2744 395 2847
1458 2743 2744
2847 1543 2744
1543 2847 2844
1366 2844 2847
2744 1459 1458
2744 1543 386
386 1459 2744
1460 1458 1459
1459 1362 1460
1362 1459 386
1542 2844 1366
2844 2846 1543
2846 2844 1542
1543 2846 1544
386 1543 2848
1544 2848 1543
2848 2657 386
386 2657 1362
2657 2848 1544
1362 2657 2656
2656 1363 1362
1460 1362 1363
1544 2656 2657
373 2622 2621
2621 1352 373
1331 2562 354
358 2562 1331
2645 2622 373
1351 2622 2645
360 2561 354
2618 1350 360
360 1350 372
372 2561 360
354 2559 1331
1329 2559 354
354 2561 1329
1329 2561 372
1331 2595 358
373 379 2645
356 2559 1329
1331 2559 356
356 2560 1331
1331 2560 1342
1342 2595 1331
1328 2560 356
1342 2560 1328
372 1350 1349
1349 1350 2618
1349 2617 372
372 2617 371
372 2616 1329
371 2616 372
1329 1330 356
1329 2616 355
355 1330 1329
355 2616 371
356 2556 1328
1325 2556 356
356 1330 1325
1325 1330 355
2642 2617 1349
371 2617 2642
1328 2593 1342
351 2556 1325
1328 2556 351
2618 2619 1349
1351 2619 2618
371 2615 355
2642 2641 371
371 2641 378
378 2615 371
355 2615 1348
355 2614 1325
1348 2614 355
1348 2615 378
1325 2557 351
1325 2614 352
352 2557 1325
352 2614 1348
351 2557 353
353 2557 352
378 2639 1348
1348 2612 352
1348 2639 2638
2638 2612 1348
352 2612 370
370 2612 2638
370 2613 352
352 2613 353
353 2613 2653
2653 2613 370
2638 2640 370
370 2654 2653
370 2640 1355
1355 2654 370
2653 2654 1353
1353 2654 1355
1355 2646 1353
2653 2609 353
1353 2623 2653
2576 2609 2653
2653 2623 2576
2576 2623 374
374 2623 1353
1353 2625 374
1353 2646 1357
1357 2625 1353
374 2625 2626
2626 2625 1357
2607 2609 2576
353 2609 2607
1357 2647 2626
2576 2575 2607
2571 2575 2576
374 2574 2576
2576 2574 2571
1338 2574 374
374 2624 1338
2626 2624 374
2571 2574 1338
1337 2575 2571
2607 2575 1337
1338 2624 2627
2627 2624 2626
2626 2629 2627
2626 2647 380
380 2629 2626
2627 2629 375
375 2629 380
2607 1326 353
353 1326 351
1338 2572 2571
2571 2572 363
2571 2573 1337
363 2573 2571
362 2572 1338
2627 2579 1338
1338 2579 362
363 2572 362
2580 2579 2627
2627 2628 2580
375 2628 2627
362 2579 2580
380 2648 375
376 2628 375
375 2648 2649
2649 2631 375
375 2631 376
2580 2628 376
376 2631 2632
2632 2631 2649
1343 2573 363
1337 2573 1343
2580 2577 362
376 2585 2580
2580 2585 2581
2581 2577 2580
1341 2585 376
376 2630 1341
2632 2630 376
2581 2585 1341
2649 2650 2632
1341 2630 2633
2633 2630 2632
2632 2635 2633
2632 2650 1358
1358 2635 2632
2633 2635 1354
1354 2635 1358
1339 2577 2581
362 2577 1339
1341 2582 2581
2581 2582 2583
2581 2584 1339
2583 2584 2581
1340 2582 1341
2633 2588 1341
1341 2588 1340
2583 2582 1340
2589 2588 2633
2633 2634 2589
1354 2634 2633
1340 2588 2589
1358 2651 1354
2603 2584 2583
1339 2584 2603
2589 2634 2636
2636 2634 1354
1339 2578 362
362 2578 363
1340 2587 2583
2583 2587 1344
1344 2604 2583
2583 2604 2603
365 2587 1340
1340 2586 365
2589 2586 1340
1344 2587 365
2591 2586 2589
2636 2592 2589
2589 2592 2591
365 2586 2591
2591 2592 366
366 2592 2636
365 2605 1344
2591 2590 365
365 2590 2606
2606 2605 365
1324 2590 2591
2606 2590 1324
2591 364 1324
366 364 2591
1322 364 366
1324 364 1322
1324 367 2606
1322 2555 1324
1323 367 1324
1324 2555 1323
366 1321 1322
1345 1321 366
366 369 1345
2636 369 366
1345 369 1346
1346 369 2636
1346 2611 1345
1347 2611 1346
1346 377 1347
2636 2637 1346
2652 377 1346
1346 2637 2652
1354 2637 2636
2652 2637 1354
1354 2651 2652
522 523 1732
1732 1733 522
521 1733 1732
1732 1734 521
521 1734 524
524 3046 521
1735 3046 524
524 3042 1735
1735 3042 526
526 3041 1735
525 3041 526
526 3043 525
525 3043 3044
3044 3045 525
1736 3045 3044
3044 527 1736
1736 527 3050
3050 3051 1736
3051 3050 1738
1738 529 3051
3048 529 1738
1738 3049 3048
1739 3048 3049
3049 528 1739
1739 528 3052
3052 3053 1739
3053 3052 531
531 530 3053
1737 530 531
531 3047 1737
1737 3047 532
532 1740 1737
1741 536 534
534 1742 1741
1741 1742 535
535 1743 1741
537 1743 535
535 3059 537
537 3059 1745
1745 3054 537
1744 3054 1745
1745 3055 1744
1744 3055 539
539 3056 1744
3057 3056 539
539 3058 3057
1363 1461 1460
1363 2656 2658
2658 2656 1544
2658 2659 1363
1461 1363 2659
1542 2843 2846
1544 2846 2842
397 2842 2846
2846 2843 397
2674 2843 1542
397 2843 2674
2659 2658 1368
1544 1364 2658
1368 2658 1364
2841 2842 397
397 2673 2841
2674 2673 397
1368 2660 2659
2659 385 1461
1369 385 2659
2659 2660 1369
1461 385 1369
2841 2673 1382
2842 2841 2678
1382 2678 2841
1381 1382 2673
2673 2674 1381
1441 1369 2660
1440 2660 1368
2660 1440 1441
2677 2678 1382
1385 1382 1381
1382 1385 2677
1441 2742 1369
1369 2742 1461
1384 2678 2677
2678 1384 2842
1441 1440 1448
1448 1449 1441
1448 1440 2729
1368 2729 1440
2842 1384 1544
2729 2728 1448
2730 1448 2728
1449 1448 2730
2728 2729 387
387 2729 1368
2730 1450 1449
2728 2727 2730
2727 2728 423
387 423 2728
1450 2730 1445
1445 2730 2727
1445 2731 1450
423 1447 2727
1447 423 2836
2836 423 387
2727 1447 2726
2727 2725 1445
2726 2725 2727
1445 2725 2723
1442 2731 1445
2723 1442 1445
2725 2726 412
412 2723 2725
412 2726 1446
1446 2726 1447
1447 1538 1446
2836 1538 1447
1446 1538 2819
2819 1538 2836
1442 2723 1443
2723 412 1455
1455 1443 2723
1455 412 2692
1446 2692 412
1443 2724 1442
2724 1443 425
425 1443 1455
425 1444 2724
1455 2737 425
2738 425 2737
1444 425 2738
2692 1537 1455
2737 1455 2821
2821 1455 1537
2691 1537 2692
1415 2692 1446
2692 1415 2691
1536 1537 2691
1537 1536 2821
2738 1456 1444
2737 2736 2738
2736 2737 2733
2821 2733 2737
1456 2738 2739
2739 2738 2736
2821 1536 411
411 2733 2821
2691 1415 1414
2691 2813 1536
1414 2813 2691
1536 2813 2816
2816 411 1536
2816 2813 1414
1453 2733 411
2733 1453 2736
2735 2736 1453
2736 2735 2739
2739 2740 1456
1414 2701 2816
411 2816 2701
411 2700 1453
2701 2700 411
1413 2700 2701
2701 1414 1413
1453 2700 1413
1453 2734 2735
1413 2734 1453
1413 1414 1415
2739 2735 424
2735 2734 1454
1454 424 2735
1454 2734 1413
1415 2699 1413
1413 2699 1454
1457 2740 2739
424 2732 2739
2739 2732 1457
2732 424 1451
1451 424 1454
1451 1452 2732
1457 2732 1452
1452 2741 1457
1454 1534 1451
1534 1454 410
1454 2699 2709
2709 410 1454
1452 1451 415
415 1451 1534
410 2709 415
410 2806 1534
415 2806 410
1534 2806 415
415 1439 1452
1452 1439 422
422 2741 1452
1422 415 2709
2805 415 1422
1439 415 2805
2805 2722 1439
422 1439 2722
2722 2805 1437
1422 1437 2805
2722 2721 422
1438 2721 2722
1437 1438 2722
2709 1416 1422
1416 2709 2699
421 1437 1422
1437 421 1462
1462 1438 1437
1422 2720 421
1422 1416 414
414 2720 1422
414 1416 2702
2699 2702 1416
2748 2720 414
421 2720 2748
421 2745 1462
2748 2745 421
2702 2699 1415
1415 1417 2702
2702 1463 414
1463 2702 1417
414 1463 1465
414 2747 2748
1465 2747 414
1466 2747 1465
2748 2747 1466
426 2745 2748
2748 2749 426
1466 2749 2748
1446 1417 1415
1417 2746 1463
1464 1465 1463
1463 2746 1464
2782 2746 1417
2783 1417 1446
1417 2783 2782
2751 2749 1466
426 2749 2751
1465 427 1466
1465 1464 1513
1513 427 1465
2784 1464 2746
2746 2782 2784
1466 427 1467
1466 2750 2751
1467 2750 1466
1513 1467 427
442 1513 1464
1464 2784 442
2782 2783 1392
2784 2782 2682
1392 2682 2782
2682 1391 2784
442 2784 1391
1518 2750 1467
2751 2750 1518
2682 1392 1379
1379 1391 2682
1467 432 1518
432 1467 1517
1517 1467 1513
1513 442 2786
2786 1515 1513
1513 1515 1517
1391 2785 442
2786 442 2785
1391 1379 2672
2785 1391 393
2672 393 1391
2785 1514 2786
2787 2786 1514
1515 2786 2787
2787 1516 1515
1517 1515 1516
1514 2812 2787
1516 2787 2812
1535 1514 2785
393 1512 2785
2785 1512 1535
1535 1512 393
2812 1514 2696
1514 1535 2814
2814 2696 1514
2696 406 2812
2812 406 1516
406 2696 1406
1406 2696 2814
393 1378 1535
393 2672 2828
2828 2822 393
1378 393 2822
2814 1535 1407
1535 1378 2825
2825 1407 1535
2814 2695 1406
1407 2695 2814
1406 2697 406
1405 1406 2695
2697 1406 1405
2822 2670 1378
1378 2670 388
388 2825 1378
3057 3058 1746
1746 538 3057
3063 538 1746
1746 3064 3063
1749 3063 3064
3064 543 1749
1749 543 3061
3061 3062 1749
3062 3061 1750
1750 542 3062
3065 542 1750
1750 3066 3065
1748 3065 3066
3066 540 1748
1748 540 1747
1747 3060 1748
541 3060 1747
1747 1751 541
3109 555 1799
1799 3108 3109
554 3109 3108
3108 1799 552
3108 553 554
553 3108 3110
552 3110 3108
3110 556 553
1804 558 3111
3111 3112 1804
557 1804 3112
3112 3111 1805
1805 1806 3112
3113 3112 1806
3112 3113 557
1806 560 3113
1814 562 1811
1811 3115 1814
3115 1811 3114
3114 561 3115
561 3114 1812
1812 1813 561
1813 1812 563
563 1815 1813
1815 563 1817
1817 3116 1815
3116 1817 121
121 1816 3116
574 575 569
569 1834 574
1834 569 1831
1831 571 1834
571 1831 3121
3121 1832 571
1832 3121 1830
1830 570 1832
570 1830 573
573 3120 570
3122 3120 573
573 1833 3122
572 3122 1833
1833 1835 572
1839 579 580
580 576 1839
578 1839 576
576 3124 578
3123 578 3124
3124 1836 3123
1838 3123 1836
1836 1837 1838
1840 1838 1837
1837 1841 1840
577 1840 1841
1841 3125 577
1842 577 3125
3125 1843 1842
1856 590 592
592 587 1856
589 1856 587
587 3130 589
3129 589 3130
3130 1853 3129
1855 3129 1853
1853 1854 1855
1857 1855 1854
1854 588 1857
1858 1857 588
588 3131 1858
150 1858 3131
3131 1859 150
1863 594 1860
1860 3133 1863
3133 1860 3132
3132 593 3133
593 3132 1861
1861 1862 593
1862 1861 595
595 1864 1862
1864 595 1866
1866 3134 1864
3134 1866 157
157 1865 3134
607 611 609
609 1891 607
1888 607 1891
1891 3143 1888
3142 1888 3143
3143 1889 3142
3141 3142 1889
1889 3140 3141
1887 3141 3140
3140 608 1887
606 1887 608
608 3144 606
630 634 632
632 1927 630
1925 630 1927
1927 3155 1925
3154 1925 3155
3155 1923 3154
1924 3154 1923
1923 631 1924
1928 1924 631
631 1929 1928
629 1928 1929
1929 3156 629
2008 687 3188
3188 3189 2008
3189 3188 3187
3187 238 3189
238 3187 2006
2006 2007 238
2007 2006 688
688 2009 2007
2009 688 2011
2011 3190 2009
3190 2011 49
49 2010 3190
2022 694 3195
3195 3196 2022
3196 3195 3194
3194 247 3196
247 3194 2020
2020 2021 247
2021 2020 695
695 2023 2021
2023 695 2025
2025 3197 2023
3197 2025 54
54 2024 3197
2122 744 2119
2119 3232 2122
3232 2119 3231
3231 313 3232
313 3231 2120
2120 2121 313
2121 2120 745
745 2123 2121
2123 745 2125
2125 3233 2123
3233 2125 59
59 2124 3233
3248 757 758
758 3249 3248
3248 3249 3246
3246 3245 3248
3244 3245 3246
3246 3247 3244
3244 3247 2138
2138 3242 3244
2139 3242 2138
2138 3243 2139
2139 3243 754
754 3240 2139
756 3240 754
754 3241 756
756 3241 2135
2135 3237 756
2137 3237 2135
2135 3238 2137
2137 3238 2136
2136 3239 2137
755 3239 2136
2136 3264 755
755 3264 2140
2140 3253 755
3250 3253 2140
2140 3251 3250
3250 3251 759
759 3252 3250
760 3252 759
759 3254 760
760 3254 2141
2141 3255 760
3256 3255 2141
2141 3257 3256
3256 3257 761
761 3258 3256
2142 3258 761
761 3259 2142
2142 3259 3260
3260 3261 2142
3262 3261 3260
3260 3263 3262
752 3262 3263
3263 753 752
751 752 753
753 2134 751
765 766 3277
3277 3278 765
3275 3278 3277
3277 3276 3275
3275 3276 762
762 3274 3275
2148 3274 762
762 3273 2148
2148 3273 3271
3271 3272 2148
2147 3272 3271
3271 3270 2147
2147 3270 2146
2146 3269 2147
764 3269 2146
2146 3268 764
764 3268 763
763 3267 764
3266 3267 763
763 3265 3266
3266 3265 3291
3291 3292 3266
2145 3292 3291
3291 3281 2145
2145 3281 2149
2149 3280 2145
2150 3280 2149
2149 3279 2150
2150 3279 767
767 3283 2150
768 3283 767
767 3282 768
768 3282 3284
3284 3286 768
2152 3286 3284
3284 3285 2152
2152 3285 2151
2151 3288 2152
2153 3288 2151
2151 3287 2153
2153 3287 3289
3289 3290 2153
770 3290 3289
3289 769 770
2144 770 769
769 2143 2144
777 778 3304
3304 3305 777
3302 3305 3304
3304 3303 3302
1541 2670 2822
2822 2828 1541
2825 388 2677
2677 1407 2825
2694 2695 1407
2695 2694 1405
1407 2693 2694
2817 1407 2677
2693 1407 2817
1405 2694 2808
1405 2809 2697
2808 2809 1405
1404 2808 2694
2694 2693 1404
2671 388 2670
2670 1371 2671
1371 2670 1541
2677 388 1384
1384 388 2671
1404 2693 405
2817 405 2693
405 2817 1385
2677 1385 2817
405 1403 1404
2808 1404 1403
1403 2788 2808
2809 2808 2788
2788 2697 2809
2671 2840 1384
384 2840 2671
2671 1371 384
1403 405 2815
1385 2779 405
2815 405 2779
2845 1384 2840
2840 384 2845
1544 1384 2845
1381 2779 1385
406 2697 2788
2789 2788 1403
2788 2789 406
1364 2845 384
2845 1364 1544
2779 1381 2778
2778 1508 2779
2779 1508 2815
1516 406 2789
1508 2778 2780
2780 2708 1508
2815 1508 2708
2778 1381 2676
2780 2778 1383
2676 1383 2778
2675 2676 1381
1381 2674 2675
1383 2775 2780
2781 2780 2775
2708 2780 2781
1383 2676 2776
2676 2675 1366
1366 2776 2676
1542 2675 2674
1366 2675 1542
2776 2777 1383
2771 2775 1383
1383 2777 2771
2775 2771 1507
2775 2774 2781
1507 2774 2775
2771 2777 1509
1509 2777 2776
2776 1375 1509
1375 2776 1366
1507 2771 2772
1509 2772 2771
1509 1375 2665
2665 2772 1509
2772 2773 1507
2773 2772 2665
1507 2773 1505
2770 2774 1507
1507 2769 2770
1505 2769 1507
2665 2800 2773
2773 2800 446
446 1505 2773
1504 1505 446
2769 1505 1504
2774 2770 1506
1506 2781 2774
1479 2770 2769
1506 2770 1479
1504 1480 2769
2769 1480 1479
1475 1479 1480
2761 1479 1475
1479 2761 1506
1480 2757 1475
2757 1480 1504
446 2800 2718
2717 2718 2800
446 2768 1504
1504 428 2757
1503 428 1504
1504 2768 1503
1475 1478 2761
1476 1475 2757
1478 1475 1476
1506 2761 1510
1510 2761 1478
1474 2757 428
2757 1474 1476
428 2758 1474
2758 428 1503
1476 2759 1478
2759 1476 431
431 1476 1474
1478 2759 1477
1478 2762 1510
1477 2762 1478
1503 2768 1527
1527 2768 446
1474 1471 431
1474 2758 1470
1470 1471 1474
431 1473 2759
2760 1477 2759
2759 1473 2760
431 1471 2755
2756 1473 431
431 2755 2756
2762 1477 432
1477 2760 1518
1518 432 1477
1472 2760 1473
1473 2756 1472
1518 2760 1472
432 429 2762
1510 2762 429
1517 429 432
429 1511 1510
1511 429 1517
1472 2752 1518
1518 2752 2751
1510 1511 441
441 1511 2790
1517 2790 1511
1516 2790 1517
2789 2790 1516
2790 2789 441
2751 2752 1468
2751 1468 426
441 430 1510
1510 430 1506
430 441 2703
2703 441 1403
1403 441 2789
2703 2704 430
1506 430 2704
2704 2703 2707
1403 2707 2703
2704 2781 1506
2707 2708 2704
2781 2704 2708
2815 2707 1403
2708 2707 2815
2686 390 2687
1390 2687 390
2687 1394 2686
1540 2687 1390
2687 1540 2831
2831 1394 2687
2686 1394 404
404 1394 2831
1390 2830 1540
1401 1540 2830
2831 1540 1401
1401 2827 2831
2831 2827 404
2830 1389 1401
1389 2830 1390
404 1393 2686
2686 1393 1398
2827 1401 1400
1400 404 2827
2689 1393 404
404 1400 2689
1398 1393 2689
2690 1400 1401
1401 1389 2690
1430 2689 1400
1400 2690 1430
2689 1399 1398
1399 2689 1430
1402 2690 1389
1430 2690 1402
1389 2679 1402
1390 2679 1389
1388 2679 1390
1429 2679 1388
1402 2679 1429
1402 403 1430
2717 1430 403
1429 2716 1402
1402 2716 2801
2801 403 1402
403 2718 2717
2718 403 2801
1390 2680 1388
392 2680 1390
1388 2680 392
1388 407 1429
407 1388 1408
392 1408 1388
2801 1432 2718
2802 2801 2716
1432 2801 2802
2716 1429 2715
2716 1428 2802
2715 1428 2716
2718 1432 446
2802 2803 1432
446 1432 2803
2803 2802 1424
1424 2802 1428
1408 1409 407
1408 2681 1409
392 2681 1408
399 2681 392
1409 2681 399
407 1409 1410
399 1410 1409
1424 2804 2803
2803 2804 446
1428 2715 416
1428 2710 1424
416 2710 1428
446 2804 1527
1527 2804 1424
2712 1424 2710
1424 2712 1527
2710 2711 2712
2711 2710 416
1527 2712 1423
1423 2712 2711
416 2713 2711
418 2711 2713
2711 418 1423
1412 1410 399
399 2818 1412
408 2818 399
1412 2818 1484
1484 2818 408
1423 2767 1527
1527 2767 1503
1469 2767 1423
3302 3303 3300
3300 3301 3302
2159 3301 3300
3300 3299 2159
2159 3299 774
774 3298 2159
776 3298 774
774 3297 776
776 3297 2158
2158 3296 776
2157 3296 2158
2158 3294 2157
2157 3294 775
775 3293 2157
2156 3293 775
775 3295 2156
2156 3295 3319
3319 3320 2156
2161 3320 3319
3319 3308 2161
2161 3308 2160
2160 3307 2161
781 3307 2160
2160 3306 781
781 3306 779
779 3310 781
2162 3310 779
779 3309 2162
2162 3309 3311
3311 3313 2162
780 3313 3311
3311 3312 780
780 3312 2163
2163 3316 780
3315 3316 2163
2163 3314 3315
3315 3314 3318
3318 3317 3315
3317 3318 771
771 773 3317
773 771 2154
2154 2155 773
3334 785 782
782 3335 3334
3334 3335 3333
3333 3332 3334
2169 3332 3333
3333 3331 2169
2169 3331 2170
2170 3330 2169
3328 3330 2170
2170 3329 3328
3328 3329 2168
2168 3327 3328
784 3327 2168
2168 3326 784
784 3326 783
783 3325 784
3321 3325 783
783 3322 3321
3321 3322 3323
3323 3324 3321
2166 3324 3323
3323 3348 2166
2166 3348 2167
2167 3338 2166
2171 3338 2167
2167 3336 2171
2171 3336 2172
2172 3337 2171
2 3337 2172
2172 3339 2
2 3339 786
786 3340 2
3341 3340 786
786 3342 3341
3341 3342 2173
2173 3343 3341
2174 3343 2173
2173 3344 2174
2174 3344 787
787 3345 2174
3346 3345 787
787 3347 3346
3346 3347 0
0 1 3346
1 0 2164
2164 2165 1
2181 790 802
802 2180 2181
789 2181 2180
2180 791 789
2182 794 792
792 2183 2182
2182 2183 793
793 810 2182
2184 797 795
795 2185 2184
803 2184 2185
2185 2188 803
2186 799 800
800 2187 2186
2186 2187 801
801 2194 2186
822 823 2206
2206 824 822
825 826 827
827 828 825
830 828 827
827 829 830
2207 830 829
829 831 2207
831 832 2207
23 840 22
22 839 23
839 22 837
837 21 839
21 837 2209
2209 838 21
838 2209 836
836 835 838
835 836 833
833 2208 835
834 2208 833
833 19 834
20 834 19
19 841 20
30 847 25
25 846 30
846 25 843
843 27 846
27 843 2211
2211 844 27
844 2211 842
842 26 844
26 842 29
29 2210 26
2212 2210 29
29 845 2212
28 2212 845
845 848 28
37 854 32
32 853 37
853 32 850
850 34 853
34 850 2214
2214 851 34
851 2214 849
849 33 851
33 849 36
36 2213 33
2215 2213 36
36 852 2215
35 2215 852
852 855 35
44 861 39
39 860 44
860 39 857
857 41 860
41 857 2217
2217 858 41
858 2217 856
856 40 858
40 856 43
43 2216 40
2218 2216 43
43 859 2218
42 2218 859
859 862 42
50 870 47
47 869 50
869 47 865
865 46 869
46 865 2220
2220 866 46
866 2220 864
864 863 866
863 864 48
48 2219 863
2221 2219 48
48 867 2221
868 2221 867
867 871 868
55 879 52
52 878 55
878 52 874
874 51 878
51 874 2223
2223 875 51
875 2223 873
873 872 875
872 873 53
53 2222 872
2224 2222 53
53 876 2224
877 2224 876
876 880 877
60 888 57
57 887 60
887 57 883
883 56 887
56 883 2226
2226 884 56
884 2226 882
882 881 884
881 882 58
58 2225 881
2227 2225 58
58 885 2227
886 2227 885
885 889 886
2305 949 2303
2303 2302 2305
69 2305 2302
2302 2303 71
71 2304 2302
2302 948 69
948 2302 2304
2304 71 73
73 2306 2304
2304 2306 74
74 72 2304
2304 72 948
74 2306 2307
2307 2306 73
948 72 960
69 948 2328
960 2328 948
72 74 2329
2329 960 72
73 958 2307
2307 959 74
74 959 2331
2331 2329 74
2330 2328 960
93 960 2329
960 93 2330
2329 2331 961
961 92 2329
2329 92 93
2328 2330 2332
2332 2333 2328
2328 2333 69
2333 2332 962
955 2333 962
69 2333 955
955 957 69
955 962 91
2326 955 91
957 955 2326
2326 2327 957
963 2326 91
2326 963 956
956 2327 2326
963 91 969
963 969 2339
1500 1423 418
1423 1500 1469
1503 2767 1469
408 1499 1484
2713 1426 418
418 1426 1528
1528 1501 418
418 1501 1500
1425 1426 2713
1528 1426 1425
1500 1501 1502
433 1469 1500
1500 1502 433
1469 433 2753
2753 2754 1469
1469 2754 1503
1503 2754 2758
1425 1529 1528
1470 2758 2754
2754 2753 1470
449 1529 1425
1425 1361 449
382 1361 1425
1425 417 382
2713 417 1425
1361 382 381
381 1360 1361
449 1361 1360
1360 1530 449
417 2713 416
416 1427 417
382 417 1427
381 382 1359
1427 2714 382
383 1359 382
382 2714 383
1493 1530 1360
1360 381 1491
1360 1494 1493
1491 1494 1360
1359 2655 381
381 2655 1418
1418 1491 381
2763 1359 383
2655 1359 2763
1411 2714 1427
1427 409 1411
409 1427 416
2714 1411 1412
1412 383 2714
383 1484 2763
1484 383 1412
1493 1494 1492
1492 1494 1491
1490 1491 1418
1491 1490 1492
2763 1421 2655
1418 2655 1421
1421 2763 2764
2764 2763 1484
1410 1412 1411
1411 2698 1410
1411 409 2811
2811 2698 1411
1410 2698 407
407 2698 2811
1429 2811 409
2811 1429 407
409 2715 1429
416 2715 409
2764 435 1421
1484 1482 2764
1485 2764 1482
435 2764 1485
1421 435 2706
2706 1419 1421
1485 2765 435
435 2765 2810
2810 2706 435
1482 1481 1485
434 1485 1481
2765 1485 434
434 1486 2765
2810 2765 1486
2705 1419 2706
1420 2706 2810
2706 1420 2705
2810 2807 1420
1486 2807 2810
1481 1482 1483
1483 1482 1484
2705 1420 1489
1489 1420 2807
2807 1486 1489
1488 1489 1486
1486 434 1488
1419 2705 437
1489 437 2705
437 1489 1488
1481 1487 434
434 1487 1490
1490 1488 434
1488 1418 437
1418 1488 1490
1484 1499 1483
437 1418 1419
1483 1499 1498
1498 1497 1483
436 1483 1497
1483 436 1481
1490 1487 440
440 1487 1481
1481 436 440
1497 1496 436
440 436 1496
440 1492 1490
438 1492 440
440 1495 438
1496 1495 440
1492 438 1493
1364 1370 1368
384 1370 1364
389 1370 384
1368 1370 389
384 1371 389
1541 389 1371
389 1541 2828
2828 2672 389
1380 389 2672
389 1380 1368
1368 1380 387
2672 1379 1380
387 1380 1379
1379 2829 387
2829 1379 1392
1392 1539 2829
387 2829 1539
1539 2833 387
387 2833 2836
1539 1392 2823
2833 1539 2824
2823 2824 1539
2824 2819 2833
2836 2833 2819
2819 2824 2823
2823 1392 2783
2783 394 2823
2823 394 2819
1446 394 2783
2819 394 1446
1582 1583 2882
2882 1583 470
470 2877 2882
2877 470 2878
2878 2879 2877
1584 2877 2879
2882 2877 1584
2879 1585 1584
3018 2879 2878
1585 2879 3018
2878 1622 3018
2882 461 1582
1584 1581 2882
2863 461 2882
2882 1581 2863
3018 1622 1617
3018 472 1585
1617 472 3018
1584 1585 2883
1585 472 1618
1618 2883 1585
2880 1581 1584
1584 1580 2880
2883 1580 1584
1581 2880 462
462 2863 1581
2910 1618 472
472 1617 2910
1617 1622 1620
2862 2863 462
2863 2862 3029
3029 461 2863
1620 1621 1617
1617 1621 1713
1713 2910 1617
2880 1580 473
473 1580 2883
2883 1586 473
1586 2883 1618
2881 462 2880
2880 1579 2881
473 1579 2880
462 2861 2862
462 2881 1574
1574 2861 462
2862 2861 460
460 1563 2862
3029 2862 1563
460 2861 1574
2881 1579 3023
3023 1579 473
3019 473 1586
473 3019 3023
1574 2881 1727
3023 1727 2881
3023 3019 1587
1587 1727 3023
1586 1587 3019
3022 1727 1587
1727 3022 1574
1587 1586 2884
1618 2884 1586
2884 1575 1587
1587 1575 3022
1574 3022 1575
1575 2884 1588
1588 2884 1618
1588 2874 1575
1575 2874 1574
468 1563 460
1573 1563 468
1563 1573 3029
1618 474 1588
474 1618 2910
1616 2874 1588
1588 2909 1616
2993 2909 1588
1588 474 2993
2910 2911 474
2993 474 2911
461 3029 1573
468 1572 1573
3031 1573 1572
1573 3031 461
2911 1619 2993
2909 2993 2994
2994 2993 1619
2908 1616 2909
2909 1615 2908
2994 1615 2909
2992 2911 2910
1690 1619 2911
2911 2992 1690
1619 2995 2994
2995 1619 1690
1611 2994 2995
1615 2994 1611
1582 461 3031
3031 469 1582
1572 469 3031
2995 2996 1611
1690 2996 2995
487 2908 1615
1615 2903 487
1611 2903 1615
1714 2996 1690
90 956 963
963 2339 90
969 2338 2339
2334 2339 2338
90 2339 2334
2338 2336 2334
966 2334 2336
952 2334 966
2334 952 90
2317 90 952
2336 96 966
966 81 952
2335 966 96
81 966 2335
2316 952 81
952 2316 2317
83 2317 2316
96 967 2335
2316 2315 83
2315 2316 2314
81 2314 2316
2318 2314 81
81 84 2318
2335 84 81
2335 967 968
84 2335 2337
968 2337 2335
2314 951 2315
951 2314 2318
2318 84 965
2337 965 84
2318 82 951
965 2319 2318
2318 2319 964
964 82 2318
122 998 119
119 997 122
997 119 993
993 118 997
118 993 2360
2360 994 118
994 2360 992
992 991 994
991 992 120
120 2359 991
2361 2359 120
120 995 2361
996 2361 995
995 999 996
125 1000 123
123 1001 125
152 1035 153
153 1036 152
1033 152 1036
1036 149 1033
2374 1033 149
149 1032 2374
1030 2374 1032
1032 1031 1030
151 1030 1031
1031 2373 151
151 2373 2375
2375 1034 151
1034 2375 591
591 1037 1034
158 1045 155
155 1044 158
1044 155 1040
1040 154 1044
154 1040 2377
2377 1041 154
1041 2377 1039
1039 1038 1041
1038 1039 156
156 2376 1038
2378 2376 156
156 1042 2378
1043 2378 1042
1042 1046 1043
161 1047 159
159 1048 161
610 1063 2386
2386 1064 610
177 1070 172
172 1069 177
1069 172 1066
1066 174 1069
174 1066 2388
2388 1067 174
1067 2388 1065
1065 173 1067
173 1065 176
176 2387 173
2389 2387 176
176 1068 2389
175 2389 1068
1068 1075 175
182 1077 180
180 1076 182
1076 180 1074
1074 1073 1076
1073 1074 1071
1071 2390 1073
2390 1071 2391
2391 1072 2390
1072 2391 181
181 179 1072
179 181 1078
1078 1079 179
621 1080 2392
2392 1081 621
189 1087 184
184 1086 189
1086 184 1083
1083 186 1086
186 1083 2394
2394 1084 186
1084 2394 1082
1082 185 1084
185 1082 188
188 2393 185
2395 2393 188
188 1085 2395
187 2395 1085
1085 1091 187
633 1094 2398
2398 1095 633
200 1101 2401
2401 1102 200
1102 2401 1100
1100 198 1102
198 1100 1098
1098 1097 198
1097 1098 196
196 2399 1097
2399 196 2400
2400 1096 2399
1096 2400 1099
1099 197 1096
197 1099 199
199 1103 197
645 1104 2402
2402 1105 645
206 1111 2405
2405 1112 206
1112 2405 1110
1110 204 1112
204 1110 1108
1108 1107 204
1107 1108 202
202 2403 1107
2403 202 2404
2404 1106 2403
1106 2404 1109
1109 203 1106
203 1109 205
205 1113 203
656 1114 2406
2406 1115 656
212 1121 2409
2409 1122 212
1122 2409 1120
1120 210 1122
210 1120 1118
1118 1117 210
1117 1118 208
208 2407 1117
2407 208 2408
2408 1116 2407
1116 2408 1119
1119 209 1116
209 1119 211
211 1123 209
667 1124 2410
2410 1125 667
218 1131 2413
2413 1132 218
1132 2413 1130
1130 216 1132
216 1130 1128
1128 1127 216
1127 1128 214
214 2411 1127
2411 214 2412
2412 1126 2411
1126 2412 1129
1129 215 1126
215 1129 217
217 1133 215
222 1138 225
225 1139 222
1136 222 1139
1139 220 1136
2415 1136 220
220 1135 2415
1134 2415 1135
1135 221 1134
223 1134 221
221 2414 223
223 2414 2416
2416 1137 223
1137 2416 224
224 1140 1137
230 1146 2419
2419 1147 230
1147 2419 1145
1145 228 1147
228 1145 1143
1143 1142 228
1142 1143 226
226 2417 1142
2417 226 2418
2418 1141 2417
1141 2418 1144
1144 227 1141
227 1144 229
229 1148 227
235 1155 236
236 1156 235
1152 235 1156
1156 232 1152
2421 1152 232
232 1151 2421
1149 2421 1151
1151 1150 1149
234 1149 1150
1150 2420 234
234 2420 2422
2422 1154 234
1154 2422 1153
1153 1157 1154
237 1158 239
239 1159 237
243 1166 245
245 1167 243
1163 243 1167
1167 240 1163
2424 1163 240
240 1162 2424
1160 2424 1162
1162 1161 1160
242 1160 1161
1161 2423 242
242 2423 2425
2425 1165 242
1165 2425 1164
1164 1168 1165
246 1169 248
248 1170 246
252 1177 254
254 1178 252
1174 252 1178
1178 249 1174
2427 1174 249
249 1173 2427
1171 2427 1173
1611 2996 1714
2903 1611 2904
1714 2904 1611
2904 2905 2903
487 2903 2905
485 2904 1714
2905 2904 485
2905 2906 487
2906 2905 486
485 486 2905
1690 2959 1714
1714 2958 485
1689 2958 1714
1714 2959 1689
485 2958 1657
1657 2958 1689
1657 1686 485
486 485 1686
486 1612 2906
1686 1688 486
486 1688 1715
1715 1612 486
2906 1612 1613
1613 1612 1715
1613 488 2906
487 2906 488
1686 1687 1688
502 1687 1686
1686 1657 502
2945 502 1657
1689 2946 1657
1657 2946 2945
1715 1716 1613
488 1614 487
1614 488 452
452 488 1613
1613 1716 519
519 1546 1613
1613 1546 452
1656 2945 2946
487 1614 476
476 2908 487
1599 476 1614
1614 2907 1599
452 2907 1614
453 452 1546
1547 1546 519
1546 1547 453
1545 452 453
451 2907 452
452 1545 451
519 1717 1547
2907 451 1601
1601 1599 2907
1616 2908 476
3003 476 1599
476 3003 1616
1599 1601 1600
1599 2891 3003
1600 2891 1599
453 2849 1545
2954 1545 2849
451 1545 2954
2954 1670 451
1601 451 1670
3003 2891 478
478 1616 3003
478 2891 1600
1547 1717 1680
1670 3010 1601
1601 3010 468
468 1600 1601
1600 1597 478
1597 1600 468
477 3010 1670
468 3010 477
2849 1609 2954
1670 2954 2955
2955 2954 1609
1609 2849 1608
1608 2849 453
2955 1669 1670
1670 1685 477
1668 1685 1670
1670 1669 1668
478 1597 1598
1598 1597 2875
468 2875 1597
2957 477 1685
477 1572 468
1572 477 2957
1684 1685 1668
1685 1684 2957
1609 504 2955
1669 2955 1672
1672 2955 504
1668 1669 1667
1672 1667 1669
1667 503 1668
1668 1683 1684
1683 1668 503
2957 469 1572
504 2956 1672
1667 1672 505
505 1672 2956
460 1598 2875
460 2875 468
505 1673 1667
1667 1673 509
509 503 1667
1682 503 509
503 1682 1683
1676 1673 505
509 1673 1676
2956 1671 505
505 1674 1676
1674 505 1671
1671 2956 3002
3002 2956 504
509 1681 1682
508 1681 509
509 1678 508
1676 1678 509
1676 1674 1608
1678 1676 1677
1608 1677 1676
1671 1675 1674
3002 2999 1671
1675 1671 2999
1674 1675 506
506 1608 1674
1606 2999 3002
3002 2899 1606
504 2899 3002
2999 1606 1675
2898 506 1675
1675 1606 2898
2898 1606 2899
2899 504 1609
1680 508 1678
1678 1679 1680
1677 1679 1678
506 2898 1607
1607 1608 506
1609 1607 2899
2899 1607 2898
453 1677 1608
1547 1679 1677
1677 453 1547
1680 1679 1547
2910 1713 2992
3012 2992 1713
1713 1559 3012
1559 1713 1621
512 3012 1559
2860 2992 3012
3012 512 2860
2962 2992 2860
1690 2992 2962
1621 518 1559
1560 1559 518
2858 1559 1560
1559 2858 512
2991 518 1621
2988 518 2991
518 2988 1560
1621 1620 2991
1562 2860 512
512 2859 1562
1561 2859 512
512 2858 1561
2860 2963 2962
2860 1562 1695
1695 2963 2860
1560 520 2858
1561 2858 520
1558 2859 1561
1562 2859 1558
520 2855 1561
1561 2855 1558
2991 1620 1712
2991 1712 2990
2991 2989 2988
2990 2989 2991
1695 1562 2968
1553 2968 1562
1562 1551 1553
1558 1551 1562
2964 2963 1695
1695 2967 2964
2968 2967 1695
2855 520 3026
3026 520 1560
2857 1558 2855
2855 2856 2857
3026 2856 2855
1569 2967 2968
2964 2967 1569
2968 2869 1569
2869 2968 1553
3030 2856 3026
2857 2856 3030
1560 3027 3026
3026 3027 3030
3030 3027 2985
3030 489 2857
2985 489 3030
3024 2985 3027
3027 1560 3024
1708 489 2985
2857 489 1708
2985 1710 1708
1710 2985 3024
517 3024 1560
3024 517 1710
1560 2988 517
2987 517 2988
1710 517 2987
1708 1710 2986
2987 2986 1710
2988 2989 2987
2987 2989 2990
516 2986 2987
2987 1711 516
2990 1711 2987
2986 516 1707
2986 2983 1708
1707 2983 2986
2983 1707 490
490 1706 2983
1708 2983 1706
1552 1706 490
490 2912 1552
1552 2912 1623
1623 467 1552
1551 1552 467
1709 1552 1551
1706 1552 1709
467 1623 2935
1709 2984 1706
1706 2984 1708
1551 1558 1709
2984 1709 1558
1708 2984 2857
1558 2857 2984
467 1553 1551
2935 2936 467
1553 467 3039
3039 467 2936
2936 2935 1645
2936 1730 3039
3036 3039 1730
3039 3036 1553
1645 1646 2936
2936 1646 454
454 1730 2936
1173 1172 1171
251 1171 1172
1172 2426 251
251 2426 2428
2428 1176 251
1176 2428 1175
1175 1179 1176
259 1185 2431
2431 1186 259
1186 2431 1184
1184 257 1186
257 1184 1182
1182 1181 257
1181 1182 255
255 2429 1181
2429 255 2430
2430 1180 2429
1180 2430 1183
1183 256 1180
256 1183 258
258 1187 256
263 1194 265
265 1195 263
1191 263 1195
1195 260 1191
2433 1191 260
260 1190 2433
1188 2433 1190
1190 1189 1188
262 1188 1189
1189 2432 262
262 2432 2434
2434 1193 262
1193 2434 1192
1192 1196 1193
270 1202 2437
2437 1203 270
1203 2437 1201
1201 268 1203
268 1201 1199
1199 1198 268
1198 1199 266
266 2435 1198
2435 266 2436
2436 1197 2435
1197 2436 1200
1200 267 1197
267 1200 269
269 1204 267
275 1211 277
277 1212 275
1208 275 1212
1212 272 1208
2439 1208 272
272 1207 2439
1205 2439 1207
1207 1206 1205
274 1205 1206
1206 2438 274
274 2438 2440
2440 1210 274
1210 2440 1209
1209 1213 1210
282 1219 2443
2443 1220 282
1220 2443 1218
1218 280 1220
280 1218 1216
1216 1215 280
1215 1216 278
278 2441 1215
2441 278 2442
2442 1214 2441
1214 2442 1217
1217 279 1214
279 1217 281
281 1221 279
287 1228 289
289 1229 287
1225 287 1229
1229 284 1225
2445 1225 284
284 1224 2445
1222 2445 1224
1224 1223 1222
286 1222 1223
1223 2444 286
286 2444 2446
2446 1227 286
1227 2446 1226
1226 1230 1227
294 1236 2449
2449 1237 294
1237 2449 1235
1235 292 1237
292 1235 1233
1233 1232 292
1232 1233 290
290 2447 1232
2447 290 2448
2448 1231 2447
1231 2448 1234
1234 291 1231
291 1234 293
293 1238 291
299 1245 300
300 1246 299
1242 299 1246
1246 296 1242
2451 1242 296
296 1241 2451
1239 2451 1241
1241 1240 1239
298 1239 1240
1240 2450 298
298 2450 2452
2452 1244 298
1244 2452 1243
1243 1247 1244
305 1253 2455
2455 1254 305
1254 2455 1252
1252 303 1254
303 1252 1250
1250 1249 303
1249 1250 301
301 2453 1249
2453 301 2454
2454 1248 2453
1248 2454 1251
1251 302 1248
302 1251 304
304 1255 302
310 1262 311
311 1263 310
1259 310 1263
1263 307 1259
2457 1259 307
307 1258 2457
1256 2457 1258
1258 1257 1256
309 1256 1257
1257 2456 309
309 2456 2458
2458 1261 309
1261 2458 1260
1260 1264 1261
312 1265 314
314 1266 312
318 1273 320
320 1274 318
1270 318 1274
1274 315 1270
2460 1270 315
315 1269 2460
1267 2460 1269
1269 1268 1267
317 1267 1268
1268 2459 317
317 2459 2461
2461 1272 317
1272 2461 1271
1271 1275 1272
1531 1532 1533
1719 1720 1721
1755 1753 3068
3068 3067 1755
3067 3068 1754
1754 1752 3067
1752 1754 3074
3074 1761 1752
1761 3074 3075
3075 3076 1761
1756 1757 3070
3070 3069 1756
3069 3070 1758
1758 1759 3069
1759 1758 1760
1760 3071 1759
3071 1760 3072
3072 3073 3071
3077 1763 1766
1766 1764 3077
1762 3077 1764
1764 3078 1762
3079 1762 3078
3078 1765 3079
1767 3079 1765
1765 1768 1767
3084 1774 1771
1771 3082 3084
3085 3084 3082
3082 1771 544
544 3083 3082
3082 3080 3085
3080 3082 3083
1773 3085 3080
3083 3081 3080
3080 3081 1769
3080 1770 1773
1769 1770 3080
1775 1773 1770
1770 1769 545
545 1772 1770
1770 1772 1775
3087 1777 1778
1778 3088 3087
3086 3087 3088
3088 1776 3086
3094 3086 1776
1776 3095 3094
3096 3094 3095
3095 3097 3096
3090 1782 1779
1779 3089 3090
1781 3090 3089
3089 1780 1781
1783 1781 1780
1780 3091 1783
3093 1783 3091
3091 3092 3093
1788 1787 3099
3099 1786 1788
1786 3099 1784
1784 3098 1786
3098 1784 3100
3100 1785 3098
1785 3100 1789
1789 1790 1785
548 1793 3105
3105 3103 548
550 548 3103
3103 3105 3106
3103 3104 550
3106 3101 3103
3104 3103 3101
3101 3106 1794
3101 3102 3104
1792 3102 3101
3101 1791 1792
1794 1791 3101
1791 1794 1795
551 1792 1791
1791 547 551
1795 547 1791
1798 1796 3107
3107 1797 1798
1800 1801 1802
1802 1803 1800
1807 1808 1809
1809 1810 1807
566 1824 568
568 1825 566
1821 566 1825
1825 564 1821
3118 1821 564
1646 1645 1647
1647 1549 1646
454 1646 1549
1553 3036 1729
1730 3038 3036
1729 3036 3038
1731 3038 1730
1730 3040 1731
3040 1730 454
454 2851 3040
1549 2851 454
1731 3040 2851
2850 2851 1549
1548 1549 1647
1549 1548 2850
2851 2850 1731
1647 1648 1548
2852 2850 1548
1731 2850 2852
1548 2853 2852
2853 1548 1648
3038 3035 1729
3034 3038 1731
465 3035 3038
3038 3034 465
1729 3035 2867
2867 3035 465
1554 2852 2853
2852 1550 1731
1550 2852 1554
465 3034 3033
465 2868 2867
3033 2868 465
2853 2854 1554
1555 2854 2853
2853 455 1555
1648 455 2853
1555 455 1648
1567 2868 3033
3033 2872 1567
2872 3033 3034
1568 2867 2868
2868 1567 1568
2854 1555 1627
1627 1628 2854
1554 2854 1628
1567 2872 2871
2871 1570 1567
1568 1567 1570
1627 1555 2934
1648 2934 1555
2871 2872 1571
3034 1571 2872
1634 1628 1627
1627 1636 1634
2921 1628 1634
1628 2921 1554
1731 1571 3034
1634 2920 2921
2920 1634 2922
2922 1634 1636
457 2921 2920
1554 2921 457
1636 1637 2922
2922 2919 2920
493 2920 2919
2920 493 457
1633 2922 1637
2919 2922 1633
1637 2923 1633
2919 1635 493
3028 493 1635
457 493 3028
2918 1635 2919
2919 2917 2918
1633 2917 2919
2916 2917 1633
1633 1629 2916
1629 1633 2923
2917 2916 479
479 2918 2917
1632 2918 479
1635 2918 1632
1632 1725 1635
1635 1725 3028
3011 1725 1632
3028 1725 3011
1631 2916 1629
2916 1631 1642
1642 479 2916
1589 479 1642
479 1589 1632
1629 2915 1631
495 1631 2915
1642 1631 495
2915 1630 495
495 2929 1642
2929 495 2930
2930 495 1630
1642 1590 1589
3013 1642 2929
1590 1642 3013
1630 1643 2930
2930 2927 2929
2925 2929 2927
2929 2925 3013
2931 2930 1643
2927 2930 2931
1589 1590 2885
3013 1724 1590
2885 1590 1724
3013 2925 480
480 1724 3013
480 2925 1640
2927 1640 2925
1640 2927 2928
2931 2928 2927
1643 2932 2931
1724 3005 2885
3008 3005 1724
1724 480 3008
2885 3005 1602
1602 3005 3008
1640 2894 480
480 2894 2893
2893 3008 480
3008 2893 1602
1603 2894 1640
1640 2926 1603
2928 2926 1640
1603 1602 2893
2893 2894 1603
1591 1602 1603
1602 1591 2885
1641 2926 2928
1603 2926 1641
1603 2892 1591
1641 2892 1603
2928 494 1641
494 2928 2931
2931 2932 1644
2931 2924 494
1644 2924 2931
1639 494 2924
1641 494 1639
2924 1638 1639
1638 2924 1644
1639 1722 1641
481 1641 1722
1641 481 2902
2902 2892 1641
1591 2892 2895
1604 2895 2892
2892 2902 1604
483 1639 1638
1722 1639 483
483 2902 481
481 2998 483
1722 2998 481
483 2998 1722
1644 2933 1638
1610 1604 2902
2902 483 1610
1638 1718 483
1638 2933 492
492 1718 1638
2895 1604 484
484 1604 1610
2997 483 1718
1610 483 2997
1718 1626 2997
1626 1718 492
1624 2997 1626
2997 1624 1610
1610 1624 491
491 2913 1610
1610 2913 484
492 2914 1626
1625 1626 2914
1626 1625 1624
1649 491 1624
1624 1625 1649
484 2913 2940
2940 2913 491
491 1649 2937
491 2937 2940
2940 2937 496
2940 2939 484
496 2941 2940
2940 2941 1653
1653 2939 2940
1653 2941 2943
2943 2941 496
496 1654 2943
2943 1654 2944
2943 2942 1653
2943 2944 1705
1705 2942 2943
1653 2942 1655
1655 2942 1705
1652 2939 1653
1653 497 1652
1655 497 1653
484 2939 1652
1652 497 1700
1700 497 1655
1705 2944 1659
1705 1704 1655
1703 1655 1704
1700 1655 1703
499 1704 1705
1705 2952 499
1659 2952 1705
1652 1650 484
1650 1652 1651
1700 1651 1652
484 1650 2895
1704 2973 1703
1666 2973 1704
1704 499 1666
2951 499 2952
499 2951 1664
1664 1666 499
2952 1658 2951
1658 2952 1659
1659 2948 1658
1696 1666 1664
2973 1666 1696
1696 1697 2973
1703 2973 1697
1605 2895 1650
1650 2938 1605
1651 2938 1650
501 1658 2948
2951 1658 501
501 1663 2951
1664 2951 1663
2895 1605 1591
1663 1661 1664
2953 1664 1661
1664 2953 1696
2948 2947 501
501 2947 1660
501 1660 1662
1662 1663 501
1663 1662 2950
2950 1661 1663
1605 2938 2974
2974 2975 1605
1591 1605 1632
1632 1605 2975
1661 498 2953
1665 498 1661
1661 2950 1665
1662 1660 1656
500 2950 1662
564 1820 3118
1818 3118 1820
1820 1819 1818
565 1818 1819
1819 3117 565
565 3117 3119
3119 1823 565
1823 3119 1822
1822 1826 1823
1827 1828 129
129 1829 1827
585 1851 582
582 1850 585
1850 582 1846
1846 581 1850
581 1846 3127
3127 1847 581
1847 3127 1845
1845 1844 1847
1844 1845 583
583 3126 1844
3128 3126 583
583 1848 3128
1849 3128 1848
1848 1852 1849
598 1873 600
600 1874 598
1870 598 1874
1874 596 1870
3136 1870 596
596 1869 3136
1867 3136 1869
1869 1868 1867
597 1867 1868
1868 3135 597
597 3135 3137
3137 1872 597
1872 3137 1871
1871 1875 1872
1876 1877 165
165 1878 1876
604 1885 605
605 1886 604
1884 604 1886
1886 601 1884
3139 1884 601
601 1883 3139
1880 3139 1883
1883 1881 1880
1879 1880 1881
1881 3138 1879
1879 3138 1882
1882 603 1879
603 1882 602
602 1890 603
1892 1893 1894
1894 1895 1892
615 1901 616
616 1902 615
1899 615 1902
1902 612 1899
3146 1899 612
612 1898 3146
1896 3146 1898
1898 1897 1896
614 1896 1897
1897 3145 614
614 3145 3147
3147 1900 614
1900 3147 613
613 1906 1900
620 1909 1910
1910 617 620
1905 620 617
617 3149 1905
3148 1905 3149
3149 1903 3148
619 3148 1903
1903 1904 619
1907 619 1904
1904 618 1907
1908 1907 618
618 3150 1908
1911 1912 1913
1913 1914 1911
1914 1913 1915
1915 1916 1914
625 1921 628
628 1922 625
1919 625 1922
1922 623 1919
3152 1919 623
623 1918 3152
1917 3152 1918
1918 624 1917
626 1917 624
624 3151 626
626 3151 3153
3153 1920 626
1920 3153 627
627 1926 1920
637 1934 640
640 1935 637
1932 637 1935
1935 635 1932
3158 1932 635
635 1931 3158
1930 3158 1931
1931 636 1930
638 1930 636
636 3157 638
638 3157 3159
3159 1933 638
1933 3159 639
639 1939 1933
642 1943 644
644 1940 642
1938 642 1940
1940 3161 1938
3160 1938 3161
3161 643 3160
1937 3160 643
643 1936 1937
641 1937 1936
1936 1941 641
1942 641 1941
1941 3162 1942
648 1948 651
651 1949 648
1946 648 1949
1949 646 1946
3164 1946 646
646 1945 3164
1944 3164 1945
1945 647 1944
649 1944 647
647 3163 649
649 3163 3165
3165 1947 649
1947 3165 650
650 1953 1947
653 1957 655
655 1954 653
1952 653 1954
1954 3167 1952
3166 1952 3167
3167 654 3166
1951 3166 654
654 1950 1951
652 1951 1950
1950 1955 652
1956 652 1955
1955 3168 1956
659 1962 662
662 1963 659
1960 659 1963
1963 657 1960
3170 1960 657
657 1959 3170
1958 3170 1959
1959 658 1958
660 1958 658
658 3169 660
660 3169 3171
3171 1961 660
1961 3171 661
661 1967 1961
664 1971 666
666 1968 664
1966 664 1968
1968 3173 1966
3172 1966 3173
3173 665 3172
1965 3172 665
665 1964 1965
663 1965 1964
1964 1969 663
1970 663 1969
1969 3174 1970
671 1979 669
669 1978 671
1978 669 1974
1974 668 1978
668 1974 3176
3176 1975 668
1975 3176 1973
1973 1972 1975
1972 1973 670
670 3175 1972
3177 3175 670
670 1976 3177
1977 3177 1976
1976 1980 1977
3180 1987 677
677 1986 3180
1985 3180 1986
1986 673 1985
1981 1985 673
673 1982 1981
675 1981 1982
1982 3178 675
3179 675 3178
3178 1983 3179
1984 3179 1983
1983 674 1984
676 1984 674
674 1988 676
681 1996 679
679 1995 681
1995 679 1991
1991 678 1995
678 1991 3182
3182 1992 678
1992 3182 1990
1990 1989 1992
1989 1990 680
680 3181 1989
3183 3181 680
680 1993 3183
1994 3183 1993
1993 1997 1994
3186 2004 233
233 2003 3186
2002 3186 2003
2003 683 2002
1998 2002 683
683 1999 1998
685 1998 1999
1999 3184 685
3185 685 3184
3184 2000 3185
2001 3185 2000
2000 684 2001
686 2001 684
684 2005 686
3193 2018 241
241 2017 3193
2016 3193 2017
2017 689 2016
2012 2016 689
689 2013 2012
691 2012 2013
2013 3191 691
3192 691 3191
3191 2014 3192
2015 3192 2014
2014 690 2015
692 2015 690
690 2019 692
3200 2032 250
250 2031 3200
2030 3200 2031
2031 696 2030
2026 2030 696
696 2027 2026
698 2026 2027
1662 2949 500
1656 2949 1662
510 1665 2950
2950 500 510
2960 1665 510
498 1665 2960
1689 500 2949
510 500 1689
2946 2949 1656
2949 2946 1689
1577 2975 2974
2975 1577 3015
3015 464 2975
2975 464 1632
1632 464 3011
3011 464 3015
1689 2959 510
510 2959 1690
510 1691 2960
1690 1691 510
3015 3016 3011
3015 1577 1726
1726 3016 3015
3016 1726 3025
3025 3011 3016
3011 3025 3028
457 3025 1726
3028 3025 457
3021 1726 1577
1726 3021 457
2962 1691 1690
1577 1566 3021
457 3021 1566
1691 2962 1692
1692 2960 1691
1692 2962 2963
1566 1565 457
457 1565 1554
2963 2964 1692
1565 1566 2866
2866 458 1565
1554 1565 458
2961 2960 1692
1692 2965 2961
2966 2965 1692
1692 2964 2966
2960 2961 498
1693 2961 2965
498 2961 1693
2972 2965 2966
2965 2972 1693
1569 2966 2964
2971 2966 1569
2966 2971 2972
458 1556 1554
1554 1556 1550
456 1556 458
1550 1556 456
1693 2953 498
2972 2971 2900
1693 2972 2897
2900 2897 2972
2897 511 1693
1693 511 1696
1696 2953 1693
1694 2900 2971
2971 2969 1694
1569 2969 2971
2969 1569 2869
2897 2900 2901
2900 1694 3007
3007 2901 2900
511 2897 2896
2901 2896 2897
2896 513 511
1696 511 513
2970 1694 2969
3007 1694 2970
2969 1568 2970
2869 1568 2969
2896 2901 1593
1593 2901 3007
1593 513 2896
3007 466 1593
2970 466 3007
513 1697 1696
466 2970 1570
1570 2970 1568
2982 1697 513
513 2980 2982
2980 513 1593
1697 2982 1703
1702 2982 2980
1703 2982 1702
1592 1593 466
1593 2981 2980
3000 2981 1593
1593 1592 3000
475 2980 2981
2980 475 1702
466 2886 1592
1570 3009 466
2886 466 3009
1592 2886 2887
2887 3000 1592
3009 1570 2871
2887 2886 1595
3009 1595 2886
2871 1595 3009
2981 2889 475
2981 3000 3001
3001 2889 2981
1594 3001 3000
3000 2887 1594
2889 3001 1594
475 2889 1596
1594 1596 2889
1595 2888 2887
1594 2887 2888
2888 1596 1594
1596 2888 3006
3006 2888 1595
1596 2890 475
3006 2890 1596
1595 1723 3006
1723 1595 3017
3017 1595 2871
3006 1723 1701
1701 2890 3006
2871 459 3017
1571 459 2871
1564 3017 459
3017 1564 1723
459 2864 1564
2864 459 2865
2865 459 1571
2890 1701 3004
3004 475 2890
2977 1701 1723
1723 1699 2977
463 1699 1723
1723 1564 463
3014 463 1564
1564 2864 3014
2978 1701 2977
2979 3004 1701
1701 2978 2979
2977 1699 463
3004 2979 1702
1702 475 3004
2865 1557 2864
3014 2864 1728
1728 2864 1557
463 3014 3020
1728 3020 3014
2977 1698 2978
1698 2977 1578
463 1578 2977
1578 463 2866
3020 2866 463
515 1702 2979
2979 2978 515
2978 1698 1700
1700 515 2978
1557 458 1728
3020 1728 458
458 2866 3020
1702 515 1703
1703 515 1700
1578 2976 1698
1651 1700 1698
1698 2976 1651
2866 1566 1578
2876 1578 1566
2976 1578 2876
458 1557 456
2876 2974 2976
2938 1651 2976
2976 2974 2938
1566 1577 2876
2974 2876 1577
2865 3032 456
3037 456 3032
456 3037 1550
456 1557 2865
1571 3032 2865
3032 1571 3037
1731 1550 3037
3037 1571 1731
1632 1589 1591
2885 1591 1589
1598 1576 478
1616 478 1576
1576 1598 460
1576 2874 1616
1574 2874 1576
1576 2873 1574
460 2873 1576
1574 2873 460
1553 2870 2869
1729 2870 1553
1568 2869 2870
2867 2870 1729
2870 2867 1568
m1_0300_4_weapon
2
3

0

0

0
1158
0.055287 -0.074465 -0.005593
0.765625 0.585938 -0.148438
255 255 255 255
0.848145 0.509766
0.612305 0.294922
2 0 0 0
1 0 0 0
0.052863 -0.074465 -0.014918
0.718750 0.578125 -0.328125
255 255 255 255
0.837891 0.571289
0.610352 0.304199
2 0 0 0
1 0 0 0
0.056966 -0.081945 -0.015993
0.898438 -0.007813 -0.414063
255 255 255 255
0.896484 0.588867
0.619141 0.306641
2 0 0 0
1 0 0 0
0.030056 -0.089244 -0.029616
-0.835938 -0.007813 0.546875
255 255 255 255
1.717285 0.6875
0.595215 0.17627
2 0 0 0
1 0 0 0
0.031706 -0.089116 -0.031410
-0.929688 -0.007813 0.359375
255 255 255 255
1.728027 0.698242
0.598145 0.179199
2 0 0 0
1 0 0 0
0.028671 -0.087529 -0.035932
-0.960938 -0.007813 0.281250
255 255 255 255
1.693848 0.705566
0.588379 0.181152
2 0 0 0
1 0 0 0
0.024964 -0.089147 -0.042241
-0.601563 -0.007813 0.781250
255 255 255 255
1.666016 0.75
0.580078 0.194336
2 0 0 0
1 0 0 0
-0.031695 -0.089116 -0.031410
0.281250 -0.007813 0.937500
255 255 255 255
1.274414 0.698242
0.466797 0.179199
2 0 0 0
1 0 0 0
-0.044062 -0.089170 -0.025671
0.664063 -0.007813 0.710938
255 255 255 255
1.210449 0.647949
0.448242 0.164551
2 0 0 0
1 0 0 0
-0.044061 -0.087499 -0.025671
0.515625 -0.007813 0.828125
255 255 255 255
1.225586 0.63916
0.452637 0.162109
2 0 0 0
1 0 0 0
-0.030040 -0.087573 -0.029618
0.812500 -0.007813 0.546875
255 255 255 255
1.295898 0.676758
0.473145 0.172852
2 0 0 0
1 0 0 0
-0.050833 -0.089149 -0.014196
0.929688 -0.007813 0.304688
255 255 255 255
1.179688 0.567383
0.439453 0.141113
2 0 0 0
1 0 0 0
-0.052323 -0.089116 0.014916
0.898438 -0.007813 -0.398438
255 255 255 255
1.164063 0.374512
0.43457 0.085449
2 0 0 0
1 0 0 0
-0.043746 -0.089170 0.025633
0.507813 -0.007813 -0.859375
255 255 255 255
1.210449 0.297852
0.448242 0.063477
2 0 0 0
1 0 0 0
-0.043746 -0.087499 0.025633
0.648438 -0.007813 -0.750000
255 255 255 255
1.225586 0.307129
0.452637 0.065918
2 0 0 0
1 0 0 0
-0.053107 -0.087461 0.005299
0.976563 -0.007813 -0.109375
255 255 255 255
1.1875 0.439453
0.441406 0.104492
2 0 0 0
1 0 0 0
-0.029988 -0.089244 0.029636
0.812500 -0.007813 -0.562500
255 255 255 255
1.284668 0.258301
0.469727 0.051758
2 0 0 0
1 0 0 0
-0.031656 -0.089116 0.031410
0.906250 -0.007813 -0.382813
255 255 255 255
1.274414 0.248047
0.466797 0.048828
2 0 0 0
1 0 0 0
-0.028667 -0.087530 0.035941
0.937500 -0.007813 -0.296875
255 255 255 255
1.308105 0.240723
0.476563 0.046875
2 0 0 0
1 0 0 0
-0.024965 -0.089147 0.042244
0.578125 -0.007813 -0.804688
255 255 255 255
1.336426 0.196289
0.484863 0.033691
2 0 0 0
1 0 0 0
0.031706 -0.089116 0.031410
-0.304688 -0.007813 -0.960938
255 255 255 255
1.728027 0.248047
0.598145 0.048828
2 0 0 0
1 0 0 0
0.044191 -0.089170 0.025664
-0.687500 -0.007813 -0.734375
255 255 255 255
1.791992 0.297852
0.616699 0.063477
2 0 0 0
1 0 0 0
0.044191 -0.087499 0.025664
-0.539063 -0.007813 -0.851563
255 255 255 255
1.776855 0.307129
0.612305 0.065918
2 0 0 0
1 0 0 0
0.030055 -0.087573 0.029616
-0.835938 -0.007813 -0.570313
255 255 255 255
1.706055 0.269531
0.591797 0.055176
2 0 0 0
1 0 0 0
0.050985 -0.089149 0.014189
-0.953125 -0.007813 -0.335938
255 255 255 255
1.822266 0.378906
0.625488 0.086914
2 0 0 0
1 0 0 0
0.053287 -0.074450 -0.005337
-1.000000 -0.007813 0.070313
255 255 255 255
0.832031 0.507813
0.808106 0.208008
2 0 0 0
1 0 0 0
0.055287 -0.074465 0.005591
-0.992188 -0.007813 -0.179688
255 255 255 255
0.848145 0.435059
0.8125 0.187988
2 0 0 0
1 0 0 0
0.053287 -0.076430 0.005336
-1.000000 -0.007813 -0.093750
255 255 255 255
0.814453 0.438965
0.803711 0.188965
2 0 0 0
1 0 0 0
0.052863 -0.074465 0.014916
-0.921875 -0.007813 -0.406250
255 255 255 255
0.837891 0.373535
0.810059 0.171387
2 0 0 0
1 0 0 0
0.044191 -0.074411 0.025664
-0.539063 -0.007813 -0.851563
255 255 255 255
0.791992 0.297363
0.797363 0.150879
2 0 0 0
1 0 0 0
0.044191 -0.076391 0.025664
-0.687500 -0.007813 -0.734375
255 255 255 255
0.776856 0.306641
0.793457 0.15332
2 0 0 0
1 0 0 0
0.030055 -0.074337 0.029616
-0.835938 -0.007813 -0.570313
255 255 255 255
0.717285 0.257813
0.777344 0.140137
2 0 0 0
1 0 0 0
0.030055 -0.076318 0.029616
-0.500000 -0.007813 -0.875000
255 255 255 255
0.706055 0.269043
0.773926 0.143066
2 0 0 0
1 0 0 0
0.028671 -0.076361 0.035933
-0.960938 -0.007813 -0.304688
255 255 255 255
0.693848 0.240234
0.770996 0.135254
2 0 0 0
1 0 0 0
-0.014267 -0.074465 0.050065
0.343750 -0.007813 -0.937500
255 255 255 255
0.413574 0.160645
0.694824 0.11377
2 0 0 0
1 0 0 0
-0.026323 -0.074465 0.043792
0.703125 -0.007813 -0.703125
255 255 255 255
0.328125 0.182129
0.671875 0.119629
2 0 0 0
1 0 0 0
-0.024965 -0.076415 0.042244
0.578125 -0.007813 -0.804688
255 255 255 255
0.344727 0.209961
0.67627 0.127441
2 0 0 0
1 0 0 0
-0.030569 -0.074465 0.036610
0.851563 -0.007813 -0.500000
255 255 255 255
0.287598 0.215332
0.661133 0.128418
2 0 0 0
1 0 0 0
-0.030569 -0.074465 0.036610
0.937500 -0.007813 -0.304688
255 255 255 255
0.287598 0.215332
0.661133 0.128418
2 0 0 0
1 0 0 0
-0.031694 -0.074465 0.031410
0.476563 -0.007813 -0.875000
255 255 255 255
0.273926 0.24707
0.657227 0.137207
2 0 0 0
1 0 0 0
-0.030040 -0.076317 0.029618
0.812500 -0.007813 -0.570313
255 255 255 255
0.295898 0.269043
0.663086 0.143066
2 0 0 0
1 0 0 0
-0.031694 -0.074465 0.031410
0.281250 -0.007813 -0.960938
255 255 255 255
0.273926 0.24707
0.657227 0.137207
2 0 0 0
1 0 0 0
-0.044062 -0.074411 0.025669
0.664063 -0.007813 -0.734375
255 255 255 255
0.209961 0.297363
0.640137 0.150879
2 0 0 0
1 0 0 0
-0.044062 -0.076391 0.025669
0.515625 -0.007813 -0.851563
255 255 255 255
0.225098 0.306641
0.644043 0.15332
2 0 0 0
1 0 0 0
-0.050833 -0.074432 0.014194
0.929688 -0.007813 -0.328125
255 255 255 255
0.179688 0.378418
0.631836 0.172852
2 0 0 0
1 0 0 0
-0.053109 -0.074450 0.005338
0.976563 -0.007813 -0.093750
255 255 255 255
0.17041 0.437012
0.629395 0.188477
2 0 0 0
1 0 0 0
-0.055109 -0.074465 -0.005593
0.968750 -0.007813 0.156250
255 255 255 255
0.153809 0.509766
0.625 0.208496
2 0 0 0
1 0 0 0
-0.053109 -0.076430 -0.005340
0.976563 -0.007813 0.070313
255 255 255 255
0.1875 0.506348
0.633789 0.20752
2 0 0 0
1 0 0 0
-0.052712 -0.074465 -0.014918
0.898438 -0.007813 0.382813
255 255 255 255
0.164063 0.571289
0.627441 0.225098
2 0 0 0
1 0 0 0
-0.044061 -0.074411 -0.025671
0.515625 -0.007813 0.828125
255 255 255 255
0.209961 0.647461
0.640137 0.245606
2 0 0 0
1 0 0 0
-0.044061 -0.076391 -0.025671
0.664063 -0.007813 0.710938
255 255 255 255
0.225098 0.638184
0.644043 0.243164
2 0 0 0
1 0 0 0
-0.030040 -0.074337 -0.029618
0.812500 -0.007813 0.546875
255 255 255 255
0.284668 0.687012
0.660156 0.256348
2 0 0 0
1 0 0 0
-0.030040 -0.076317 -0.029618
0.476563 -0.007813 0.851563
255 255 255 255
0.295898 0.675781
0.663086 0.253418
2 0 0 0
1 0 0 0
-0.028670 -0.076361 -0.035934
0.937500 -0.007813 0.281250
255 255 255 255
0.308106 0.70459
0.666504 0.261231
2 0 0 0
1 0 0 0
0.014266 -0.074465 -0.050062
-0.382813 -0.007813 0.906250
255 255 255 255
0.588379 0.78418
0.742188 0.282715
2 0 0 0
1 0 0 0
0.026322 -0.074465 -0.043789
-0.726563 -0.007813 0.679688
255 255 255 255
0.673828 0.762695
0.765625 0.276856
2 0 0 0
1 0 0 0
0.024964 -0.076415 -0.042241
-0.601563 -0.007813 0.781250
255 255 255 255
0.657227 0.734863
0.760742 0.269043
2 0 0 0
1 0 0 0
0.030569 -0.074465 -0.036609
-0.875000 -0.007813 0.476563
255 255 255 255
0.714356 0.729492
0.776367 0.267578
2 0 0 0
1 0 0 0
0.030569 -0.074465 -0.036609
-0.960938 -0.007813 0.281250
255 255 255 255
0.714356 0.729492
0.776367 0.267578
2 0 0 0
1 0 0 0
0.031706 -0.074465 -0.031410
-0.500000 -0.007813 0.851563
255 255 255 255
0.728027 0.697754
0.780273 0.259277
2 0 0 0
1 0 0 0
0.030056 -0.076318 -0.029616
-0.835938 -0.007813 0.546875
255 255 255 255
0.706055 0.675781
0.773926 0.253418
2 0 0 0
1 0 0 0
0.031706 -0.074465 -0.031410
-0.304688 -0.007813 0.937500
255 255 255 255
0.728027 0.697754
0.780273 0.259277
2 0 0 0
1 0 0 0
0.044191 -0.074411 -0.025666
-0.687500 -0.007813 0.710938
255 255 255 255
0.791992 0.647461
0.797363 0.245606
2 0 0 0
1 0 0 0
0.044191 -0.076391 -0.025666
-0.539063 -0.007813 0.828125
255 255 255 255
0.776856 0.638184
0.793457 0.243164
2 0 0 0
1 0 0 0
0.050985 -0.074432 -0.014191
-0.953125 -0.007813 0.312500
255 255 255 255
0.822266 0.566406
0.805664 0.223633
2 0 0 0
1 0 0 0
-0.026020 -0.089024 0.000000
-0.007813 -1.000000 -0.007813
255 255 255 255
0.5 0.958496
0.029785 0.078125
2 0 0 0
1 0 0 0
-0.022787 -0.089032 0.007576
-0.007813 -1.000000 -0.007813
255 255 255 255
0.440918 0.958496
0.02832 0.078125
2 0 0 0
1 0 0 0
-0.023687 -0.089021 0.000000
-0.007813 -1.000000 -0.007813
255 255 255 255
0.5 0.973633
0.029785 0.081055
2 0 0 0
1 0 0 0
-0.018347 -0.089027 0.008409
-0.007813 -1.000000 -0.007813
255 255 255 255
0.410156 0.973633
0.027344 0.081055
2 0 0 0
1 0 0 0
-0.012328 -0.089027 0.011431
-0.007813 -1.000000 -0.007813
255 255 255 255
0.349609 0.973633
0.025391 0.081055
2 0 0 0
1 0 0 0
-0.016558 -0.089037 0.012519
-0.007813 -1.000000 -0.007813
255 255 255 255
0.379883 0.958496
0.026367 0.078125
2 0 0 0
1 0 0 0
-0.009351 -0.089035 0.014557
-0.007813 -1.000000 -0.007813
255 255 255 255
0.317871 0.958496
0.024414 0.078125
2 0 0 0
1 0 0 0
0.002842 -0.089045 0.012660
-0.007813 -1.000000 -0.007813
255 255 255 255
0.217773 0.973633
0.020996 0.081055
2 0 0 0
1 0 0 0
0.020553 -0.089061 0.003322
-0.007813 -1.000000 -0.007813
255 255 255 255
0.04541 0.973633
0.015625 0.081055
2 0 0 0
1 0 0 0
0.020495 -0.089090 0.007945
-0.007813 -1.000000 -0.007813
255 255 255 255
0.071777 0.958496
0.016602 0.078125
2 0 0 0
1 0 0 0
0.023728 -0.089067 0.000000
-0.007813 -1.000000 -0.007813
255 255 255 255
0.017578 0.958496
0.014648 0.078125
2 0 0 0
1 0 0 0
0.007059 -0.089075 0.014483
-0.007813 -1.000000 -0.007813
255 255 255 255
0.186523 0.958496
0.02002 0.078125
2 0 0 0
1 0 0 0
0.014265 -0.089101 0.012600
-0.007813 -1.000000 -0.007813
255 255 255 255
0.128418 0.958496
0.018066 0.078125
2 0 0 0
1 0 0 0
0.016055 -0.089074 0.008679
-0.007813 -1.000000 -0.007813
255 255 255 255
0.099609 0.973633
0.017578 0.081055
2 0 0 0
1 0 0 0
-0.022787 -0.089032 -0.007577
-0.007813 -1.000000 -0.007813
255 255 255 255
0.556641 0.958496
0.031738 0.078125
2 0 0 0
1 0 0 0
-0.009351 -0.089035 -0.014557
-0.007813 -1.000000 -0.007813
255 255 255 255
0.675293 0.958496
0.035645 0.078125
2 0 0 0
1 0 0 0
-0.016558 -0.089037 -0.012520
-0.007813 -1.000000 -0.007813
255 255 255 255
0.616211 0.958496
0.033691 0.078125
2 0 0 0
1 0 0 0
-0.012328 -0.089027 -0.011432
-0.007813 -1.000000 -0.007813
255 255 255 255
0.645508 0.973633
0.034668 0.081055
2 0 0 0
1 0 0 0
0.002842 -0.089045 -0.012661
-0.007813 -1.000000 -0.007813
255 255 255 255
0.773438 0.973633
0.038574 0.081055
2 0 0 0
1 0 0 0
0.020495 -0.089090 -0.007946
-0.007813 -1.000000 -0.007813
255 255 255 255
0.927734 0.958496
0.043457 0.078125
2 0 0 0
1 0 0 0
0.016055 -0.089074 -0.008680
-0.007813 -1.000000 -0.007813
255 255 255 255
0.897949 0.973633
0.04248 0.081055
2 0 0 0
1 0 0 0
0.023728 -0.089067 0.000000
-0.007813 -1.000000 -0.007813
255 255 255 255
0.983398 0.958496
0.044922 0.078125
2 0 0 0
1 0 0 0
0.014265 -0.089101 -0.012601
-0.007813 -1.000000 -0.007813
255 255 255 255
0.868652 0.958496
0.041504 0.078125
2 0 0 0
1 0 0 0
0.007059 -0.089075 -0.014484
-0.007813 -1.000000 -0.007813
255 255 255 255
0.806641 0.958496
0.039551 0.078125
2 0 0 0
1 0 0 0
0.053287 -0.087460 -0.005337
-0.007813 -1.000000 -0.007813
255 255 255 255
1.814453 0.506836
0.623047 0.124023
2 0 0 0
1 0 0 0
0.053287 -0.089131 0.005336
-0.007813 -1.000000 -0.007813
255 255 255 255
1.832031 0.4375
0.62793 0.103516
2 0 0 0
1 0 0 0
0.055287 -0.089116 0.005591
-0.007813 -1.000000 -0.007813
255 255 255 255
1.848145 0.436035
0.632813 0.103027
2 0 0 0
1 0 0 0
0.055287 -0.089116 -0.005593
-0.007813 -1.000000 -0.007813
255 255 255 255
1.848145 0.510254
0.632813 0.125
2 0 0 0
1 0 0 0
0.050985 -0.089149 0.014189
-0.007813 -1.000000 -0.007813
255 255 255 255
1.822266 0.378906
0.625488 0.086914
2 0 0 0
1 0 0 0
0.052863 -0.089116 0.014916
-0.007813 -1.000000 -0.007813
255 255 255 255
1.837891 0.374512
0.629883 0.085449
2 0 0 0
1 0 0 0
0.044191 -0.089170 0.025664
-0.007813 -1.000000 -0.007813
255 255 255 255
1.791992 0.297852
0.616699 0.063477
2 0 0 0
1 0 0 0
0.030055 -0.087573 0.029616
-0.007813 -1.000000 -0.007813
255 255 255 255
1.706055 0.269531
0.591797 0.055176
2 0 0 0
1 0 0 0
0.028671 -0.089200 0.035933
0.023438 -1.000000 0.007813
255 255 255 255
1.70459 0.228027
0.591309 0.042969
2 0 0 0
1 0 0 0
0.030569 -0.089116 0.036610
0.031250 -1.000000 0.007813
255 255 255 255
1.714355 0.216309
0.594238 0.039551
2 0 0 0
1 0 0 0
0.031706 -0.089116 0.031410
0.015625 -1.000000 0.023438
255 255 255 255
1.728027 0.248047
0.598145 0.048828
2 0 0 0
1 0 0 0
0.024964 -0.089147 0.042244
-0.007813 -1.000000 -0.007813
255 255 255 255
1.666016 0.196289
0.580078 0.033691
2 0 0 0
1 0 0 0
0.013647 -0.089116 0.048133
-0.007813 -1.000000 -0.007813
255 255 255 255
1.584473 0.175781
0.556641 0.027832
2 0 0 0
1 0 0 0
0.014266 -0.089116 0.050065
-0.007813 -1.000000 -0.007813
255 255 255 255
1.588379 0.161621
0.557617 0.023926
2 0 0 0
1 0 0 0
0.000000 -0.087445 0.050058
-0.007813 -1.000000 -0.007813
255 255 255 255
1.500977 0.176758
0.532227 0.02832
2 0 0 0
1 0 0 0
0.000000 -0.089116 0.052078
-0.007813 -1.000000 -0.007813
255 255 255 255
1.500977 0.14502
0.532227 0.019043
2 0 0 0
1 0 0 0
-0.013648 -0.089116 0.048133
-0.007813 -1.000000 -0.007813
255 255 255 255
1.41748 0.175781
0.508301 0.027832
2 0 0 0
1 0 0 0
-0.014267 -0.089116 0.050065
-0.007813 -1.000000 -0.007813
255 255 255 255
1.413574 0.161621
0.506836 0.023926
2 0 0 0
1 0 0 0
-0.024965 -0.089147 0.042244
-0.007813 -1.000000 -0.007813
255 255 255 255
1.336426 0.196289
0.484863 0.033691
2 0 0 0
1 0 0 0
-0.026323 -0.089116 0.043791
-0.007813 -1.000000 -0.007813
255 255 255 255
1.328125 0.182617
0.482422 0.029785
2 0 0 0
1 0 0 0
-0.031656 -0.089116 0.031410
-0.046875 -1.000000 0.015625
255 255 255 255
1.274414 0.248047
0.466797 0.048828
2 0 0 0
1 0 0 0
-0.029988 -0.089244 0.029636
-0.039063 -1.000000 0.023438
255 255 255 255
1.284668 0.258301
0.469727 0.051758
2 0 0 0
1 0 0 0
-0.043746 -0.089170 0.025633
-0.007813 -1.000000 -0.007813
255 255 255 255
1.210449 0.297852
0.448242 0.063477
2 0 0 0
1 0 0 0
-0.044978 -0.089116 0.027292
-0.007813 -1.000000 -0.007813
255 255 255 255
1.195801 0.289551
0.443848 0.061035
2 0 0 0
1 0 0 0
-0.052323 -0.089116 0.014916
-0.007813 -1.000000 -0.007813
255 255 255 255
1.164063 0.374512
0.43457 0.085449
2 0 0 0
1 0 0 0
-0.053107 -0.087461 0.005299
-0.007813 -1.000000 -0.007813
255 255 255 255
1.1875 0.439453
0.441406 0.104492
2 0 0 0
1 0 0 0
-0.055107 -0.089116 0.005591
-0.007813 -1.000000 -0.007813
255 255 255 255
1.154297 0.436035
0.431641 0.103027
2 0 0 0
1 0 0 0
-0.053109 -0.089131 -0.005340
-0.007813 -1.000000 -0.007813
255 255 255 255
1.17041 0.508789
0.436523 0.124512
2 0 0 0
1 0 0 0
-0.055109 -0.089116 -0.005593
-0.007813 -1.000000 -0.007813
255 255 255 255
1.154297 0.510254
0.431641 0.125
2 0 0 0
1 0 0 0
-0.050833 -0.089149 -0.014196
-0.007813 -1.000000 -0.007813
255 255 255 255
1.179688 0.567383
0.439453 0.141113
2 0 0 0
1 0 0 0
-0.052712 -0.089116 -0.014918
-0.007813 -1.000000 -0.007813
255 255 255 255
1.164063 0.571777
0.43457 0.142578
2 0 0 0
1 0 0 0
-0.044062 -0.089170 -0.025671
-0.007813 -1.000000 -0.007813
255 255 255 255
1.210449 0.647949
0.448242 0.164551
2 0 0 0
1 0 0 0
-0.030040 -0.087573 -0.029618
-0.007813 -1.000000 -0.007813
255 255 255 255
1.295898 0.676758
0.473145 0.172852
2 0 0 0
1 0 0 0
-0.028671 -0.089200 -0.035934
-0.046875 -1.000000 -0.031250
255 255 255 255
1.297363 0.718262
0.473633 0.185059
2 0 0 0
1 0 0 0
-0.030569 -0.089116 -0.036609
-0.054688 -1.000000 -0.031250
255 255 255 255
1.287598 0.729981
0.470703 0.188477
2 0 0 0
1 0 0 0
-0.031695 -0.089116 -0.031410
-0.039063 -1.000000 -0.046875
255 255 255 255
1.274414 0.698242
0.466797 0.179199
2 0 0 0
1 0 0 0
-0.024965 -0.089146 -0.042241
-0.007813 -1.000000 -0.007813
255 255 255 255
1.336426 0.75
0.484863 0.194336
2 0 0 0
1 0 0 0
-0.013603 -0.089116 -0.048153
-0.007813 -1.000000 -0.007813
255 255 255 255
1.41748 0.77002
0.508301 0.200195
2 0 0 0
1 0 0 0
-0.014267 -0.089116 -0.050062
-0.007813 -1.000000 -0.007813
255 255 255 255
1.413574 0.784668
0.506836 0.204102
2 0 0 0
1 0 0 0
0.000000 -0.087445 -0.050762
-0.007813 -1.000000 -0.007813
255 255 255 255
1.500977 0.769531
0.532227 0.199707
2 0 0 0
1 0 0 0
0.000000 -0.089116 -0.052799
-0.007813 -1.000000 -0.007813
255 255 255 255
1.500977 0.80127
0.532227 0.208984
2 0 0 0
1 0 0 0
0.013602 -0.089116 -0.048153
-0.007813 -1.000000 -0.007813
255 255 255 255
1.584473 0.77002
0.556641 0.200195
2 0 0 0
1 0 0 0
0.014266 -0.089116 -0.050062
-0.007813 -1.000000 -0.007813
255 255 255 255
1.588379 0.784668
0.557617 0.204102
2 0 0 0
1 0 0 0
0.024964 -0.089147 -0.042241
-0.007813 -1.000000 -0.007813
255 255 255 255
1.666016 0.75
0.580078 0.194336
2 0 0 0
1 0 0 0
0.026322 -0.089116 -0.043789
-0.007813 -1.000000 -0.007813
255 255 255 255
1.673828 0.763184
0.58252 0.198242
2 0 0 0
1 0 0 0
0.031706 -0.089116 -0.031410
0.023438 -1.000000 -0.039063
255 255 255 255
1.728027 0.698242
0.598145 0.179199
2 0 0 0
1 0 0 0
0.030056 -0.089244 -0.029616
0.015625 -1.000000 -0.046875
255 255 255 255
1.717285 0.6875
0.595215 0.17627
2 0 0 0
1 0 0 0
0.044191 -0.089170 -0.025666
-0.007813 -1.000000 -0.007813
255 255 255 255
1.791992 0.647949
0.616699 0.164551
2 0 0 0
1 0 0 0
0.045456 -0.089116 -0.027315
-0.007813 -1.000000 -0.007813
255 255 255 255
1.806152 0.656738
0.620606 0.166992
2 0 0 0
1 0 0 0
0.050985 -0.089149 -0.014191
-0.007813 -1.000000 -0.007813
255 255 255 255
1.822266 0.567383
0.625488 0.141113
2 0 0 0
1 0 0 0
0.052863 -0.089116 -0.014918
-0.007813 -1.000000 -0.007813
255 255 255 255
1.837891 0.571777
0.629883 0.142578
2 0 0 0
1 0 0 0
0.050985 -0.074432 -0.014191
-0.007813 0.984375 -0.007813
255 255 255 255
0.822266 0.566406
0.805664 0.223633
2 0 0 0
1 0 0 0
0.044191 -0.074411 -0.025666
-0.007813 0.984375 -0.007813
255 255 255 255
0.791992 0.647461
0.797363 0.245606
2 0 0 0
1 0 0 0
0.052863 -0.074465 -0.014918
-0.007813 0.984375 -0.007813
255 255 255 255
0.837891 0.571289
0.810059 0.225098
2 0 0 0
1 0 0 0
0.014266 -0.074465 -0.050062
-0.007813 0.984375 -0.007813
255 255 255 255
0.588379 0.78418
0.742188 0.282715
2 0 0 0
1 0 0 0
0.000000 -0.076445 -0.050762
-0.007813 0.984375 -0.007813
255 255 255 255
0.500977 0.769043
0.71875 0.27832
2 0 0 0
1 0 0 0
0.000000 -0.074465 -0.052799
-0.007813 0.984375 -0.007813
255 255 255 255
0.500977 0.800781
0.71875 0.287109
2 0 0 0
1 0 0 0
-0.013603 -0.074465 -0.048153
-0.007813 0.984375 -0.007813
255 255 255 255
0.417481 0.769531
0.696289 0.278809
2 0 0 0
1 0 0 0
-0.014267 -0.074465 -0.050062
-0.007813 0.984375 -0.007813
255 255 255 255
0.413574 0.78418
0.694824 0.282715
2 0 0 0
1 0 0 0
-0.024964 -0.074434 -0.042241
-0.007813 0.984375 -0.007813
255 255 255 255
0.336426 0.749512
0.674316 0.272949
2 0 0 0
1 0 0 0
-0.026322 -0.074465 -0.043789
-0.007813 0.984375 -0.007813
255 255 255 255
0.328125 0.762695
0.671875 0.276856
2 0 0 0
1 0 0 0
-0.028670 -0.076361 -0.035934
-0.007813 0.984375 -0.007813
255 255 255 255
0.308106 0.70459
0.666504 0.261231
2 0 0 0
1 0 0 0
-0.030569 -0.074465 -0.036609
-0.046875 0.976563 -0.031250
255 255 255 255
0.287598 0.729492
0.661133 0.267578
2 0 0 0
1 0 0 0
-0.030040 -0.074337 -0.029618
-0.039063 0.976563 -0.046875
255 255 255 255
0.284668 0.687012
0.660156 0.256348
2 0 0 0
1 0 0 0
-0.031694 -0.074465 -0.031410
-0.046875 0.976563 -0.039063
255 255 255 255
0.273926 0.697754
0.657227 0.259277
2 0 0 0
1 0 0 0
-0.044061 -0.074411 -0.025671
-0.007813 0.984375 -0.007813
255 255 255 255
0.209961 0.647461
0.640137 0.245606
2 0 0 0
1 0 0 0
-0.045329 -0.074465 -0.027318
-0.007813 0.984375 -0.007813
255 255 255 255
0.195801 0.65625
0.636231 0.248047
2 0 0 0
1 0 0 0
-0.052712 -0.074465 -0.014918
-0.007813 0.984375 -0.007813
255 255 255 255
0.164063 0.571289
0.627441 0.225098
2 0 0 0
1 0 0 0
-0.055109 -0.074465 -0.005593
-0.007813 0.984375 -0.007813
255 255 255 255
0.153809 0.509766
0.625 0.208496
2 0 0 0
1 0 0 0
-0.053109 -0.074450 0.005338
-0.007813 0.984375 -0.007813
255 255 255 255
0.17041 0.437012
0.629395 0.188477
2 0 0 0
1 0 0 0
-0.055109 -0.074465 0.005591
-0.007813 0.984375 -0.007813
255 255 255 255
0.153809 0.435059
0.625 0.187988
2 0 0 0
1 0 0 0
-0.050833 -0.074432 0.014194
-0.007813 0.984375 -0.007813
255 255 255 255
0.179688 0.378418
0.631836 0.172852
2 0 0 0
1 0 0 0
-0.052712 -0.074465 0.014916
-0.007813 0.984375 -0.007813
255 255 255 255
0.164063 0.373535
0.627441 0.171387
2 0 0 0
1 0 0 0
-0.044062 -0.074411 0.025669
-0.007813 0.984375 -0.007813
255 255 255 255
0.209961 0.297363
0.640137 0.150879
2 0 0 0
1 0 0 0
0.000000 -0.074465 0.052078
-0.007813 0.984375 -0.007813
255 255 255 255
0.500977 0.144531
0.71875 0.109375
2 0 0 0
1 0 0 0
0.013648 -0.074465 0.048133
-0.007813 0.984375 -0.007813
255 255 255 255
0.584473 0.175293
0.741211 0.117676
2 0 0 0
1 0 0 0
0.014267 -0.074465 0.050065
-0.007813 0.984375 -0.007813
255 255 255 255
0.588379 0.160645
0.742188 0.11377
2 0 0 0
1 0 0 0
0.024965 -0.074434 0.042244
-0.007813 0.984375 -0.007813
255 255 255 255
0.666016 0.195801
0.763184 0.123535
2 0 0 0
1 0 0 0
0.026322 -0.074465 0.043792
-0.007813 0.984375 -0.007813
255 255 255 255
0.673828 0.182129
0.765625 0.119629
2 0 0 0
1 0 0 0
0.028671 -0.076361 0.035933
-0.007813 0.984375 -0.007813
255 255 255 255
0.693848 0.240234
0.770996 0.135254
2 0 0 0
1 0 0 0
0.030569 -0.074465 0.036610
0.023438 0.976563 0.007813
255 255 255 255
0.714356 0.215332
0.776367 0.128418
2 0 0 0
1 0 0 0
0.030055 -0.074337 0.029616
0.015625 0.976563 0.023438
255 255 255 255
0.717285 0.257813
0.777344 0.140137
2 0 0 0
1 0 0 0
0.044191 -0.074411 0.025664
-0.007813 0.984375 -0.007813
255 255 255 255
0.791992 0.297363
0.797363 0.150879
2 0 0 0
1 0 0 0
0.045457 -0.074465 0.027313
-0.007813 0.984375 -0.007813
255 255 255 255
0.806152 0.288574
0.80127 0.148438
2 0 0 0
1 0 0 0
0.036861 -0.074465 0.030720
0.000000 0.976563 0.031250
255 255 255 255
0.763672 0.254883
0.790039 0.13916
2 0 0 0
1 0 0 0
0.052863 -0.074465 0.014916
-0.007813 0.984375 -0.007813
255 255 255 255
0.837891 0.373535
0.810059 0.171387
2 0 0 0
1 0 0 0
0.055287 -0.074465 0.005591
-0.007813 0.984375 -0.007813
255 255 255 255
0.848145 0.435059
0.8125 0.187988
2 0 0 0
1 0 0 0
0.053287 -0.074450 -0.005337
-0.007813 0.984375 -0.007813
255 255 255 255
0.832031 0.507813
0.808106 0.208008
2 0 0 0
1 0 0 0
0.055287 -0.074465 -0.005593
-0.007813 0.984375 -0.007813
255 255 255 255
0.848145 0.509766
0.8125 0.208496
2 0 0 0
1 0 0 0
-0.008979 -0.087445 0.029720
0.093750 -0.976563 -0.226563
255 255 255 255
1.45166 0.302734
0.518066 0.064941
2 0 0 0
1 0 0 0
-0.009972 -0.087445 -0.018833
-0.007813 -1.000000 -0.007813
255 255 255 255
1.445801 0.583984
0.516113 0.145996
2 0 0 0
1 0 0 0
-0.043746 -0.087499 0.025633
-0.007813 -1.000000 -0.007813
255 255 255 255
1.225586 0.307129
0.452637 0.065918
2 0 0 0
1 0 0 0
-0.011984 -0.087445 0.026424
0.015625 -1.000000 -0.031250
255 255 255 255
1.434082 0.319824
0.513184 0.069824
2 0 0 0
1 0 0 0
-0.028667 -0.087530 0.035941
-0.007813 -1.000000 -0.007813
255 255 255 255
1.308105 0.240723
0.476563 0.046875
2 0 0 0
1 0 0 0
0.000000 -0.087445 0.032156
-0.007813 -1.000000 -0.007813
255 255 255 255
1.500977 0.290039
0.532227 0.061035
2 0 0 0
1 0 0 0
-0.009972 -0.087445 0.018846
-0.007813 -1.000000 -0.007813
255 255 255 255
1.445801 0.361816
0.516113 0.082031
2 0 0 0
1 0 0 0
-0.008237 -0.076445 0.030052
-0.007813 0.984375 -0.007813
255 255 255 255
0.456055 0.299805
0.706543 0.151367
2 0 0 0
1 0 0 0
-0.014267 -0.074465 0.050065
-0.007813 0.984375 -0.007813
255 255 255 255
0.413574 0.160645
0.694824 0.11377
2 0 0 0
1 0 0 0
-0.024965 -0.076415 0.042244
-0.007813 0.984375 -0.007813
255 255 255 255
0.344727 0.209961
0.67627 0.127441
2 0 0 0
1 0 0 0
-0.053109 -0.076430 -0.005340
-0.007813 0.984375 -0.007813
255 255 255 255
0.1875 0.506348
0.633789 0.20752
2 0 0 0
1 0 0 0
-0.030040 -0.076317 -0.029618
-0.007813 0.984375 -0.007813
255 255 255 255
0.295898 0.675781
0.663086 0.253418
2 0 0 0
1 0 0 0
-0.011363 -0.076445 0.019716
-0.007813 0.984375 -0.007813
255 255 255 255
0.437988 0.359863
0.70166 0.167969
2 0 0 0
1 0 0 0
-0.030040 -0.076317 0.029618
-0.007813 0.984375 -0.007813
255 255 255 255
0.295898 0.269043
0.663086 0.143066
2 0 0 0
1 0 0 0
-0.044062 -0.076391 0.025669
-0.007813 0.984375 -0.007813
255 255 255 255
0.225098 0.306641
0.644043 0.15332
2 0 0 0
1 0 0 0
-0.011984 -0.076445 0.026424
0.015625 0.976563 -0.031250
255 255 255 255
0.434082 0.319336
0.700684 0.156738
2 0 0 0
1 0 0 0
0.008979 -0.087445 0.029720
-0.117188 -0.976563 -0.226563
255 255 255 255
1.550781 0.302734
0.546875 0.064941
2 0 0 0
1 0 0 0
0.011984 -0.087445 0.026424
-0.039063 -1.000000 -0.031250
255 255 255 255
1.567871 0.319824
0.551758 0.069824
2 0 0 0
1 0 0 0
0.044191 -0.087499 0.025664
-0.007813 -1.000000 -0.007813
255 255 255 255
1.776855 0.307129
0.612305 0.065918
2 0 0 0
1 0 0 0
0.011362 -0.087445 0.019716
-0.007813 -1.000000 -0.007813
255 255 255 255
1.564453 0.360352
0.550781 0.081543
2 0 0 0
1 0 0 0
0.011984 -0.076445 0.026424
-0.039063 0.976563 -0.031250
255 255 255 255
0.567871 0.319336
0.736816 0.156738
2 0 0 0
1 0 0 0
0.053287 -0.076430 0.005336
-0.007813 0.984375 -0.007813
255 255 255 255
0.814453 0.438965
0.803711 0.188965
2 0 0 0
1 0 0 0
0.030055 -0.076318 0.029616
-0.007813 0.984375 -0.007813
255 255 255 255
0.706055 0.269043
0.773926 0.143066
2 0 0 0
1 0 0 0
0.044191 -0.076391 0.025664
-0.007813 0.984375 -0.007813
255 255 255 255
0.776856 0.306641
0.793457 0.15332
2 0 0 0
1 0 0 0
0.011362 -0.076445 0.019716
-0.007813 0.984375 -0.007813
255 255 255 255
0.564453 0.359863
0.73584 0.167969
2 0 0 0
1 0 0 0
-0.008979 -0.087445 -0.029685
0.093750 -0.976563 0.203125
255 255 255 255
1.45166 0.643066
0.518066 0.163086
2 0 0 0
1 0 0 0
-0.044061 -0.087499 -0.025671
-0.007813 -1.000000 -0.007813
255 255 255 255
1.225586 0.63916
0.452637 0.162109
2 0 0 0
1 0 0 0
-0.012641 -0.087445 -0.021296
-0.007813 -1.000000 -0.007813
255 255 255 255
1.430176 0.598145
0.511719 0.150391
2 0 0 0
1 0 0 0
0.000000 -0.087445 -0.032119
-0.007813 -1.000000 -0.007813
255 255 255 255
1.500977 0.654785
0.532227 0.166504
2 0 0 0
1 0 0 0
-0.008237 -0.076445 -0.030015
-0.007813 0.984375 -0.007813
255 255 255 255
0.456055 0.645996
0.706543 0.245117
2 0 0 0
1 0 0 0
-0.011984 -0.076445 -0.026395
0.015625 0.976563 0.007813
255 255 255 255
0.434082 0.625977
0.700684 0.239746
2 0 0 0
1 0 0 0
-0.044061 -0.076391 -0.025671
-0.007813 0.984375 -0.007813
255 255 255 255
0.225098 0.638184
0.644043 0.243164
2 0 0 0
1 0 0 0
-0.011363 -0.076445 -0.019700
-0.007813 0.984375 -0.007813
255 255 255 255
0.437988 0.584961
0.70166 0.228516
2 0 0 0
1 0 0 0
0.008979 -0.087445 -0.029685
-0.117188 -0.976563 0.203125
255 255 255 255
1.550781 0.643066
0.546875 0.163086
2 0 0 0
1 0 0 0
0.028671 -0.087529 -0.035932
-0.007813 -1.000000 -0.007813
255 255 255 255
1.693848 0.705566
0.588379 0.181152
2 0 0 0
1 0 0 0
0.012641 -0.087445 -0.021296
-0.007813 -1.000000 -0.007813
255 255 255 255
1.571777 0.598145
0.552734 0.150391
2 0 0 0
1 0 0 0
0.011984 -0.076445 -0.026395
-0.039063 0.976563 0.007813
255 255 255 255
0.567871 0.625977
0.736816 0.239746
2 0 0 0
1 0 0 0
0.024964 -0.076415 -0.042241
-0.007813 0.984375 -0.007813
255 255 255 255
0.657227 0.734863
0.760742 0.269043
2 0 0 0
1 0 0 0
0.030056 -0.076318 -0.029616
-0.007813 0.984375 -0.007813
255 255 255 255
0.706055 0.675781
0.773926 0.253418
2 0 0 0
1 0 0 0
0.044191 -0.076391 -0.025666
-0.007813 0.984375 -0.007813
255 255 255 255
0.776856 0.638184
0.793457 0.243164
2 0 0 0
1 0 0 0
0.011363 -0.076445 -0.019700
-0.007813 0.984375 -0.007813
255 255 255 255
0.564453 0.584961
0.73584 0.228516
2 0 0 0
1 0 0 0
0.052863 -0.089116 0.014916
0.671875 -0.671875 0.281250
255 255 255 255
0.977539 0.333008
0.631348 0.268555
2 0 0 0
1 0 0 0
0.044191 -0.089170 0.025664
-0.007813 -1.000000 -0.007813
255 255 255 255
1.791992 0.297852
0.616699 0.063477
2 0 0 0
1 0 0 0
0.049063 -0.081945 0.029328
0.515625 -0.007813 0.828125
255 255 255 255
0.857422 0.254395
0.613281 0.256836
2 0 0 0
1 0 0 0
0.031706 -0.089116 0.031410
0.656250 -0.585938 0.445313
255 255 255 255
0.821777 0.153809
0.608398 0.241699
2 0 0 0
1 0 0 0
0.039648 -0.081945 0.032920
0.171875 -0.007813 0.960938
255 255 255 255
0.802734 0.208008
0.605469 0.249512
2 0 0 0
1 0 0 0
0.030569 -0.089116 0.036610
0.750000 -0.570313 0.296875
255 255 255 255
0.802734 0.108887
0.605469 0.234863
2 0 0 0
1 0 0 0
0.024964 -0.089147 0.042244
-0.007813 -1.000000 -0.007813
255 255 255 255
1.666016 0.196289
0.580078 0.033691
2 0 0 0
1 0 0 0
0.028324 -0.081945 0.046859
0.585938 -0.007813 0.781250
255 255 255 255
0.70166 0.12793
0.590332 0.237793
2 0 0 0
1 0 0 0
0.014266 -0.089116 0.050065
0.179688 -0.648438 0.718750
255 255 255 255
0.624512 0.03125
0.578613 0.223145
2 0 0 0
1 0 0 0
-0.014267 -0.089116 0.050065
-0.281250 -0.648438 0.695313
255 255 255 255
0.377441 0.03125
0.541504 0.223145
2 0 0 0
1 0 0 0
-0.026323 -0.089116 0.043791
-0.570313 -0.632813 0.523438
255 255 255 255
0.256348 0.061523
0.523438 0.227539
2 0 0 0
1 0 0 0
-0.027812 -0.085176 0.046114
-0.671875 -0.398438 0.617188
255 255 255 255
0.292481 0.104492
0.528809 0.233887
2 0 0 0
1 0 0 0
-0.031656 -0.089116 0.031410
-0.414063 -0.578125 0.695313
255 255 255 255
0.180176 0.153809
0.511719 0.241699
2 0 0 0
1 0 0 0
-0.032271 -0.085176 0.038292
-0.914063 -0.328125 0.265625
255 255 255 255
0.228516 0.161133
0.519043 0.242676
2 0 0 0
1 0 0 0
-0.034021 -0.081945 0.033526
-0.828125 -0.007813 0.554688
255 255 255 255
0.23584 0.204102
0.52002 0.249023
2 0 0 0
1 0 0 0
-0.052712 -0.089116 -0.014918
-0.695313 -0.671875 -0.304688
255 255 255 255
0.024414 0.612305
0.488281 0.310547
2 0 0 0
1 0 0 0
-0.044062 -0.089170 -0.025671
-0.007813 -1.000000 -0.007813
255 255 255 255
1.210449 0.647949
0.448242 0.164551
2 0 0 0
1 0 0 0
-0.048933 -0.081945 -0.029332
-0.539063 -0.007813 -0.851563
255 255 255 255
0.144531 0.69043
0.506348 0.322266
2 0 0 0
1 0 0 0
-0.031695 -0.089116 -0.031410
-0.679688 -0.585938 -0.468750
255 255 255 255
0.180176 0.791016
0.511719 0.337402
2 0 0 0
1 0 0 0
-0.039590 -0.081945 -0.032923
-0.195313 -0.007813 -0.984375
255 255 255 255
0.199219 0.736816
0.514648 0.329102
2 0 0 0
1 0 0 0
-0.030569 -0.089116 -0.036609
-0.773438 -0.570313 -0.320313
255 255 255 255
0.199219 0.835938
0.514648 0.344238
2 0 0 0
1 0 0 0
-0.024965 -0.089146 -0.042241
-0.007813 -1.000000 -0.007813
255 255 255 255
1.336426 0.75
0.484863 0.194336
2 0 0 0
1 0 0 0
-0.028324 -0.081945 -0.046856
-0.609375 -0.007813 -0.804688
255 255 255 255
0.300293 0.817383
0.529785 0.341309
2 0 0 0
1 0 0 0
-0.014267 -0.089116 -0.050062
-0.226563 -0.648438 -0.742188
255 255 255 255
0.377441 0.913574
0.541504 0.355469
2 0 0 0
1 0 0 0
0.014266 -0.089116 -0.050062
0.273438 -0.648438 -0.718750
255 255 255 255
0.624512 0.913574
0.578613 0.355469
2 0 0 0
1 0 0 0
0.026322 -0.089116 -0.043789
0.546875 -0.632813 -0.546875
255 255 255 255
0.745606 0.883301
0.59668 0.351074
2 0 0 0
1 0 0 0
0.027812 -0.085176 -0.046111
0.648438 -0.398438 -0.640625
255 255 255 255
0.709473 0.840332
0.591309 0.344727
2 0 0 0
1 0 0 0
0.031706 -0.089116 -0.031410
0.382813 -0.578125 -0.726563
255 255 255 255
0.821777 0.791016
0.608398 0.337402
2 0 0 0
1 0 0 0
0.032271 -0.085176 -0.038291
0.890625 -0.328125 -0.289063
255 255 255 255
0.773438 0.783691
0.601074 0.335938
2 0 0 0
1 0 0 0
0.034025 -0.081945 -0.033527
0.804688 -0.007813 -0.578125
255 255 255 255
0.766113 0.740723
0.599609 0.32959
2 0 0 0
1 0 0 0
0.049063 -0.081945 -0.029330
0.515625 -0.007813 -0.851563
255 255 255 255
0.857422 0.69043
0.613281 0.322266
2 0 0 0
1 0 0 0
0.031706 -0.074465 -0.031410
0.687500 0.500000 -0.492188
255 255 255 255
0.728027 0.697754
0.594238 0.323242
2 0 0 0
1 0 0 0
-0.052712 -0.074465 0.014916
-0.742188 0.578125 0.304688
255 255 255 255
0.164063 0.373535
0.509277 0.274414
2 0 0 0
1 0 0 0
-0.048933 -0.081945 0.029330
-0.539063 -0.007813 0.828125
255 255 255 255
0.144531 0.254395
0.506348 0.256836
2 0 0 0
1 0 0 0
-0.031694 -0.074465 0.031410
-0.710938 0.500000 0.468750
255 255 255 255
0.273926 0.24707
0.525879 0.255371
2 0 0 0
1 0 0 0
0.030569 -0.074465 0.036610
0.820313 0.460938 0.242188
255 255 255 255
0.714356 0.215332
0.591797 0.250977
2 0 0 0
1 0 0 0
0.033494 -0.078714 0.032914
0.429688 0.320313 0.812500
255 255 255 255
0.753906 0.220703
0.598145 0.251465
2 0 0 0
1 0 0 0
0.036861 -0.074465 0.030720
0.242188 0.468750 0.820313
255 255 255 255
0.763672 0.254883
0.599609 0.256836
2 0 0 0
1 0 0 0
-0.059422 -0.081945 0.005991
-0.992188 -0.007813 0.156250
255 255 255 255
0.092285 0.427246
0.498535 0.282715
2 0 0 0
1 0 0 0
-0.055109 -0.089116 -0.005593
-0.742188 -0.671875 -0.132813
255 255 255 255
0.010254 0.525391
0.486328 0.297363
2 0 0 0
1 0 0 0
-0.059422 -0.081945 -0.005993
-0.992188 -0.007813 -0.140625
255 255 255 255
0.092285 0.517578
0.498535 0.296387
2 0 0 0
1 0 0 0
-0.055107 -0.089116 0.005591
-0.742188 -0.671875 0.062500
255 255 255 255
0.010254 0.419922
0.486328 0.28125
2 0 0 0
1 0 0 0
-0.044978 -0.089116 0.027292
-0.515625 -0.640625 0.570313
255 255 255 255
0.069336 0.212402
0.495117 0.250488
2 0 0 0
1 0 0 0
-0.056812 -0.081945 0.015992
-0.921875 -0.007813 0.382813
255 255 255 255
0.105469 0.356445
0.500488 0.271973
2 0 0 0
1 0 0 0
-0.015355 -0.081945 0.053567
-0.265625 -0.007813 0.945313
255 255 255 255
0.398926 0.102539
0.544434 0.233887
2 0 0 0
1 0 0 0
0.000000 -0.081945 0.055819
-0.007813 -0.007813 0.984375
255 255 255 255
0.500977 0.083984
0.560059 0.230957
2 0 0 0
1 0 0 0
0.000000 -0.089116 0.052078
-0.046875 -0.648438 0.742188
255 255 255 255
0.500977 0.008301
0.560059 0.219727
2 0 0 0
1 0 0 0
-0.011984 -0.076445 0.026424
0.835938 -0.062500 -0.523438
255 255 255 255
0.434082 0.319336
0.700684 0.156738
2 0 0 0
1 0 0 0
-0.011984 -0.087445 0.026424
0.851563 0.039063 -0.492188
255 255 255 255
1.434082 0.319824
0.513184 0.069824
2 0 0 0
1 0 0 0
-0.008979 -0.087445 0.029720
0.546875 0.000000 -0.835938
255 255 255 255
1.45166 0.302734
0.518066 0.064941
2 0 0 0
1 0 0 0
-0.011363 -0.076445 0.019716
0.601563 -0.031250 0.765625
255 255 255 255
0.437988 0.359863
0.70166 0.167969
2 0 0 0
1 0 0 0
-0.009972 -0.087445 0.018846
0.257813 -0.007813 0.945313
255 255 255 255
1.445801 0.361816
0.516113 0.082031
2 0 0 0
1 0 0 0
-0.011984 -0.087445 0.026424
0.851563 0.039063 -0.492188
255 255 255 255
1.434082 0.319824
0.513184 0.069824
2 0 0 0
1 0 0 0
-0.011984 -0.076445 0.026424
0.835938 -0.062500 -0.523438
255 255 255 255
0.434082 0.319336
0.700684 0.156738
2 0 0 0
1 0 0 0
-0.011363 -0.076445 0.019716
0.601563 -0.031250 0.765625
255 255 255 255
0.437988 0.359863
0.70166 0.167969
2 0 0 0
1 0 0 0
-0.052323 -0.089116 0.014916
-0.710938 -0.664063 0.242188
255 255 255 255
0.024414 0.333008
0.488281 0.268555
2 0 0 0
1 0 0 0
-0.030569 -0.074465 0.036610
-0.812500 0.484375 0.312500
255 255 255 255
0.287598 0.215332
0.527832 0.250977
2 0 0 0
1 0 0 0
-0.026323 -0.074465 0.043792
-0.500000 0.554688 0.640625
255 255 255 255
0.328125 0.182129
0.53418 0.245606
2 0 0 0
1 0 0 0
-0.055109 -0.074465 0.005591
-0.789063 0.585938 0.117188
255 255 255 255
0.153809 0.435059
0.507813 0.283691
2 0 0 0
1 0 0 0
-0.014267 -0.074465 0.050065
-0.210938 0.562500 0.773438
255 255 255 255
0.413574 0.160645
0.546875 0.242676
2 0 0 0
1 0 0 0
0.000000 -0.074465 0.052078
0.023438 0.562500 0.796875
255 255 255 255
0.500977 0.144531
0.560059 0.240234
2 0 0 0
1 0 0 0
-0.008979 -0.087445 0.029720
0.546875 0.000000 -0.835938
255 255 255 255
1.45166 0.302734
0.518066 0.064941
2 0 0 0
1 0 0 0
-0.008237 -0.076445 0.030052
0.445313 -0.023438 -0.898438
255 255 255 255
0.456055 0.299805
0.706543 0.151367
2 0 0 0
1 0 0 0
-0.008237 -0.076445 0.030052
0.445313 -0.023438 -0.898438
255 255 255 255
0.456055 0.299805
0.706543 0.151367
2 0 0 0
1 0 0 0
0.000000 -0.087445 0.032156
-0.007813 -0.054688 -1.000000
255 255 255 255
1.500977 0.290039
0.532227 0.061035
2 0 0 0
1 0 0 0
0.055287 -0.089116 -0.005593
0.718750 -0.671875 -0.078125
255 255 255 255
0.992188 0.525391
0.633789 0.297363
2 0 0 0
1 0 0 0
0.059600 -0.081945 0.005991
0.968750 -0.007813 0.156250
255 255 255 255
0.909668 0.427246
0.621582 0.282715
2 0 0 0
1 0 0 0
0.032748 -0.081945 0.039080
0.914063 -0.007813 0.351563
255 255 255 255
0.755859 0.172363
0.598145 0.244141
2 0 0 0
1 0 0 0
0.056966 -0.081945 0.015992
0.898438 -0.007813 0.390625
255 255 255 255
0.896484 0.356445
0.619141 0.271973
2 0 0 0
1 0 0 0
0.015355 -0.081945 0.053567
0.242188 -0.007813 0.945313
255 255 255 255
0.603027 0.102539
0.575195 0.233887
2 0 0 0
1 0 0 0
0.008979 -0.087445 0.029720
-0.570313 0.000000 -0.835938
255 255 255 255
1.550781 0.302734
0.546875 0.064941
2 0 0 0
1 0 0 0
0.011984 -0.087445 0.026424
-0.875000 0.039063 -0.492188
255 255 255 255
1.567871 0.319824
0.551758 0.069824
2 0 0 0
1 0 0 0
0.011984 -0.076445 0.026424
-0.859375 -0.062500 -0.523438
255 255 255 255
0.567871 0.319336
0.736816 0.156738
2 0 0 0
1 0 0 0
0.011362 -0.087445 0.019716
-0.625000 0.007813 0.765625
255 255 255 255
1.564453 0.360352
0.550781 0.081543
2 0 0 0
1 0 0 0
0.011362 -0.076445 0.019716
-0.625000 -0.031250 0.765625
255 255 255 255
0.564453 0.359863
0.73584 0.167969
2 0 0 0
1 0 0 0
0.055287 -0.089116 0.005591
0.718750 -0.671875 0.117188
255 255 255 255
0.992188 0.419922
0.633789 0.28125
2 0 0 0
1 0 0 0
0.055287 -0.074465 0.005591
0.773438 0.585938 0.054688
255 255 255 255
0.848145 0.435059
0.612305 0.283691
2 0 0 0
1 0 0 0
0.045457 -0.074465 0.027313
0.539063 0.554688 0.585938
255 255 255 255
0.806152 0.288574
0.605957 0.261719
2 0 0 0
1 0 0 0
0.026322 -0.074465 0.043792
0.578125 0.546875 0.562500
255 255 255 255
0.673828 0.182129
0.585938 0.245606
2 0 0 0
1 0 0 0
0.014267 -0.074465 0.050065
0.281250 0.562500 0.742188
255 255 255 255
0.588379 0.160645
0.573242 0.242676
2 0 0 0
1 0 0 0
0.011362 -0.087445 0.019716
-0.625000 0.007813 0.765625
255 255 255 255
1.564453 0.360352
0.550781 0.081543
2 0 0 0
1 0 0 0
0.011362 -0.076445 0.019716
-0.625000 -0.031250 0.765625
255 255 255 255
0.564453 0.359863
0.73584 0.167969
2 0 0 0
1 0 0 0
0.011984 -0.076445 0.026424
-0.859375 -0.062500 -0.523438
255 255 255 255
0.567871 0.319336
0.736816 0.156738
2 0 0 0
1 0 0 0
0.052863 -0.074465 0.014916
0.742188 0.585938 0.250000
255 255 255 255
0.837891 0.373535
0.610352 0.274414
2 0 0 0
1 0 0 0
0.000000 -0.087445 0.032156
-0.007813 -0.054688 -1.000000
255 255 255 255
1.500977 0.290039
0.532227 0.061035
2 0 0 0
1 0 0 0
-0.009972 -0.087445 0.018846
0.257813 -0.007813 0.945313
255 255 255 255
1.445801 0.361816
0.516113 0.082031
2 0 0 0
1 0 0 0
-0.031694 -0.074465 -0.031410
-0.429688 0.492188 -0.757813
255 255 255 255
0.273926 0.697754
0.525879 0.323242
2 0 0 0
1 0 0 0
-0.032748 -0.081945 -0.039079
-0.937500 -0.007813 -0.375000
255 255 255 255
0.246094 0.772949
0.521484 0.334473
2 0 0 0
1 0 0 0
-0.056812 -0.081945 -0.015993
-0.921875 -0.007813 -0.406250
255 255 255 255
0.105469 0.588867
0.500488 0.306641
2 0 0 0
1 0 0 0
-0.015354 -0.081945 -0.053563
-0.289063 -0.007813 -0.960938
255 255 255 255
0.398926 0.842773
0.544434 0.345215
2 0 0 0
1 0 0 0
0.000000 -0.089116 -0.052799
0.039063 -0.656250 -0.765625
255 255 255 255
0.500977 0.936523
0.560059 0.358887
2 0 0 0
1 0 0 0
0.000000 -0.081945 -0.056540
-0.007813 -0.007813 -1.000000
255 255 255 255
0.500977 0.86084
0.560059 0.347656
2 0 0 0
1 0 0 0
-0.008979 -0.087445 -0.029685
0.546875 0.000000 0.812500
255 255 255 255
1.45166 0.643066
0.518066 0.163086
2 0 0 0
1 0 0 0
-0.012641 -0.087445 -0.021296
0.875000 0.023438 -0.453125
255 255 255 255
1.430176 0.598145
0.511719 0.150391
2 0 0 0
1 0 0 0
-0.011984 -0.076445 -0.026395
0.835938 -0.062500 0.500000
255 255 255 255
0.434082 0.625977
0.700684 0.239746
2 0 0 0
1 0 0 0
-0.009972 -0.087445 -0.018833
0.257813 -0.007813 -0.968750
255 255 255 255
1.445801 0.583984
0.516113 0.145996
2 0 0 0
1 0 0 0
-0.011363 -0.076445 -0.019700
0.601563 -0.031250 -0.789063
255 255 255 255
0.437988 0.584961
0.70166 0.228516
2 0 0 0
1 0 0 0
-0.055109 -0.074465 -0.005593
-0.796875 0.585938 -0.078125
255 255 255 255
0.153809 0.509766
0.507813 0.294922
2 0 0 0
1 0 0 0
-0.045329 -0.074465 -0.027318
-0.562500 0.554688 -0.609375
255 255 255 255
0.195801 0.65625
0.51416 0.316895
2 0 0 0
1 0 0 0
-0.026322 -0.074465 -0.043789
-0.601563 0.546875 -0.585938
255 255 255 255
0.328125 0.762695
0.53418 0.333008
2 0 0 0
1 0 0 0
-0.030569 -0.074465 -0.036609
-0.843750 0.460938 -0.265625
255 255 255 255
0.287598 0.729492
0.527832 0.328125
2 0 0 0
1 0 0 0
-0.014267 -0.074465 -0.050062
-0.312500 0.562500 -0.765625
255 255 255 255
0.413574 0.78418
0.546875 0.336426
2 0 0 0
1 0 0 0
0.000000 -0.074465 -0.052799
-0.062500 0.570313 -0.812500
255 255 255 255
0.500977 0.800781
0.560059 0.338867
2 0 0 0
1 0 0 0
-0.008237 -0.076445 -0.030015
0.437500 -0.023438 0.875000
255 255 255 255
0.456055 0.645996
0.706543 0.245117
2 0 0 0
1 0 0 0
-0.008979 -0.087445 -0.029685
0.546875 0.000000 0.812500
255 255 255 255
1.45166 0.643066
0.518066 0.163086
2 0 0 0
1 0 0 0
-0.011984 -0.076445 -0.026395
0.835938 -0.062500 0.500000
255 255 255 255
0.434082 0.625977
0.700684 0.239746
2 0 0 0
1 0 0 0
-0.012641 -0.087445 -0.021296
0.875000 0.023438 -0.453125
255 255 255 255
1.430176 0.598145
0.511719 0.150391
2 0 0 0
1 0 0 0
-0.011363 -0.076445 -0.019700
0.601563 -0.031250 -0.789063
255 255 255 255
0.437988 0.584961
0.70166 0.228516
2 0 0 0
1 0 0 0
-0.052712 -0.074465 -0.014918
-0.765625 0.585938 -0.265625
255 255 255 255
0.164063 0.571289
0.509277 0.304199
2 0 0 0
1 0 0 0
0.000000 -0.087445 -0.032119
-0.007813 -0.054688 0.976563
255 255 255 255
1.500977 0.654785
0.532227 0.166504
2 0 0 0
1 0 0 0
-0.008237 -0.076445 -0.030015
0.437500 -0.023438 0.875000
255 255 255 255
0.456055 0.645996
0.706543 0.245117
2 0 0 0
1 0 0 0
0.045456 -0.089116 -0.027315
0.507813 -0.640625 -0.578125
255 255 255 255
0.932617 0.732422
0.625 0.328613
2 0 0 0
1 0 0 0
0.015354 -0.081945 -0.053563
0.265625 -0.007813 -0.960938
255 255 255 255
0.603027 0.842773
0.575195 0.345215
2 0 0 0
1 0 0 0
0.011984 -0.076445 -0.026395
-0.859375 -0.062500 0.500000
255 255 255 255
0.567871 0.625977
0.736816 0.239746
2 0 0 0
1 0 0 0
0.012641 -0.087445 -0.021296
-0.898438 0.023438 -0.453125
255 255 255 255
1.571777 0.598145
0.552734 0.150391
2 0 0 0
1 0 0 0
0.008979 -0.087445 -0.029685
-0.570313 0.000000 0.812500
255 255 255 255
1.550781 0.643066
0.546875 0.163086
2 0 0 0
1 0 0 0
0.052863 -0.089116 -0.014918
0.687500 -0.671875 -0.250000
255 255 255 255
0.977539 0.612305
0.631348 0.310547
2 0 0 0
1 0 0 0
0.011363 -0.076445 -0.019700
-0.625000 -0.031250 -0.789063
255 255 255 255
0.564453 0.584961
0.73584 0.228516
2 0 0 0
1 0 0 0
0.030569 -0.074465 -0.036609
0.789063 0.484375 -0.335938
255 255 255 255
0.714356 0.729492
0.591797 0.328125
2 0 0 0
1 0 0 0
0.026322 -0.074465 -0.043789
0.476563 0.554688 -0.664063
255 255 255 255
0.673828 0.762695
0.585938 0.333008
2 0 0 0
1 0 0 0
0.014266 -0.074465 -0.050062
0.218750 0.562500 -0.789063
255 255 255 255
0.588379 0.78418
0.573242 0.336426
2 0 0 0
1 0 0 0
0.011984 -0.076445 -0.026395
-0.859375 -0.062500 0.500000
255 255 255 255
0.567871 0.625977
0.736816 0.239746
2 0 0 0
1 0 0 0
0.011363 -0.076445 -0.019700
-0.625000 -0.031250 -0.789063
255 255 255 255
0.564453 0.584961
0.73584 0.228516
2 0 0 0
1 0 0 0
0.012641 -0.087445 -0.021296
-0.898438 0.023438 -0.453125
255 255 255 255
1.571777 0.598145
0.552734 0.150391
2 0 0 0
1 0 0 0
0.000000 -0.087445 -0.032119
-0.007813 -0.054688 0.976563
255 255 255 255
1.500977 0.654785
0.532227 0.166504
2 0 0 0
1 0 0 0
-0.009972 -0.087445 -0.018833
0.257813 -0.007813 -0.968750
255 255 255 255
1.445801 0.583984
0.516113 0.145996
2 0 0 0
1 0 0 0
0.058455 -0.078714 -0.005829
0.859375 0.453125 -0.125000
255 255 255 255
0.888184 0.513672
0.618164 0.29541
2 0 0 0
1 0 0 0
0.055805 -0.078714 -0.015859
0.820313 0.445313 -0.304688
255 255 255 255
0.875488 0.583496
0.616211 0.306152
2 0 0 0
1 0 0 0
0.050985 -0.089149 -0.014191
-0.921875 -0.007813 0.382813
255 255 255 255
1.822266 0.567383
0.625488 0.141113
2 0 0 0
1 0 0 0
0.046781 -0.089153 -0.022180
-0.835938 -0.007813 0.539063
255 255 255 255
1.802246 0.620606
0.619629 0.156738
2 0 0 0
1 0 0 0
0.046781 -0.087482 -0.022180
-0.867188 -0.007813 0.492188
255 255 255 255
1.786621 0.613281
0.615234 0.154785
2 0 0 0
1 0 0 0
0.050985 -0.087478 -0.014191
-0.953125 -0.007813 0.312500
255 255 255 255
1.805664 0.5625
0.620606 0.139648
2 0 0 0
1 0 0 0
0.044191 -0.089170 -0.025666
-0.539063 -0.007813 0.828125
255 255 255 255
1.791992 0.647949
0.616699 0.164551
2 0 0 0
1 0 0 0
0.044191 -0.087499 -0.025666
-0.687500 -0.007813 0.710938
255 255 255 255
1.776855 0.63916
0.612305 0.162109
2 0 0 0
1 0 0 0
0.036353 -0.089185 -0.028773
-0.226563 -0.007813 0.960938
255 255 255 255
1.751465 0.680664
0.604981 0.174316
2 0 0 0
1 0 0 0
0.036353 -0.087514 -0.028773
-0.304688 -0.007813 0.937500
255 255 255 255
1.738281 0.669434
0.601074 0.170898
2 0 0 0
1 0 0 0
0.030056 -0.087573 -0.029616
-0.500000 -0.007813 0.851563
255 255 255 255
1.706055 0.676758
0.591797 0.172852
2 0 0 0
1 0 0 0
0.028671 -0.089200 -0.035932
-0.929688 -0.007813 0.359375
255 255 255 255
1.70459 0.718262
0.591309 0.185059
2 0 0 0
1 0 0 0
0.024964 -0.087476 -0.042241
-0.726563 -0.007813 0.679688
255 255 255 255
1.657227 0.735352
0.577637 0.189941
2 0 0 0
1 0 0 0
0.013602 -0.089116 -0.048153
-0.289063 -0.007813 0.937500
255 255 255 255
1.584473 0.77002
0.556641 0.200195
2 0 0 0
1 0 0 0
0.013603 -0.087445 -0.048153
-0.382813 -0.007813 0.906250
255 255 255 255
1.580078 0.754883
0.555176 0.195801
2 0 0 0
1 0 0 0
0.000000 -0.089116 -0.050762
0.054688 -0.007813 0.976563
255 255 255 255
1.500977 0.785645
0.532227 0.20459
2 0 0 0
1 0 0 0
0.000000 -0.087445 -0.050762
-0.078125 -0.007813 0.976563
255 255 255 255
1.500977 0.769531
0.532227 0.199707
2 0 0 0
1 0 0 0
-0.013603 -0.089116 -0.048153
0.359375 -0.007813 0.906250
255 255 255 255
1.41748 0.77002
0.508301 0.200195
2 0 0 0
1 0 0 0
-0.013603 -0.087445 -0.048153
0.265625 -0.007813 0.937500
255 255 255 255
1.421875 0.754883
0.509277 0.195801
2 0 0 0
1 0 0 0
-0.024965 -0.089146 -0.042241
0.703125 -0.007813 0.679688
255 255 255 255
1.336426 0.75
0.484863 0.194336
2 0 0 0
1 0 0 0
-0.024964 -0.087476 -0.042241
0.578125 -0.007813 0.781250
255 255 255 255
1.344727 0.735352
0.487305 0.189941
2 0 0 0
1 0 0 0
-0.028671 -0.089200 -0.035934
0.937500 -0.007813 0.281250
255 255 255 255
1.297363 0.718262
0.473633 0.185059
2 0 0 0
1 0 0 0
-0.028670 -0.087529 -0.035934
0.906250 -0.007813 0.359375
255 255 255 255
1.308105 0.705566
0.476563 0.181152
2 0 0 0
1 0 0 0
-0.030040 -0.089244 -0.029618
0.476563 -0.007813 0.851563
255 255 255 255
1.284668 0.6875
0.469727 0.17627
2 0 0 0
1 0 0 0
-0.036283 -0.089185 -0.028776
0.281250 -0.007813 0.937500
255 255 255 255
1.250488 0.680664
0.459961 0.174316
2 0 0 0
1 0 0 0
-0.036283 -0.087514 -0.028776
0.203125 -0.007813 0.960938
255 255 255 255
1.263672 0.669434
0.463379 0.170898
2 0 0 0
1 0 0 0
-0.046653 -0.089153 -0.022182
0.843750 -0.007813 0.492188
255 255 255 255
1.199707 0.620606
0.445313 0.156738
2 0 0 0
1 0 0 0
-0.046653 -0.087482 -0.022182
0.812500 -0.007813 0.539063
255 255 255 255
1.21582 0.613281
0.449707 0.154785
2 0 0 0
1 0 0 0
-0.050833 -0.087478 -0.014196
0.898438 -0.007813 0.382813
255 255 255 255
1.196777 0.5625
0.444336 0.139648
2 0 0 0
1 0 0 0
-0.053109 -0.089131 -0.005340
0.976563 -0.007813 0.070313
255 255 255 255
1.17041 0.508789
0.436523 0.124512
2 0 0 0
1 0 0 0
-0.053109 -0.087460 -0.005340
0.968750 -0.007813 0.156250
255 255 255 255
1.1875 0.506836
0.441406 0.124023
2 0 0 0
1 0 0 0
-0.053107 -0.089132 0.005299
0.960938 -0.007813 -0.203125
255 255 255 255
1.17041 0.4375
0.436523 0.103516
2 0 0 0
1 0 0 0
-0.050454 -0.089149 0.014184
0.898438 -0.007813 -0.398438
255 255 255 255
1.179688 0.378906
0.439453 0.086914
2 0 0 0
1 0 0 0
-0.050454 -0.087478 0.014185
0.921875 -0.007813 -0.351563
255 255 255 255
1.196777 0.383789
0.444336 0.088379
2 0 0 0
1 0 0 0
-0.046535 -0.089154 0.022166
0.804688 -0.007813 -0.578125
255 255 255 255
1.199707 0.325195
0.445313 0.071289
2 0 0 0
1 0 0 0
-0.046535 -0.087483 0.022166
0.843750 -0.007813 -0.515625
255 255 255 255
1.21582 0.333008
0.449707 0.073242
2 0 0 0
1 0 0 0
-0.036022 -0.089185 0.028750
0.210938 -0.007813 -0.976563
255 255 255 255
1.250488 0.265625
0.459961 0.054199
2 0 0 0
1 0 0 0
-0.036022 -0.087514 0.028751
0.289063 -0.007813 -0.960938
255 255 255 255
1.263672 0.276367
0.463379 0.057129
2 0 0 0
1 0 0 0
-0.029987 -0.087573 0.029636
0.484375 -0.007813 -0.867188
255 255 255 255
1.295898 0.269531
0.473145 0.055176
2 0 0 0
1 0 0 0
-0.028667 -0.089201 0.035941
0.906250 -0.007813 -0.382813
255 255 255 255
1.297363 0.228027
0.473633 0.042969
2 0 0 0
1 0 0 0
-0.024965 -0.087476 0.042244
0.703125 -0.007813 -0.703125
255 255 255 255
1.344727 0.210449
0.487305 0.038086
2 0 0 0
1 0 0 0
-0.013648 -0.089116 0.048133
0.234375 -0.007813 -0.968750
255 255 255 255
1.41748 0.175781
0.508301 0.027832
2 0 0 0
1 0 0 0
-0.013648 -0.087445 0.048133
0.343750 -0.007813 -0.937500
255 255 255 255
1.421875 0.191406
0.509277 0.032227
2 0 0 0
1 0 0 0
0.000000 -0.089116 0.050058
-0.054688 -0.007813 -1.000000
255 255 255 255
1.500977 0.160156
0.532227 0.023438
2 0 0 0
1 0 0 0
0.000000 -0.087445 0.050058
0.031250 -0.007813 -1.000000
255 255 255 255
1.500977 0.176758
0.532227 0.02832
2 0 0 0
1 0 0 0
0.013647 -0.089116 0.048133
-0.367188 -0.007813 -0.937500
255 255 255 255
1.584473 0.175781
0.556641 0.027832
2 0 0 0
1 0 0 0
0.013648 -0.087445 0.048133
-0.257813 -0.007813 -0.968750
255 255 255 255
1.580078 0.191406
0.555176 0.032227
2 0 0 0
1 0 0 0
0.024964 -0.089147 0.042244
-0.726563 -0.007813 -0.703125
255 255 255 255
1.666016 0.196289
0.580078 0.033691
2 0 0 0
1 0 0 0
0.024965 -0.087476 0.042244
-0.601563 -0.007813 -0.804688
255 255 255 255
1.657227 0.210449
0.577637 0.038086
2 0 0 0
1 0 0 0
0.028671 -0.089200 0.035933
-0.960938 -0.007813 -0.304688
255 255 255 255
1.70459 0.228027
0.591309 0.042969
2 0 0 0
1 0 0 0
0.028671 -0.087529 0.035933
-0.929688 -0.007813 -0.382813
255 255 255 255
1.693848 0.240723
0.588379 0.046875
2 0 0 0
1 0 0 0
0.030055 -0.089244 0.029616
-0.500000 -0.007813 -0.875000
255 255 255 255
1.717285 0.258301
0.595215 0.051758
2 0 0 0
1 0 0 0
0.036353 -0.089185 0.028772
-0.304688 -0.007813 -0.960938
255 255 255 255
1.751465 0.265625
0.604981 0.054199
2 0 0 0
1 0 0 0
0.036353 -0.087514 0.028772
-0.226563 -0.007813 -0.984375
255 255 255 255
1.738281 0.276367
0.601074 0.057129
2 0 0 0
1 0 0 0
0.046781 -0.089153 0.022178
-0.867188 -0.007813 -0.515625
255 255 255 255
1.802246 0.325195
0.619629 0.071289
2 0 0 0
1 0 0 0
0.046781 -0.087482 0.022178
-0.835938 -0.007813 -0.562500
255 255 255 255
1.786621 0.333008
0.615234 0.073242
2 0 0 0
1 0 0 0
0.050986 -0.087478 0.014189
-0.921875 -0.007813 -0.406250
255 255 255 255
1.805664 0.383789
0.620606 0.088379
2 0 0 0
1 0 0 0
0.053287 -0.089131 0.005336
-1.000000 -0.007813 -0.093750
255 255 255 255
1.832031 0.4375
0.62793 0.103516
2 0 0 0
1 0 0 0
0.053287 -0.087460 0.005336
-0.992188 -0.007813 -0.179688
255 255 255 255
1.814453 0.439453
0.623047 0.104492
2 0 0 0
1 0 0 0
0.053287 -0.089131 -0.005337
-0.992188 -0.007813 0.156250
255 255 255 255
1.832031 0.508789
0.62793 0.124512
2 0 0 0
1 0 0 0
0.053287 -0.087460 -0.005337
-1.000000 -0.007813 0.070313
255 255 255 255
1.814453 0.506836
0.623047 0.124023
2 0 0 0
1 0 0 0
0.053287 -0.074450 0.005336
-0.992188 -0.007813 -0.179688
255 255 255 255
0.832031 0.437012
0.808106 0.188477
2 0 0 0
1 0 0 0
0.053287 -0.076430 -0.005337
-0.992188 -0.007813 0.156250
255 255 255 255
0.814453 0.506348
0.803711 0.20752
2 0 0 0
1 0 0 0
0.050986 -0.074432 0.014189
-0.921875 -0.007813 -0.406250
255 255 255 255
0.822266 0.378418
0.805664 0.172852
2 0 0 0
1 0 0 0
0.050986 -0.076413 0.014189
-0.953125 -0.007813 -0.335938
255 255 255 255
0.805664 0.383301
0.80127 0.173828
2 0 0 0
1 0 0 0
0.046781 -0.074428 0.022178
-0.835938 -0.007813 -0.562500
255 255 255 255
0.802246 0.324707
0.800293 0.158203
2 0 0 0
1 0 0 0
0.046781 -0.076408 0.022178
-0.867188 -0.007813 -0.515625
255 255 255 255
0.786621 0.33252
0.795898 0.160156
2 0 0 0
1 0 0 0
0.036353 -0.074396 0.028772
-0.226563 -0.007813 -0.984375
255 255 255 255
0.751465 0.265137
0.786621 0.14209
2 0 0 0
1 0 0 0
0.036353 -0.076376 0.028772
-0.304688 -0.007813 -0.960938
255 255 255 255
0.738281 0.275879
0.782715 0.14502
2 0 0 0
1 0 0 0
0.028671 -0.074381 0.035933
-0.929688 -0.007813 -0.382813
255 255 255 255
0.70459 0.227539
0.773926 0.131836
2 0 0 0
1 0 0 0
0.024965 -0.074434 0.042244
-0.601563 -0.007813 -0.804688
255 255 255 255
0.666016 0.195801
0.763184 0.123535
2 0 0 0
1 0 0 0
0.024965 -0.076415 0.042244
-0.726563 -0.007813 -0.703125
255 255 255 255
0.657227 0.209961
0.760742 0.127441
2 0 0 0
1 0 0 0
0.013648 -0.074465 0.048133
-0.257813 -0.007813 -0.968750
255 255 255 255
0.584473 0.175293
0.741211 0.117676
2 0 0 0
1 0 0 0
0.013648 -0.076445 0.048133
-0.367188 -0.007813 -0.937500
255 255 255 255
0.580078 0.190918
0.740234 0.12207
2 0 0 0
1 0 0 0
0.000000 -0.074465 0.050058
0.031250 -0.007813 -1.000000
255 255 255 255
0.500977 0.159668
0.71875 0.11377
2 0 0 0
1 0 0 0
0.000000 -0.076445 0.050058
-0.054688 -0.007813 -1.000000
255 255 255 255
0.500977 0.175781
0.71875 0.118164
2 0 0 0
1 0 0 0
-0.013648 -0.074465 0.048133
0.343750 -0.007813 -0.937500
255 255 255 255
0.417481 0.175293
0.696289 0.117676
2 0 0 0
1 0 0 0
-0.013648 -0.076445 0.048133
0.234375 -0.007813 -0.968750
255 255 255 255
0.421875 0.190918
0.697266 0.12207
2 0 0 0
1 0 0 0
-0.024965 -0.074434 0.042244
0.703125 -0.007813 -0.703125
255 255 255 255
0.336426 0.195801
0.674316 0.123535
2 0 0 0
1 0 0 0
-0.028671 -0.074380 0.035935
0.937500 -0.007813 -0.304688
255 255 255 255
0.297363 0.227539
0.663574 0.131836
2 0 0 0
1 0 0 0
-0.028671 -0.076361 0.035935
0.906250 -0.007813 -0.382813
255 255 255 255
0.308106 0.240234
0.666504 0.135254
2 0 0 0
1 0 0 0
-0.030040 -0.074337 0.029618
0.476563 -0.007813 -0.875000
255 255 255 255
0.284668 0.257813
0.660156 0.140137
2 0 0 0
1 0 0 0
-0.036283 -0.074396 0.028774
0.281250 -0.007813 -0.960938
255 255 255 255
0.250488 0.265137
0.650879 0.14209
2 0 0 0
1 0 0 0
-0.036283 -0.076376 0.028774
0.203125 -0.007813 -0.984375
255 255 255 255
0.263672 0.275879
0.654297 0.14502
2 0 0 0
1 0 0 0
-0.046653 -0.074428 0.022180
0.843750 -0.007813 -0.515625
255 255 255 255
0.199707 0.324707
0.637207 0.158203
2 0 0 0
1 0 0 0
-0.050833 -0.076413 0.014194
0.898438 -0.007813 -0.406250
255 255 255 255
0.196777 0.383301
0.636231 0.173828
2 0 0 0
1 0 0 0
-0.053109 -0.076430 0.005338
0.968750 -0.007813 -0.179688
255 255 255 255
0.1875 0.438965
0.633789 0.188965
2 0 0 0
1 0 0 0
-0.053109 -0.074450 -0.005340
0.968750 -0.007813 0.156250
255 255 255 255
0.17041 0.507813
0.629395 0.208008
2 0 0 0
1 0 0 0
-0.050833 -0.074432 -0.014196
0.898438 -0.007813 0.382813
255 255 255 255
0.179688 0.566406
0.631836 0.223633
2 0 0 0
1 0 0 0
-0.050833 -0.076413 -0.014196
0.929688 -0.007813 0.304688
255 255 255 255
0.196777 0.561523
0.636231 0.222168
2 0 0 0
1 0 0 0
-0.046653 -0.074428 -0.022182
0.812500 -0.007813 0.539063
255 255 255 255
0.199707 0.620117
0.637207 0.238281
2 0 0 0
1 0 0 0
-0.046653 -0.076408 -0.022182
0.843750 -0.007813 0.492188
255 255 255 255
0.21582 0.612305
0.641602 0.23584
2 0 0 0
1 0 0 0
-0.036283 -0.074396 -0.028776
0.203125 -0.007813 0.960938
255 255 255 255
0.250488 0.679688
0.650879 0.254395
2 0 0 0
1 0 0 0
-0.036283 -0.076376 -0.028776
0.281250 -0.007813 0.937500
255 255 255 255
0.263672 0.668945
0.654297 0.251465
2 0 0 0
1 0 0 0
-0.028670 -0.074380 -0.035934
0.906250 -0.007813 0.359375
255 255 255 255
0.297363 0.717285
0.663574 0.264648
2 0 0 0
1 0 0 0
-0.024964 -0.074434 -0.042241
0.578125 -0.007813 0.781250
255 255 255 255
0.336426 0.749512
0.674316 0.272949
2 0 0 0
1 0 0 0
-0.024964 -0.076415 -0.042241
0.703125 -0.007813 0.679688
255 255 255 255
0.344727 0.734863
0.67627 0.269043
2 0 0 0
1 0 0 0
-0.013603 -0.074465 -0.048153
0.265625 -0.007813 0.937500
255 255 255 255
0.417481 0.769531
0.696289 0.278809
2 0 0 0
1 0 0 0
-0.013603 -0.076445 -0.048153
0.359375 -0.007813 0.906250
255 255 255 255
0.421875 0.754395
0.697266 0.274414
2 0 0 0
1 0 0 0
0.000000 -0.074465 -0.050762
-0.078125 -0.007813 0.976563
255 255 255 255
0.500977 0.785156
0.71875 0.282715
2 0 0 0
1 0 0 0
0.000000 -0.076445 -0.050762
0.054688 -0.007813 0.976563
255 255 255 255
0.500977 0.769043
0.71875 0.27832
2 0 0 0
1 0 0 0
0.013603 -0.074465 -0.048153
-0.382813 -0.007813 0.906250
255 255 255 255
0.584473 0.769531
0.741211 0.278809
2 0 0 0
1 0 0 0
0.013603 -0.076445 -0.048153
-0.289063 -0.007813 0.937500
255 255 255 255
0.580078 0.754395
0.740234 0.274414
2 0 0 0
1 0 0 0
0.024964 -0.074434 -0.042241
-0.726563 -0.007813 0.679688
255 255 255 255
0.666016 0.749512
0.763184 0.272949
2 0 0 0
1 0 0 0
0.028671 -0.074381 -0.035932
-0.960938 -0.007813 0.281250
255 255 255 255
0.70459 0.717285
0.773926 0.264648
2 0 0 0
1 0 0 0
0.028671 -0.076361 -0.035932
-0.929688 -0.007813 0.359375
255 255 255 255
0.693848 0.70459
0.770996 0.261231
2 0 0 0
1 0 0 0
0.030056 -0.074337 -0.029616
-0.500000 -0.007813 0.851563
255 255 255 255
0.717285 0.687012
0.777344 0.256348
2 0 0 0
1 0 0 0
0.036353 -0.074396 -0.028773
-0.304688 -0.007813 0.937500
255 255 255 255
0.751465 0.679688
0.786621 0.254395
2 0 0 0
1 0 0 0
0.036353 -0.076376 -0.028773
-0.226563 -0.007813 0.960938
255 255 255 255
0.738281 0.668945
0.782715 0.251465
2 0 0 0
1 0 0 0
0.046781 -0.074428 -0.022180
-0.867188 -0.007813 0.492188
255 255 255 255
0.802246 0.620117
0.800293 0.238281
2 0 0 0
1 0 0 0
0.050986 -0.076413 -0.014191
-0.921875 -0.007813 0.382813
255 255 255 255
0.805664 0.561523
0.80127 0.222168
2 0 0 0
1 0 0 0
-0.022846 -0.089022 0.003114
-0.007813 -1.000000 -0.007813
255 255 255 255
0.471191 0.973633
0.028809 0.081055
2 0 0 0
1 0 0 0
-0.025051 -0.089027 0.003953
-0.007813 -1.000000 -0.007813
255 255 255 255
0.471191 0.958496
0.028809 0.078125
2 0 0 0
1 0 0 0
-0.005135 -0.089030 0.012647
-0.007813 -1.000000 -0.007813
255 255 255 255
0.28418 0.973633
0.022949 0.081055
2 0 0 0
1 0 0 0
-0.001146 -0.089045 0.015100
-0.007813 -1.000000 -0.007813
255 255 255 255
0.250488 0.958496
0.021973 0.078125
2 0 0 0
1 0 0 0
-0.019876 -0.089036 0.010449
-0.007813 -1.000000 -0.007813
255 255 255 255
0.410156 0.958496
0.027344 0.078125
2 0 0 0
1 0 0 0
0.022758 -0.089074 0.004247
-0.007813 -1.000000 -0.007813
255 255 255 255
0.04541 0.958496
0.015625 0.078125
2 0 0 0
1 0 0 0
0.021395 -0.089058 0.000000
-0.007813 -1.000000 -0.007813
255 255 255 255
0.017578 0.973633
0.014648 0.081055
2 0 0 0
1 0 0 0
0.010035 -0.089067 0.011532
-0.007813 -1.000000 -0.007813
255 255 255 255
0.157227 0.973633
0.019043 0.081055
2 0 0 0
1 0 0 0
0.017584 -0.089101 0.010699
-0.007813 -1.000000 -0.007813
255 255 255 255
0.099609 0.958496
0.017578 0.078125
2 0 0 0
1 0 0 0
-0.022846 -0.089022 -0.003115
-0.007813 -1.000000 -0.007813
255 255 255 255
0.527832 0.973633
0.030762 0.081055
2 0 0 0
1 0 0 0
-0.025051 -0.089026 -0.003954
-0.007813 -1.000000 -0.007813
255 255 255 255
0.527832 0.958496
0.030762 0.078125
2 0 0 0
1 0 0 0
-0.018347 -0.089027 -0.008410
-0.007813 -1.000000 -0.007813
255 255 255 255
0.586426 0.973633
0.032715 0.081055
2 0 0 0
1 0 0 0
-0.005135 -0.089030 -0.012648
-0.007813 -1.000000 -0.007813
255 255 255 255
0.706543 0.973633
0.036621 0.081055
2 0 0 0
1 0 0 0
-0.001146 -0.089045 -0.015100
-0.007813 -1.000000 -0.007813
255 255 255 255
0.739746 0.958496
0.037598 0.078125
2 0 0 0
1 0 0 0
-0.019876 -0.089036 -0.010450
-0.007813 -1.000000 -0.007813
255 255 255 255
0.586426 0.958496
0.032715 0.078125
2 0 0 0
1 0 0 0
0.020553 -0.089061 -0.003323
-0.007813 -1.000000 -0.007813
255 255 255 255
0.957031 0.973633
0.044434 0.081055
2 0 0 0
1 0 0 0
0.022758 -0.089074 -0.004248
-0.007813 -1.000000 -0.007813
255 255 255 255
0.957031 0.958496
0.044434 0.078125
2 0 0 0
1 0 0 0
0.021395 -0.089058 0.000000
-0.007813 -1.000000 -0.007813
255 255 255 255
0.983398 0.973633
0.044922 0.081055
2 0 0 0
1 0 0 0
0.010035 -0.089067 -0.011533
-0.007813 -1.000000 -0.007813
255 255 255 255
0.838379 0.973633
0.040527 0.081055
2 0 0 0
1 0 0 0
0.017584 -0.089101 -0.010700
-0.007813 -1.000000 -0.007813
255 255 255 255
0.897949 0.958496
0.04248 0.078125
2 0 0 0
1 0 0 0
0.053287 -0.089131 -0.005337
-0.007813 -1.000000 -0.007813
255 255 255 255
1.832031 0.508789
0.62793 0.124512
2 0 0 0
1 0 0 0
0.046781 -0.089153 0.022178
-0.007813 -1.000000 -0.007813
255 255 255 255
1.802246 0.325195
0.619629 0.071289
2 0 0 0
1 0 0 0
0.048478 -0.089116 0.023246
-0.007813 -1.000000 -0.007813
255 255 255 255
1.816895 0.318359
0.624023 0.069336
2 0 0 0
1 0 0 0
0.045457 -0.089116 0.027313
-0.007813 -1.000000 -0.007813
255 255 255 255
1.806152 0.289551
0.620606 0.061035
2 0 0 0
1 0 0 0
0.036353 -0.089185 0.028772
0.000000 -1.000000 0.031250
255 255 255 255
1.751465 0.265625
0.604981 0.054199
2 0 0 0
1 0 0 0
0.036861 -0.089116 0.030720
0.000000 -1.000000 0.015625
255 255 255 255
1.763672 0.255371
0.608398 0.05127
2 0 0 0
1 0 0 0
0.030055 -0.089244 0.029616
0.023438 -1.000000 0.015625
255 255 255 255
1.717285 0.258301
0.595215 0.051758
2 0 0 0
1 0 0 0
0.028504 -0.089116 0.040672
0.015625 -1.000000 0.007813
255 255 255 255
1.693848 0.195801
0.588379 0.033691
2 0 0 0
1 0 0 0
0.026322 -0.089116 0.043792
-0.007813 -1.000000 -0.007813
255 255 255 255
1.673828 0.182617
0.58252 0.029785
2 0 0 0
1 0 0 0
0.000000 -0.089116 0.050058
-0.007813 -1.000000 -0.007813
255 255 255 255
1.500977 0.160156
0.532227 0.023438
2 0 0 0
1 0 0 0
-0.028667 -0.089201 0.035941
-0.054688 -1.000000 0.007813
255 255 255 255
1.297363 0.228027
0.473633 0.042969
2 0 0 0
1 0 0 0
-0.030569 -0.089116 0.036610
-0.046875 -1.000000 0.007813
255 255 255 255
1.287598 0.216309
0.470703 0.039551
2 0 0 0
1 0 0 0
-0.036022 -0.089185 0.028750
-0.023438 -1.000000 0.015625
255 255 255 255
1.250488 0.265625
0.459961 0.054199
2 0 0 0
1 0 0 0
-0.036548 -0.089116 0.030694
-0.023438 -1.000000 0.031250
255 255 255 255
1.238281 0.255371
0.456055 0.05127
2 0 0 0
1 0 0 0
-0.046535 -0.089154 0.022166
-0.007813 -1.000000 -0.007813
255 255 255 255
1.199707 0.325195
0.445313 0.071289
2 0 0 0
1 0 0 0
-0.048233 -0.089116 0.023246
-0.007813 -1.000000 -0.007813
255 255 255 255
1.185059 0.318359
0.440918 0.069336
2 0 0 0
1 0 0 0
-0.050454 -0.089149 0.014184
-0.007813 -1.000000 -0.007813
255 255 255 255
1.179688 0.378906
0.439453 0.086914
2 0 0 0
1 0 0 0
-0.053107 -0.089132 0.005299
-0.007813 -1.000000 -0.007813
255 255 255 255
1.17041 0.4375
0.436523 0.103516
2 0 0 0
1 0 0 0
-0.046653 -0.089153 -0.022182
-0.007813 -1.000000 -0.007813
255 255 255 255
1.199707 0.620606
0.445313 0.156738
2 0 0 0
1 0 0 0
-0.048352 -0.089116 -0.023248
-0.007813 -1.000000 -0.007813
255 255 255 255
1.185059 0.62793
0.440918 0.158691
2 0 0 0
1 0 0 0
-0.045329 -0.089116 -0.027318
-0.007813 -1.000000 -0.007813
255 255 255 255
1.195801 0.656738
0.443848 0.166992
2 0 0 0
1 0 0 0
-0.036283 -0.089185 -0.028776
-0.023438 -1.000000 -0.054688
255 255 255 255
1.250488 0.680664
0.459961 0.174316
2 0 0 0
1 0 0 0
-0.036794 -0.089116 -0.030724
-0.023438 -1.000000 -0.039063
255 255 255 255
1.238281 0.69043
0.456055 0.177246
2 0 0 0
1 0 0 0
-0.030040 -0.089244 -0.029618
-0.046875 -1.000000 -0.039063
255 255 255 255
1.284668 0.6875
0.469727 0.17627
2 0 0 0
1 0 0 0
-0.028504 -0.089116 -0.040670
-0.039063 -1.000000 -0.031250
255 255 255 255
1.308105 0.75
0.476563 0.194336
2 0 0 0
1 0 0 0
-0.026322 -0.089116 -0.043789
-0.007813 -1.000000 -0.007813
255 255 255 255
1.328125 0.763184
0.482422 0.198242
2 0 0 0
1 0 0 0
0.000000 -0.089116 -0.050762
-0.007813 -1.000000 -0.007813
255 255 255 255
1.500977 0.785645
0.532227 0.20459
2 0 0 0
1 0 0 0
0.028671 -0.089200 -0.035932
0.031250 -1.000000 -0.031250
255 255 255 255
1.70459 0.718262
0.591309 0.185059
2 0 0 0
1 0 0 0
0.030569 -0.089116 -0.036609
0.023438 -1.000000 -0.031250
255 255 255 255
1.714355 0.729981
0.594238 0.188477
2 0 0 0
1 0 0 0
0.036353 -0.089185 -0.028773
0.000000 -1.000000 -0.039063
255 255 255 255
1.751465 0.680664
0.604981 0.174316
2 0 0 0
1 0 0 0
0.036861 -0.089116 -0.030722
0.000000 -1.000000 -0.054688
255 255 255 255
1.763672 0.69043
0.608398 0.177246
2 0 0 0
1 0 0 0
0.046781 -0.089153 -0.022180
-0.007813 -1.000000 -0.007813
255 255 255 255
1.802246 0.620606
0.619629 0.156738
2 0 0 0
1 0 0 0
0.048478 -0.089116 -0.023248
-0.007813 -1.000000 -0.007813
255 255 255 255
1.816895 0.62793
0.624023 0.158691
2 0 0 0
1 0 0 0
0.046781 -0.074428 -0.022180
-0.007813 0.984375 -0.007813
255 255 255 255
0.802246 0.620117
0.800293 0.238281
2 0 0 0
1 0 0 0
0.048478 -0.074465 -0.023248
-0.007813 0.984375 -0.007813
255 255 255 255
0.816895 0.627441
0.804199 0.240234
2 0 0 0
1 0 0 0
0.045457 -0.074465 -0.027315
-0.007813 0.984375 -0.007813
255 255 255 255
0.806152 0.65625
0.80127 0.248047
2 0 0 0
1 0 0 0
0.036353 -0.074396 -0.028773
0.000000 0.976563 -0.054688
255 255 255 255
0.751465 0.679688
0.786621 0.254395
2 0 0 0
1 0 0 0
0.036861 -0.074465 -0.030722
0.000000 0.976563 -0.039063
255 255 255 255
0.763672 0.689941
0.790039 0.256836
2 0 0 0
1 0 0 0
0.030056 -0.074337 -0.029616
0.023438 0.976563 -0.039063
255 255 255 255
0.717285 0.687012
0.777344 0.256348
2 0 0 0
1 0 0 0
0.031706 -0.074465 -0.031410
0.015625 0.976563 -0.046875
255 255 255 255
0.728027 0.697754
0.780273 0.259277
2 0 0 0
1 0 0 0
0.028671 -0.074381 -0.035932
0.023438 0.976563 -0.031250
255 255 255 255
0.70459 0.717285
0.773926 0.264648
2 0 0 0
1 0 0 0
0.030569 -0.074465 -0.036609
0.031250 0.976563 -0.031250
255 255 255 255
0.714356 0.729492
0.776367 0.267578
2 0 0 0
1 0 0 0
0.028504 -0.074465 -0.040670
0.015625 0.976563 -0.031250
255 255 255 255
0.693848 0.749512
0.770996 0.272949
2 0 0 0
1 0 0 0
0.024964 -0.074434 -0.042241
-0.007813 0.984375 -0.007813
255 255 255 255
0.666016 0.749512
0.763184 0.272949
2 0 0 0
1 0 0 0
0.026322 -0.074465 -0.043789
-0.007813 0.984375 -0.007813
255 255 255 255
0.673828 0.762695
0.765625 0.276856
2 0 0 0
1 0 0 0
0.013603 -0.074465 -0.048153
-0.007813 0.984375 -0.007813
255 255 255 255
0.584473 0.769531
0.741211 0.278809
2 0 0 0
1 0 0 0
0.000000 -0.074465 -0.050762
-0.007813 0.984375 -0.007813
255 255 255 255
0.500977 0.785156
0.71875 0.282715
2 0 0 0
1 0 0 0
-0.028670 -0.074380 -0.035934
-0.054688 0.976563 -0.031250
255 255 255 255
0.297363 0.717285
0.663574 0.264648
2 0 0 0
1 0 0 0
-0.036283 -0.074396 -0.028776
-0.023438 0.976563 -0.039063
255 255 255 255
0.250488 0.679688
0.650879 0.254395
2 0 0 0
1 0 0 0
-0.036794 -0.074465 -0.030724
-0.023438 0.976563 -0.054688
255 255 255 255
0.238281 0.689941
0.647461 0.256836
2 0 0 0
1 0 0 0
-0.046653 -0.074428 -0.022182
-0.007813 0.984375 -0.007813
255 255 255 255
0.199707 0.620117
0.637207 0.238281
2 0 0 0
1 0 0 0
-0.048352 -0.074465 -0.023248
-0.007813 0.984375 -0.007813
255 255 255 255
0.185059 0.627441
0.633301 0.240234
2 0 0 0
1 0 0 0
-0.050833 -0.074432 -0.014196
-0.007813 0.984375 -0.007813
255 255 255 255
0.179688 0.566406
0.631836 0.223633
2 0 0 0
1 0 0 0
-0.053109 -0.074450 -0.005340
-0.007813 0.984375 -0.007813
255 255 255 255
0.17041 0.507813
0.629395 0.208008
2 0 0 0
1 0 0 0
-0.046653 -0.074428 0.022180
-0.007813 0.984375 -0.007813
255 255 255 255
0.199707 0.324707
0.637207 0.158203
2 0 0 0
1 0 0 0
-0.048352 -0.074465 0.023246
-0.007813 0.984375 -0.007813
255 255 255 255
0.185059 0.317383
0.633301 0.15625
2 0 0 0
1 0 0 0
-0.045329 -0.074465 0.027316
-0.007813 0.984375 -0.007813
255 255 255 255
0.195801 0.288574
0.636231 0.148438
2 0 0 0
1 0 0 0
-0.036283 -0.074396 0.028774
-0.023438 0.976563 0.031250
255 255 255 255
0.250488 0.265137
0.650879 0.14209
2 0 0 0
1 0 0 0
-0.036794 -0.074465 0.030722
-0.023438 0.976563 0.015625
255 255 255 255
0.238281 0.254883
0.647461 0.13916
2 0 0 0
1 0 0 0
-0.030040 -0.074337 0.029618
-0.046875 0.976563 0.015625
255 255 255 255
0.284668 0.257813
0.660156 0.140137
2 0 0 0
1 0 0 0
-0.031694 -0.074465 0.031410
-0.039063 0.976563 0.023438
255 255 255 255
0.273926 0.24707
0.657227 0.137207
2 0 0 0
1 0 0 0
-0.028671 -0.074380 0.035935
-0.046875 0.976563 0.007813
255 255 255 255
0.297363 0.227539
0.663574 0.131836
2 0 0 0
1 0 0 0
-0.030569 -0.074465 0.036610
-0.054688 0.976563 0.007813
255 255 255 255
0.287598 0.215332
0.661133 0.128418
2 0 0 0
1 0 0 0
-0.028505 -0.074465 0.040672
-0.039063 0.976563 0.007813
255 255 255 255
0.308106 0.195313
0.666504 0.123047
2 0 0 0
1 0 0 0
-0.024965 -0.074434 0.042244
-0.007813 0.984375 -0.007813
255 255 255 255
0.336426 0.195801
0.674316 0.123535
2 0 0 0
1 0 0 0
-0.026323 -0.074465 0.043792
-0.007813 0.984375 -0.007813
255 255 255 255
0.328125 0.182129
0.671875 0.119629
2 0 0 0
1 0 0 0
-0.013648 -0.074465 0.048133
-0.007813 0.984375 -0.007813
255 255 255 255
0.417481 0.175293
0.696289 0.117676
2 0 0 0
1 0 0 0
0.000000 -0.074465 0.050058
-0.007813 0.984375 -0.007813
255 255 255 255
0.500977 0.159668
0.71875 0.11377
2 0 0 0
1 0 0 0
0.028671 -0.074381 0.035933
0.031250 0.976563 0.007813
255 255 255 255
0.70459 0.227539
0.773926 0.131836
2 0 0 0
1 0 0 0
0.031706 -0.074465 0.031410
0.023438 0.976563 0.015625
255 255 255 255
0.728027 0.24707
0.780273 0.137207
2 0 0 0
1 0 0 0
0.036353 -0.074396 0.028772
0.000000 0.976563 0.015625
255 255 255 255
0.751465 0.265137
0.786621 0.14209
2 0 0 0
1 0 0 0
0.046781 -0.074428 0.022178
-0.007813 0.984375 -0.007813
255 255 255 255
0.802246 0.324707
0.800293 0.158203
2 0 0 0
1 0 0 0
0.048478 -0.074465 0.023246
-0.007813 0.984375 -0.007813
255 255 255 255
0.816895 0.317383
0.804199 0.15625
2 0 0 0
1 0 0 0
0.050986 -0.074432 0.014189
-0.007813 0.984375 -0.007813
255 255 255 255
0.822266 0.378418
0.805664 0.172852
2 0 0 0
1 0 0 0
0.053287 -0.074450 0.005336
-0.007813 0.984375 -0.007813
255 255 255 255
0.832031 0.437012
0.808106 0.188477
2 0 0 0
1 0 0 0
-0.024965 -0.087476 0.042244
-0.007813 -1.000000 -0.007813
255 255 255 255
1.344727 0.210449
0.487305 0.038086
2 0 0 0
1 0 0 0
-0.013648 -0.087445 0.048133
-0.007813 -1.000000 -0.007813
255 255 255 255
1.421875 0.191406
0.509277 0.032227
2 0 0 0
1 0 0 0
0.000000 -0.087445 -0.000001
-0.007813 -1.000000 -0.007813
255 255 255 255
1.500977 0.473145
0.532227 0.114258
2 0 0 0
1 0 0 0
-0.053109 -0.087460 -0.005340
-0.007813 -1.000000 -0.007813
255 255 255 255
1.1875 0.506836
0.441406 0.124023
2 0 0 0
1 0 0 0
-0.026281 -0.087791 0.022778
-0.007813 -1.000000 -0.007813
255 255 255 255
1.343262 0.332031
0.486816 0.073242
2 0 0 0
1 0 0 0
-0.036022 -0.087514 0.028751
-0.007813 -1.000000 -0.007813
255 255 255 255
1.263672 0.276367
0.463379 0.057129
2 0 0 0
1 0 0 0
-0.012641 -0.087445 0.021315
-0.007813 -1.000000 -0.007813
255 255 255 255
1.430176 0.348145
0.511719 0.077637
2 0 0 0
1 0 0 0
-0.011363 -0.087445 0.019716
-0.007813 -1.000000 -0.007813
255 255 255 255
1.437988 0.360352
0.51416 0.081543
2 0 0 0
1 0 0 0
-0.046535 -0.087483 0.022166
-0.007813 -1.000000 -0.007813
255 255 255 255
1.21582 0.333008
0.449707 0.073242
2 0 0 0
1 0 0 0
-0.029987 -0.087573 0.029636
-0.007813 -1.000000 -0.007813
255 255 255 255
1.295898 0.269531
0.473145 0.055176
2 0 0 0
1 0 0 0
-0.012653 -0.087445 0.024060
-0.007813 -1.000000 -0.007813
255 255 255 255
1.430176 0.33252
0.511719 0.073242
2 0 0 0
1 0 0 0
-0.050454 -0.087478 0.014185
-0.007813 -1.000000 -0.007813
255 255 255 255
1.196777 0.383789
0.444336 0.088379
2 0 0 0
1 0 0 0
-0.013648 -0.076445 0.048133
-0.007813 0.984375 -0.007813
255 255 255 255
0.421875 0.190918
0.697266 0.12207
2 0 0 0
1 0 0 0
-0.053109 -0.076430 0.005338
-0.007813 0.984375 -0.007813
255 255 255 255
0.1875 0.438965
0.633789 0.188965
2 0 0 0
1 0 0 0
0.000000 -0.076445 -0.000001
-0.007813 0.984375 -0.007813
255 255 255 255
0.500977 0.472656
0.71875 0.198242
2 0 0 0
1 0 0 0
-0.026281 -0.076099 0.022778
-0.007813 0.984375 -0.007813
255 255 255 255
0.342773 0.331543
0.675781 0.160156
2 0 0 0
1 0 0 0
-0.036283 -0.076376 0.028774
-0.007813 0.984375 -0.007813
255 255 255 255
0.263672 0.275879
0.654297 0.14502
2 0 0 0
1 0 0 0
-0.012641 -0.076445 0.021315
-0.007813 0.984375 -0.007813
255 255 255 255
0.430176 0.347168
0.699707 0.164551
2 0 0 0
1 0 0 0
-0.028671 -0.076361 0.035935
-0.007813 0.984375 -0.007813
255 255 255 255
0.308106 0.240234
0.666504 0.135254
2 0 0 0
1 0 0 0
-0.012653 -0.076445 0.024060
-0.007813 0.984375 -0.007813
255 255 255 255
0.430176 0.332031
0.699707 0.160156
2 0 0 0
1 0 0 0
0.000000 -0.076445 0.032156
-0.007813 0.984375 -0.007813
255 255 255 255
0.500977 0.289551
0.71875 0.148926
2 0 0 0
1 0 0 0
0.000000 -0.076445 0.050058
-0.007813 0.984375 -0.007813
255 255 255 255
0.500977 0.175781
0.71875 0.118164
2 0 0 0
1 0 0 0
-0.050833 -0.076413 0.014194
-0.007813 0.984375 -0.007813
255 255 255 255
0.196777 0.383301
0.636231 0.173828
2 0 0 0
1 0 0 0
-0.009972 -0.076445 0.018846
-0.007813 0.984375 -0.007813
255 255 255 255
0.445801 0.361328
0.703613 0.167969
2 0 0 0
1 0 0 0
0.013648 -0.087445 0.048133
-0.007813 -1.000000 -0.007813
255 255 255 255
1.580078 0.191406
0.555176 0.032227
2 0 0 0
1 0 0 0
0.024965 -0.087476 0.042244
-0.007813 -1.000000 -0.007813
255 255 255 255
1.657227 0.210449
0.577637 0.038086
2 0 0 0
1 0 0 0
0.053287 -0.087460 0.005336
-0.007813 -1.000000 -0.007813
255 255 255 255
1.814453 0.439453
0.623047 0.104492
2 0 0 0
1 0 0 0
0.026281 -0.087791 0.022778
-0.007813 -1.000000 -0.007813
255 255 255 255
1.65918 0.332031
0.578125 0.073242
2 0 0 0
1 0 0 0
0.036353 -0.087514 0.028772
-0.007813 -1.000000 -0.007813
255 255 255 255
1.738281 0.276367
0.601074 0.057129
2 0 0 0
1 0 0 0
0.012640 -0.087445 0.021315
-0.007813 -1.000000 -0.007813
255 255 255 255
1.571777 0.348145
0.552734 0.077637
2 0 0 0
1 0 0 0
0.046781 -0.087482 0.022178
-0.007813 -1.000000 -0.007813
255 255 255 255
1.786621 0.333008
0.615234 0.073242
2 0 0 0
1 0 0 0
0.028671 -0.087529 0.035933
-0.007813 -1.000000 -0.007813
255 255 255 255
1.693848 0.240723
0.588379 0.046875
2 0 0 0
1 0 0 0
0.012653 -0.087445 0.024060
-0.007813 -1.000000 -0.007813
255 255 255 255
1.571777 0.33252
0.552734 0.073242
2 0 0 0
1 0 0 0
0.050986 -0.087478 0.014189
-0.007813 -1.000000 -0.007813
255 255 255 255
1.805664 0.383789
0.620606 0.088379
2 0 0 0
1 0 0 0
0.008311 -0.076445 0.029922
-0.007813 0.984375 -0.007813
255 255 255 255
0.546387 0.299805
0.730957 0.151367
2 0 0 0
1 0 0 0
0.024965 -0.076415 0.042244
-0.007813 0.984375 -0.007813
255 255 255 255
0.657227 0.209961
0.760742 0.127441
2 0 0 0
1 0 0 0
0.013648 -0.076445 0.048133
-0.007813 0.984375 -0.007813
255 255 255 255
0.580078 0.190918
0.740234 0.12207
2 0 0 0
1 0 0 0
0.053287 -0.076430 -0.005337
-0.007813 0.984375 -0.007813
255 255 255 255
0.814453 0.506348
0.803711 0.20752
2 0 0 0
1 0 0 0
0.026281 -0.076099 0.022778
-0.007813 0.984375 -0.007813
255 255 255 255
0.65918 0.331543
0.761231 0.160156
2 0 0 0
1 0 0 0
0.036353 -0.076376 0.028772
-0.007813 0.984375 -0.007813
255 255 255 255
0.738281 0.275879
0.782715 0.14502
2 0 0 0
1 0 0 0
0.012640 -0.076445 0.021315
-0.007813 0.984375 -0.007813
255 255 255 255
0.571777 0.347168
0.737793 0.164551
2 0 0 0
1 0 0 0
0.046781 -0.076408 0.022178
-0.007813 0.984375 -0.007813
255 255 255 255
0.786621 0.33252
0.795898 0.160156
2 0 0 0
1 0 0 0
0.012653 -0.076445 0.024060
-0.007813 0.984375 -0.007813
255 255 255 255
0.571777 0.332031
0.737793 0.160156
2 0 0 0
1 0 0 0
0.050986 -0.076413 0.014189
-0.007813 0.984375 -0.007813
255 255 255 255
0.805664 0.383301
0.80127 0.173828
2 0 0 0
1 0 0 0
0.009971 -0.076445 0.018846
-0.007813 0.984375 -0.007813
255 255 255 255
0.556152 0.361328
0.733887 0.167969
2 0 0 0
1 0 0 0
-0.013603 -0.087445 -0.048153
-0.007813 -1.000000 -0.007813
255 255 255 255
1.421875 0.754883
0.509277 0.195801
2 0 0 0
1 0 0 0
-0.024964 -0.087476 -0.042241
-0.007813 -1.000000 -0.007813
255 255 255 255
1.344727 0.735352
0.487305 0.189941
2 0 0 0
1 0 0 0
-0.026282 -0.087791 -0.022776
-0.007813 -1.000000 -0.007813
255 255 255 255
1.343262 0.614258
0.486816 0.154785
2 0 0 0
1 0 0 0
-0.036283 -0.087514 -0.028776
-0.007813 -1.000000 -0.007813
255 255 255 255
1.263672 0.669434
0.463379 0.170898
2 0 0 0
1 0 0 0
-0.011363 -0.087445 -0.019700
-0.007813 -1.000000 -0.007813
255 255 255 255
1.437988 0.585449
0.51416 0.146484
2 0 0 0
1 0 0 0
-0.046653 -0.087482 -0.022182
-0.007813 -1.000000 -0.007813
255 255 255 255
1.21582 0.613281
0.449707 0.154785
2 0 0 0
1 0 0 0
-0.028670 -0.087529 -0.035934
-0.007813 -1.000000 -0.007813
255 255 255 255
1.308105 0.705566
0.476563 0.181152
2 0 0 0
1 0 0 0
-0.011984 -0.087445 -0.026395
0.015625 -1.000000 0.007813
255 255 255 255
1.434082 0.626465
0.513184 0.158691
2 0 0 0
1 0 0 0
-0.012653 -0.087445 -0.024035
-0.007813 -1.000000 -0.007813
255 255 255 255
1.430176 0.61377
0.511719 0.154785
2 0 0 0
1 0 0 0
-0.050833 -0.087478 -0.014196
-0.007813 -1.000000 -0.007813
255 255 255 255
1.196777 0.5625
0.444336 0.139648
2 0 0 0
1 0 0 0
-0.024964 -0.076415 -0.042241
-0.007813 0.984375 -0.007813
255 255 255 255
0.344727 0.734863
0.67627 0.269043
2 0 0 0
1 0 0 0
-0.013603 -0.076445 -0.048153
-0.007813 0.984375 -0.007813
255 255 255 255
0.421875 0.754395
0.697266 0.274414
2 0 0 0
1 0 0 0
-0.026282 -0.076099 -0.022776
-0.007813 0.984375 -0.007813
255 255 255 255
0.342773 0.613281
0.675781 0.236328
2 0 0 0
1 0 0 0
-0.036283 -0.076376 -0.028776
-0.007813 0.984375 -0.007813
255 255 255 255
0.263672 0.668945
0.654297 0.251465
2 0 0 0
1 0 0 0
-0.012641 -0.076445 -0.021296
-0.007813 0.984375 -0.007813
255 255 255 255
0.430176 0.597656
0.699707 0.231934
2 0 0 0
1 0 0 0
-0.046653 -0.076408 -0.022182
-0.007813 0.984375 -0.007813
255 255 255 255
0.21582 0.612305
0.641602 0.23584
2 0 0 0
1 0 0 0
-0.012653 -0.076445 -0.024035
-0.007813 0.984375 -0.007813
255 255 255 255
0.430176 0.612793
0.699707 0.236328
2 0 0 0
1 0 0 0
0.000000 -0.076445 -0.032119
-0.007813 0.984375 -0.007813
255 255 255 255
0.500977 0.656738
0.71875 0.248047
2 0 0 0
1 0 0 0
-0.050833 -0.076413 -0.014196
-0.007813 0.984375 -0.007813
255 255 255 255
0.196777 0.561523
0.636231 0.222168
2 0 0 0
1 0 0 0
-0.009972 -0.076445 -0.018833
-0.007813 0.984375 -0.007813
255 255 255 255
0.445801 0.583496
0.704102 0.226563
2 0 0 0
1 0 0 0
0.024964 -0.087476 -0.042241
-0.007813 -1.000000 -0.007813
255 255 255 255
1.657227 0.735352
0.577637 0.189941
2 0 0 0
1 0 0 0
0.013603 -0.087445 -0.048153
-0.007813 -1.000000 -0.007813
255 255 255 255
1.580078 0.754883
0.555176 0.195801
2 0 0 0
1 0 0 0
0.026282 -0.087791 -0.022776
-0.007813 -1.000000 -0.007813
255 255 255 255
1.65918 0.614258
0.578125 0.154785
2 0 0 0
1 0 0 0
0.044191 -0.087499 -0.025666
-0.007813 -1.000000 -0.007813
255 255 255 255
1.776855 0.63916
0.612305 0.162109
2 0 0 0
1 0 0 0
0.036353 -0.087514 -0.028773
-0.007813 -1.000000 -0.007813
255 255 255 255
1.738281 0.669434
0.601074 0.170898
2 0 0 0
1 0 0 0
0.011363 -0.087445 -0.019700
-0.007813 -1.000000 -0.007813
255 255 255 255
1.564453 0.585449
0.550781 0.146484
2 0 0 0
1 0 0 0
0.046781 -0.087482 -0.022180
-0.007813 -1.000000 -0.007813
255 255 255 255
1.786621 0.613281
0.615234 0.154785
2 0 0 0
1 0 0 0
0.030056 -0.087573 -0.029616
-0.007813 -1.000000 -0.007813
255 255 255 255
1.706055 0.676758
0.591797 0.172852
2 0 0 0
1 0 0 0
0.011984 -0.087445 -0.026395
-0.039063 -1.000000 0.007813
255 255 255 255
1.567871 0.626465
0.551758 0.158691
2 0 0 0
1 0 0 0
0.012653 -0.087445 -0.024035
-0.007813 -1.000000 -0.007813
255 255 255 255
1.571777 0.61377
0.552734 0.154785
2 0 0 0
1 0 0 0
0.050985 -0.087478 -0.014191
-0.007813 -1.000000 -0.007813
255 255 255 255
1.805664 0.5625
0.620606 0.139648
2 0 0 0
1 0 0 0
0.008237 -0.076445 -0.030015
-0.007813 0.984375 -0.007813
255 255 255 255
0.546387 0.645996
0.730957 0.245117
2 0 0 0
1 0 0 0
0.013603 -0.076445 -0.048153
-0.007813 0.984375 -0.007813
255 255 255 255
0.580078 0.754395
0.740234 0.274414
2 0 0 0
1 0 0 0
0.026282 -0.076099 -0.022775
-0.007813 0.984375 -0.007813
255 255 255 255
0.65918 0.613281
0.761231 0.236328
2 0 0 0
1 0 0 0
0.036353 -0.076376 -0.028773
-0.007813 0.984375 -0.007813
255 255 255 255
0.738281 0.668945
0.782715 0.251465
2 0 0 0
1 0 0 0
0.012641 -0.076445 -0.021296
-0.007813 0.984375 -0.007813
255 255 255 255
0.571777 0.597656
0.737793 0.231934
2 0 0 0
1 0 0 0
0.028671 -0.076361 -0.035932
-0.007813 0.984375 -0.007813
255 255 255 255
0.693848 0.70459
0.770996 0.261231
2 0 0 0
1 0 0 0
0.012653 -0.076445 -0.024035
-0.007813 0.984375 -0.007813
255 255 255 255
0.571777 0.612793
0.737793 0.236328
2 0 0 0
1 0 0 0
0.050986 -0.076413 -0.014191
-0.007813 0.984375 -0.007813
255 255 255 255
0.805664 0.561523
0.80127 0.222168
2 0 0 0
1 0 0 0
0.009972 -0.076445 -0.018833
-0.007813 0.984375 -0.007813
255 255 255 255
0.556152 0.583496
0.733887 0.227051
2 0 0 0
1 0 0 0
-0.022836 -0.087291 0.003114
0.914063 -0.015625 -0.375000
255 255 255 255
0.471191 0.988281
0.028809 0.083984
2 0 0 0
1 0 0 0
-0.023678 -0.087292 0.000000
0.976563 -0.015625 0.078125
255 255 255 255
0.5 0.988281
0.029785 0.083984
2 0 0 0
1 0 0 0
-0.023687 -0.089021 0.000000
0.976563 -0.015625 -0.101563
255 255 255 255
0.5 0.973633
0.029785 0.081055
2 0 0 0
1 0 0 0
-0.022846 -0.089022 0.003114
0.867188 -0.015625 -0.476563
255 255 255 255
0.471191 0.973633
0.028809 0.081055
2 0 0 0
1 0 0 0
-0.020870 -0.087289 0.006005
0.765625 -0.015625 -0.625000
255 255 255 255
0.440918 0.988281
0.02832 0.083984
2 0 0 0
1 0 0 0
-0.018347 -0.089027 0.008409
0.570313 -0.015625 -0.812500
255 255 255 255
0.410156 0.973633
0.027344 0.081055
2 0 0 0
1 0 0 0
-0.008918 -0.087288 0.012175
0.171875 -0.015625 -0.984375
255 255 255 255
0.317871 0.988281
0.024414 0.083984
2 0 0 0
1 0 0 0
-0.015425 -0.087287 0.010236
0.460938 -0.015625 -0.882813
255 255 255 255
0.379883 0.988281
0.026367 0.083984
2 0 0 0
1 0 0 0
-0.012328 -0.089027 0.011431
0.250000 -0.015625 -0.968750
255 255 255 255
0.349609 0.973633
0.025391 0.081055
2 0 0 0
1 0 0 0
-0.005135 -0.089030 0.012647
0.054688 -0.007813 -1.000000
255 255 255 255
0.28418 0.973633
0.022949 0.081055
2 0 0 0
1 0 0 0
-0.001137 -0.087282 0.012820
-0.007813 -0.007813 -1.000000
255 255 255 255
0.250488 0.988281
0.021973 0.083984
2 0 0 0
1 0 0 0
0.002842 -0.089045 0.012660
-0.101563 -0.007813 -1.000000
255 255 255 255
0.217773 0.973633
0.020996 0.081055
2 0 0 0
1 0 0 0
0.020563 -0.087261 0.003322
-0.898438 -0.007813 -0.460938
255 255 255 255
0.04541 0.988281
0.015625 0.083984
2 0 0 0
1 0 0 0
0.018596 -0.087254 0.006304
-0.742188 -0.007813 -0.679688
255 255 255 255
0.071777 0.988281
0.016602 0.083984
2 0 0 0
1 0 0 0
0.020553 -0.089061 0.003322
-0.937500 -0.007813 -0.359375
255 255 255 255
0.04541 0.973633
0.015625 0.081055
2 0 0 0
1 0 0 0
0.021405 -0.087264 0.000000
-1.000000 -0.007813 -0.093750
255 255 255 255
0.017578 0.988281
0.014648 0.083984
2 0 0 0
1 0 0 0
0.021395 -0.089058 0.000000
-1.000000 -0.007813 0.070313
255 255 255 255
0.017578 0.973633
0.014648 0.081055
2 0 0 0
1 0 0 0
0.013152 -0.087249 0.010420
-0.406250 -0.007813 -0.921875
255 255 255 255
0.128418 0.988281
0.018066 0.083984
2 0 0 0
1 0 0 0
0.006644 -0.087264 0.012221
-0.156250 -0.007813 -0.992188
255 255 255 255
0.186523 0.988281
0.02002 0.083984
2 0 0 0
1 0 0 0
0.010035 -0.089067 0.011532
-0.304688 -0.007813 -0.960938
255 255 255 255
0.157227 0.973633
0.019043 0.081055
2 0 0 0
1 0 0 0
0.016055 -0.089074 0.008679
-0.640625 -0.007813 -0.781250
255 255 255 255
0.099609 0.973633
0.017578 0.081055
2 0 0 0
1 0 0 0
-0.022836 -0.087291 -0.003115
0.867188 -0.015625 0.453125
255 255 255 255
0.527832 0.988281
0.030762 0.083984
2 0 0 0
1 0 0 0
-0.022846 -0.089022 -0.003115
0.914063 -0.015625 0.351563
255 255 255 255
0.527832 0.973633
0.030762 0.081055
2 0 0 0
1 0 0 0
-0.020870 -0.087289 -0.006005
0.718750 -0.015625 0.656250
255 255 255 255
0.556641 0.988281
0.031738 0.083984
2 0 0 0
1 0 0 0
-0.015425 -0.087287 -0.010237
0.406250 -0.015625 0.890625
255 255 255 255
0.616211 0.988281
0.033691 0.083984
2 0 0 0
1 0 0 0
-0.008918 -0.087288 -0.012176
0.140625 -0.015625 0.968750
255 255 255 255
0.675293 0.988281
0.035645 0.083984
2 0 0 0
1 0 0 0
-0.012328 -0.089027 -0.011432
0.296875 -0.015625 0.929688
255 255 255 255
0.645508 0.973633
0.034668 0.081055
2 0 0 0
1 0 0 0
-0.018347 -0.089027 -0.008410
0.625000 -0.015625 0.750000
255 255 255 255
0.586426 0.973633
0.032715 0.081055
2 0 0 0
1 0 0 0
-0.001137 -0.087282 -0.012821
-0.007813 -0.007813 0.984375
255 255 255 255
0.739746 0.988281
0.037598 0.083984
2 0 0 0
1 0 0 0
-0.005135 -0.089030 -0.012648
0.085938 -0.015625 0.976563
255 255 255 255
0.706543 0.973633
0.036621 0.081055
2 0 0 0
1 0 0 0
0.020553 -0.089061 -0.003323
-0.898438 -0.007813 0.437500
255 255 255 255
0.957031 0.973633
0.044434 0.081055
2 0 0 0
1 0 0 0
0.016055 -0.089074 -0.008680
-0.578125 -0.007813 0.804688
255 255 255 255
0.897949 0.973633
0.04248 0.081055
2 0 0 0
1 0 0 0
0.020563 -0.087261 -0.003323
-0.937500 -0.007813 0.335938
255 255 255 255
0.957031 0.988281
0.044434 0.083984
2 0 0 0
1 0 0 0
0.021405 -0.087264 0.000000
-1.000000 -0.007813 -0.093750
255 255 255 255
0.983398 0.988281
0.044922 0.083984
2 0 0 0
1 0 0 0
0.021395 -0.089058 0.000000
-1.000000 -0.007813 0.070313
255 255 255 255
0.983398 0.973633
0.044922 0.081055
2 0 0 0
1 0 0 0
0.010035 -0.089067 -0.011533
-0.257813 -0.007813 0.953125
255 255 255 255
0.838379 0.973633
0.040527 0.081055
2 0 0 0
1 0 0 0
0.002842 -0.089045 -0.012661
-0.078125 -0.007813 0.976563
255 255 255 255
0.773438 0.973633
0.038574 0.081055
2 0 0 0
1 0 0 0
0.010045 -0.087254 -0.011534
-0.304688 -0.007813 0.937500
255 255 255 255
0.838379 0.988281
0.040527 0.083984
2 0 0 0
1 0 0 0
0.016064 -0.087249 -0.008680
-0.640625 -0.007813 0.757813
255 255 255 255
0.897949 0.988281
0.04248 0.083984
2 0 0 0
1 0 0 0
-0.025031 -0.087244 0.003953
-0.921875 0.000000 0.375000
255 255 255 255
0.471191 0.945801
0.028809 0.075684
2 0 0 0
1 0 0 0
-0.025051 -0.089027 0.003953
-0.921875 0.000000 0.375000
255 255 255 255
0.471191 0.958496
0.028809 0.078125
2 0 0 0
1 0 0 0
-0.026020 -0.089024 0.000000
-1.000000 -0.007813 -0.007813
255 255 255 255
0.5 0.958496
0.029785 0.078125
2 0 0 0
1 0 0 0
-0.026000 -0.087246 0.000000
-1.000000 -0.007813 -0.007813
255 255 255 255
0.5 0.945801
0.029785 0.075684
2 0 0 0
1 0 0 0
-0.022787 -0.089032 0.007576
-0.789063 0.000000 0.609375
255 255 255 255
0.440918 0.958496
0.02832 0.078125
2 0 0 0
1 0 0 0
-0.022767 -0.087240 0.007576
-0.789063 0.000000 0.609375
255 255 255 255
0.440918 0.945801
0.02832 0.075684
2 0 0 0
1 0 0 0
-0.016558 -0.089037 0.012519
-0.453125 -0.007813 0.882813
255 255 255 255
0.379883 0.958496
0.026367 0.078125
2 0 0 0
1 0 0 0
-0.019856 -0.087238 0.010449
-0.625000 -0.007813 0.765625
255 255 255 255
0.410156 0.945801
0.027344 0.075684
2 0 0 0
1 0 0 0
-0.013053 -0.087242 0.013810
-0.281250 -0.007813 0.945313
255 255 255 255
0.349609 0.945801
0.025391 0.075684
2 0 0 0
1 0 0 0
-0.009351 -0.089035 0.014557
-0.164063 -0.007813 0.968750
255 255 255 255
0.317871 0.958496
0.024414 0.078125
2 0 0 0
1 0 0 0
-0.001127 -0.087238 0.015099
-0.007813 -0.007813 0.984375
255 255 255 255
0.250488 0.945801
0.021973 0.075684
2 0 0 0
1 0 0 0
-0.001146 -0.089045 0.015100
-0.007813 -0.007813 0.984375
255 255 255 255
0.250488 0.958496
0.021973 0.078125
2 0 0 0
1 0 0 0
-0.019876 -0.089036 0.010449
-0.625000 -0.007813 0.765625
255 255 255 255
0.410156 0.958496
0.027344 0.078125
2 0 0 0
1 0 0 0
0.022758 -0.089074 0.004247
0.906250 -0.023438 0.359375
255 255 255 255
0.04541 0.958496
0.015625 0.078125
2 0 0 0
1 0 0 0
0.020495 -0.089090 0.007945
0.757813 -0.023438 0.617188
255 255 255 255
0.071777 0.958496
0.016602 0.078125
2 0 0 0
1 0 0 0
0.020514 -0.087207 0.007945
0.757813 -0.023438 0.617188
255 255 255 255
0.071777 0.945801
0.016602 0.075684
2 0 0 0
1 0 0 0
0.022777 -0.087224 0.004247
0.906250 -0.023438 0.359375
255 255 255 255
0.04541 0.945801
0.015625 0.075684
2 0 0 0
1 0 0 0
0.007078 -0.087214 0.014483
0.132813 -0.015625 0.968750
255 255 255 255
0.186523 0.945801
0.02002 0.075684
2 0 0 0
1 0 0 0
0.014285 -0.087193 0.012600
0.398438 -0.015625 0.890625
255 255 255 255
0.128418 0.945801
0.018066 0.075684
2 0 0 0
1 0 0 0
0.007059 -0.089075 0.014483
0.132813 -0.015625 0.968750
255 255 255 255
0.186523 0.958496
0.02002 0.078125
2 0 0 0
1 0 0 0
0.017603 -0.087195 0.010699
0.546875 -0.015625 0.804688
255 255 255 255
0.099609 0.945801
0.017578 0.075684
2 0 0 0
1 0 0 0
0.017584 -0.089101 0.010699
0.609375 -0.015625 0.757813
255 255 255 255
0.099609 0.958496
0.017578 0.078125
2 0 0 0
1 0 0 0
0.014265 -0.089101 0.012600
0.398438 -0.015625 0.890625
255 255 255 255
0.128418 0.958496
0.018066 0.078125
2 0 0 0
1 0 0 0
0.023747 -0.087231 0.000000
0.984375 -0.007813 -0.007813
255 255 255 255
0.017578 0.945801
0.014648 0.075684
2 0 0 0
1 0 0 0
0.023728 -0.089067 0.000000
0.984375 -0.007813 -0.007813
255 255 255 255
0.017578 0.958496
0.014648 0.078125
2 0 0 0
1 0 0 0
-0.025031 -0.087244 -0.003954
-0.921875 0.000000 -0.398438
255 255 255 255
0.527832 0.945801
0.030762 0.075684
2 0 0 0
1 0 0 0
-0.025051 -0.089026 -0.003954
-0.921875 0.000000 -0.398438
255 255 255 255
0.527832 0.958496
0.030762 0.078125
2 0 0 0
1 0 0 0
-0.022787 -0.089032 -0.007577
-0.789063 0.000000 -0.632813
255 255 255 255
0.556641 0.958496
0.031738 0.078125
2 0 0 0
1 0 0 0
-0.022767 -0.087240 -0.007577
-0.789063 0.000000 -0.632813
255 255 255 255
0.556641 0.945801
0.031738 0.075684
2 0 0 0
1 0 0 0
-0.013053 -0.087242 -0.013811
-0.281250 -0.007813 -0.968750
255 255 255 255
0.645508 0.945801
0.034668 0.075684
2 0 0 0
1 0 0 0
-0.019856 -0.087238 -0.010450
-0.625000 -0.007813 -0.789063
255 255 255 255
0.586426 0.945801
0.032715 0.075684
2 0 0 0
1 0 0 0
-0.016558 -0.089037 -0.012520
-0.453125 -0.007813 -0.906250
255 255 255 255
0.616211 0.958496
0.033691 0.078125
2 0 0 0
1 0 0 0
-0.009351 -0.089035 -0.014557
-0.164063 -0.007813 -0.992188
255 255 255 255
0.675293 0.958496
0.035645 0.078125
2 0 0 0
1 0 0 0
-0.001127 -0.087238 -0.015100
-0.007813 -0.007813 -1.000000
255 255 255 255
0.739746 0.945801
0.037598 0.075684
2 0 0 0
1 0 0 0
-0.001146 -0.089045 -0.015100
-0.007813 -0.007813 -1.000000
255 255 255 255
0.739746 0.958496
0.037598 0.078125
2 0 0 0
1 0 0 0
-0.019876 -0.089036 -0.010450
-0.625000 -0.007813 -0.789063
255 255 255 255
0.586426 0.958496
0.032715 0.078125
2 0 0 0
1 0 0 0
0.022758 -0.089074 -0.004248
0.906250 -0.023438 -0.382813
255 255 255 255
0.957031 0.958496
0.044434 0.078125
2 0 0 0
1 0 0 0
0.022777 -0.087224 -0.004248
0.906250 -0.023438 -0.382813
255 255 255 255
0.957031 0.945801
0.044434 0.075684
2 0 0 0
1 0 0 0
0.020514 -0.087207 -0.007946
0.757813 -0.023438 -0.640625
255 255 255 255
0.927734 0.945801
0.043457 0.075684
2 0 0 0
1 0 0 0
0.020495 -0.089090 -0.007946
0.757813 -0.023438 -0.640625
255 255 255 255
0.927734 0.958496
0.043457 0.078125
2 0 0 0
1 0 0 0
0.007059 -0.089075 -0.014484
0.132813 -0.015625 -0.992188
255 255 255 255
0.806641 0.958496
0.039551 0.078125
2 0 0 0
1 0 0 0
0.014285 -0.087193 -0.012601
0.398438 -0.015625 -0.914063
255 255 255 255
0.868652 0.945801
0.041504 0.075684
2 0 0 0
1 0 0 0
0.007078 -0.087214 -0.014484
0.132813 -0.015625 -0.992188
255 255 255 255
0.806641 0.945801
0.039551 0.075684
2 0 0 0
1 0 0 0
0.017603 -0.087195 -0.010700
0.546875 -0.015625 -0.828125
255 255 255 255
0.897949 0.945801
0.04248 0.075684
2 0 0 0
1 0 0 0
0.014265 -0.089101 -0.012601
0.398438 -0.015625 -0.914063
255 255 255 255
0.868652 0.958496
0.041504 0.078125
2 0 0 0
1 0 0 0
0.017584 -0.089101 -0.010700
0.609375 -0.015625 -0.781250
255 255 255 255
0.897949 0.958496
0.04248 0.078125
2 0 0 0
1 0 0 0
0.023728 -0.089067 0.000000
0.984375 -0.007813 -0.007813
255 255 255 255
0.983398 0.958496
0.044922 0.078125
2 0 0 0
1 0 0 0
0.023747 -0.087231 0.000000
0.984375 -0.007813 -0.007813
255 255 255 255
0.983398 0.945801
0.044922 0.075684
2 0 0 0
1 0 0 0
0.058455 -0.085176 -0.005829
0.859375 -0.476563 -0.125000
255 255 255 255
0.931641 0.524414
0.624512 0.297363
2 0 0 0
1 0 0 0
0.048478 -0.089116 0.023246
0.617188 -0.664063 0.406250
255 255 255 255
0.947754 0.253418
0.626953 0.256348
2 0 0 0
1 0 0 0
0.045457 -0.089116 0.027313
0.398438 -0.617188 0.664063
255 255 255 255
0.932617 0.212402
0.625 0.250488
2 0 0 0
1 0 0 0
0.048160 -0.085176 0.028667
0.601563 -0.437500 0.640625
255 255 255 255
0.875977 0.23877
0.616211 0.254395
2 0 0 0
1 0 0 0
0.036861 -0.089116 0.030720
0.164063 -0.531250 0.812500
255 255 255 255
0.872559 0.164551
0.615723 0.243164
2 0 0 0
1 0 0 0
0.038440 -0.085176 0.032455
0.242188 -0.343750 0.890625
255 255 255 255
0.806152 0.185547
0.605957 0.246094
2 0 0 0
1 0 0 0
0.033494 -0.085176 0.032914
0.429688 -0.343750 0.812500
255 255 255 255
0.774902 0.191406
0.601074 0.24707
2 0 0 0
1 0 0 0
0.028504 -0.089116 0.040672
0.664063 -0.601563 0.414063
255 255 255 255
0.773926 0.080566
0.601074 0.230469
2 0 0 0
1 0 0 0
0.026322 -0.089116 0.043792
0.445313 -0.640625 0.601563
255 255 255 255
0.745606 0.061523
0.59668 0.227539
2 0 0 0
1 0 0 0
0.027812 -0.085176 0.046114
0.648438 -0.398438 0.617188
255 255 255 255
0.709473 0.104492
0.591309 0.233887
2 0 0 0
1 0 0 0
-0.030063 -0.085176 0.042825
-0.828125 -0.359375 0.437500
255 255 255 255
0.259277 0.123535
0.523438 0.236816
2 0 0 0
1 0 0 0
-0.030569 -0.089116 0.036610
-0.812500 -0.546875 0.226563
255 255 255 255
0.199219 0.108887
0.514648 0.234863
2 0 0 0
1 0 0 0
-0.033488 -0.085176 0.032914
-0.453125 -0.351563 0.812500
255 255 255 255
0.227539 0.191406
0.519043 0.24707
2 0 0 0
1 0 0 0
-0.036548 -0.089116 0.030694
-0.257813 -0.554688 0.781250
255 255 255 255
0.129395 0.164551
0.503906 0.243164
2 0 0 0
1 0 0 0
-0.058277 -0.085176 -0.005829
-0.882813 -0.476563 -0.125000
255 255 255 255
0.070801 0.524414
0.495117 0.297363
2 0 0 0
1 0 0 0
-0.048352 -0.089116 -0.023248
-0.640625 -0.656250 -0.429688
255 255 255 255
0.054199 0.691895
0.492676 0.322266
2 0 0 0
1 0 0 0
-0.045329 -0.089116 -0.027318
-0.421875 -0.617188 -0.679688
255 255 255 255
0.069336 0.732422
0.495117 0.328613
2 0 0 0
1 0 0 0
-0.048031 -0.085176 -0.028671
-0.625000 -0.437500 -0.664063
255 255 255 255
0.125977 0.706543
0.503418 0.324707
2 0 0 0
1 0 0 0
-0.036794 -0.089116 -0.030724
-0.187500 -0.531250 -0.835938
255 255 255 255
0.129395 0.780273
0.503906 0.335449
2 0 0 0
1 0 0 0
-0.038386 -0.085176 -0.032458
-0.273438 -0.343750 -0.914063
255 255 255 255
0.195801 0.759766
0.51416 0.33252
2 0 0 0
1 0 0 0
-0.033488 -0.085176 -0.032915
-0.453125 -0.343750 -0.835938
255 255 255 255
0.227539 0.753418
0.519043 0.331543
2 0 0 0
1 0 0 0
-0.028504 -0.089116 -0.040670
-0.687500 -0.601563 -0.437500
255 255 255 255
0.228516 0.864746
0.519043 0.348145
2 0 0 0
1 0 0 0
-0.026322 -0.089116 -0.043789
-0.468750 -0.640625 -0.625000
255 255 255 255
0.256348 0.883301
0.523438 0.351074
2 0 0 0
1 0 0 0
-0.027812 -0.085176 -0.046111
-0.671875 -0.398438 -0.640625
255 255 255 255
0.292481 0.840332
0.528809 0.344727
2 0 0 0
1 0 0 0
0.030062 -0.085176 -0.042823
0.804688 -0.359375 -0.460938
255 255 255 255
0.742676 0.821289
0.596191 0.341797
2 0 0 0
1 0 0 0
0.030569 -0.089116 -0.036609
0.781250 -0.554688 -0.257813
255 255 255 255
0.802734 0.835938
0.605469 0.344238
2 0 0 0
1 0 0 0
0.033494 -0.085176 -0.032915
0.429688 -0.343750 -0.835938
255 255 255 255
0.774902 0.753418
0.601074 0.331543
2 0 0 0
1 0 0 0
0.036861 -0.089116 -0.030722
0.226563 -0.554688 -0.804688
255 255 255 255
0.872559 0.780273
0.615723 0.335449
2 0 0 0
1 0 0 0
0.048478 -0.074465 -0.023248
0.656250 0.570313 -0.453125
255 255 255 255
0.816895 0.627441
0.607422 0.3125
2 0 0 0
1 0 0 0
0.045457 -0.074465 -0.027315
0.429688 0.523438 -0.718750
255 255 255 255
0.806152 0.65625
0.605957 0.316895
2 0 0 0
1 0 0 0
0.048160 -0.078714 -0.028668
0.601563 0.414063 -0.664063
255 255 255 255
0.84082 0.676758
0.61084 0.320313
2 0 0 0
1 0 0 0
0.036861 -0.074465 -0.030722
0.171875 0.445313 -0.875000
255 255 255 255
0.763672 0.689941
0.599609 0.322266
2 0 0 0
1 0 0 0
0.038440 -0.078714 -0.032456
0.242188 0.320313 -0.914063
255 255 255 255
0.789063 0.71875
0.603027 0.326172
2 0 0 0
1 0 0 0
0.028504 -0.074465 -0.040670
0.695313 0.515625 -0.460938
255 255 255 255
0.693848 0.749512
0.588867 0.331055
2 0 0 0
1 0 0 0
0.027812 -0.078714 -0.046111
0.648438 0.375000 -0.640625
255 255 255 255
0.692871 0.796875
0.588867 0.338379
2 0 0 0
1 0 0 0
-0.033488 -0.078714 -0.032915
-0.453125 0.320313 -0.835938
255 255 255 255
0.248047 0.724121
0.521973 0.327148
2 0 0 0
1 0 0 0
-0.036794 -0.074465 -0.030724
-0.265625 0.468750 -0.843750
255 255 255 255
0.238281 0.689941
0.520508 0.322266
2 0 0 0
1 0 0 0
-0.058277 -0.078714 -0.005829
-0.882813 0.453125 -0.125000
255 255 255 255
0.11377 0.513672
0.501953 0.29541
2 0 0 0
1 0 0 0
-0.058277 -0.078714 0.005828
-0.882813 0.453125 0.062500
255 255 255 255
0.11377 0.431152
0.501953 0.283203
2 0 0 0
1 0 0 0
-0.048352 -0.074465 0.023246
-0.679688 0.570313 0.429688
255 255 255 255
0.185059 0.317383
0.512695 0.266113
2 0 0 0
1 0 0 0
-0.045329 -0.074465 0.027316
-0.453125 0.523438 0.695313
255 255 255 255
0.195801 0.288574
0.51416 0.261719
2 0 0 0
1 0 0 0
-0.048031 -0.078714 0.028669
-0.625000 0.414063 0.640625
255 255 255 255
0.161621 0.268066
0.508789 0.258789
2 0 0 0
1 0 0 0
-0.036794 -0.074465 0.030722
-0.195313 0.445313 0.851563
255 255 255 255
0.238281 0.254883
0.520508 0.256836
2 0 0 0
1 0 0 0
-0.038386 -0.078714 0.032456
-0.273438 0.320313 0.890625
255 255 255 255
0.212891 0.226074
0.516602 0.252441
2 0 0 0
1 0 0 0
-0.028505 -0.074465 0.040672
-0.718750 0.515625 0.437500
255 255 255 255
0.308106 0.195313
0.530762 0.247559
2 0 0 0
1 0 0 0
-0.027812 -0.078714 0.046114
-0.671875 0.375000 0.617188
255 255 255 255
0.309082 0.147949
0.53125 0.240723
2 0 0 0
1 0 0 0
0.031706 -0.074465 0.031410
0.406250 0.492188 0.734375
255 255 255 255
0.728027 0.24707
0.594238 0.255371
2 0 0 0
1 0 0 0
-0.058277 -0.085176 0.005828
-0.882813 -0.476563 0.062500
255 255 255 255
0.070801 0.420898
0.495117 0.281738
2 0 0 0
1 0 0 0
-0.048031 -0.085176 0.028669
-0.609375 -0.460938 0.640625
255 255 255 255
0.125977 0.23877
0.503418 0.254395
2 0 0 0
1 0 0 0
-0.051181 -0.085176 0.024229
-0.765625 -0.476563 0.429688
255 255 255 255
0.107422 0.283203
0.500977 0.260742
2 0 0 0
1 0 0 0
-0.032748 -0.081945 0.039080
-0.937500 -0.007813 0.351563
255 255 255 255
0.246094 0.172363
0.521484 0.244141
2 0 0 0
1 0 0 0
-0.028324 -0.081945 0.046859
-0.609375 -0.007813 0.781250
255 255 255 255
0.300293 0.12793
0.529785 0.237793
2 0 0 0
1 0 0 0
-0.015120 -0.085176 0.052677
-0.335938 -0.406250 0.835938
255 255 255 255
0.394531 0.080078
0.543945 0.230469
2 0 0 0
1 0 0 0
0.000000 -0.085176 0.054892
-0.007813 -0.406250 0.898438
255 255 255 255
0.500977 0.061035
0.560059 0.227539
2 0 0 0
1 0 0 0
-0.039590 -0.081945 0.032921
-0.195313 -0.007813 0.960938
255 255 255 255
0.199219 0.208008
0.514648 0.249512
2 0 0 0
1 0 0 0
-0.055654 -0.085176 0.015857
-0.828125 -0.500000 0.273438
255 255 255 255
0.084961 0.348145
0.497559 0.270508
2 0 0 0
1 0 0 0
-0.048233 -0.089116 0.023246
-0.656250 -0.664063 0.367188
255 255 255 255
0.054199 0.253418
0.492676 0.256348
2 0 0 0
1 0 0 0
-0.012301 -0.081945 0.026444
0.843750 -0.015625 -0.507813
255 255 255 255
1.45166 0.32959
0.518066 0.072266
2 0 0 0
1 0 0 0
-0.012849 -0.081945 0.021301
0.953125 -0.007813 0.234375
255 255 255 255
1.446289 0.338867
0.516602 0.075195
2 0 0 0
1 0 0 0
-0.012641 -0.087445 0.021315
0.875000 0.023438 0.429688
255 255 255 255
1.430176 0.348145
0.511719 0.077637
2 0 0 0
1 0 0 0
-0.012653 -0.087445 0.024060
0.968750 0.046875 -0.132813
255 255 255 255
1.430176 0.33252
0.511719 0.073242
2 0 0 0
1 0 0 0
-0.013010 -0.081945 0.024053
0.976563 -0.007813 -0.125000
255 255 255 255
1.447266 0.33252
0.516602 0.073242
2 0 0 0
1 0 0 0
-0.011363 -0.087445 0.019716
0.601563 0.007813 0.765625
255 255 255 255
1.437988 0.360352
0.51416 0.081543
2 0 0 0
1 0 0 0
-0.051181 -0.078714 0.024229
-0.781250 0.429688 0.437500
255 255 255 255
0.148926 0.301758
0.506836 0.263672
2 0 0 0
1 0 0 0
-0.032271 -0.078714 0.038292
-0.914063 0.304688 0.265625
255 255 255 255
0.261719 0.1875
0.523926 0.246582
2 0 0 0
1 0 0 0
-0.015120 -0.078714 0.052677
-0.335938 0.382813 0.835938
255 255 255 255
0.403809 0.124023
0.54541 0.236816
2 0 0 0
1 0 0 0
0.000000 -0.078714 0.054892
-0.007813 0.382813 0.898438
255 255 255 255
0.500977 0.105957
0.560059 0.234375
2 0 0 0
1 0 0 0
-0.055654 -0.078714 0.015857
-0.843750 0.445313 0.273438
255 255 255 255
0.126465 0.361328
0.503906 0.272461
2 0 0 0
1 0 0 0
-0.012301 -0.081945 0.026444
0.843750 -0.015625 -0.507813
255 255 255 255
0.45166 0.329102
0.705566 0.15918
2 0 0 0
1 0 0 0
-0.012849 -0.081945 0.021301
0.953125 -0.007813 0.234375
255 255 255 255
0.446289 0.337891
0.704102 0.161621
2 0 0 0
1 0 0 0
-0.013010 -0.081945 0.024053
0.976563 -0.007813 -0.125000
255 255 255 255
0.447266 0.332031
0.704102 0.160156
2 0 0 0
1 0 0 0
-0.012653 -0.076445 0.024060
0.968750 -0.070313 -0.132813
255 255 255 255
0.430176 0.332031
0.699707 0.160156
2 0 0 0
1 0 0 0
-0.012641 -0.076445 0.021315
0.875000 -0.046875 0.429688
255 255 255 255
0.430176 0.347168
0.699707 0.164551
2 0 0 0
1 0 0 0
0.000000 -0.076445 0.032156
-0.015625 0.031250 -1.000000
255 255 255 255
0.500977 0.289551
0.71875 0.148926
2 0 0 0
1 0 0 0
-0.009972 -0.076445 0.018846
0.164063 -0.007813 0.960938
255 255 255 255
0.445801 0.361328
0.703613 0.167969
2 0 0 0
1 0 0 0
0.059600 -0.081945 -0.005993
0.968750 -0.007813 -0.140625
255 255 255 255
0.909668 0.517578
0.621582 0.296387
2 0 0 0
1 0 0 0
0.058455 -0.085176 0.005828
0.859375 -0.476563 0.062500
255 255 255 255
0.931641 0.420898
0.624512 0.281738
2 0 0 0
1 0 0 0
0.051307 -0.085176 0.024229
0.757813 -0.453125 0.437500
255 255 255 255
0.89502 0.283203
0.619141 0.260742
2 0 0 0
1 0 0 0
0.032271 -0.085176 0.038292
0.890625 -0.328125 0.265625
255 255 255 255
0.773438 0.161133
0.601074 0.242676
2 0 0 0
1 0 0 0
0.015120 -0.085176 0.052677
0.312500 -0.406250 0.835938
255 255 255 255
0.607422 0.080078
0.576172 0.230469
2 0 0 0
1 0 0 0
0.034025 -0.081945 0.033526
0.804688 -0.007813 0.554688
255 255 255 255
0.766113 0.204102
0.599609 0.249023
2 0 0 0
1 0 0 0
0.055805 -0.085176 0.015857
0.820313 -0.468750 0.281250
255 255 255 255
0.916992 0.348145
0.622559 0.270508
2 0 0 0
1 0 0 0
0.012301 -0.081945 0.026444
-0.867188 -0.023438 -0.507813
255 255 255 255
1.550293 0.32959
0.546387 0.072266
2 0 0 0
1 0 0 0
0.012849 -0.081945 0.021301
-0.976563 -0.007813 0.234375
255 255 255 255
1.555664 0.338867
0.54834 0.075195
2 0 0 0
1 0 0 0
0.013009 -0.081945 0.024053
-1.000000 -0.007813 -0.125000
255 255 255 255
1.554688 0.33252
0.547852 0.073242
2 0 0 0
1 0 0 0
0.012653 -0.087445 0.024060
-0.992188 0.046875 -0.132813
255 255 255 255
1.571777 0.33252
0.552734 0.073242
2 0 0 0
1 0 0 0
0.012640 -0.087445 0.021315
-0.898438 0.023438 0.429688
255 255 255 255
1.571777 0.348145
0.552734 0.077637
2 0 0 0
1 0 0 0
0.009971 -0.076445 0.018846
-0.187500 -0.007813 0.960938
255 255 255 255
0.556152 0.361328
0.733887 0.167969
2 0 0 0
1 0 0 0
0.009971 -0.076445 0.018846
-0.187500 -0.007813 0.960938
255 255 255 255
0.556152 0.361328
0.733887 0.167969
2 0 0 0
1 0 0 0
0.058455 -0.078714 0.005828
0.859375 0.453125 0.062500
255 255 255 255
0.888184 0.431152
0.618164 0.283203
2 0 0 0
1 0 0 0
0.048160 -0.078714 0.028667
0.601563 0.414063 0.640625
255 255 255 255
0.84082 0.268066
0.61084 0.258789
2 0 0 0
1 0 0 0
0.051307 -0.078714 0.024229
0.757813 0.429688 0.437500
255 255 255 255
0.853027 0.301758
0.612793 0.263672
2 0 0 0
1 0 0 0
0.032271 -0.078714 0.038292
0.890625 0.304688 0.265625
255 255 255 255
0.740234 0.1875
0.595703 0.246582
2 0 0 0
1 0 0 0
0.015120 -0.078714 0.052677
0.312500 0.382813 0.835938
255 255 255 255
0.598633 0.124023
0.574707 0.236816
2 0 0 0
1 0 0 0
0.027812 -0.078714 0.046114
0.648438 0.375000 0.617188
255 255 255 255
0.692871 0.147949
0.588867 0.240723
2 0 0 0
1 0 0 0
0.055805 -0.078714 0.015857
0.820313 0.445313 0.281250
255 255 255 255
0.875488 0.361328
0.616211 0.272461
2 0 0 0
1 0 0 0
0.048478 -0.074465 0.023246
0.679688 0.578125 0.398438
255 255 255 255
0.816895 0.317383
0.607422 0.266113
2 0 0 0
1 0 0 0
0.012301 -0.081945 0.026444
-0.867188 -0.023438 -0.507813
255 255 255 255
0.550293 0.329102
0.731934 0.15918
2 0 0 0
1 0 0 0
0.008311 -0.076445 0.029922
-0.468750 -0.039063 -0.890625
255 255 255 255
0.546387 0.299805
0.730957 0.151367
2 0 0 0
1 0 0 0
0.008979 -0.087445 0.029720
-0.570313 0.000000 -0.835938
255 255 255 255
1.550781 0.302734
0.546875 0.064941
2 0 0 0
1 0 0 0
0.012849 -0.081945 0.021301
-0.976563 -0.007813 0.234375
255 255 255 255
0.555664 0.337891
0.733398 0.161621
2 0 0 0
1 0 0 0
0.012640 -0.076445 0.021315
-0.898438 -0.046875 0.429688
255 255 255 255
0.571777 0.347168
0.737793 0.164551
2 0 0 0
1 0 0 0
0.012653 -0.076445 0.024060
-0.992188 -0.070313 -0.132813
255 255 255 255
0.571777 0.332031
0.737793 0.160156
2 0 0 0
1 0 0 0
0.013009 -0.081945 0.024053
-1.000000 -0.007813 -0.125000
255 255 255 255
0.554688 0.332031
0.733398 0.160156
2 0 0 0
1 0 0 0
0.008311 -0.076445 0.029922
-0.468750 -0.039063 -0.890625
255 255 255 255
0.546387 0.299805
0.730957 0.151367
2 0 0 0
1 0 0 0
-0.051181 -0.085176 -0.024231
-0.781250 -0.453125 -0.460938
255 255 255 255
0.107422 0.661621
0.500977 0.317871
2 0 0 0
1 0 0 0
-0.032271 -0.085176 -0.038291
-0.914063 -0.328125 -0.289063
255 255 255 255
0.228516 0.783691
0.519043 0.335938
2 0 0 0
1 0 0 0
-0.015120 -0.085176 -0.052673
-0.351563 -0.406250 -0.859375
255 255 255 255
0.394531 0.865234
0.543945 0.348145
2 0 0 0
1 0 0 0
0.000000 -0.085176 -0.055613
-0.007813 -0.406250 -0.921875
255 255 255 255
0.500977 0.884277
0.560059 0.351074
2 0 0 0
1 0 0 0
-0.034021 -0.081945 -0.033527
-0.828125 -0.007813 -0.578125
255 255 255 255
0.23584 0.740723
0.52002 0.32959
2 0 0 0
1 0 0 0
-0.055654 -0.085176 -0.015859
-0.843750 -0.468750 -0.296875
255 255 255 255
0.084961 0.59668
0.497559 0.308106
2 0 0 0
1 0 0 0
-0.011984 -0.087445 -0.026395
0.851563 0.039063 0.468750
255 255 255 255
1.434082 0.626465
0.513184 0.158691
2 0 0 0
1 0 0 0
-0.012301 -0.081945 -0.026420
0.843750 -0.015625 0.484375
255 255 255 255
1.45166 0.616699
0.518066 0.155762
2 0 0 0
1 0 0 0
-0.012849 -0.081945 -0.021288
0.953125 -0.007813 -0.257813
255 255 255 255
1.446289 0.607422
0.516602 0.152832
2 0 0 0
1 0 0 0
-0.013010 -0.081945 -0.024035
0.976563 -0.007813 0.101563
255 255 255 255
1.447266 0.613281
0.516602 0.154785
2 0 0 0
1 0 0 0
-0.012653 -0.087445 -0.024035
0.968750 0.046875 0.109375
255 255 255 255
1.430176 0.61377
0.511719 0.154785
2 0 0 0
1 0 0 0
-0.011363 -0.087445 -0.019700
0.601563 0.007813 -0.789063
255 255 255 255
1.437988 0.585449
0.51416 0.146484
2 0 0 0
1 0 0 0
-0.048031 -0.078714 -0.028671
-0.625000 0.414063 -0.664063
255 255 255 255
0.161621 0.676758
0.508789 0.320313
2 0 0 0
1 0 0 0
-0.051181 -0.078714 -0.024231
-0.781250 0.429688 -0.460938
255 255 255 255
0.148926 0.643066
0.506836 0.314941
2 0 0 0
1 0 0 0
-0.032271 -0.078714 -0.038291
-0.914063 0.304688 -0.289063
255 255 255 255
0.261719 0.757813
0.523926 0.332031
2 0 0 0
1 0 0 0
-0.015120 -0.078714 -0.052673
-0.351563 0.382813 -0.859375
255 255 255 255
0.403809 0.820801
0.54541 0.341797
2 0 0 0
1 0 0 0
-0.027812 -0.078714 -0.046111
-0.671875 0.375000 -0.640625
255 255 255 255
0.309082 0.796875
0.53125 0.338379
2 0 0 0
1 0 0 0
0.000000 -0.078714 -0.055613
-0.007813 0.382813 -0.921875
255 255 255 255
0.500977 0.838867
0.560059 0.344238
2 0 0 0
1 0 0 0
-0.055654 -0.078714 -0.015859
-0.843750 0.445313 -0.296875
255 255 255 255
0.126465 0.583496
0.503906 0.306152
2 0 0 0
1 0 0 0
-0.048352 -0.074465 -0.023248
-0.703125 0.578125 -0.421875
255 255 255 255
0.185059 0.627441
0.512695 0.3125
2 0 0 0
1 0 0 0
-0.012301 -0.081945 -0.026420
0.843750 -0.015625 0.484375
255 255 255 255
0.45166 0.616211
0.705566 0.236816
2 0 0 0
1 0 0 0
-0.012849 -0.081945 -0.021288
0.953125 -0.007813 -0.257813
255 255 255 255
0.446289 0.606934
0.704102 0.234375
2 0 0 0
1 0 0 0
-0.012641 -0.076445 -0.021296
0.875000 -0.046875 -0.453125
255 255 255 255
0.430176 0.597656
0.699707 0.231934
2 0 0 0
1 0 0 0
-0.012653 -0.076445 -0.024035
0.968750 -0.070313 0.109375
255 255 255 255
0.430176 0.612793
0.699707 0.236328
2 0 0 0
1 0 0 0
-0.013010 -0.081945 -0.024035
0.976563 -0.007813 0.101563
255 255 255 255
0.447266 0.612793
0.704102 0.236328
2 0 0 0
1 0 0 0
0.000000 -0.076445 -0.032119
-0.007813 0.031250 0.976563
255 255 255 255
0.500977 0.656738
0.71875 0.248047
2 0 0 0
1 0 0 0
-0.009972 -0.076445 -0.018833
0.164063 -0.007813 -0.984375
255 255 255 255
0.445801 0.583496
0.704102 0.226563
2 0 0 0
1 0 0 0
0.048160 -0.085176 -0.028668
0.601563 -0.437500 -0.664063
255 255 255 255
0.875977 0.706543
0.616211 0.324707
2 0 0 0
1 0 0 0
0.051307 -0.085176 -0.024231
0.757813 -0.453125 -0.460938
255 255 255 255
0.89502 0.661621
0.619141 0.317871
2 0 0 0
1 0 0 0
0.032748 -0.081945 -0.039079
0.914063 -0.007813 -0.375000
255 255 255 255
0.755859 0.772949
0.598145 0.334473
2 0 0 0
1 0 0 0
0.028324 -0.081945 -0.046856
0.585938 -0.007813 -0.804688
255 255 255 255
0.70166 0.817383
0.590332 0.341309
2 0 0 0
1 0 0 0
0.015120 -0.085176 -0.052673
0.328125 -0.406250 -0.859375
255 255 255 255
0.607422 0.865234
0.576172 0.348145
2 0 0 0
1 0 0 0
0.039648 -0.081945 -0.032922
0.171875 -0.007813 -0.984375
255 255 255 255
0.802734 0.736816
0.605469 0.329102
2 0 0 0
1 0 0 0
0.055805 -0.085176 -0.015859
0.820313 -0.468750 -0.304688
255 255 255 255
0.916992 0.59668
0.622559 0.308106
2 0 0 0
1 0 0 0
0.048478 -0.089116 -0.023248
0.632813 -0.664063 -0.398438
255 255 255 255
0.947754 0.691895
0.626953 0.322266
2 0 0 0
1 0 0 0
0.012301 -0.081945 -0.026420
-0.867188 -0.015625 0.484375
255 255 255 255
1.550293 0.616699
0.546387 0.155762
2 0 0 0
1 0 0 0
0.011984 -0.087445 -0.026395
-0.875000 0.039063 0.468750
255 255 255 255
1.567871 0.626465
0.551758 0.158691
2 0 0 0
1 0 0 0
0.012849 -0.081945 -0.021288
-0.976563 -0.007813 -0.257813
255 255 255 255
1.555664 0.607422
0.54834 0.152832
2 0 0 0
1 0 0 0
0.012653 -0.087445 -0.024035
-0.992188 0.046875 0.109375
255 255 255 255
1.571777 0.61377
0.552734 0.154785
2 0 0 0
1 0 0 0
0.013009 -0.081945 -0.024034
-1.000000 -0.007813 0.101563
255 255 255 255
1.554688 0.613281
0.547852 0.154785
2 0 0 0
1 0 0 0
0.011363 -0.087445 -0.019700
-0.625000 0.007813 -0.789063
255 255 255 255
1.564453 0.585449
0.550781 0.146484
2 0 0 0
1 0 0 0
0.011363 -0.087445 -0.019700
-0.625000 0.007813 -0.789063
255 255 255 255
1.564453 0.585449
0.550781 0.146484
2 0 0 0
1 0 0 0
0.009972 -0.076445 -0.018833
-0.187500 -0.007813 -0.984375
255 255 255 255
0.556152 0.583496
0.733887 0.227051
2 0 0 0
1 0 0 0
0.009972 -0.076445 -0.018833
-0.187500 -0.007813 -0.984375
255 255 255 255
0.556152 0.583496
0.733887 0.227051
2 0 0 0
1 0 0 0
0.051307 -0.078714 -0.024231
0.757813 0.429688 -0.460938
255 255 255 255
0.853027 0.643066
0.612793 0.314941
2 0 0 0
1 0 0 0
0.032271 -0.078714 -0.038291
0.890625 0.304688 -0.289063
255 255 255 255
0.740234 0.757813
0.595703 0.332031
2 0 0 0
1 0 0 0
0.015120 -0.078714 -0.052673
0.328125 0.382813 -0.859375
255 255 255 255
0.598633 0.820801
0.574707 0.341797
2 0 0 0
1 0 0 0
0.012301 -0.081945 -0.026420
-0.867188 -0.015625 0.484375
255 255 255 255
0.550293 0.616211
0.731934 0.236816
2 0 0 0
1 0 0 0
0.008979 -0.087445 -0.029685
-0.570313 0.000000 0.812500
255 255 255 255
1.550781 0.643066
0.546875 0.163086
2 0 0 0
1 0 0 0
0.008237 -0.076445 -0.030015
-0.460938 -0.023438 0.875000
255 255 255 255
0.546387 0.645996
0.730957 0.245117
2 0 0 0
1 0 0 0
0.012849 -0.081945 -0.021288
-0.976563 -0.007813 -0.257813
255 255 255 255
0.555664 0.606934
0.733398 0.234375
2 0 0 0
1 0 0 0
0.013009 -0.081945 -0.024034
-1.000000 -0.007813 0.101563
255 255 255 255
0.554688 0.612793
0.733398 0.236328
2 0 0 0
1 0 0 0
0.012653 -0.076445 -0.024035
-0.992188 -0.070313 0.109375
255 255 255 255
0.571777 0.612793
0.737793 0.236328
2 0 0 0
1 0 0 0
0.012641 -0.076445 -0.021296
-0.898438 -0.046875 -0.453125
255 255 255 255
0.571777 0.597656
0.737793 0.231934
2 0 0 0
1 0 0 0
0.008237 -0.076445 -0.030015
-0.460938 -0.023438 0.875000
255 255 255 255
0.546387 0.645996
0.730957 0.245117
2 0 0 0
1 0 0 0
0.056785 -0.076445 -0.005744
0.781250 0.578125 -0.101563
255 255 255 255
0.867188 0.511719
0.614746 0.29541
2 0 0 0
1 0 0 0
0.026786 -0.089179 -0.039639
-0.851563 -0.007813 0.515625
255 255 255 255
1.68457 0.737305
0.585449 0.19043
2 0 0 0
1 0 0 0
0.026786 -0.087508 -0.039639
-0.875000 -0.007813 0.476563
255 255 255 255
1.675293 0.723633
0.583008 0.186523
2 0 0 0
1 0 0 0
-0.026786 -0.089179 -0.039639
0.851563 -0.007813 0.476563
255 255 255 255
1.317383 0.737305
0.479004 0.19043
2 0 0 0
1 0 0 0
-0.026786 -0.087508 -0.039639
0.828125 -0.007813 0.515625
255 255 255 255
1.32666 0.723633
0.481934 0.186523
2 0 0 0
1 0 0 0
-0.026786 -0.089179 0.039641
0.828125 -0.007813 -0.539063
255 255 255 255
1.317383 0.208984
0.479004 0.037598
2 0 0 0
1 0 0 0
-0.026786 -0.087508 0.039641
0.851563 -0.007813 -0.500000
255 255 255 255
1.32666 0.222656
0.481934 0.041504
2 0 0 0
1 0 0 0
0.026786 -0.089179 0.039641
-0.875000 -0.007813 -0.500000
255 255 255 255
1.68457 0.208984
0.585449 0.037598
2 0 0 0
1 0 0 0
0.026786 -0.087508 0.039641
-0.851563 -0.007813 -0.539063
255 255 255 255
1.675293 0.222656
0.583008 0.041504
2 0 0 0
1 0 0 0
0.026786 -0.074401 0.039641
-0.851563 -0.007813 -0.539063
255 255 255 255
0.68457 0.208496
0.768555 0.126953
2 0 0 0
1 0 0 0
0.026786 -0.076382 0.039641
-0.875000 -0.007813 -0.500000
255 255 255 255
0.675293 0.222168
0.765625 0.130371
2 0 0 0
1 0 0 0
-0.026786 -0.074401 0.039641
0.851563 -0.007813 -0.500000
255 255 255 255
0.317383 0.208496
0.668945 0.126953
2 0 0 0
1 0 0 0
-0.026786 -0.076382 0.039641
0.828125 -0.007813 -0.539063
255 255 255 255
0.32666 0.222168
0.671387 0.130371
2 0 0 0
1 0 0 0
-0.046653 -0.076408 0.022180
0.812500 -0.007813 -0.562500
255 255 255 255
0.21582 0.33252
0.641602 0.160156
2 0 0 0
1 0 0 0
-0.026786 -0.074401 -0.039639
0.828125 -0.007813 0.515625
255 255 255 255
0.317383 0.736816
0.668945 0.269531
2 0 0 0
1 0 0 0
-0.026786 -0.076382 -0.039639
0.851563 -0.007813 0.476563
255 255 255 255
0.32666 0.722656
0.671387 0.266113
2 0 0 0
1 0 0 0
0.026786 -0.074401 -0.039639
-0.875000 -0.007813 0.476563
255 255 255 255
0.68457 0.736816
0.768555 0.269531
2 0 0 0
1 0 0 0
0.026786 -0.076382 -0.039639
-0.851563 -0.007813 0.515625
255 255 255 255
0.675293 0.722656
0.765625 0.266113
2 0 0 0
1 0 0 0
0.046781 -0.076408 -0.022180
-0.835938 -0.007813 0.539063
255 255 255 255
0.786621 0.612305
0.795898 0.23584
2 0 0 0
1 0 0 0
-0.020879 -0.089025 0.006005
-0.007813 -1.000000 -0.007813
255 255 255 255
0.440918 0.973633
0.02832 0.081055
2 0 0 0
1 0 0 0
-0.015434 -0.089028 0.010236
-0.007813 -1.000000 -0.007813
255 255 255 255
0.379883 0.973633
0.026367 0.081055
2 0 0 0
1 0 0 0
-0.013073 -0.089036 0.013811
-0.007813 -1.000000 -0.007813
255 255 255 255
0.349609 0.958496
0.025391 0.078125
2 0 0 0
1 0 0 0
-0.008927 -0.089027 0.012175
-0.007813 -1.000000 -0.007813
255 255 255 255
0.317871 0.973633
0.024414 0.081055
2 0 0 0
1 0 0 0
-0.005325 -0.089038 0.014978
-0.007813 -1.000000 -0.007813
255 255 255 255
0.28418 0.958496
0.022949 0.078125
2 0 0 0
1 0 0 0
-0.001146 -0.089036 0.012820
-0.007813 -1.000000 -0.007813
255 255 255 255
0.250488 0.973633
0.021973 0.081055
2 0 0 0
1 0 0 0
0.018587 -0.089068 0.006304
-0.007813 -1.000000 -0.007813
255 255 255 255
0.071777 0.973633
0.016602 0.081055
2 0 0 0
1 0 0 0
0.006635 -0.089056 0.012220
-0.007813 -1.000000 -0.007813
255 255 255 255
0.186523 0.973633
0.02002 0.081055
2 0 0 0
1 0 0 0
0.010780 -0.089091 0.013777
-0.007813 -1.000000 -0.007813
255 255 255 255
0.157227 0.958496
0.019043 0.078125
2 0 0 0
1 0 0 0
0.013142 -0.089073 0.010420
-0.007813 -1.000000 -0.007813
255 255 255 255
0.128418 0.973633
0.018066 0.081055
2 0 0 0
1 0 0 0
0.003032 -0.089059 0.014923
-0.007813 -1.000000 -0.007813
255 255 255 255
0.217773 0.958496
0.020996 0.078125
2 0 0 0
1 0 0 0
-0.020879 -0.089025 -0.006005
-0.007813 -1.000000 -0.007813
255 255 255 255
0.556641 0.973633
0.031738 0.081055
2 0 0 0
1 0 0 0
-0.013073 -0.089036 -0.013811
-0.007813 -1.000000 -0.007813
255 255 255 255
0.645508 0.958496
0.034668 0.078125
2 0 0 0
1 0 0 0
-0.015434 -0.089028 -0.010237
-0.007813 -1.000000 -0.007813
255 255 255 255
0.616211 0.973633
0.033691 0.081055
2 0 0 0
1 0 0 0
-0.008927 -0.089027 -0.012176
-0.007813 -1.000000 -0.007813
255 255 255 255
0.675293 0.973633
0.035645 0.081055
2 0 0 0
1 0 0 0
-0.005325 -0.089038 -0.014979
-0.007813 -1.000000 -0.007813
255 255 255 255
0.706543 0.958496
0.036621 0.078125
2 0 0 0
1 0 0 0
-0.001146 -0.089036 -0.012821
-0.007813 -1.000000 -0.007813
255 255 255 255
0.739746 0.973633
0.037598 0.081055
2 0 0 0
1 0 0 0
0.018587 -0.089068 -0.006305
-0.007813 -1.000000 -0.007813
255 255 255 255
0.927734 0.973633
0.043457 0.081055
2 0 0 0
1 0 0 0
0.010780 -0.089091 -0.013778
-0.007813 -1.000000 -0.007813
255 255 255 255
0.838379 0.958496
0.040527 0.078125
2 0 0 0
1 0 0 0
0.006635 -0.089056 -0.012221
-0.007813 -1.000000 -0.007813
255 255 255 255
0.806641 0.973633
0.039551 0.081055
2 0 0 0
1 0 0 0
0.013142 -0.089073 -0.010421
-0.007813 -1.000000 -0.007813
255 255 255 255
0.868652 0.973633
0.041504 0.081055
2 0 0 0
1 0 0 0
0.003032 -0.089059 -0.014924
-0.007813 -1.000000 -0.007813
255 255 255 255
0.773438 0.958496
0.038574 0.078125
2 0 0 0
1 0 0 0
0.026786 -0.089179 0.039641
-0.007813 -1.000000 -0.007813
255 255 255 255
1.68457 0.208984
0.585449 0.037598
2 0 0 0
1 0 0 0
-0.026786 -0.089179 0.039641
-0.039063 -1.000000 0.007813
255 255 255 255
1.317383 0.208984
0.479004 0.037598
2 0 0 0
1 0 0 0
-0.028505 -0.089116 0.040672
-0.007813 -1.000000 -0.007813
255 255 255 255
1.308105 0.195801
0.476563 0.033691
2 0 0 0
1 0 0 0
-0.026786 -0.089179 -0.039639
-0.007813 -1.000000 -0.007813
255 255 255 255
1.317383 0.737305
0.479004 0.19043
2 0 0 0
1 0 0 0
0.026786 -0.089179 -0.039639
0.015625 -1.000000 -0.031250
255 255 255 255
1.68457 0.737305
0.585449 0.19043
2 0 0 0
1 0 0 0
0.028504 -0.089116 -0.040670
-0.007813 -1.000000 -0.007813
255 255 255 255
1.693848 0.75
0.588379 0.194336
2 0 0 0
1 0 0 0
0.026786 -0.074401 -0.039639
-0.007813 0.984375 -0.007813
255 255 255 255
0.68457 0.736816
0.768555 0.269531
2 0 0 0
1 0 0 0
-0.026786 -0.074401 -0.039639
-0.039063 0.976563 -0.031250
255 255 255 255
0.317383 0.736816
0.668945 0.269531
2 0 0 0
1 0 0 0
-0.028504 -0.074465 -0.040670
-0.007813 0.984375 -0.007813
255 255 255 255
0.308106 0.749512
0.666504 0.272949
2 0 0 0
1 0 0 0
-0.026786 -0.074401 0.039641
-0.007813 0.984375 -0.007813
255 255 255 255
0.317383 0.208496
0.668945 0.126953
2 0 0 0
1 0 0 0
0.026786 -0.074401 0.039641
0.015625 0.976563 0.007813
255 255 255 255
0.68457 0.208496
0.768555 0.126953
2 0 0 0
1 0 0 0
0.028504 -0.074465 0.040672
-0.007813 0.984375 -0.007813
255 255 255 255
0.693848 0.195313
0.770996 0.123047
2 0 0 0
1 0 0 0
-0.007495 -0.087445 0.030384
0.023438 -1.000000 -0.085938
255 255 255 255
1.460449 0.297363
0.520508 0.062988
2 0 0 0
1 0 0 0
-0.026786 -0.087508 0.039641
-0.007813 -1.000000 -0.007813
255 255 255 255
1.32666 0.222656
0.481934 0.041504
2 0 0 0
1 0 0 0
0.000000 -0.087445 0.018904
-0.007813 -1.000000 -0.007813
255 255 255 255
1.500977 0.361816
0.532227 0.082031
2 0 0 0
1 0 0 0
-0.046653 -0.076408 0.022180
-0.007813 0.984375 -0.007813
255 255 255 255
0.21582 0.33252
0.641602 0.160156
2 0 0 0
1 0 0 0
-0.026786 -0.076382 0.039641
-0.007813 0.984375 -0.007813
255 255 255 255
0.32666 0.222168
0.671387 0.130371
2 0 0 0
1 0 0 0
0.000000 -0.076445 0.018904
-0.007813 0.984375 -0.007813
255 255 255 255
0.500977 0.361328
0.71875 0.167969
2 0 0 0
1 0 0 0
0.007495 -0.087445 0.030384
-0.046875 -1.000000 -0.085938
255 255 255 255
1.541992 0.297363
0.543945 0.062988
2 0 0 0
1 0 0 0
0.026786 -0.087508 0.039641
-0.007813 -1.000000 -0.007813
255 255 255 255
1.675293 0.222656
0.583008 0.041504
2 0 0 0
1 0 0 0
0.009971 -0.087445 0.018846
-0.007813 -1.000000 -0.007813
255 255 255 255
1.556152 0.361816
0.54834 0.082031
2 0 0 0
1 0 0 0
0.026786 -0.076382 0.039641
-0.007813 0.984375 -0.007813
255 255 255 255
0.675293 0.222168
0.765625 0.130371
2 0 0 0
1 0 0 0
-0.007495 -0.087445 -0.030344
0.023438 -1.000000 0.062500
255 255 255 255
1.460449 0.647461
0.520508 0.164551
2 0 0 0
1 0 0 0
-0.026786 -0.087508 -0.039639
-0.007813 -1.000000 -0.007813
255 255 255 255
1.32666 0.723633
0.481934 0.186523
2 0 0 0
1 0 0 0
0.000000 -0.087445 -0.018905
-0.007813 -1.000000 -0.007813
255 255 255 255
1.500977 0.584473
0.532227 0.146484
2 0 0 0
1 0 0 0
-0.026786 -0.076382 -0.039639
-0.007813 0.984375 -0.007813
255 255 255 255
0.32666 0.722656
0.671387 0.266113
2 0 0 0
1 0 0 0
0.000000 -0.076445 -0.018905
-0.007813 0.984375 -0.007813
255 255 255 255
0.500977 0.583496
0.71875 0.228516
2 0 0 0
1 0 0 0
0.007495 -0.087445 -0.030344
-0.046875 -1.000000 0.062500
255 255 255 255
1.541992 0.647461
0.543945 0.164551
2 0 0 0
1 0 0 0
0.026786 -0.087508 -0.039639
-0.007813 -1.000000 -0.007813
255 255 255 255
1.675293 0.723633
0.583008 0.186523
2 0 0 0
1 0 0 0
0.009972 -0.087445 -0.018833
-0.007813 -1.000000 -0.007813
255 255 255 255
1.556152 0.583984
0.54834 0.145996
2 0 0 0
1 0 0 0
0.046781 -0.076408 -0.022180
-0.007813 0.984375 -0.007813
255 255 255 255
0.786621 0.612305
0.795898 0.23584
2 0 0 0
1 0 0 0
0.026786 -0.076382 -0.039639
-0.007813 0.984375 -0.007813
255 255 255 255
0.675293 0.722656
0.765625 0.266113
2 0 0 0
1 0 0 0
-0.020879 -0.089025 0.006005
0.718750 -0.015625 -0.679688
255 255 255 255
0.440918 0.973633
0.02832 0.081055
2 0 0 0
1 0 0 0
-0.012318 -0.087288 0.011431
0.296875 -0.015625 -0.953125
255 255 255 255
0.349609 0.988281
0.025391 0.083984
2 0 0 0
1 0 0 0
-0.015434 -0.089028 0.010236
0.406250 -0.015625 -0.914063
255 255 255 255
0.379883 0.973633
0.026367 0.081055
2 0 0 0
1 0 0 0
-0.008927 -0.089027 0.012175
0.140625 -0.015625 -0.992188
255 255 255 255
0.317871 0.973633
0.024414 0.081055
2 0 0 0
1 0 0 0
-0.005125 -0.087287 0.012647
0.085938 -0.015625 -1.000000
255 255 255 255
0.28418 0.988281
0.022949 0.083984
2 0 0 0
1 0 0 0
-0.001146 -0.089036 0.012820
-0.007813 -0.007813 -1.000000
255 255 255 255
0.250488 0.973633
0.021973 0.081055
2 0 0 0
1 0 0 0
-0.018337 -0.087287 0.008409
0.625000 -0.015625 -0.773438
255 255 255 255
0.410156 0.988281
0.027344 0.083984
2 0 0 0
1 0 0 0
0.018587 -0.089068 0.006304
-0.796875 -0.007813 -0.617188
255 255 255 255
0.071777 0.973633
0.016602 0.081055
2 0 0 0
1 0 0 0
0.010045 -0.087254 0.011533
-0.257813 -0.007813 -0.976563
255 255 255 255
0.157227 0.988281
0.019043 0.083984
2 0 0 0
1 0 0 0
0.006635 -0.089056 0.012220
-0.179688 -0.007813 -0.992188
255 255 255 255
0.186523 0.973633
0.02002 0.081055
2 0 0 0
1 0 0 0
0.013142 -0.089073 0.010420
-0.460938 -0.007813 -0.898438
255 255 255 255
0.128418 0.973633
0.018066 0.081055
2 0 0 0
1 0 0 0
0.002852 -0.087274 0.012660
-0.078125 -0.007813 -1.000000
255 255 255 255
0.217773 0.988281
0.020996 0.083984
2 0 0 0
1 0 0 0
0.016064 -0.087249 0.008680
-0.578125 -0.007813 -0.828125
255 255 255 255
0.099609 0.988281
0.017578 0.083984
2 0 0 0
1 0 0 0
-0.020879 -0.089025 -0.006005
0.765625 -0.015625 0.601563
255 255 255 255
0.556641 0.973633
0.031738 0.081055
2 0 0 0
1 0 0 0
-0.012318 -0.087288 -0.011432
0.250000 -0.015625 0.945313
255 255 255 255
0.645508 0.988281
0.034668 0.083984
2 0 0 0
1 0 0 0
-0.015434 -0.089028 -0.010237
0.460938 -0.015625 0.859375
255 255 255 255
0.616211 0.973633
0.033691 0.081055
2 0 0 0
1 0 0 0
-0.008927 -0.089027 -0.012176
0.171875 -0.015625 0.960938
255 255 255 255
0.675293 0.973633
0.035645 0.081055
2 0 0 0
1 0 0 0
-0.005125 -0.087287 -0.012648
0.054688 -0.007813 0.976563
255 255 255 255
0.706543 0.988281
0.036621 0.083984
2 0 0 0
1 0 0 0
-0.001146 -0.089036 -0.012821
-0.007813 -0.007813 0.984375
255 255 255 255
0.739746 0.973633
0.037598 0.081055
2 0 0 0
1 0 0 0
-0.018337 -0.087287 -0.008410
0.570313 -0.015625 0.789063
255 255 255 255
0.586426 0.988281
0.032715 0.083984
2 0 0 0
1 0 0 0
0.018596 -0.087254 -0.006305
-0.796875 -0.007813 0.593750
255 255 255 255
0.927734 0.988281
0.043457 0.083984
2 0 0 0
1 0 0 0
0.018587 -0.089068 -0.006305
-0.742188 -0.007813 0.656250
255 255 255 255
0.927734 0.973633
0.043457 0.081055
2 0 0 0
1 0 0 0
0.006645 -0.087264 -0.012222
-0.179688 -0.007813 0.968750
255 255 255 255
0.806641 0.988281
0.039551 0.083984
2 0 0 0
1 0 0 0
0.006635 -0.089056 -0.012221
-0.156250 -0.007813 0.968750
255 255 255 255
0.806641 0.973633
0.039551 0.081055
2 0 0 0
1 0 0 0
0.013152 -0.087249 -0.010421
-0.460938 -0.007813 0.875000
255 255 255 255
0.868652 0.988281
0.041504 0.083984
2 0 0 0
1 0 0 0
0.013142 -0.089073 -0.010421
-0.406250 -0.007813 0.898438
255 255 255 255
0.868652 0.973633
0.041504 0.081055
2 0 0 0
1 0 0 0
0.002852 -0.087274 -0.012661
-0.101563 -0.007813 0.976563
255 255 255 255
0.773438 0.988281
0.038574 0.083984
2 0 0 0
1 0 0 0
-0.013073 -0.089036 0.013811
-0.281250 -0.007813 0.945313
255 255 255 255
0.349609 0.958496
0.025391 0.078125
2 0 0 0
1 0 0 0
-0.016538 -0.087239 0.012518
-0.453125 -0.007813 0.882813
255 255 255 255
0.379883 0.945801
0.026367 0.075684
2 0 0 0
1 0 0 0
-0.009332 -0.087244 0.014556
-0.164063 -0.007813 0.968750
255 255 255 255
0.317871 0.945801
0.024414 0.075684
2 0 0 0
1 0 0 0
-0.005305 -0.087244 0.014978
-0.078125 -0.007813 0.976563
255 255 255 255
0.28418 0.945801
0.022949 0.075684
2 0 0 0
1 0 0 0
-0.005325 -0.089038 0.014978
-0.078125 -0.007813 0.976563
255 255 255 255
0.28418 0.958496
0.022949 0.078125
2 0 0 0
1 0 0 0
0.010780 -0.089091 0.013777
0.218750 -0.015625 0.953125
255 255 255 255
0.157227 0.958496
0.019043 0.078125
2 0 0 0
1 0 0 0
0.010800 -0.087201 0.013777
0.265625 -0.015625 0.945313
255 255 255 255
0.157227 0.945801
0.019043 0.075684
2 0 0 0
1 0 0 0
0.003052 -0.087228 0.014923
0.054688 -0.015625 0.976563
255 255 255 255
0.217773 0.945801
0.020996 0.075684
2 0 0 0
1 0 0 0
0.003032 -0.089059 0.014923
0.078125 -0.015625 0.976563
255 255 255 255
0.217773 0.958496
0.020996 0.078125
2 0 0 0
1 0 0 0
-0.016538 -0.087239 -0.012519
-0.453125 -0.007813 -0.906250
255 255 255 255
0.616211 0.945801
0.033691 0.075684
2 0 0 0
1 0 0 0
-0.013073 -0.089036 -0.013811
-0.281250 -0.007813 -0.968750
255 255 255 255
0.645508 0.958496
0.034668 0.078125
2 0 0 0
1 0 0 0
-0.009332 -0.087244 -0.014557
-0.164063 -0.007813 -0.992188
255 255 255 255
0.675293 0.945801
0.035645 0.075684
2 0 0 0
1 0 0 0
-0.005305 -0.087244 -0.014979
-0.078125 -0.007813 -1.000000
255 255 255 255
0.706543 0.945801
0.036621 0.075684
2 0 0 0
1 0 0 0
-0.005325 -0.089038 -0.014979
-0.078125 -0.007813 -1.000000
255 255 255 255
0.706543 0.958496
0.036621 0.078125
2 0 0 0
1 0 0 0
0.010780 -0.089091 -0.013778
0.218750 -0.015625 -0.976563
255 255 255 255
0.838379 0.958496
0.040527 0.078125
2 0 0 0
1 0 0 0
0.010800 -0.087201 -0.013778
0.265625 -0.015625 -0.968750
255 255 255 255
0.838379 0.945801
0.040527 0.075684
2 0 0 0
1 0 0 0
0.003052 -0.087228 -0.014924
0.054688 -0.015625 -1.000000
255 255 255 255
0.773438 0.945801
0.038574 0.075684
2 0 0 0
1 0 0 0
0.003032 -0.089059 -0.014924
0.078125 -0.015625 -1.000000
255 255 255 255
0.773438 0.958496
0.038574 0.078125
2 0 0 0
1 0 0 0
0.056785 -0.087445 0.005743
0.750000 -0.640625 0.085938
255 255 255 255
0.961426 0.416504
0.629395 0.280762
2 0 0 0
1 0 0 0
0.056785 -0.087445 -0.005744
0.757813 -0.632813 -0.125000
255 255 255 255
0.961426 0.52832
0.629395 0.297852
2 0 0 0
1 0 0 0
0.054295 -0.087445 0.015321
0.710938 -0.625000 0.273438
255 255 255 255
0.947754 0.340332
0.626953 0.269531
2 0 0 0
1 0 0 0
0.049791 -0.087445 0.023877
0.656250 -0.609375 0.406250
255 255 255 255
0.922363 0.267578
0.623047 0.258789
2 0 0 0
1 0 0 0
0.046688 -0.087445 0.028054
0.476563 -0.570313 0.648438
255 255 255 255
0.902832 0.222168
0.620117 0.251953
2 0 0 0
1 0 0 0
0.037859 -0.087445 0.031554
0.203125 -0.476563 0.843750
255 255 255 255
0.833008 0.171387
0.609863 0.244141
2 0 0 0
1 0 0 0
0.032565 -0.087445 0.032262
0.562500 -0.523438 0.617188
255 255 255 255
0.793457 0.174805
0.604004 0.244629
2 0 0 0
1 0 0 0
0.031396 -0.087445 0.037603
0.804688 -0.500000 0.273438
255 255 255 255
0.790039 0.137695
0.603516 0.239258
2 0 0 0
1 0 0 0
0.029276 -0.087445 0.041776
0.710938 -0.539063 0.421875
255 255 255 255
0.760254 0.100098
0.598633 0.233398
2 0 0 0
1 0 0 0
0.027035 -0.087445 0.044980
0.523438 -0.578125 0.601563
255 255 255 255
0.725098 0.080566
0.59375 0.230469
2 0 0 0
1 0 0 0
0.014652 -0.087445 0.051424
0.234375 -0.585938 0.757813
255 255 255 255
0.614746 0.054199
0.577148 0.226563
2 0 0 0
1 0 0 0
-0.000002 -0.087445 0.053491
0.007813 -0.609375 0.781250
255 255 255 255
0.500977 0.033691
0.560059 0.223633
2 0 0 0
1 0 0 0
-0.014655 -0.087445 0.051424
-0.218750 -0.585938 0.765625
255 255 255 255
0.387207 0.054199
0.542969 0.226563
2 0 0 0
1 0 0 0
-0.027038 -0.087445 0.044980
-0.492188 -0.585938 0.640625
255 255 255 255
0.276856 0.080566
0.526367 0.230469
2 0 0 0
1 0 0 0
-0.028505 -0.089116 0.040672
-0.710938 -0.593750 0.382813
255 255 255 255
0.228516 0.080566
0.519043 0.230469
2 0 0 0
1 0 0 0
-0.029279 -0.087445 0.041775
-0.718750 -0.546875 0.429688
255 255 255 255
0.242188 0.100098
0.520996 0.233398
2 0 0 0
1 0 0 0
-0.031400 -0.087445 0.037603
-0.812500 -0.507813 0.304688
255 255 255 255
0.211914 0.137695
0.516602 0.239258
2 0 0 0
1 0 0 0
-0.032516 -0.087445 0.032262
-0.710938 -0.523438 0.468750
255 255 255 255
0.208496 0.174805
0.516113 0.244629
2 0 0 0
1 0 0 0
-0.037541 -0.087445 0.031527
-0.195313 -0.468750 0.843750
255 255 255 255
0.169434 0.171387
0.510254 0.244141
2 0 0 0
1 0 0 0
-0.046199 -0.087445 0.028033
-0.429688 -0.578125 0.687500
255 255 255 255
0.099609 0.222168
0.499512 0.251953
2 0 0 0
1 0 0 0
-0.049542 -0.087445 0.023877
-0.656250 -0.632813 0.421875
255 255 255 255
0.07959 0.267578
0.496582 0.258789
2 0 0 0
1 0 0 0
-0.053743 -0.087445 0.015321
-0.710938 -0.656250 0.289063
255 255 255 255
0.054199 0.340332
0.492676 0.269531
2 0 0 0
1 0 0 0
-0.056603 -0.087445 0.005743
-0.757813 -0.648438 0.132813
255 255 255 255
0.040527 0.416504
0.490723 0.280762
2 0 0 0
1 0 0 0
-0.056605 -0.087445 -0.005744
-0.781250 -0.632813 -0.093750
255 255 255 255
0.040527 0.52832
0.490723 0.297852
2 0 0 0
1 0 0 0
-0.054143 -0.087445 -0.015322
-0.734375 -0.625000 -0.296875
255 255 255 255
0.054199 0.604492
0.492676 0.309082
2 0 0 0
1 0 0 0
-0.049665 -0.087445 -0.023878
-0.679688 -0.609375 -0.429688
255 255 255 255
0.07959 0.677246
0.496582 0.320313
2 0 0 0
1 0 0 0
-0.046560 -0.087445 -0.028058
-0.500000 -0.570313 -0.671875
255 255 255 255
0.099609 0.722656
0.499512 0.327148
2 0 0 0
1 0 0 0
-0.037794 -0.087445 -0.031557
-0.226563 -0.476563 -0.867188
255 255 255 255
0.169434 0.773438
0.510254 0.334473
2 0 0 0
1 0 0 0
-0.032556 -0.087445 -0.032262
-0.585938 -0.523438 -0.632813
255 255 255 255
0.208496 0.770508
0.516113 0.333984
2 0 0 0
1 0 0 0
-0.031399 -0.087445 -0.037602
-0.828125 -0.500000 -0.296875
255 255 255 255
0.211914 0.807129
0.516602 0.339844
2 0 0 0
1 0 0 0
-0.029279 -0.087445 -0.041772
-0.734375 -0.539063 -0.445313
255 255 255 255
0.242188 0.844727
0.520996 0.345215
2 0 0 0
1 0 0 0
-0.027038 -0.087445 -0.044976
-0.546875 -0.578125 -0.625000
255 255 255 255
0.276856 0.864258
0.526367 0.348145
2 0 0 0
1 0 0 0
-0.014655 -0.087445 -0.051419
-0.273438 -0.585938 -0.773438
255 255 255 255
0.387207 0.890625
0.542969 0.352051
2 0 0 0
1 0 0 0
-0.000002 -0.087445 -0.054230
-0.039063 -0.609375 -0.804688
255 255 255 255
0.500977 0.911133
0.560059 0.355469
2 0 0 0
1 0 0 0
0.014652 -0.087445 -0.051419
0.218750 -0.585938 -0.789063
255 255 255 255
0.614746 0.890625
0.577148 0.352051
2 0 0 0
1 0 0 0
0.027034 -0.087445 -0.044976
0.468750 -0.585938 -0.664063
255 255 255 255
0.725098 0.864258
0.59375 0.348145
2 0 0 0
1 0 0 0
0.028504 -0.089116 -0.040670
0.687500 -0.593750 -0.406250
255 255 255 255
0.773926 0.864746
0.601074 0.348145
2 0 0 0
1 0 0 0
0.029276 -0.087445 -0.041772
0.695313 -0.546875 -0.453125
255 255 255 255
0.760254 0.844727
0.598633 0.345215
2 0 0 0
1 0 0 0
0.031396 -0.087445 -0.037602
0.789063 -0.507813 -0.328125
255 255 255 255
0.790039 0.807129
0.603516 0.339844
2 0 0 0
1 0 0 0
0.032565 -0.087445 -0.032262
0.687500 -0.523438 -0.500000
255 255 255 255
0.793457 0.770508
0.604004 0.333984
2 0 0 0
1 0 0 0
0.037859 -0.087445 -0.031555
0.171875 -0.460938 -0.875000
255 255 255 255
0.833008 0.773438
0.609863 0.334473
2 0 0 0
1 0 0 0
0.046688 -0.087445 -0.028055
0.421875 -0.554688 -0.718750
255 255 255 255
0.902832 0.722656
0.620117 0.327148
2 0 0 0
1 0 0 0
0.049791 -0.087445 -0.023878
0.648438 -0.609375 -0.445313
255 255 255 255
0.922363 0.677246
0.623047 0.320313
2 0 0 0
1 0 0 0
0.054295 -0.087445 -0.015322
0.703125 -0.625000 -0.320313
255 255 255 255
0.947754 0.604492
0.626953 0.309082
2 0 0 0
1 0 0 0
0.049792 -0.076445 -0.023878
0.679688 0.554688 -0.445313
255 255 255 255
0.833984 0.635742
0.609863 0.313965
2 0 0 0
1 0 0 0
0.054296 -0.076445 -0.015322
0.734375 0.570313 -0.304688
255 255 255 255
0.856445 0.57666
0.613281 0.305176
2 0 0 0
1 0 0 0
0.046689 -0.076445 -0.028055
0.492188 0.515625 -0.687500
255 255 255 255
0.822754 0.666016
0.608398 0.318359
2 0 0 0
1 0 0 0
0.037860 -0.076445 -0.031555
0.203125 0.414063 -0.882813
255 255 255 255
0.77832 0.702148
0.601563 0.323731
2 0 0 0
1 0 0 0
0.032566 -0.076445 -0.032262
0.570313 0.468750 -0.656250
255 255 255 255
0.740234 0.709961
0.595703 0.325195
2 0 0 0
1 0 0 0
0.031397 -0.076445 -0.037602
0.820313 0.445313 -0.304688
255 255 255 255
0.726074 0.743652
0.59375 0.330078
2 0 0 0
1 0 0 0
0.029276 -0.076445 -0.041772
0.726563 0.484375 -0.453125
255 255 255 255
0.70459 0.764648
0.590332 0.333496
2 0 0 0
1 0 0 0
0.027035 -0.076445 -0.044976
0.539063 0.523438 -0.640625
255 255 255 255
0.683106 0.778809
0.587402 0.335449
2 0 0 0
1 0 0 0
0.014653 -0.076445 -0.051419
0.257813 0.531250 -0.796875
255 255 255 255
0.593262 0.80127
0.573731 0.338867
2 0 0 0
1 0 0 0
-0.000001 -0.076445 -0.054230
0.015625 0.546875 -0.835938
255 255 255 255
0.500977 0.818359
0.560059 0.341309
2 0 0 0
1 0 0 0
-0.014654 -0.076445 -0.051419
-0.250000 0.531250 -0.812500
255 255 255 255
0.408691 0.80127
0.545898 0.338867
2 0 0 0
1 0 0 0
-0.027037 -0.076445 -0.044976
-0.507813 0.523438 -0.679688
255 255 255 255
0.318848 0.778809
0.532715 0.335449
2 0 0 0
1 0 0 0
-0.028504 -0.074465 -0.040670
-0.750000 0.507813 -0.429688
255 255 255 255
0.308106 0.749512
0.530762 0.331055
2 0 0 0
1 0 0 0
-0.029278 -0.076445 -0.041772
-0.734375 0.492188 -0.468750
255 255 255 255
0.297852 0.764648
0.529297 0.333496
2 0 0 0
1 0 0 0
-0.031399 -0.076445 -0.037602
-0.828125 0.453125 -0.335938
255 255 255 255
0.275879 0.743652
0.526367 0.330078
2 0 0 0
1 0 0 0
-0.032555 -0.076445 -0.032262
-0.726563 0.460938 -0.507813
255 255 255 255
0.261719 0.709961
0.523926 0.325195
2 0 0 0
1 0 0 0
-0.037793 -0.076445 -0.031557
-0.195313 0.406250 -0.890625
255 255 255 255
0.223633 0.702148
0.518555 0.323731
2 0 0 0
1 0 0 0
-0.046559 -0.076445 -0.028058
-0.460938 0.500000 -0.734375
255 255 255 255
0.179199 0.666016
0.511719 0.318359
2 0 0 0
1 0 0 0
-0.049664 -0.076445 -0.023878
-0.695313 0.554688 -0.460938
255 255 255 255
0.167969 0.635742
0.509766 0.313965
2 0 0 0
1 0 0 0
-0.054142 -0.076445 -0.015322
-0.750000 0.570313 -0.328125
255 255 255 255
0.145508 0.57666
0.506348 0.305176
2 0 0 0
1 0 0 0
-0.056605 -0.076445 -0.005744
-0.796875 0.578125 -0.125000
255 255 255 255
0.134766 0.511719
0.504883 0.29541
2 0 0 0
1 0 0 0
-0.056605 -0.076445 0.005743
-0.804688 0.578125 0.085938
255 255 255 255
0.134766 0.433106
0.504883 0.283691
2 0 0 0
1 0 0 0
-0.054143 -0.076445 0.015321
-0.765625 0.570313 0.281250
255 255 255 255
0.145508 0.368164
0.506348 0.273926
2 0 0 0
1 0 0 0
-0.049664 -0.076445 0.023877
-0.703125 0.554688 0.421875
255 255 255 255
0.167969 0.309082
0.509766 0.264648
2 0 0 0
1 0 0 0
-0.046559 -0.076445 0.028058
-0.515625 0.515625 0.664063
255 255 255 255
0.179199 0.278809
0.511719 0.260254
2 0 0 0
1 0 0 0
-0.037793 -0.076445 0.031556
-0.226563 0.414063 0.859375
255 255 255 255
0.223633 0.243164
0.518555 0.254883
2 0 0 0
1 0 0 0
-0.032555 -0.076445 0.032262
-0.593750 0.468750 0.632813
255 255 255 255
0.261719 0.234863
0.523926 0.253906
2 0 0 0
1 0 0 0
-0.031399 -0.076445 0.037603
-0.843750 0.445313 0.281250
255 255 255 255
0.275879 0.201172
0.526367 0.248535
2 0 0 0
1 0 0 0
-0.029279 -0.076445 0.041775
-0.750000 0.484375 0.429688
255 255 255 255
0.297852 0.180176
0.529297 0.245606
2 0 0 0
1 0 0 0
-0.027037 -0.076445 0.044980
-0.562500 0.523438 0.617188
255 255 255 255
0.318848 0.166016
0.532715 0.243164
2 0 0 0
1 0 0 0
-0.014655 -0.076445 0.051424
-0.265625 0.531250 0.781250
255 255 255 255
0.408691 0.143555
0.545898 0.239746
2 0 0 0
1 0 0 0
-0.000001 -0.076445 0.053491
-0.031250 0.539063 0.812500
255 255 255 255
0.500977 0.126465
0.560059 0.237305
2 0 0 0
1 0 0 0
0.014653 -0.076445 0.051424
0.195313 0.531250 0.789063
255 255 255 255
0.593262 0.143555
0.573731 0.239746
2 0 0 0
1 0 0 0
0.027036 -0.076445 0.044980
0.484375 0.523438 0.656250
255 255 255 255
0.683106 0.166016
0.587402 0.243164
2 0 0 0
1 0 0 0
0.028504 -0.074465 0.040672
0.726563 0.507813 0.406250
255 255 255 255
0.693848 0.195313
0.588867 0.247559
2 0 0 0
1 0 0 0
0.029277 -0.076445 0.041775
0.710938 0.492188 0.445313
255 255 255 255
0.70459 0.180176
0.590332 0.245606
2 0 0 0
1 0 0 0
0.031397 -0.076445 0.037603
0.804688 0.453125 0.312500
255 255 255 255
0.726074 0.201172
0.59375 0.248535
2 0 0 0
1 0 0 0
0.032566 -0.076445 0.032262
0.703125 0.460938 0.484375
255 255 255 255
0.740234 0.234863
0.595703 0.253906
2 0 0 0
1 0 0 0
0.037860 -0.076445 0.031554
0.171875 0.406250 0.867188
255 255 255 255
0.77832 0.243164
0.601563 0.254883
2 0 0 0
1 0 0 0
0.046689 -0.076445 0.028054
0.429688 0.500000 0.710938
255 255 255 255
0.822754 0.278809
0.608398 0.260254
2 0 0 0
1 0 0 0
0.049792 -0.076445 0.023877
0.664063 0.554688 0.437500
255 255 255 255
0.833984 0.309082
0.609863 0.264648
2 0 0 0
1 0 0 0
0.054296 -0.076445 0.015321
0.726563 0.570313 0.312500
255 255 255 255
0.856445 0.368164
0.613281 0.273926
2 0 0 0
1 0 0 0
0.056785 -0.076445 0.005743
0.773438 0.578125 0.125000
255 255 255 255
0.867188 0.433106
0.614746 0.283691
2 0 0 0
1 0 0 0
-0.052101 -0.081945 0.024903
-0.843750 -0.007813 0.531250
255 255 255 255
0.129883 0.291016
0.504395 0.262207
2 0 0 0
1 0 0 0
-0.030621 -0.081945 0.043474
-0.859375 -0.007813 0.507813
255 255 255 255
0.273438 0.14502
0.525879 0.240234
2 0 0 0
1 0 0 0
-0.038386 -0.085176 0.032456
-0.265625 -0.359375 0.882813
255 255 255 255
0.195801 0.185547
0.51416 0.246094
2 0 0 0
1 0 0 0
-0.009199 -0.081945 0.029663
0.523438 -0.023438 -0.851563
255 255 255 255
1.474609 0.321289
0.524902 0.070313
2 0 0 0
1 0 0 0
-0.011539 -0.081945 0.019718
0.679688 -0.007813 0.695313
255 255 255 255
1.44873 0.341797
0.51709 0.076172
2 0 0 0
1 0 0 0
-0.007495 -0.087445 0.030384
0.273438 -0.039063 -0.960938
255 255 255 255
1.460449 0.297363
0.520508 0.062988
2 0 0 0
1 0 0 0
-0.007568 -0.081945 0.030226
0.289063 -0.015625 -0.960938
255 255 255 255
1.478027 0.319336
0.525879 0.069336
2 0 0 0
1 0 0 0
0.000000 -0.081945 0.031928
-0.007813 -0.007813 -1.000000
255 255 255 255
1.500977 0.321289
0.532227 0.069824
2 0 0 0
1 0 0 0
-0.010114 -0.081945 0.018860
0.289063 -0.015625 0.929688
255 255 255 255
1.453613 0.338867
0.518555 0.075195
2 0 0 0
1 0 0 0
0.000000 -0.087445 0.018904
-0.007813 -0.007813 0.984375
255 255 255 255
1.500977 0.361816
0.532227 0.082031
2 0 0 0
1 0 0 0
0.000000 -0.081945 0.018959
-0.007813 -0.007813 0.984375
255 255 255 255
1.500977 0.32959
0.532227 0.072754
2 0 0 0
1 0 0 0
-0.030063 -0.078714 0.042825
-0.828125 0.335938 0.437500
255 255 255 255
0.286621 0.163086
0.527832 0.242676
2 0 0 0
1 0 0 0
-0.033488 -0.078714 0.032914
-0.453125 0.320313 0.812500
255 255 255 255
0.248047 0.220703
0.521973 0.251465
2 0 0 0
1 0 0 0
-0.009199 -0.081945 0.029663
0.523438 -0.023438 -0.851563
255 255 255 255
0.474609 0.320801
0.711426 0.157227
2 0 0 0
1 0 0 0
-0.011539 -0.081945 0.019718
0.679688 -0.007813 0.695313
255 255 255 255
0.448731 0.341309
0.70459 0.162598
2 0 0 0
1 0 0 0
-0.007568 -0.081945 0.030226
0.289063 -0.015625 -0.960938
255 255 255 255
0.478027 0.318848
0.712402 0.156738
2 0 0 0
1 0 0 0
0.000000 -0.081945 0.031928
-0.007813 -0.007813 -1.000000
255 255 255 255
0.500977 0.320801
0.71875 0.157227
2 0 0 0
1 0 0 0
-0.010114 -0.081945 0.018860
0.289063 -0.015625 0.929688
255 255 255 255
0.453613 0.337891
0.706055 0.161621
2 0 0 0
1 0 0 0
0.000000 -0.081945 0.018959
-0.007813 -0.007813 0.984375
255 255 255 255
0.500977 0.329102
0.71875 0.159668
2 0 0 0
1 0 0 0
0.000000 -0.076445 0.018904
-0.007813 -0.007813 0.984375
255 255 255 255
0.500977 0.361328
0.71875 0.167969
2 0 0 0
1 0 0 0
0.052227 -0.081945 0.024903
0.820313 -0.007813 0.531250
255 255 255 255
0.872559 0.291016
0.615723 0.262207
2 0 0 0
1 0 0 0
0.030063 -0.085176 0.042825
0.804688 -0.359375 0.437500
255 255 255 255
0.742676 0.123535
0.596191 0.236816
2 0 0 0
1 0 0 0
0.030620 -0.081945 0.043474
0.835938 -0.007813 0.507813
255 255 255 255
0.728516 0.14502
0.594238 0.240234
2 0 0 0
1 0 0 0
0.009199 -0.081945 0.029663
-0.546875 -0.031250 -0.851563
255 255 255 255
1.527344 0.321289
0.540039 0.070313
2 0 0 0
1 0 0 0
0.011539 -0.081945 0.019718
-0.703125 -0.007813 0.695313
255 255 255 255
1.553223 0.341797
0.547363 0.076172
2 0 0 0
1 0 0 0
0.007568 -0.081945 0.030226
-0.312500 -0.023438 -0.960938
255 255 255 255
1.523926 0.319336
0.539063 0.069336
2 0 0 0
1 0 0 0
0.007495 -0.087445 0.030384
-0.296875 -0.039063 -0.960938
255 255 255 255
1.541992 0.297363
0.543945 0.062988
2 0 0 0
1 0 0 0
0.010114 -0.081945 0.018860
-0.312500 -0.015625 0.929688
255 255 255 255
1.54834 0.338867
0.545898 0.075195
2 0 0 0
1 0 0 0
0.009971 -0.087445 0.018846
-0.281250 -0.007813 0.945313
255 255 255 255
1.556152 0.361816
0.54834 0.082031
2 0 0 0
1 0 0 0
0.030063 -0.078714 0.042825
0.804688 0.335938 0.437500
255 255 255 255
0.715332 0.163086
0.592285 0.242676
2 0 0 0
1 0 0 0
0.038440 -0.078714 0.032455
0.242188 0.320313 0.890625
255 255 255 255
0.789063 0.226074
0.603027 0.252441
2 0 0 0
1 0 0 0
0.009199 -0.081945 0.029663
-0.546875 -0.031250 -0.851563
255 255 255 255
0.527344 0.320801
0.726074 0.157227
2 0 0 0
1 0 0 0
0.011539 -0.081945 0.019718
-0.703125 -0.007813 0.695313
255 255 255 255
0.553223 0.341309
0.73291 0.162598
2 0 0 0
1 0 0 0
0.007568 -0.081945 0.030226
-0.312500 -0.023438 -0.960938
255 255 255 255
0.523926 0.318848
0.725098 0.156738
2 0 0 0
1 0 0 0
0.010114 -0.081945 0.018860
-0.312500 -0.015625 0.929688
255 255 255 255
0.54834 0.337891
0.731445 0.161621
2 0 0 0
1 0 0 0
-0.052101 -0.081945 -0.024905
-0.843750 -0.007813 -0.554688
255 255 255 255
0.129883 0.653809
0.504395 0.316406
2 0 0 0
1 0 0 0
-0.030062 -0.085176 -0.042823
-0.828125 -0.359375 -0.460938
255 255 255 255
0.259277 0.821289
0.523438 0.341797
2 0 0 0
1 0 0 0
-0.030620 -0.081945 -0.043472
-0.859375 -0.007813 -0.531250
255 255 255 255
0.273438 0.799805
0.525879 0.338379
2 0 0 0
1 0 0 0
-0.009199 -0.081945 -0.029631
0.523438 -0.023438 0.828125
255 255 255 255
1.474609 0.624512
0.524902 0.157715
2 0 0 0
1 0 0 0
-0.011539 -0.081945 -0.019710
0.679688 -0.007813 -0.726563
255 255 255 255
1.44873 0.604492
0.51709 0.151856
2 0 0 0
1 0 0 0
-0.007568 -0.081945 -0.030187
0.281250 -0.015625 0.937500
255 255 255 255
1.478027 0.625488
0.525879 0.158203
2 0 0 0
1 0 0 0
-0.007495 -0.087445 -0.030344
0.273438 -0.039063 0.937500
255 255 255 255
1.460449 0.647461
0.520508 0.164551
2 0 0 0
1 0 0 0
0.000000 -0.081945 -0.031888
-0.007813 -0.007813 0.984375
255 255 255 255
1.500977 0.624023
0.532227 0.157715
2 0 0 0
1 0 0 0
-0.010114 -0.081945 -0.018855
0.289063 -0.015625 -0.953125
255 255 255 255
1.453613 0.607422
0.518555 0.152832
2 0 0 0
1 0 0 0
0.000000 -0.087445 -0.018905
-0.007813 -0.007813 -1.000000
255 255 255 255
1.500977 0.584473
0.532227 0.146484
2 0 0 0
1 0 0 0
0.000000 -0.081945 -0.018960
-0.007813 -0.007813 -1.000000
255 255 255 255
1.500977 0.616211
0.532227 0.155762
2 0 0 0
1 0 0 0
-0.030062 -0.078714 -0.042823
-0.828125 0.335938 -0.460938
255 255 255 255
0.286621 0.781738
0.527832 0.335938
2 0 0 0
1 0 0 0
-0.038386 -0.078714 -0.032458
-0.273438 0.320313 -0.914063
255 255 255 255
0.212891 0.71875
0.516602 0.326172
2 0 0 0
1 0 0 0
-0.009199 -0.081945 -0.029631
0.523438 -0.023438 0.828125
255 255 255 255
0.474609 0.624023
0.711426 0.239258
2 0 0 0
1 0 0 0
-0.011539 -0.081945 -0.019710
0.679688 -0.007813 -0.726563
255 255 255 255
0.448731 0.603516
0.70459 0.233887
2 0 0 0
1 0 0 0
-0.007568 -0.081945 -0.030187
0.281250 -0.015625 0.937500
255 255 255 255
0.478027 0.627441
0.712402 0.240234
2 0 0 0
1 0 0 0
0.000000 -0.081945 -0.031888
-0.007813 -0.007813 0.984375
255 255 255 255
0.500977 0.625488
0.71875 0.239746
2 0 0 0
1 0 0 0
-0.010114 -0.081945 -0.018855
0.289063 -0.015625 -0.953125
255 255 255 255
0.453613 0.606934
0.706055 0.234375
2 0 0 0
1 0 0 0
0.000000 -0.081945 -0.018960
-0.007813 -0.007813 -1.000000
255 255 255 255
0.500977 0.615723
0.71875 0.236816
2 0 0 0
1 0 0 0
0.000000 -0.076445 -0.018905
-0.007813 -0.007813 -1.000000
255 255 255 255
0.500977 0.583496
0.71875 0.228516
2 0 0 0
1 0 0 0
0.052227 -0.081945 -0.024905
0.820313 -0.007813 -0.554688
255 255 255 255
0.872559 0.653809
0.615723 0.316406
2 0 0 0
1 0 0 0
0.030620 -0.081945 -0.043472
0.835938 -0.007813 -0.531250
255 255 255 255
0.728516 0.799805
0.594238 0.338379
2 0 0 0
1 0 0 0
0.038440 -0.085176 -0.032456
0.242188 -0.343750 -0.914063
255 255 255 255
0.806152 0.759766
0.605957 0.33252
2 0 0 0
1 0 0 0
0.009198 -0.081945 -0.029631
-0.546875 -0.023438 0.828125
255 255 255 255
1.527344 0.624512
0.540039 0.157715
2 0 0 0
1 0 0 0
0.011539 -0.081945 -0.019710
-0.703125 -0.007813 -0.726563
255 255 255 255
1.553223 0.604492
0.547363 0.151856
2 0 0 0
1 0 0 0
0.007495 -0.087445 -0.030344
-0.296875 -0.039063 0.937500
255 255 255 255
1.541992 0.647461
0.543945 0.164551
2 0 0 0
1 0 0 0
0.007568 -0.081945 -0.030187
-0.304688 -0.015625 0.937500
255 255 255 255
1.523926 0.625488
0.539063 0.158203
2 0 0 0
1 0 0 0
0.010114 -0.081945 -0.018855
-0.312500 -0.015625 -0.953125
255 255 255 255
1.54834 0.607422
0.545898 0.152832
2 0 0 0
1 0 0 0
0.009972 -0.087445 -0.018833
-0.281250 -0.007813 -0.968750
255 255 255 255
1.556152 0.583984
0.54834 0.145996
2 0 0 0
1 0 0 0
0.030062 -0.078714 -0.042823
0.804688 0.335938 -0.460938
255 255 255 255
0.715332 0.781738
0.592285 0.335938
2 0 0 0
1 0 0 0
0.033494 -0.078714 -0.032915
0.429688 0.320313 -0.835938
255 255 255 255
0.753906 0.724121
0.598145 0.327148
2 0 0 0
1 0 0 0
0.009198 -0.081945 -0.029631
-0.546875 -0.023438 0.828125
255 255 255 255
0.527344 0.624023
0.726074 0.239258
2 0 0 0
1 0 0 0
0.011539 -0.081945 -0.019710
-0.703125 -0.007813 -0.726563
255 255 255 255
0.553223 0.603516
0.73291 0.233887
2 0 0 0
1 0 0 0
0.007568 -0.081945 -0.030187
-0.304688 -0.015625 0.937500
255 255 255 255
0.523926 0.627441
0.725098 0.240234
2 0 0 0
1 0 0 0
0.010114 -0.081945 -0.018855
-0.312500 -0.015625 -0.953125
255 255 255 255
0.54834 0.606934
0.731445 0.234375
2 0 0 0
1 0 0 0
1324
75 462 73
73 461 75
74 461 73
73 908 74
74 908 78
78 464 74
77 464 78
78 911 77
77 911 463
463 910 77
76 910 463
463 909 76
76 909 72
72 912 76
459 912 72
72 907 459
459 907 458
458 906 459
71 906 458
458 905 71
71 905 69
69 904 71
70 904 69
69 903 70
70 903 68
68 460 70
66 460 68
68 902 66
66 902 456
456 457 66
65 457 456
456 67 65
65 67 465
465 466 65
79 466 465
465 913 79
79 913 467
467 470 79
81 470 467
467 915 81
81 915 82
82 914 81
80 914 82
82 916 80
80 916 468
468 917 80
469 917 468
468 918 469
469 918 83
83 923 469
88 923 83
83 921 88
88 921 474
474 920 88
87 920 474
474 922 87
87 922 85
85 475 87
84 475 85
85 919 84
84 919 471
471 472 84
86 472 471
471 473 86
650 652 651
651 648 650
963 650 648
648 649 963
656 963 649
649 968 656
966 656 968
968 653 966
655 966 653
653 964 655
965 655 964
964 654 965
647 965 654
654 967 647
961 647 967
967 646 961
645 961 646
646 960 645
959 645 960
960 642 959
644 959 642
642 957 644
958 644 957
957 643 958
641 958 643
643 962 641
956 641 962
962 640 956
639 956 640
640 636 639
638 639 636
636 637 638
658 638 637
637 657 658
969 658 657
657 659 969
663 969 659
659 975 663
971 663 975
975 660 971
662 971 660
660 970 662
972 662 970
970 661 972
665 972 661
661 973 665
974 665 973
973 664 974
672 974 664
664 982 672
979 672 982
982 978 979
671 979 978
978 673 671
981 671 673
673 980 981
667 981 980
980 674 667
977 667 674
674 976 977
666 977 976
976 668 666
670 666 668
668 669 670
698 699 688
688 691 698
690 691 688
688 689 690
690 689 696
696 695 690
695 696 697
697 693 695
989 693 697
697 988 989
692 989 988
988 694 692
692 694 991
991 990 692
990 991 686
686 685 990
986 685 686
686 987 986
986 987 684
684 985 986
683 985 684
684 983 683
683 983 681
681 984 683
682 984 681
681 687 682
682 687 679
679 680 682
675 680 679
679 676 675
675 676 677
677 678 675
700 678 677
677 701 700
700 701 702
702 703 700
705 703 702
702 710 705
705 710 706
706 992 705
704 992 706
706 993 704
704 993 707
707 994 704
995 994 707
707 996 995
995 996 709
709 708 995
999 708 709
709 1000 999
717 999 1000
1000 715 717
717 715 997
997 998 717
998 997 719
719 716 998
718 716 719
719 720 718
713 718 720
720 714 713
713 714 711
711 712 713
722 712 711
711 721 722
579 578 96
96 578 582
578 579 196
943 582 578
581 578 196
576 943 578
581 584 578
584 577 578
942 576 578
942 575 576
103 575 942
577 553 578
577 89 553
578 194 942
942 183 103
103 183 936
936 552 103
936 551 552
618 553 89
618 89 626
618 626 622
555 551 936
936 178 555
555 937 551
622 619 618
555 178 181
555 182 937
618 619 620
181 561 555
560 182 555
620 623 618
561 557 555
556 560 555
555 557 558
555 180 556
559 180 555
623 212 618
618 212 952
618 952 616
618 616 951
951 616 617
951 617 128
951 211 618
128 206 951
618 211 624
946 206 128
128 596 946
624 625 618
946 596 597
625 213 618
618 213 621
946 597 598
598 203 946
597 947 598
603 203 598
947 602 598
603 598 604
121 598 602
604 598 205
599 598 121
600 205 598
598 599 204
601 598 204
601 605 598
778 1022 1023
1023 770 778
779 274 1022
1023 1022 274
259 257 770
761 257 259
761 760 1065
259 760 761
327 316 1065
1065 1064 327
846 1064 1065
1065 760 846
846 760 259
770 737 259
1024 737 770
770 1023 1024
274 260 1023
1024 1023 260
259 737 833
833 307 259
259 307 846
833 737 1024
841 846 307
1064 846 841
847 327 1064
1064 1063 847
841 1063 1064
260 258 1024
1024 1025 833
1025 1024 258
307 833 828
828 833 1025
828 1123 307
307 1123 841
840 841 1123
1063 841 840
317 847 1063
1063 1062 317
840 1062 1063
258 234 1025
1026 1025 234
1025 1026 828
1123 828 740
740 828 1026
740 236 1123
1123 236 840
1135 840 236
1062 840 1135
759 317 1062
1062 1061 759
1135 1061 1062
234 738 1026
1027 1026 738
1026 1027 740
236 740 742
742 740 1027
742 238 236
236 238 1135
758 1135 238
1061 1135 758
305 759 1061
1061 1060 305
758 1060 1061
738 739 1027
1028 1027 739
1027 1028 742
238 742 743
743 742 1028
743 832 238
238 832 758
842 758 832
1060 758 842
319 305 1060
1060 1059 319
842 1059 1060
739 741 1028
1029 1028 741
1028 1029 743
832 743 829
829 743 1029
829 306 832
832 306 842
1134 842 306
1059 842 1134
1057 319 1059
1059 1058 1057
1134 1058 1059
741 237 1029
1030 1029 237
1029 1030 829
306 829 1124
1124 829 1030
1124 1125 306
306 1125 1134
844 1134 1125
1058 1134 844
318 1057 1058
1058 1056 318
844 1056 1058
237 239 1030
1031 1030 239
1030 1031 1124
1125 1124 746
746 1124 1031
746 241 1125
1125 241 844
843 844 241
1056 844 843
320 318 1056
1056 1055 320
843 1055 1056
239 744 1031
1032 1031 744
1031 1032 746
241 746 830
830 746 1032
830 308 241
241 308 843
845 843 308
1055 843 845
321 320 1055
1055 1054 321
845 1054 1055
744 745 1032
1033 1032 745
1032 1033 830
308 830 831
831 830 1033
831 310 308
308 310 845
331 310 831
845 310 331
331 874 845
845 874 1053
1053 1054 845
339 321 1054
1054 1053 339
745 242 1033
1034 1033 242
1033 1034 831
831 859 331
831 1034 1035
1035 859 831
858 331 859
874 331 858
242 309 1034
1035 1034 309
858 757 874
874 757 1052
1052 1053 874
338 339 1053
1053 1052 338
859 245 858
859 1035 1036
1036 245 859
309 243 1035
1036 1035 243
1144 858 245
757 858 1144
1144 1152 757
757 1152 1051
1051 1052 757
756 338 1052
1052 1051 756
245 747 1144
245 1036 1038
1038 747 245
243 244 1036
1038 1036 244
857 1144 747
1152 1144 857
857 873 1152
1152 873 1050
1050 1051 1152
337 756 1051
1051 1050 337
747 247 857
747 1038 1039
1039 247 747
244 1037 1038
1039 1038 1037
248 857 247
873 857 248
248 1153 873
873 1153 1049
1049 1050 873
250 337 1050
1050 1049 250
247 749 248
247 1039 1040
1040 749 247
1037 748 1039
1040 1039 748
860 248 749
1153 248 860
860 755 1153
1153 755 1048
1048 1049 1153
754 250 1049
1049 1048 754
749 1145 860
749 1040 1041
1041 1145 749
748 246 1040
1041 1040 246
1047 1048 755
752 754 1048
1048 1047 752
246 750 1041
1145 1041 1042
1042 1041 750
1042 855 1145
750 330 1042
1043 1042 330
855 1042 1043
1043 856 855
330 862 1043
1044 1043 862
856 1043 1044
862 335 1044
353 3 355
5 355 3
3 356 5
355 354 353
351 353 354
885 5 356
356 884 885
354 352 351
348 351 352
357 885 884
884 6 357
352 349 348
347 348 349
359 357 6
6 358 359
349 350 347
404 347 350
361 359 358
358 360 361
350 405 404
402 404 405
363 361 360
360 362 363
405 403 402
24 402 403
365 363 362
362 364 365
403 401 24
399 24 401
887 365 364
364 886 887
401 400 399
21 399 400
367 887 886
886 366 367
400 22 21
605 554 598
600 598 553
553 179 600
553 948 179
553 953 948
621 953 553
114 553 554
554 553 598
553 618 621
555 553 114
555 114 562
555 562 559
553 555 558
558 184 553
553 184 938
553 938 944
553 944 197
197 578 553
197 580 578
583 578 580
195 578 583
195 194 578
949 608 150
189 150 608
608 949 606
609 189 608
608 209 609
611 209 608
611 608 614
614 608 188
207 608 606
207 606 607
207 607 144
188 608 565
564 188 565
208 608 207
144 613 207
627 613 144
144 628 627
627 628 215
564 565 566
573 564 566
939 573 566
215 629 627
214 627 629
215 955 629
566 192 939
629 633 214
955 632 629
566 567 192
629 631 633
629 632 216
566 191 567
218 631 629
629 216 630
629 630 217
629 217 954
954 634 629
566 569 191
940 569 566
187 940 566
187 566 185
185 563 187
572 563 185
193 185 566
185 571 572
566 570 193
572 571 585
585 587 572
566 568 570
585 586 587
190 568 566
585 589 586
198 589 585
589 945 586
198 593 589
945 589 168
593 591 589
200 168 589
589 591 202
590 200 589
589 201 590
592 201 589
592 589 594
594 589 199
565 589 202
199 589 565
202 595 565
199 565 588
941 565 595
941 574 565
565 574 190
190 566 565
588 565 629
634 588 629
218 629 565
565 635 218
950 635 565
950 565 615
210 615 565
565 608 210
608 610 210
612 610 608
208 612 608
780 267 268
783 267 780
268 1091 780
780 784 783
1094 1091 268
268 1093 1094
783 784 781
781 782 783
1095 1094 1093
1093 283 1095
782 781 1092
1092 785 782
1095 283 1114
1114 1113 1095
785 1092 1096
1096 270 785
1113 1114 289
289 1111 1113
1097 270 1096
1096 1098 1097
805 1111 289
289 290 805
1097 1098 1115
1115 1116 1097
805 290 808
808 807 805
292 1116 1115
1115 1112 292
806 807 808
1112 806 809
809 292 1112
808 809 806
281 272 791
791 272 794
791 1101 281
794 793 791
281 1101 1103
281 1103 1104
1104 796 281
792 793 794
794 795 792
821 796 1104
1104 1121 821
1102 792 795
795 273 1102
821 1121 1119
1105 1102 273
273 797 1105
821 1119 820
820 301 821
1106 1105 797
797 1107 1106
825 301 820
820 826 825
1106 1107 810
810 1122 1106
825 826 823
823 824 825
1122 810 300
1120 300 824
824 823 1120
300 1120 1122
839 314 1131
1131 314 1132
1131 1127 839
312 839 1127
1132 1133 1131
1127 836 312
838 312 836
1150 1133 1132
1132 1151 1150
836 837 838
1150 1151 868
868 1147 1150
838 837 835
835 834 838
1147 868 333
333 865 1147
311 834 835
835 1126 311
865 333 866
866 867 865
311 1126 1128
1128 1129 311
863 867 866
866 864 863
1129 1128 1130
1130 328 1129
863 864 334
334 1146 863
1148 328 1130
334 1148 1149
1149 1146 334
1130 1149 1148
848 324 322
851 324 848
322 1136 848
848 852 851
322 1138 1136
851 852 849
849 850 851
1139 1138 322
322 853 1139
850 849 1137
1137 326 850
1139 853 877
877 1156 1139
326 1137 1140
1140 854 326
877 1154 1156
854 1140 1141
1141 1142 854
875 1154 877
877 340 875
870 1142 1141
1141 1157 870
875 340 880
880 879 875
341 870 1157
1157 1155 341
878 879 880
1155 878 881
881 341 1155
880 881 878
295 0 883
1046 883 0
0 1 1046
883 1087 295
302 295 1087
812 1087 883
883 1046 346
346 345 883
883 345 812
1045 1046 1
872 346 1046
1046 1045 872
812 345 798
798 345 346
2 346 872
346 2 798
1 751 1045
1087 1086 302
818 1086 1087
1087 812 818
798 285 812
818 812 285
819 302 1086
1047 1045 751
753 872 1045
1045 1047 753
1143 872 753
872 1143 2
397 21 22
10 367 366
366 368 10
22 398 397
396 397 398
370 10 368
368 369 370
398 23 396
394 396 23
9 370 369
369 8 9
23 395 394
890 394 395
372 9 8
8 371 372
395 891 890
392 890 891
373 372 371
371 11 373
891 393 392
390 392 393
375 373 11
11 374 375
393 391 390
388 390 391
15 375 374
374 376 15
391 389 388
386 388 389
378 15 376
376 377 378
389 387 386
19 386 387
380 378 377
377 379 380
387 385 19
888 19 385
14 380 379
379 13 14
385 889 888
384 888 889
382 14 13
13 381 382
889 18 384
16 384 18
381 16 383
383 382 381
18 383 16
25 406 27
27 407 25
64 25 407
409 27 406
406 408 409
407 455 64
454 64 455
411 409 408
408 410 411
455 901 454
62 454 901
30 411 410
410 29 30
901 63 62
452 62 63
413 30 29
29 412 413
63 453 452
451 452 453
32 413 412
412 31 32
453 60 451
449 451 60
33 32 31
31 414 33
60 450 449
899 449 450
893 33 414
414 892 893
450 900 899
448 899 900
416 893 892
892 415 416
900 56 448
446 448 56
418 416 415
415 417 418
56 447 446
444 446 447
420 418 417
417 419 420
447 445 444
442 444 445
422 420 419
419 421 422
445 443 442
440 442 443
36 422 421
421 423 36
443 441 440
897 440 441
895 36 423
423 894 895
441 898 897
439 897 898
425 895 894
894 424 425
898 53 439
51 439 53
40 425 424
424 426 40
53 52 51
437 51 52
428 40 426
426 427 428
52 438 437
49 437 438
43 428 427
427 42 43
438 50 49
435 49 50
896 43 42
42 429 896
50 436 435
433 435 436
430 896 429
429 44 430
436 434 433
432 433 434
431 430 44
44 45 431
45 432 47
434 47 432
47 431 45
476 90 91
94 91 90
90 93 94
91 92 476
138 476 92
478 94 93
93 477 478
92 139 138
507 138 139
479 478 477
477 95 479
139 508 507
136 507 508
481 479 95
95 480 481
508 137 136
505 136 137
99 481 480
480 482 99
137 506 505
135 505 506
98 99 482
482 97 98
506 134 135
503 135 134
483 98 97
97 924 483
134 504 503
928 503 504
484 483 924
924 100 484
504 929 928
132 928 929
102 484 100
100 101 102
929 133 132
130 132 133
104 102 101
101 485 104
133 131 130
502 130 131
106 104 485
485 105 106
131 129 502
126 502 129
108 106 105
105 107 108
129 127 126
125 126 127
926 108 107
107 925 926
127 501 125
927 125 501
487 926 925
925 486 487
501 500 927
122 927 500
109 487 486
486 110 109
500 123 122
499 122 123
489 109 110
110 488 489
123 124 499
497 499 124
112 489 488
488 111 112
124 498 497
120 497 498
491 112 111
111 490 491
498 496 120
494 120 496
113 491 490
490 492 113
496 495 494
118 494 495
115 113 492
492 493 115
495 119 118
116 118 119
493 116 117
117 115 493
119 117 116
140 509 510
510 142 140
176 140 142
511 510 509
509 141 511
142 177 176
550 176 177
513 511 141
141 512 513
177 175 550
549 550 175
515 513 512
512 514 515
175 174 549
547 549 174
517 515 514
514 516 517
174 548 547
171 547 548
518 517 516
516 930 518
548 172 171
546 171 172
520 518 930
930 519 520
172 173 546
170 546 173
143 520 519
519 521 143
173 545 170
544 170 545
145 143 521
521 522 145
545 169 544
934 544 169
147 145 522
522 146 147
169 935 934
166 934 935
149 147 146
2 1143 856
856 861 2
798 2 861
799 285 798
798 723 799
861 723 798
751 752 1047
1086 1085 819
814 1085 1086
1086 818 814
814 818 287
285 287 818
804 287 285
285 799 804
296 819 1085
753 249 1143
755 753 1047
249 753 755
855 856 1143
1143 249 855
799 723 1002
1002 723 861
1044 861 856
861 1044 1002
804 799 1001
1002 1001 799
1085 1084 296
813 1084 1085
1085 814 813
813 814 1108
287 1108 814
800 1108 287
287 804 800
800 804 1003
1001 1003 804
256 296 1084
1145 855 249
755 860 249
249 860 1145
1001 1002 284
1002 1044 335
335 284 1002
284 294 1001
1003 1001 294
1084 1083 256
1118 1083 1084
1084 813 1118
1108 221 813
1118 813 221
726 221 1108
1108 800 726
726 800 1004
1003 1004 800
294 219 1003
1004 1003 219
769 256 1083
1083 1082 769
255 1082 1083
1083 1118 255
221 223 1118
255 1118 223
728 223 221
221 726 728
1004 1005 726
728 726 1005
219 724 1004
1005 1004 724
254 769 1082
1082 1081 254
815 1081 1082
1082 255 815
223 803 255
815 255 803
729 803 223
223 728 729
1005 1006 728
729 728 1006
724 725 1005
1006 1005 725
1079 254 1081
1081 1080 1079
1117 1080 1081
1081 815 1117
1117 815 286
803 286 815
801 286 803
803 729 801
1006 1007 729
801 729 1007
725 727 1006
1007 1006 727
297 1079 1080
1080 1078 297
817 1078 1080
1080 1117 817
286 1110 1117
817 1117 1110
1109 1110 286
286 801 1109
1109 801 1008
1007 1008 801
727 222 1007
1008 1007 222
298 297 1078
1078 1077 298
816 1077 1078
1078 817 816
816 817 226
1110 226 817
732 226 1110
1110 1109 732
1008 1009 1109
732 1109 1009
222 224 1008
1009 1008 224
279 298 1077
1077 1076 279
789 1076 1077
1077 816 789
226 288 816
789 816 288
802 288 226
226 732 802
802 732 1010
1009 1010 732
224 730 1009
1010 1009 730
278 279 1076
1076 1075 278
1075 1076 789
288 802 776
776 264 288
288 264 789
1010 1011 802
776 802 1011
730 731 1010
1011 1010 731
789 264 263
789 788 1075
263 788 789
263 264 776
276 278 1075
1075 1074 276
1074 1075 788
731 227 1011
1011 1012 776
1012 1011 227
776 775 263
776 1012 1013
1013 775 776
774 263 775
788 263 774
774 768 788
788 768 1074
227 265 1012
1013 1012 265
767 276 1074
1074 1073 767
1073 1074 768
775 230 774
775 1013 1014
1014 230 775
265 228 1013
1014 1013 228
1089 774 230
768 774 1089
1089 1099 768
768 1099 1073
275 767 1073
1073 1072 275
1072 1073 1099
230 733 1089
230 1014 1016
1016 733 230
228 229 1014
1016 1014 229
773 1089 733
1099 1089 773
773 787 1099
1099 787 1072
253 275 1072
1072 1071 253
1071 1072 787
733 232 773
733 1016 1017
1017 232 733
229 1015 1016
1017 1016 1015
233 773 232
787 773 233
233 1100 787
787 1100 1071
765 253 1071
1071 1070 765
1070 1071 1100
232 735 233
232 1017 1018
1018 735 232
1015 734 1017
1018 1017 734
777 233 735
1100 233 777
777 766 1100
1100 766 1070
763 765 1070
1070 1069 763
1069 1070 766
735 1090 777
735 1018 1019
1019 1090 735
734 231 1018
1019 1018 231
252 777 1090
766 777 252
252 764 766
766 764 1069
762 763 1069
1069 1068 762
1068 1069 764
1090 771 252
1090 1019 1020
1020 771 1090
231 736 1019
1020 1019 736
1088 252 771
764 252 1088
1088 786 764
764 786 1068
251 762 1068
1068 1067 251
1067 1068 786
771 772 1088
771 1020 1021
1021 772 771
736 261 1020
1021 1020 261
262 1088 772
786 1088 262
262 790 786
786 790 1067
277 251 1067
1067 1066 277
1066 1067 790
772 778 262
772 1021 1022
1022 778 772
261 779 1021
1022 1021 779
257 262 778
790 262 257
257 761 790
790 761 1066
316 277 1066
1066 1065 316
1065 1066 761
778 770 257
146 148 149
935 167 166
164 166 167
932 149 148
148 931 932
167 165 164
543 164 165
151 932 931
931 523 151
165 163 543
542 543 163
153 151 523
523 152 153
163 186 542
540 542 186
525 153 152
152 524 525
186 541 540
933 540 541
155 525 524
524 154 155
541 539 933
537 933 539
527 155 154
154 526 527
539 538 537
535 537 538
156 527 526
526 528 156
538 536 535
533 535 536
157 156 528
528 529 157
536 534 533
162 533 534
159 157 529
529 158 159
534 532 162
530 162 532
161 159 158
158 160 161
160 530 531
532 531 530
531 161 160
m2_Material__732
2
14

0

0

0

0

0

0

0

0

0

0

0

0

0

0
473
-0.004231 -0.593160 0.000000
-0.265625 -0.031250 0.945313
255 255 255 255
0.824219 0.258301
0.822266 0.383301
2 0 0 0
1 0 0 0
-0.013677 -0.428697 0.000000
-0.265625 -0.023438 0.945313
255 255 255 255
0.824219 0.393066
0.822266 0.570313
2 0 0 0
1 0 0 0
0.004422 -0.468565 0.004358
-0.265625 -0.023438 0.945313
255 255 255 255
0.887695 0.35791
0.856445 0.521484
2 0 0 0
1 0 0 0
0.060343 -0.846201 0.003667
-0.007813 -0.007813 0.984375
255 255 255 255
0.947266 0.039551
0.888672 0.07959
2 0 0 0
1 0 0 0
0.042824 -0.828106 0.004135
-0.007813 -0.007813 0.984375
255 255 255 255
0.89209 0.058594
0.858887 0.105469
2 0 0 0
1 0 0 0
0.054804 -0.814136 0.004076
-0.007813 -0.007813 0.984375
255 255 255 255
0.947266 0.068359
0.888672 0.119141
2 0 0 0
1 0 0 0
0.004422 -0.468565 0.004358
-0.007813 -0.007813 0.984375
255 255 255 255
0.887695 0.35791
0.856445 0.521484
2 0 0 0
1 0 0 0
-0.001067 -0.263548 0.004358
-0.007813 -0.007813 0.984375
255 255 255 255
0.887695 0.527832
0.856445 0.757813
2 0 0 0
1 0 0 0
0.014119 -0.263511 0.004076
-0.007813 -0.007813 0.984375
255 255 255 255
0.947266 0.527832
0.888672 0.757813
2 0 0 0
1 0 0 0
0.017726 -0.426681 0.004076
-0.007813 -0.007813 0.984375
255 255 255 255
0.947266 0.393066
0.888672 0.570313
2 0 0 0
1 0 0 0
0.024291 -0.548670 0.004075
-0.007813 -0.007813 0.984375
255 255 255 255
0.947266 0.285156
0.888672 0.42041
2 0 0 0
1 0 0 0
0.015501 -0.631789 0.004361
-0.007813 -0.007813 0.984375
255 255 255 255
0.887695 0.228027
0.856445 0.34082
2 0 0 0
1 0 0 0
0.034314 -0.785354 0.004454
-0.007813 -0.007813 0.984375
255 255 255 255
0.887695 0.095703
0.856445 0.157715
2 0 0 0
1 0 0 0
0.045016 -0.750584 0.004076
-0.007813 -0.007813 0.984375
255 255 255 255
0.947266 0.124512
0.888672 0.197754
2 0 0 0
1 0 0 0
0.034867 -0.670097 0.004076
-0.007813 -0.007813 0.984375
255 255 255 255
0.947266 0.191406
0.888672 0.290039
2 0 0 0
1 0 0 0
0.014407 -0.100318 0.004076
-0.007813 -0.007813 0.984375
255 255 255 255
0.947266 0.693359
0.888672 0.987305
2 0 0 0
1 0 0 0
0.014567 -0.181881 0.004076
-0.007813 -0.007813 0.984375
255 255 255 255
0.947266 0.603516
0.888672 0.862793
2 0 0 0
1 0 0 0
-0.000754 -0.099441 0.004358
-0.007813 -0.007813 0.984375
255 255 255 255
0.887695 0.693359
0.856445 0.987305
2 0 0 0
1 0 0 0
0.015547 -0.345136 -0.004076
-0.007813 -0.007813 -1.000000
255 255 255 255
1.947754 0.463867
0.993164 0.65918
2 0 0 0
1 0 0 0
-0.001067 -0.263548 -0.004358
-0.007813 -0.007813 -1.000000
255 255 255 255
1.887695 0.527832
0.959961 0.750977
2 0 0 0
1 0 0 0
0.004422 -0.468565 -0.004358
-0.007813 -0.007813 -1.000000
255 255 255 255
1.887695 0.35791
0.959961 0.508301
2 0 0 0
1 0 0 0
0.017726 -0.426681 -0.004076
-0.007813 -0.007813 -1.000000
255 255 255 255
1.947754 0.393066
0.993164 0.558106
2 0 0 0
1 0 0 0
0.027162 -0.589235 -0.004076
-0.007813 -0.007813 -1.000000
255 255 255 255
1.947754 0.258301
0.993164 0.365723
2 0 0 0
1 0 0 0
0.015501 -0.631789 -0.004361
-0.007813 -0.007813 -1.000000
255 255 255 255
1.887695 0.228027
0.959961 0.322266
2 0 0 0
1 0 0 0
0.045016 -0.750584 -0.004076
-0.007813 -0.007813 -1.000000
255 255 255 255
1.947754 0.124512
0.993164 0.174316
2 0 0 0
1 0 0 0
0.034314 -0.785354 -0.004454
-0.007813 -0.007813 -1.000000
255 255 255 255
1.887695 0.095703
0.959961 0.133301
2 0 0 0
1 0 0 0
0.060343 -0.846201 -0.003667
-0.007813 -0.007813 -1.000000
255 255 255 255
1.947754 0.039551
0.993164 0.053223
2 0 0 0
1 0 0 0
0.042824 -0.828106 -0.004135
-0.007813 -0.007813 -1.000000
255 255 255 255
1.89209 0.058594
0.962402 0.07959
2 0 0 0
1 0 0 0
0.014119 -0.263511 -0.004076
-0.007813 -0.007813 -1.000000
255 255 255 255
1.947754 0.527832
0.993164 0.750977
2 0 0 0
1 0 0 0
-0.000754 -0.099441 -0.004358
-0.007813 -0.007813 -1.000000
255 255 255 255
1.887695 0.693359
0.959961 0.987305
2 0 0 0
1 0 0 0
0.014407 -0.100318 -0.004076
-0.007813 -0.007813 -1.000000
255 255 255 255
1.947754 0.693359
0.993164 0.987305
2 0 0 0
1 0 0 0
0.019591 -0.467386 -0.004076
-0.007813 -0.007813 -1.000000
255 255 255 255
1.947754 0.35791
0.993164 0.508301
2 0 0 0
1 0 0 0
0.034867 -0.670097 -0.004076
-0.007813 -0.007813 -1.000000
255 255 255 255
1.947754 0.191406
0.993164 0.27002
2 0 0 0
1 0 0 0
0.050129 -0.858749 0.000000
-0.132813 -0.156250 -0.984375
255 255 255 255
1.887695 0.024414
0.959961 0.03125
2 0 0 0
1 0 0 0
0.060343 -0.846201 -0.003667
-0.093750 -0.203125 -0.984375
255 255 255 255
1.947754 0.039551
0.993164 0.053223
2 0 0 0
1 0 0 0
0.042824 -0.828106 -0.004135
-0.281250 -0.164063 -0.953125
255 255 255 255
1.89209 0.058594
0.962402 0.07959
2 0 0 0
1 0 0 0
0.028829 -0.826252 0.000000
-0.304688 -0.109375 -0.953125
255 255 255 255
1.826172 0.061035
0.925781 0.083496
2 0 0 0
1 0 0 0
0.066308 -0.867259 -0.000008
-0.070313 -0.156250 -0.992188
255 255 255 255
1.947754 0.013672
0.993164 0.016113
2 0 0 0
1 0 0 0
0.060343 -0.846201 0.003667
-0.093750 -0.203125 0.960938
255 255 255 255
0.947266 0.039551
0.888672 0.07959
2 0 0 0
1 0 0 0
0.050129 -0.858749 0.000000
-0.132813 -0.156250 0.960938
255 255 255 255
0.887207 0.024414
0.856445 0.058594
2 0 0 0
1 0 0 0
0.028829 -0.826252 0.000000
-0.304688 -0.109375 0.929688
255 255 255 255
0.826172 0.061035
0.823242 0.109375
2 0 0 0
1 0 0 0
0.066308 -0.867259 -0.000008
-0.039063 -0.085938 0.976563
255 255 255 255
0.947266 0.013672
0.888672 0.043945
2 0 0 0
1 0 0 0
0.042824 -0.828106 0.004135
-0.273438 -0.164063 0.929688
255 255 255 255
0.89209 0.058594
0.858887 0.105469
2 0 0 0
1 0 0 0
-0.001067 -0.263548 -0.004358
-0.265625 -0.015625 -0.968750
255 255 255 255
1.887695 0.527832
0.959961 0.750977
2 0 0 0
1 0 0 0
-0.017348 -0.263611 0.000000
-0.265625 -0.007813 -0.968750
255 255 255 255
1.824219 0.527832
0.924805 0.750977
2 0 0 0
1 0 0 0
-0.013677 -0.428697 0.000000
-0.265625 -0.023438 -0.968750
255 255 255 255
1.824219 0.393066
0.924805 0.558106
2 0 0 0
1 0 0 0
0.004422 -0.468565 -0.004358
-0.265625 -0.023438 -0.968750
255 255 255 255
1.887695 0.35791
0.959961 0.508301
2 0 0 0
1 0 0 0
-0.004231 -0.593160 0.000000
-0.265625 -0.031250 -0.968750
255 255 255 255
1.824219 0.258301
0.924805 0.365723
2 0 0 0
1 0 0 0
0.015501 -0.631789 -0.004361
-0.273438 -0.039063 -0.968750
255 255 255 255
1.887695 0.228027
0.959961 0.322266
2 0 0 0
1 0 0 0
0.004572 -0.674478 0.000000
-0.281250 -0.046875 -0.968750
255 255 255 255
1.824219 0.191406
0.924805 0.269531
2 0 0 0
1 0 0 0
-0.000754 -0.099441 -0.004358
-0.265625 -0.015625 -0.968750
255 255 255 255
1.887695 0.693359
0.959961 0.987305
2 0 0 0
1 0 0 0
-0.017464 -0.098475 0.000000
-0.265625 -0.015625 -0.968750
255 255 255 255
1.823242 0.693359
0.924316 0.987305
2 0 0 0
1 0 0 0
0.034314 -0.785354 -0.004454
-0.320313 -0.062500 -0.953125
255 255 255 255
1.887695 0.095703
0.959961 0.133301
2 0 0 0
1 0 0 0
0.021005 -0.787842 0.000000
-0.312500 -0.054688 -0.953125
255 255 255 255
1.824219 0.095703
0.924805 0.133301
2 0 0 0
1 0 0 0
0.042824 -0.828106 -0.004135
-0.312500 -0.109375 -0.953125
255 255 255 255
1.89209 0.058594
0.962402 0.07959
2 0 0 0
1 0 0 0
0.017162 -0.385880 0.000000
0.984375 -0.007813 -0.007813
255 255 255 255
0.971191 0.430176
0.901367 0.62207
2 0 0 0
1 0 0 0
0.014847 -0.263510 0.000000
0.984375 -0.007813 -0.007813
255 255 255 255
0.971191 0.527832
0.901367 0.757813
2 0 0 0
1 0 0 0
0.015547 -0.345136 -0.004076
0.960938 0.007813 -0.187500
255 255 255 255
0.992676 0.463867
0.913086 0.668457
2 0 0 0
1 0 0 0
0.017726 -0.426681 -0.004076
0.960938 0.023438 -0.187500
255 255 255 255
0.992676 0.393066
0.913086 0.570313
2 0 0 0
1 0 0 0
0.014119 -0.263511 0.004076
0.960938 -0.007813 0.164063
255 255 255 255
0.947266 0.527832
0.888672 0.757813
2 0 0 0
1 0 0 0
0.020318 -0.467329 0.000000
0.976563 0.039063 -0.007813
255 255 255 255
0.971191 0.35791
0.901367 0.521484
2 0 0 0
1 0 0 0
0.019591 -0.467386 -0.004076
0.960938 0.039063 -0.187500
255 255 255 255
0.992676 0.35791
0.913086 0.521484
2 0 0 0
1 0 0 0
0.017726 -0.426681 0.004076
0.960938 0.023438 0.164063
255 255 255 255
0.947266 0.393066
0.888672 0.570313
2 0 0 0
1 0 0 0
0.040313 -0.710261 0.000000
0.968750 0.109375 -0.007813
255 255 255 255
0.971191 0.157715
0.901367 0.243652
2 0 0 0
1 0 0 0
0.031371 -0.629599 0.000000
0.976563 0.085938 -0.007813
255 255 255 255
0.971191 0.228027
0.901367 0.34082
2 0 0 0
1 0 0 0
0.034867 -0.670097 -0.004076
0.960938 0.093750 -0.187500
255 255 255 255
0.992676 0.191406
0.913086 0.290039
2 0 0 0
1 0 0 0
0.045016 -0.750584 -0.004076
0.953125 0.125000 -0.187500
255 255 255 255
0.992676 0.124512
0.913086 0.197754
2 0 0 0
1 0 0 0
0.034867 -0.670097 0.004076
0.960938 0.093750 0.164063
255 255 255 255
0.947266 0.191406
0.888672 0.290039
2 0 0 0
1 0 0 0
0.015295 -0.181901 0.000000
0.984375 -0.007813 -0.007813
255 255 255 255
0.971191 0.603516
0.901367 0.862793
2 0 0 0
1 0 0 0
0.015133 -0.100360 0.000000
0.976563 -0.007813 0.046875
255 255 255 255
0.971191 0.693359
0.901367 0.987305
2 0 0 0
1 0 0 0
0.014407 -0.100318 -0.004076
0.960938 -0.007813 -0.187500
255 255 255 255
0.992676 0.693359
0.913086 0.987305
2 0 0 0
1 0 0 0
0.014119 -0.263511 -0.004076
0.960938 -0.007813 -0.187500
255 255 255 255
0.992676 0.527832
0.913086 0.757813
2 0 0 0
1 0 0 0
0.027162 -0.589235 -0.004076
0.960938 0.062500 -0.187500
255 255 255 255
0.992676 0.258301
0.913086 0.383301
2 0 0 0
1 0 0 0
0.025019 -0.548592 0.000000
0.976563 0.054688 -0.007813
255 255 255 255
0.971191 0.285156
0.901367 0.42041
2 0 0 0
1 0 0 0
0.060343 -0.846201 -0.003667
0.945313 0.179688 -0.203125
255 255 255 255
0.992676 0.039551
0.913086 0.07959
2 0 0 0
1 0 0 0
0.055522 -0.813987 0.000000
0.968750 0.156250 0.023438
255 255 255 255
0.971191 0.068359
0.901367 0.119141
2 0 0 0
1 0 0 0
0.014567 -0.181881 0.004076
0.960938 -0.015625 0.164063
255 255 255 255
0.947266 0.603516
0.888672 0.862793
2 0 0 0
1 0 0 0
0.024291 -0.548670 0.004075
0.960938 0.046875 0.164063
255 255 255 255
0.947266 0.285156
0.888672 0.42041
2 0 0 0
1 0 0 0
0.014407 -0.100318 0.004076
0.960938 -0.007813 0.164063
255 255 255 255
0.947266 0.693359
0.888672 0.987305
2 0 0 0
1 0 0 0
0.045016 -0.750584 0.004076
0.953125 0.125000 0.164063
255 255 255 255
0.947266 0.124512
0.888672 0.197754
2 0 0 0
1 0 0 0
0.054804 -0.814136 0.004076
0.953125 0.148438 0.156250
255 255 255 255
0.947266 0.068359
0.888672 0.119141
2 0 0 0
1 0 0 0
0.066308 -0.867259 -0.000008
0.953125 0.226563 -0.007813
255 255 255 255
0.971191 0.01416
0.901367 0.044434
2 0 0 0
1 0 0 0
0.060343 -0.846201 0.003667
0.945313 0.179688 0.179688
255 255 255 255
0.947266 0.039551
0.888672 0.07959
2 0 0 0
1 0 0 0
0.021005 -0.787842 0.000000
-0.312500 -0.054688 0.929688
255 255 255 255
0.824219 0.095703
0.822266 0.157227
2 0 0 0
1 0 0 0
0.004572 -0.674478 0.000000
-0.281250 -0.046875 0.945313
255 255 255 255
0.824219 0.191406
0.822266 0.290039
2 0 0 0
1 0 0 0
0.015501 -0.631789 0.004361
-0.273438 -0.039063 0.945313
255 255 255 255
0.887695 0.228027
0.856445 0.34082
2 0 0 0
1 0 0 0
0.034314 -0.785354 0.004454
-0.320313 -0.062500 0.929688
255 255 255 255
0.887695 0.095703
0.856445 0.157715
2 0 0 0
1 0 0 0
0.042824 -0.828106 0.004135
-0.312500 -0.109375 0.929688
255 255 255 255
0.89209 0.058594
0.858887 0.105469
2 0 0 0
1 0 0 0
-0.000754 -0.099441 0.004358
-0.265625 -0.015625 0.945313
255 255 255 255
0.887695 0.693359
0.856445 0.987305
2 0 0 0
1 0 0 0
-0.001067 -0.263548 0.004358
-0.265625 -0.015625 0.945313
255 255 255 255
0.887695 0.527832
0.856445 0.757813
2 0 0 0
1 0 0 0
-0.017348 -0.263611 0.000000
-0.265625 -0.007813 0.945313
255 255 255 255
0.824219 0.527832
0.822266 0.757324
2 0 0 0
1 0 0 0
-0.017464 -0.098475 0.000000
-0.265625 -0.015625 0.945313
255 255 255 255
0.822754 0.693359
0.821777 0.987305
2 0 0 0
1 0 0 0
-0.009546 -0.511044 0.000000
-0.265625 -0.023438 0.945313
255 255 255 255
0.824219 0.320801
0.822266 0.470215
2 0 0 0
1 0 0 0
-0.011827 -0.469879 0.000000
-0.265625 -0.023438 0.945313
255 255 255 255
0.824219 0.35791
0.822266 0.521484
2 0 0 0
1 0 0 0
0.051155 -0.840322 0.003826
-0.007813 -0.007813 0.984375
255 255 255 255
0.915527 0.046387
0.871582 0.089355
2 0 0 0
1 0 0 0
0.001271 -0.386637 0.004358
-0.007813 -0.007813 0.984375
255 255 255 255
0.887695 0.430176
0.856445 0.62207
2 0 0 0
1 0 0 0
-0.000546 -0.304591 0.004358
-0.007813 -0.007813 0.984375
255 255 255 255
0.887695 0.49707
0.856445 0.714844
2 0 0 0
1 0 0 0
0.014639 -0.304325 0.004076
-0.007813 -0.007813 0.984375
255 255 255 255
0.947266 0.49707
0.888672 0.714844
2 0 0 0
1 0 0 0
0.015547 -0.345136 0.004076
-0.007813 -0.007813 0.984375
255 255 255 255
0.947266 0.463867
0.888672 0.668457
2 0 0 0
1 0 0 0
0.009120 -0.550304 0.004357
-0.007813 -0.007813 0.984375
255 255 255 255
0.887695 0.285156
0.856445 0.42041
2 0 0 0
1 0 0 0
0.019591 -0.467386 0.004076
-0.007813 -0.007813 0.984375
255 255 255 255
0.947266 0.35791
0.888672 0.521484
2 0 0 0
1 0 0 0
0.021910 -0.508072 0.004076
-0.007813 -0.007813 0.984375
255 255 255 255
0.947266 0.320801
0.888672 0.470215
2 0 0 0
1 0 0 0
0.027162 -0.589235 0.004076
-0.007813 -0.007813 0.984375
255 255 255 255
0.947266 0.258301
0.888672 0.383301
2 0 0 0
1 0 0 0
0.024576 -0.712913 0.004336
-0.007813 -0.007813 0.984375
255 255 255 255
0.887695 0.157715
0.856445 0.243652
2 0 0 0
1 0 0 0
0.039564 -0.710387 0.004067
-0.007813 -0.007813 0.984375
255 255 255 255
0.947266 0.157715
0.888672 0.243652
2 0 0 0
1 0 0 0
0.049649 -0.781545 0.004115
-0.007813 -0.007813 0.984375
255 255 255 255
0.947266 0.095703
0.888672 0.157715
2 0 0 0
1 0 0 0
0.014554 -0.141099 0.004076
-0.007813 -0.007813 0.984375
255 255 255 255
0.947266 0.643066
0.888672 0.917481
2 0 0 0
1 0 0 0
-0.000613 -0.181461 0.004358
-0.007813 -0.007813 0.984375
255 255 255 255
0.887695 0.603516
0.856445 0.862793
2 0 0 0
1 0 0 0
0.014267 -0.222697 0.004076
-0.007813 -0.007813 0.984375
255 255 255 255
0.947266 0.560059
0.888672 0.802246
2 0 0 0
1 0 0 0
0.016435 -0.385915 0.004075
-0.007813 -0.007813 0.984375
255 255 255 255
0.947266 0.430176
0.888672 0.62207
2 0 0 0
1 0 0 0
0.030650 -0.629699 0.004077
-0.007813 -0.007813 0.984375
255 255 255 255
0.947266 0.228027
0.888672 0.34082
2 0 0 0
1 0 0 0
0.047373 -0.836565 -0.003902
-0.007813 -0.007813 -1.000000
255 255 255 255
1.903809 0.050293
0.96875 0.068359
2 0 0 0
1 0 0 0
0.054804 -0.814136 -0.004076
-0.007813 -0.007813 -1.000000
255 255 255 255
1.947754 0.068359
0.993164 0.09375
2 0 0 0
1 0 0 0
0.014554 -0.141099 -0.004076
-0.007813 -0.007813 -1.000000
255 255 255 255
1.947754 0.643066
0.993164 0.915527
2 0 0 0
1 0 0 0
-0.000546 -0.304591 -0.004358
-0.007813 -0.007813 -1.000000
255 255 255 255
1.887695 0.49707
0.959961 0.706543
2 0 0 0
1 0 0 0
0.001271 -0.386637 -0.004358
-0.007813 -0.007813 -1.000000
255 255 255 255
1.887695 0.430176
0.959961 0.611328
2 0 0 0
1 0 0 0
0.016435 -0.385915 -0.004076
-0.007813 -0.007813 -1.000000
255 255 255 255
1.947754 0.430176
0.993164 0.611328
2 0 0 0
1 0 0 0
0.021910 -0.508072 -0.004076
-0.007813 -0.007813 -1.000000
255 255 255 255
1.947754 0.320801
0.993164 0.455078
2 0 0 0
1 0 0 0
0.009120 -0.550304 -0.004357
-0.007813 -0.007813 -1.000000
255 255 255 255
1.887695 0.285156
0.959961 0.403809
2 0 0 0
1 0 0 0
0.039564 -0.710387 -0.004067
-0.007813 -0.007813 -1.000000
255 255 255 255
1.947754 0.157715
0.993164 0.22168
2 0 0 0
1 0 0 0
0.024576 -0.712913 -0.004336
-0.007813 -0.007813 -1.000000
255 255 255 255
1.887695 0.157715
0.959961 0.22168
2 0 0 0
1 0 0 0
0.014639 -0.304325 -0.004076
-0.007813 -0.007813 -1.000000
255 255 255 255
1.947754 0.49707
0.993164 0.706543
2 0 0 0
1 0 0 0
-0.000613 -0.181461 -0.004358
-0.007813 -0.007813 -1.000000
255 255 255 255
1.887695 0.603516
0.959961 0.858887
2 0 0 0
1 0 0 0
0.014567 -0.181881 -0.004076
-0.007813 -0.007813 -1.000000
255 255 255 255
1.947754 0.603516
0.993164 0.858887
2 0 0 0
1 0 0 0
0.024291 -0.548670 -0.004075
-0.007813 -0.007813 -1.000000
255 255 255 255
1.947754 0.285156
0.993164 0.403809
2 0 0 0
1 0 0 0
0.030650 -0.629699 -0.004077
-0.007813 -0.007813 -1.000000
255 255 255 255
1.947754 0.228027
0.993164 0.322266
2 0 0 0
1 0 0 0
0.014267 -0.222697 -0.004076
-0.007813 -0.007813 -1.000000
255 255 255 255
1.947754 0.560059
0.993164 0.796875
2 0 0 0
1 0 0 0
0.049649 -0.781545 -0.004115
-0.007813 -0.007813 -1.000000
255 255 255 255
1.947754 0.095703
0.993164 0.133301
2 0 0 0
1 0 0 0
0.047373 -0.836565 -0.003902
-0.242188 -0.187500 -0.960938
255 255 255 255
1.903809 0.050293
0.96875 0.068359
2 0 0 0
1 0 0 0
0.034961 -0.840038 0.000000
-0.273438 -0.164063 -0.953125
255 255 255 255
1.836426 0.04541
0.931152 0.061523
2 0 0 0
1 0 0 0
0.051155 -0.840322 0.003826
-0.187500 -0.203125 0.945313
255 255 255 255
0.915527 0.046387
0.871582 0.089355
2 0 0 0
1 0 0 0
0.034961 -0.840038 0.000000
-0.281250 -0.164063 0.929688
255 255 255 255
0.835938 0.04541
0.828613 0.087891
2 0 0 0
1 0 0 0
-0.017199 -0.222317 0.000000
-0.265625 -0.007813 -0.968750
255 255 255 255
1.824219 0.560059
0.924805 0.796875
2 0 0 0
1 0 0 0
-0.000546 -0.304591 -0.004358
-0.265625 -0.015625 -0.968750
255 255 255 255
1.887695 0.49707
0.959961 0.706543
2 0 0 0
1 0 0 0
-0.016826 -0.304905 0.000000
-0.265625 -0.015625 -0.968750
255 255 255 255
1.824219 0.49707
0.924805 0.706543
2 0 0 0
1 0 0 0
-0.015903 -0.346195 0.000000
-0.265625 -0.015625 -0.968750
255 255 255 255
1.824219 0.463867
0.924805 0.65918
2 0 0 0
1 0 0 0
0.001271 -0.386637 -0.004358
-0.265625 -0.015625 -0.968750
255 255 255 255
1.887695 0.430176
0.959961 0.611328
2 0 0 0
1 0 0 0
-0.009546 -0.511044 0.000000
-0.265625 -0.023438 -0.968750
255 255 255 255
1.824219 0.320801
0.924805 0.455078
2 0 0 0
1 0 0 0
0.009120 -0.550304 -0.004357
-0.265625 -0.031250 -0.968750
255 255 255 255
1.887695 0.285156
0.959961 0.403809
2 0 0 0
1 0 0 0
-0.011827 -0.469879 0.000000
-0.265625 -0.023438 -0.968750
255 255 255 255
1.824219 0.35791
0.924805 0.507813
2 0 0 0
1 0 0 0
-0.007210 -0.552125 0.000000
-0.265625 -0.031250 -0.968750
255 255 255 255
1.824219 0.285156
0.924805 0.403809
2 0 0 0
1 0 0 0
-0.000354 -0.633873 0.000000
-0.273438 -0.039063 -0.968750
255 255 255 255
1.824219 0.228027
0.924805 0.321777
2 0 0 0
1 0 0 0
0.024576 -0.712913 -0.004336
-0.296875 -0.046875 -0.960938
255 255 255 255
1.887695 0.157715
0.959961 0.22168
2 0 0 0
1 0 0 0
-0.000613 -0.181461 -0.004358
-0.265625 -0.007813 -0.968750
255 255 255 255
1.887695 0.603516
0.959961 0.858887
2 0 0 0
1 0 0 0
-0.016889 -0.181022 0.000000
-0.265625 -0.007813 -0.968750
255 255 255 255
1.824219 0.603516
0.924805 0.858887
2 0 0 0
1 0 0 0
-0.016884 -0.139762 0.000000
-0.265625 -0.015625 -0.968750
255 255 255 255
1.824219 0.643066
0.924805 0.915527
2 0 0 0
1 0 0 0
-0.014988 -0.387452 0.000000
-0.265625 -0.015625 -0.968750
255 255 255 255
1.824219 0.430176
0.924805 0.611328
2 0 0 0
1 0 0 0
0.010224 -0.715073 0.000000
-0.289063 -0.046875 -0.960938
255 255 255 255
1.824219 0.157715
0.924805 0.22168
2 0 0 0
1 0 0 0
0.015281 -0.141130 0.000000
0.984375 -0.007813 -0.007813
255 255 255 255
0.971191 0.643066
0.901367 0.917481
2 0 0 0
1 0 0 0
0.014554 -0.141099 -0.004076
0.960938 -0.007813 -0.187500
255 255 255 255
0.992676 0.643066
0.913086 0.917481
2 0 0 0
1 0 0 0
0.014267 -0.222697 0.004076
0.960938 -0.015625 0.164063
255 255 255 255
0.947266 0.560059
0.888672 0.802246
2 0 0 0
1 0 0 0
0.015547 -0.345136 0.004076
0.960938 0.007813 0.164063
255 255 255 255
0.947266 0.463867
0.888672 0.668457
2 0 0 0
1 0 0 0
0.014639 -0.304325 0.004076
0.960938 0.007813 0.164063
255 255 255 255
0.947266 0.49707
0.888672 0.714844
2 0 0 0
1 0 0 0
0.015366 -0.304313 0.000000
0.984375 -0.007813 -0.007813
255 255 255 255
0.971191 0.49707
0.901367 0.714844
2 0 0 0
1 0 0 0
0.016435 -0.385915 -0.004076
0.960938 0.015625 -0.187500
255 255 255 255
0.992676 0.430176
0.913086 0.62207
2 0 0 0
1 0 0 0
0.018453 -0.426635 0.000000
0.976563 0.031250 0.023438
255 255 255 255
0.971191 0.393066
0.901367 0.570313
2 0 0 0
1 0 0 0
0.027162 -0.589235 0.004076
0.960938 0.062500 0.164063
255 255 255 255
0.947266 0.258301
0.888672 0.383301
2 0 0 0
1 0 0 0
0.027889 -0.589145 0.000000
0.976563 0.070313 -0.039063
255 255 255 255
0.971191 0.258301
0.901367 0.383301
2 0 0 0
1 0 0 0
0.030650 -0.629699 0.004077
0.960938 0.078125 0.164063
255 255 255 255
0.947266 0.228027
0.888672 0.34082
2 0 0 0
1 0 0 0
0.035591 -0.669986 0.000000
0.976563 0.093750 -0.007813
255 255 255 255
0.971191 0.191406
0.901367 0.290039
2 0 0 0
1 0 0 0
0.039564 -0.710387 -0.004067
0.953125 0.117188 -0.195313
255 255 255 255
0.992676 0.157715
0.913086 0.243652
2 0 0 0
1 0 0 0
0.049649 -0.781545 -0.004115
0.960938 0.140625 -0.164063
255 255 255 255
0.992676 0.095703
0.913086 0.157715
2 0 0 0
1 0 0 0
0.045738 -0.750452 0.000000
0.968750 0.125000 0.023438
255 255 255 255
0.971191 0.124512
0.901367 0.197754
2 0 0 0
1 0 0 0
0.014567 -0.181881 -0.004076
0.960938 -0.015625 -0.187500
255 255 255 255
0.992676 0.603516
0.913086 0.862793
2 0 0 0
1 0 0 0
0.014639 -0.304325 -0.004076
0.960938 0.007813 -0.187500
255 255 255 255
0.992676 0.49707
0.913086 0.714844
2 0 0 0
1 0 0 0
0.021910 -0.508072 -0.004076
0.960938 0.046875 -0.187500
255 255 255 255
0.992676 0.320801
0.913086 0.470215
2 0 0 0
1 0 0 0
0.024291 -0.548670 -0.004075
0.960938 0.054688 -0.187500
255 255 255 255
0.992676 0.285156
0.913086 0.42041
2 0 0 0
1 0 0 0
0.054804 -0.814136 -0.004076
0.953125 0.148438 -0.187500
255 255 255 255
0.992676 0.068359
0.913086 0.119141
2 0 0 0
1 0 0 0
0.050376 -0.782258 0.000000
0.968750 0.140625 -0.007813
255 255 255 255
0.971191 0.095703
0.901367 0.157715
2 0 0 0
1 0 0 0
0.022638 -0.508004 0.000000
0.976563 0.046875 -0.007813
255 255 255 255
0.971191 0.320801
0.901367 0.470215
2 0 0 0
1 0 0 0
0.030650 -0.629699 -0.004077
0.960938 0.085938 -0.187500
255 255 255 255
0.992676 0.228027
0.913086 0.34082
2 0 0 0
1 0 0 0
0.014267 -0.222697 -0.004076
0.960938 -0.015625 -0.187500
255 255 255 255
0.992676 0.560059
0.913086 0.802246
2 0 0 0
1 0 0 0
0.014994 -0.222706 0.000000
0.984375 -0.007813 -0.007813
255 255 255 255
0.971191 0.560059
0.901367 0.802246
2 0 0 0
1 0 0 0
0.014554 -0.141099 0.004076
0.960938 -0.007813 0.164063
255 255 255 255
0.947266 0.643066
0.888672 0.917481
2 0 0 0
1 0 0 0
0.021910 -0.508072 0.004076
0.960938 0.046875 0.164063
255 255 255 255
0.947266 0.320801
0.888672 0.470215
2 0 0 0
1 0 0 0
0.016435 -0.385915 0.004075
0.960938 0.015625 0.164063
255 255 255 255
0.947266 0.430176
0.888672 0.62207
2 0 0 0
1 0 0 0
0.039564 -0.710387 0.004067
0.953125 0.109375 0.171875
255 255 255 255
0.947266 0.157715
0.888672 0.243652
2 0 0 0
1 0 0 0
0.061061 -0.846043 0.000000
0.960938 0.195313 -0.007813
255 255 255 255
0.971191 0.039551
0.901367 0.07959
2 0 0 0
1 0 0 0
0.019591 -0.467386 0.004076
0.960938 0.039063 0.164063
255 255 255 255
0.947266 0.35791
0.888672 0.521484
2 0 0 0
1 0 0 0
0.049649 -0.781545 0.004115
0.960938 0.132813 0.140625
255 255 255 255
0.947266 0.095703
0.888672 0.157715
2 0 0 0
1 0 0 0
-0.016889 -0.181022 0.000000
-0.265625 -0.007813 0.945313
255 255 255 255
0.824219 0.603516
0.822266 0.862793
2 0 0 0
1 0 0 0
-0.016884 -0.139762 0.000000
-0.265625 -0.015625 0.945313
255 255 255 255
0.824219 0.643066
0.822266 0.917481
2 0 0 0
1 0 0 0
-0.000613 -0.181461 0.004358
-0.265625 -0.007813 0.945313
255 255 255 255
0.887695 0.603516
0.856445 0.862793
2 0 0 0
1 0 0 0
-0.014988 -0.387452 0.000000
-0.265625 -0.015625 0.945313
255 255 255 255
0.824219 0.430176
0.822266 0.62207
2 0 0 0
1 0 0 0
0.001271 -0.386637 0.004358
-0.265625 -0.015625 0.945313
255 255 255 255
0.887695 0.430176
0.856445 0.62207
2 0 0 0
1 0 0 0
0.010224 -0.715073 0.000000
-0.289063 -0.046875 0.937500
255 255 255 255
0.824219 0.157715
0.822266 0.243652
2 0 0 0
1 0 0 0
0.024576 -0.712913 0.004336
-0.296875 -0.046875 0.937500
255 255 255 255
0.887695 0.157715
0.856445 0.243652
2 0 0 0
1 0 0 0
-0.015903 -0.346195 0.000000
-0.265625 -0.015625 0.945313
255 255 255 255
0.824219 0.463867
0.822266 0.668457
2 0 0 0
1 0 0 0
-0.017199 -0.222317 0.000000
-0.265625 -0.007813 0.945313
255 255 255 255
0.824219 0.560059
0.822266 0.802246
2 0 0 0
1 0 0 0
-0.000546 -0.304591 0.004358
-0.265625 -0.015625 0.945313
255 255 255 255
0.887695 0.49707
0.856445 0.714844
2 0 0 0
1 0 0 0
-0.016826 -0.304905 0.000000
-0.265625 -0.015625 0.945313
255 255 255 255
0.824219 0.49707
0.822266 0.714844
2 0 0 0
1 0 0 0
-0.007210 -0.552125 0.000000
-0.265625 -0.031250 0.945313
255 255 255 255
0.824219 0.285156
0.822266 0.42041
2 0 0 0
1 0 0 0
0.009120 -0.550304 0.004357
-0.265625 -0.031250 0.945313
255 255 255 255
0.887695 0.285156
0.856445 0.42041
2 0 0 0
1 0 0 0
-0.000354 -0.633873 0.000000
-0.273438 -0.039063 0.945313
255 255 255 255
0.824219 0.228027
0.822266 0.34082
2 0 0 0
1 0 0 0
-0.010686 -0.490462 0.000000
-0.265625 -0.023438 0.945313
255 255 255 255
0.824219 0.339356
0.822266 0.495606
2 0 0 0
1 0 0 0
0.005575 -0.489022 0.004358
-0.265625 -0.023438 0.945313
255 255 255 255
0.887695 0.339356
0.856445 0.496094
2 0 0 0
1 0 0 0
0.047373 -0.836565 0.003902
-0.007813 -0.007813 0.984375
255 255 255 255
0.903809 0.050293
0.865234 0.094727
2 0 0 0
1 0 0 0
0.056189 -0.822153 0.003974
-0.007813 -0.007813 0.984375
255 255 255 255
0.947266 0.061035
0.888672 0.109375
2 0 0 0
1 0 0 0
0.041164 -0.822785 0.004181
-0.007813 -0.007813 0.984375
255 255 255 255
0.889648 0.063477
0.857422 0.112793
2 0 0 0
1 0 0 0
0.039789 -0.817157 0.004358
-0.007813 -0.007813 0.984375
255 255 255 255
0.887695 0.068359
0.856445 0.119629
2 0 0 0
1 0 0 0
0.057573 -0.830169 0.003872
-0.007813 -0.007813 0.984375
255 255 255 255
0.947266 0.053711
0.888672 0.099609
2 0 0 0
1 0 0 0
0.054936 -0.843515 0.003750
-0.007813 -0.007813 0.984375
255 255 255 255
0.927734 0.042969
0.87793 0.084473
2 0 0 0
1 0 0 0
0.014480 -0.120709 0.004076
-0.007813 -0.007813 0.984375
255 255 255 255
0.947266 0.668457
0.888672 0.952148
2 0 0 0
1 0 0 0
-0.000686 -0.119946 0.004358
-0.007813 -0.007813 0.984375
255 255 255 255
0.887695 0.668457
0.856445 0.952148
2 0 0 0
1 0 0 0
0.014417 -0.202289 0.004076
-0.007813 -0.007813 0.984375
255 255 255 255
0.947266 0.582031
0.888672 0.83252
2 0 0 0
1 0 0 0
-0.000766 -0.201983 0.004358
-0.007813 -0.007813 0.984375
255 255 255 255
0.887695 0.582031
0.856445 0.83252
2 0 0 0
1 0 0 0
0.000369 -0.345630 0.004358
-0.007813 -0.007813 0.984375
255 255 255 255
0.887695 0.463867
0.856445 0.668457
2 0 0 0
1 0 0 0
-0.000088 -0.325111 0.004358
-0.007813 -0.007813 0.984375
255 255 255 255
0.887695 0.480469
0.856445 0.691895
2 0 0 0
1 0 0 0
0.015093 -0.324731 0.004076
-0.007813 -0.007813 0.984375
255 255 255 255
0.947266 0.480469
0.888672 0.691895
2 0 0 0
1 0 0 0
0.015991 -0.365525 0.004075
-0.007813 -0.007813 0.984375
255 255 255 255
0.947266 0.447266
0.888672 0.645508
2 0 0 0
1 0 0 0
0.000820 -0.366134 0.004358
-0.007813 -0.007813 0.984375
255 255 255 255
0.887695 0.447266
0.856445 0.645508
2 0 0 0
1 0 0 0
0.006728 -0.509478 0.004358
-0.007813 -0.007813 0.984375
255 255 255 255
0.887695 0.320801
0.856445 0.470215
2 0 0 0
1 0 0 0
0.005575 -0.489022 0.004358
-0.007813 -0.007813 0.984375
255 255 255 255
0.887695 0.339356
0.856445 0.496094
2 0 0 0
1 0 0 0
0.020751 -0.487729 0.004076
-0.007813 -0.007813 0.984375
255 255 255 255
0.947266 0.339356
0.888672 0.496094
2 0 0 0
1 0 0 0
0.012010 -0.591096 0.004358
-0.007813 -0.007813 0.984375
255 255 255 255
0.887695 0.258301
0.856445 0.383301
2 0 0 0
1 0 0 0
0.010565 -0.570700 0.004357
-0.007813 -0.007813 0.984375
255 255 255 255
0.887695 0.271973
0.856445 0.401856
2 0 0 0
1 0 0 0
0.025726 -0.568953 0.004075
-0.007813 -0.007813 0.984375
255 255 255 255
0.947266 0.271973
0.888672 0.401856
2 0 0 0
1 0 0 0
0.028906 -0.609467 0.004076
-0.007813 -0.007813 0.984375
255 255 255 255
0.947266 0.243164
0.888672 0.362305
2 0 0 0
1 0 0 0
0.013755 -0.611442 0.004359
-0.007813 -0.007813 0.984375
255 255 255 255
0.887695 0.243164
0.856445 0.362305
2 0 0 0
1 0 0 0
0.029963 -0.753349 0.004358
-0.007813 -0.007813 0.984375
255 255 255 255
0.887695 0.124512
0.856445 0.197754
2 0 0 0
1 0 0 0
0.027270 -0.733131 0.004347
-0.007813 -0.007813 0.984375
255 255 255 255
0.887695 0.141113
0.856445 0.220703
2 0 0 0
1 0 0 0
0.042290 -0.730486 0.004071
-0.007813 -0.007813 0.984375
255 255 255 255
0.947266 0.141113
0.888672 0.220703
2 0 0 0
1 0 0 0
0.037052 -0.801255 0.004406
-0.007813 -0.007813 0.984375
255 255 255 255
0.887695 0.082031
0.856445 0.138672
2 0 0 0
1 0 0 0
0.052227 -0.797841 0.004095
-0.007813 -0.007813 0.984375
255 255 255 255
0.947266 0.082031
0.888672 0.138184
2 0 0 0
1 0 0 0
-0.000806 -0.284070 0.004358
-0.007813 -0.007813 0.984375
255 255 255 255
0.887695 0.512695
0.856445 0.736328
2 0 0 0
1 0 0 0
0.014379 -0.283918 0.004076
-0.007813 -0.007813 0.984375
255 255 255 255
0.947266 0.512695
0.888672 0.736328
2 0 0 0
1 0 0 0
0.014561 -0.161490 0.004076
-0.007813 -0.007813 0.984375
255 255 255 255
0.947266 0.623535
0.888672 0.890137
2 0 0 0
1 0 0 0
-0.000615 -0.160956 0.004358
-0.007813 -0.007813 0.984375
255 255 255 255
0.887695 0.623535
0.856445 0.890137
2 0 0 0
1 0 0 0
-0.000618 -0.140451 0.004358
-0.007813 -0.007813 0.984375
255 255 255 255
0.887695 0.643066
0.856445 0.917481
2 0 0 0
1 0 0 0
0.017081 -0.406298 0.004075
-0.007813 -0.007813 0.984375
255 255 255 255
0.947266 0.411621
0.888672 0.596191
2 0 0 0
1 0 0 0
0.001920 -0.407134 0.004358
-0.007813 -0.007813 0.984375
255 255 255 255
0.887695 0.411621
0.856445 0.596191
2 0 0 0
1 0 0 0
0.007924 -0.529891 0.004357
-0.007813 -0.007813 0.984375
255 255 255 255
0.887695 0.302734
0.856445 0.445313
2 0 0 0
1 0 0 0
0.023100 -0.528371 0.004075
-0.007813 -0.007813 0.984375
255 255 255 255
0.947266 0.302734
0.888672 0.445313
2 0 0 0
1 0 0 0
0.032758 -0.649898 0.004076
-0.007813 -0.007813 0.984375
255 255 255 255
0.947266 0.209473
0.888672 0.31543
2 0 0 0
1 0 0 0
0.017629 -0.652100 0.004359
-0.007813 -0.007813 0.984375
255 255 255 255
0.887695 0.209473
0.856445 0.31543
2 0 0 0
1 0 0 0
0.032139 -0.769352 0.004406
-0.007813 -0.007813 0.984375
255 255 255 255
0.887695 0.110352
0.856445 0.177734
2 0 0 0
1 0 0 0
0.047333 -0.766065 0.004095
-0.007813 -0.007813 0.984375
255 255 255 255
0.947266 0.110352
0.888672 0.177734
2 0 0 0
1 0 0 0
0.014193 -0.243104 0.004076
-0.007813 -0.007813 0.984375
255 255 255 255
0.947266 0.543945
0.888672 0.779785
2 0 0 0
1 0 0 0
-0.000993 -0.243027 0.004358
-0.007813 -0.007813 0.984375
255 255 255 255
0.887695 0.543945
0.856445 0.779785
2 0 0 0
1 0 0 0
-0.000918 -0.222505 0.004358
-0.007813 -0.007813 0.984375
255 255 255 255
0.887695 0.560059
0.856445 0.802246
2 0 0 0
1 0 0 0
0.022166 -0.692662 0.004347
-0.007813 -0.007813 0.984375
255 255 255 255
0.887695 0.174316
0.856445 0.26709
2 0 0 0
1 0 0 0
0.037215 -0.690242 0.004071
-0.007813 -0.007813 0.984375
255 255 255 255
0.947266 0.174316
0.888672 0.26709
2 0 0 0
1 0 0 0
0.003496 -0.448098 0.004358
-0.007813 -0.007813 0.984375
255 255 255 255
0.887695 0.375488
0.856445 0.545898
2 0 0 0
1 0 0 0
0.018659 -0.447033 0.004076
-0.007813 -0.007813 0.984375
255 255 255 255
0.947266 0.375488
0.888672 0.545898
2 0 0 0
1 0 0 0
0.002570 -0.427632 0.004358
-0.007813 -0.007813 0.984375
255 255 255 255
0.887695 0.393066
0.856445 0.570313
2 0 0 0
1 0 0 0
0.019757 -0.672411 0.004358
-0.007813 -0.007813 0.984375
255 255 255 255
0.887695 0.191406
0.856445 0.290039
2 0 0 0
1 0 0 0
0.051155 -0.840322 -0.003826
-0.007813 -0.007813 -1.000000
255 255 255 255
1.916016 0.046387
0.975586 0.062988
2 0 0 0
1 0 0 0
0.057573 -0.830169 -0.003871
-0.007813 -0.007813 -1.000000
255 255 255 255
1.947754 0.053711
0.993164 0.073242
2 0 0 0
1 0 0 0
0.056189 -0.822153 -0.003973
-0.007813 -0.007813 -1.000000
255 255 255 255
1.947754 0.061035
0.993164 0.083496
2 0 0 0
1 0 0 0
0.041164 -0.822785 -0.004181
-0.007813 -0.007813 -1.000000
255 255 255 255
1.889648 0.063477
0.960938 0.086914
2 0 0 0
1 0 0 0
0.054936 -0.843515 -0.003750
-0.007813 -0.007813 -1.000000
255 255 255 255
1.928223 0.042969
0.982422 0.057617
2 0 0 0
1 0 0 0
-0.000686 -0.119946 -0.004358
-0.007813 -0.007813 -1.000000
255 255 255 255
1.887695 0.668457
0.959961 0.951172
2 0 0 0
1 0 0 0
0.014480 -0.120709 -0.004076
-0.007813 -0.007813 -1.000000
255 255 255 255
1.947754 0.668457
0.993164 0.951172
2 0 0 0
1 0 0 0
-0.000766 -0.201983 -0.004358
-0.007813 -0.007813 -1.000000
255 255 255 255
1.887695 0.582031
0.959961 0.827637
2 0 0 0
1 0 0 0
0.014417 -0.202289 -0.004076
-0.007813 -0.007813 -1.000000
255 255 255 255
1.947754 0.582031
0.993164 0.827637
2 0 0 0
1 0 0 0
0.000369 -0.345630 -0.004358
-0.007813 -0.007813 -1.000000
255 255 255 255
1.887695 0.463867
0.959961 0.65918
2 0 0 0
1 0 0 0
0.015093 -0.324731 -0.004076
-0.007813 -0.007813 -1.000000
255 255 255 255
1.947754 0.480469
0.993164 0.683106
2 0 0 0
1 0 0 0
-0.000088 -0.325111 -0.004358
-0.007813 -0.007813 -1.000000
255 255 255 255
1.887695 0.480469
0.959961 0.683106
2 0 0 0
1 0 0 0
0.000820 -0.366134 -0.004358
-0.007813 -0.007813 -1.000000
255 255 255 255
1.887695 0.447266
0.959961 0.635254
2 0 0 0
1 0 0 0
0.015991 -0.365525 -0.004076
-0.007813 -0.007813 -1.000000
255 255 255 255
1.947754 0.447266
0.993164 0.635254
2 0 0 0
1 0 0 0
0.006728 -0.509478 -0.004358
-0.007813 -0.007813 -1.000000
255 255 255 255
1.887695 0.320801
0.959961 0.455078
2 0 0 0
1 0 0 0
0.020751 -0.487729 -0.004076
-0.007813 -0.007813 -1.000000
255 255 255 255
1.947754 0.339356
0.993164 0.481445
2 0 0 0
1 0 0 0
0.005575 -0.489022 -0.004358
-0.007813 -0.007813 -1.000000
255 255 255 255
1.887695 0.339356
0.959961 0.481445
2 0 0 0
1 0 0 0
0.012010 -0.591096 -0.004358
-0.007813 -0.007813 -1.000000
255 255 255 255
1.887695 0.258301
0.959961 0.365723
2 0 0 0
1 0 0 0
0.025726 -0.568952 -0.004075
-0.007813 -0.007813 -1.000000
255 255 255 255
1.947754 0.271973
0.993164 0.384766
2 0 0 0
1 0 0 0
0.010565 -0.570700 -0.004357
-0.007813 -0.007813 -1.000000
255 255 255 255
1.887695 0.271973
0.959961 0.384766
2 0 0 0
1 0 0 0
0.013755 -0.611442 -0.004359
-0.007813 -0.007813 -1.000000
255 255 255 255
1.887695 0.243164
0.959961 0.34375
2 0 0 0
1 0 0 0
0.028906 -0.609467 -0.004076
-0.007813 -0.007813 -1.000000
255 255 255 255
1.947754 0.243164
0.993164 0.34375
2 0 0 0
1 0 0 0
0.029963 -0.753349 -0.004358
-0.007813 -0.007813 -1.000000
255 255 255 255
1.887695 0.124512
0.959961 0.174316
2 0 0 0
1 0 0 0
0.042290 -0.730486 -0.004071
-0.007813 -0.007813 -1.000000
255 255 255 255
1.947754 0.141113
0.993164 0.198242
2 0 0 0
1 0 0 0
0.027270 -0.733131 -0.004347
-0.007813 -0.007813 -1.000000
255 255 255 255
1.887695 0.141113
0.959961 0.198242
2 0 0 0
1 0 0 0
0.039789 -0.817157 -0.004358
-0.007813 -0.007813 -1.000000
255 255 255 255
1.887695 0.068359
0.959961 0.09375
2 0 0 0
1 0 0 0
0.052227 -0.797841 -0.004095
-0.007813 -0.007813 -1.000000
255 255 255 255
1.947754 0.082031
0.993164 0.113281
2 0 0 0
1 0 0 0
0.037052 -0.801255 -0.004406
-0.007813 -0.007813 -1.000000
255 255 255 255
1.887695 0.082031
0.959961 0.11377
2 0 0 0
1 0 0 0
0.014379 -0.283918 -0.004076
-0.007813 -0.007813 -1.000000
255 255 255 255
1.947754 0.512695
0.993164 0.729004
2 0 0 0
1 0 0 0
-0.000806 -0.284070 -0.004358
-0.007813 -0.007813 -1.000000
255 255 255 255
1.887695 0.512695
0.959961 0.729004
2 0 0 0
1 0 0 0
-0.000615 -0.160956 -0.004358
-0.007813 -0.007813 -1.000000
255 255 255 255
1.887695 0.623535
0.959961 0.887207
2 0 0 0
1 0 0 0
0.014561 -0.161490 -0.004076
-0.007813 -0.007813 -1.000000
255 255 255 255
1.947754 0.623535
0.993164 0.887207
2 0 0 0
1 0 0 0
-0.000618 -0.140451 -0.004358
-0.007813 -0.007813 -1.000000
255 255 255 255
1.887695 0.643066
0.959961 0.915527
2 0 0 0
1 0 0 0
0.001920 -0.407134 -0.004358
-0.007813 -0.007813 -1.000000
255 255 255 255
1.887695 0.411621
0.959961 0.584961
2 0 0 0
1 0 0 0
0.017081 -0.406298 -0.004076
-0.007813 -0.007813 -1.000000
255 255 255 255
1.947754 0.411621
0.993164 0.584961
2 0 0 0
1 0 0 0
0.023100 -0.528371 -0.004075
-0.007813 -0.007813 -1.000000
255 255 255 255
1.947754 0.302734
0.993164 0.429199
2 0 0 0
1 0 0 0
0.007924 -0.529891 -0.004357
-0.007813 -0.007813 -1.000000
255 255 255 255
1.887695 0.302734
0.959961 0.429199
2 0 0 0
1 0 0 0
0.017629 -0.652100 -0.004359
-0.007813 -0.007813 -1.000000
255 255 255 255
1.887695 0.209473
0.959961 0.295898
2 0 0 0
1 0 0 0
0.032758 -0.649898 -0.004076
-0.007813 -0.007813 -1.000000
255 255 255 255
1.947754 0.209473
0.993164 0.295898
2 0 0 0
1 0 0 0
0.047333 -0.766065 -0.004095
-0.007813 -0.007813 -1.000000
255 255 255 255
1.947754 0.110352
0.993164 0.153809
2 0 0 0
1 0 0 0
0.032139 -0.769352 -0.004406
-0.007813 -0.007813 -1.000000
255 255 255 255
1.887695 0.110352
0.959961 0.153809
2 0 0 0
1 0 0 0
-0.000993 -0.243027 -0.004358
-0.007813 -0.007813 -1.000000
255 255 255 255
1.887695 0.543945
0.959961 0.773926
2 0 0 0
1 0 0 0
0.014193 -0.243104 -0.004076
-0.007813 -0.007813 -1.000000
255 255 255 255
1.947754 0.543945
0.993164 0.773926
2 0 0 0
1 0 0 0
-0.000918 -0.222505 -0.004358
-0.007813 -0.007813 -1.000000
255 255 255 255
1.887695 0.560059
0.959961 0.796875
2 0 0 0
1 0 0 0
0.037215 -0.690242 -0.004071
-0.007813 -0.007813 -1.000000
255 255 255 255
1.947754 0.174316
0.993164 0.245606
2 0 0 0
1 0 0 0
0.022166 -0.692662 -0.004347
-0.007813 -0.007813 -1.000000
255 255 255 255
1.887695 0.174316
0.959961 0.245606
2 0 0 0
1 0 0 0
0.018659 -0.447033 -0.004076
-0.007813 -0.007813 -1.000000
255 255 255 255
1.947754 0.375488
0.993164 0.533203
2 0 0 0
1 0 0 0
0.003496 -0.448098 -0.004358
-0.007813 -0.007813 -1.000000
255 255 255 255
1.887695 0.375488
0.959961 0.533203
2 0 0 0
1 0 0 0
0.002570 -0.427632 -0.004358
-0.007813 -0.007813 -1.000000
255 255 255 255
1.887695 0.393066
0.959961 0.558106
2 0 0 0
1 0 0 0
0.019757 -0.672411 -0.004358
-0.007813 -0.007813 -1.000000
255 255 255 255
1.887695 0.191406
0.959961 0.27002
2 0 0 0
1 0 0 0
0.054936 -0.843515 -0.003750
-0.117188 -0.203125 -0.976563
255 255 255 255
1.928223 0.042969
0.982422 0.057617
2 0 0 0
1 0 0 0
0.051155 -0.840322 -0.003826
-0.187500 -0.203125 -0.968750
255 255 255 255
1.916016 0.046387
0.975586 0.062988
2 0 0 0
1 0 0 0
0.047177 -0.855701 0.000000
-0.203125 -0.203125 -0.968750
255 255 255 255
1.876953 0.027344
0.953613 0.035156
2 0 0 0
1 0 0 0
0.056581 -0.863218 0.000000
-0.070313 -0.117188 -0.992188
255 255 255 255
1.911133 0.019531
0.972656 0.024414
2 0 0 0
1 0 0 0
0.053355 -0.860984 0.000000
-0.007813 -0.007813 -1.000000
255 255 255 255
1.899414 0.021973
0.966309 0.027832
2 0 0 0
1 0 0 0
0.031471 -0.832916 0.000000
-0.296875 -0.148438 -0.953125
255 255 255 255
1.828613 0.054199
0.927246 0.07373
2 0 0 0
1 0 0 0
0.039225 -0.846448 0.000000
-0.250000 -0.187500 -0.960938
255 255 255 255
1.849121 0.036621
0.938477 0.048828
2 0 0 0
1 0 0 0
0.044224 -0.852652 0.000000
-0.210938 -0.203125 -0.968750
255 255 255 255
1.866211 0.029785
0.947754 0.039063
2 0 0 0
1 0 0 0
0.061460 -0.865339 0.000000
-0.031250 -0.054688 -1.000000
255 255 255 255
1.929688 0.016602
0.98291 0.020508
2 0 0 0
1 0 0 0
0.047177 -0.855701 0.000000
-0.203125 -0.203125 0.945313
255 255 255 255
0.876465 0.027344
0.850586 0.0625
2 0 0 0
1 0 0 0
0.054936 -0.843515 0.003750
-0.132813 -0.203125 0.953125
255 255 255 255
0.927734 0.042969
0.87793 0.084473
2 0 0 0
1 0 0 0
0.056581 -0.863218 0.000000
-0.070313 -0.117188 0.976563
255 255 255 255
0.911133 0.019531
0.869141 0.052246
2 0 0 0
1 0 0 0
0.053355 -0.860984 0.000000
-0.007813 -0.007813 0.984375
255 255 255 255
0.899414 0.021973
0.862793 0.055176
2 0 0 0
1 0 0 0
0.047373 -0.836565 0.003902
-0.234375 -0.195313 0.937500
255 255 255 255
0.903809 0.050293
0.865234 0.094727
2 0 0 0
1 0 0 0
0.044224 -0.852652 0.000000
-0.210938 -0.203125 0.945313
255 255 255 255
0.865723 0.029785
0.844727 0.065918
2 0 0 0
1 0 0 0
0.039225 -0.846448 0.000000
-0.257813 -0.179688 0.937500
255 255 255 255
0.849121 0.036621
0.835449 0.075684
2 0 0 0
1 0 0 0
0.031471 -0.832916 0.000000
-0.296875 -0.148438 0.929688
255 255 255 255
0.828125 0.054199
0.824707 0.099609
2 0 0 0
1 0 0 0
0.061460 -0.865339 0.000000
0.007813 0.031250 0.976563
255 255 255 255
0.929199 0.016602
0.878906 0.047852
2 0 0 0
1 0 0 0
-0.016946 -0.119131 0.000000
-0.265625 -0.015625 -0.968750
255 255 255 255
1.824219 0.668457
0.924805 0.951172
2 0 0 0
1 0 0 0
-0.000686 -0.119946 -0.004358
-0.265625 -0.015625 -0.968750
255 255 255 255
1.887695 0.668457
0.959961 0.951172
2 0 0 0
1 0 0 0
-0.016781 -0.098514 -0.000178
-0.265625 -0.015625 -0.968750
255 255 255 255
1.825684 0.693359
0.925293 0.987305
2 0 0 0
1 0 0 0
-0.000993 -0.243027 -0.004358
-0.265625 -0.007813 -0.968750
255 255 255 255
1.887695 0.543945
0.959961 0.773926
2 0 0 0
1 0 0 0
-0.017274 -0.242964 0.000000
-0.265625 -0.007813 -0.968750
255 255 255 255
1.824219 0.543945
0.924805 0.773926
2 0 0 0
1 0 0 0
-0.000088 -0.325111 -0.004358
-0.265625 -0.015625 -0.968750
255 255 255 255
1.887695 0.480469
0.959961 0.683106
2 0 0 0
1 0 0 0
-0.016364 -0.325550 0.000000
-0.265625 -0.015625 -0.968750
255 255 255 255
1.824219 0.480469
0.924805 0.683106
2 0 0 0
1 0 0 0
0.000369 -0.345630 -0.004358
-0.265625 -0.015625 -0.968750
255 255 255 255
1.887695 0.463867
0.959961 0.65918
2 0 0 0
1 0 0 0
-0.015445 -0.366823 0.000000
-0.265625 -0.015625 -0.968750
255 255 255 255
1.824219 0.447266
0.924805 0.635254
2 0 0 0
1 0 0 0
0.000820 -0.366134 -0.004358
-0.265625 -0.015625 -0.968750
255 255 255 255
1.887695 0.447266
0.959961 0.635254
2 0 0 0
1 0 0 0
0.006728 -0.509478 -0.004358
-0.265625 -0.023438 -0.968750
255 255 255 255
1.887695 0.320801
0.959961 0.455078
2 0 0 0
1 0 0 0
0.005575 -0.489022 -0.004358
-0.265625 -0.023438 -0.968750
255 255 255 255
1.887695 0.339356
0.959961 0.481445
2 0 0 0
1 0 0 0
-0.010686 -0.490462 0.000000
-0.265625 -0.023438 -0.968750
255 255 255 255
1.824219 0.339356
0.924805 0.481445
2 0 0 0
1 0 0 0
0.010565 -0.570700 -0.004357
-0.265625 -0.031250 -0.968750
255 255 255 255
1.887695 0.271973
0.959961 0.384766
2 0 0 0
1 0 0 0
-0.005720 -0.572643 0.000000
-0.265625 -0.031250 -0.968750
255 255 255 255
1.824219 0.271484
0.924805 0.384766
2 0 0 0
1 0 0 0
0.012010 -0.591096 -0.004358
-0.265625 -0.031250 -0.968750
255 255 255 255
1.887695 0.258301
0.959961 0.365723
2 0 0 0
1 0 0 0
0.017629 -0.652100 -0.004359
-0.281250 -0.039063 -0.968750
255 255 255 255
1.887695 0.209473
0.959961 0.295898
2 0 0 0
1 0 0 0
0.002109 -0.654176 0.000000
-0.273438 -0.039063 -0.968750
255 255 255 255
1.824219 0.209473
0.924805 0.295898
2 0 0 0
1 0 0 0
0.019757 -0.672411 -0.004358
-0.281250 -0.046875 -0.968750
255 255 255 255
1.887695 0.191406
0.959961 0.27002
2 0 0 0
1 0 0 0
0.007398 -0.694776 0.000000
-0.281250 -0.046875 -0.968750
255 255 255 255
1.824219 0.174316
0.924805 0.245606
2 0 0 0
1 0 0 0
0.022166 -0.692662 -0.004347
-0.289063 -0.046875 -0.960938
255 255 255 255
1.887695 0.174316
0.959961 0.245606
2 0 0 0
1 0 0 0
0.018440 -0.771731 0.000000
-0.304688 -0.054688 -0.960938
255 255 255 255
1.824219 0.109863
0.924805 0.153809
2 0 0 0
1 0 0 0
0.032139 -0.769352 -0.004406
-0.312500 -0.054688 -0.953125
255 255 255 255
1.887695 0.110352
0.959961 0.153809
2 0 0 0
1 0 0 0
0.029963 -0.753349 -0.004358
-0.304688 -0.046875 -0.960938
255 255 255 255
1.887695 0.124512
0.959961 0.174316
2 0 0 0
1 0 0 0
0.016257 -0.755621 0.000000
-0.304688 -0.054688 -0.960938
255 255 255 255
1.824219 0.124512
0.924805 0.174316
2 0 0 0
1 0 0 0
0.041164 -0.822785 -0.004181
-0.304688 -0.117188 -0.953125
255 255 255 255
1.889648 0.063477
0.960938 0.086914
2 0 0 0
1 0 0 0
0.031471 -0.832916 0.000000
-0.304688 -0.117188 -0.953125
255 255 255 255
1.828613 0.054199
0.927246 0.07373
2 0 0 0
1 0 0 0
-0.016886 -0.160392 0.000000
-0.265625 -0.007813 -0.968750
255 255 255 255
1.824219 0.623535
0.924805 0.887207
2 0 0 0
1 0 0 0
-0.000615 -0.160956 -0.004358
-0.265625 -0.007813 -0.968750
255 255 255 255
1.887695 0.623535
0.959961 0.887207
2 0 0 0
1 0 0 0
-0.000618 -0.140451 -0.004358
-0.265625 -0.007813 -0.968750
255 255 255 255
1.887695 0.643066
0.959961 0.915527
2 0 0 0
1 0 0 0
-0.000806 -0.284070 -0.004358
-0.265625 -0.015625 -0.968750
255 255 255 255
1.887695 0.512695
0.959961 0.729004
2 0 0 0
1 0 0 0
-0.017087 -0.284258 0.000000
-0.265625 -0.015625 -0.968750
255 255 255 255
1.824219 0.512695
0.924805 0.729004
2 0 0 0
1 0 0 0
-0.014332 -0.408075 0.000000
-0.265625 -0.023438 -0.968750
255 255 255 255
1.824219 0.411621
0.924805 0.584473
2 0 0 0
1 0 0 0
0.001920 -0.407134 -0.004358
-0.265625 -0.023438 -0.968750
255 255 255 255
1.887695 0.411621
0.959961 0.584961
2 0 0 0
1 0 0 0
0.007924 -0.529891 -0.004357
-0.265625 -0.023438 -0.968750
255 255 255 255
1.887695 0.302734
0.959961 0.429199
2 0 0 0
1 0 0 0
-0.008378 -0.531585 0.000000
-0.265625 -0.023438 -0.968750
255 255 255 255
1.824219 0.302734
0.924805 0.429199
2 0 0 0
1 0 0 0
0.013755 -0.611442 -0.004359
-0.273438 -0.031250 -0.968750
255 255 255 255
1.887695 0.243164
0.959961 0.34375
2 0 0 0
1 0 0 0
-0.002292 -0.613516 0.000000
-0.265625 -0.039063 -0.968750
255 255 255 255
1.824219 0.243164
0.924805 0.34375
2 0 0 0
1 0 0 0
0.023805 -0.803715 0.000000
-0.312500 -0.070313 -0.953125
255 255 255 255
1.824219 0.082031
0.924805 0.113281
2 0 0 0
1 0 0 0
0.037052 -0.801255 -0.004406
-0.320313 -0.070313 -0.953125
255 255 255 255
1.887695 0.082031
0.959961 0.11377
2 0 0 0
1 0 0 0
0.013240 -0.735347 0.000000
-0.296875 -0.054688 -0.960938
255 255 255 255
1.824219 0.141113
0.924805 0.198242
2 0 0 0
1 0 0 0
0.027270 -0.733131 -0.004347
-0.304688 -0.054688 -0.960938
255 255 255 255
1.887695 0.141113
0.959961 0.198242
2 0 0 0
1 0 0 0
-0.000766 -0.201983 -0.004358
-0.265625 -0.007813 -0.968750
255 255 255 255
1.887695 0.582031
0.959961 0.827637
2 0 0 0
1 0 0 0
-0.017044 -0.201669 0.000000
-0.265625 -0.007813 -0.968750
255 255 255 255
1.824219 0.582031
0.924805 0.827637
2 0 0 0
1 0 0 0
-0.000918 -0.222505 -0.004358
-0.265625 -0.007813 -0.968750
255 255 255 255
1.887695 0.560059
0.959961 0.796875
2 0 0 0
1 0 0 0
0.003496 -0.448098 -0.004358
-0.265625 -0.023438 -0.968750
255 255 255 255
1.887695 0.375488
0.959961 0.533203
2 0 0 0
1 0 0 0
-0.012752 -0.449288 0.000000
-0.265625 -0.023438 -0.968750
255 255 255 255
1.824219 0.375488
0.924805 0.533203
2 0 0 0
1 0 0 0
0.039789 -0.817157 -0.004358
-0.312500 -0.093750 -0.953125
255 255 255 255
1.887695 0.068359
0.959961 0.09375
2 0 0 0
1 0 0 0
0.026988 -0.819588 0.000000
-0.320313 -0.078125 -0.953125
255 255 255 255
1.824219 0.068359
0.924805 0.09375
2 0 0 0
1 0 0 0
0.002570 -0.427632 -0.004358
-0.265625 -0.023438 -0.968750
255 255 255 255
1.887695 0.393066
0.959961 0.558106
2 0 0 0
1 0 0 0
0.056907 -0.822001 0.000000
0.968750 0.156250 -0.007813
255 255 255 255
0.971191 0.061035
0.901367 0.109375
2 0 0 0
1 0 0 0
0.056189 -0.822153 -0.003973
0.953125 0.156250 -0.195313
255 255 255 255
0.992676 0.061035
0.913086 0.109375
2 0 0 0
1 0 0 0
0.056189 -0.822153 0.003974
0.953125 0.156250 0.164063
255 255 255 255
0.947266 0.061035
0.888672 0.109375
2 0 0 0
1 0 0 0
0.058292 -0.830015 0.000000
0.968750 0.156250 -0.039063
255 255 255 255
0.971191 0.053711
0.901367 0.099609
2 0 0 0
1 0 0 0
0.057573 -0.830169 -0.003871
0.953125 0.148438 -0.195313
255 255 255 255
0.992676 0.053711
0.913086 0.099609
2 0 0 0
1 0 0 0
0.057573 -0.830169 0.003872
0.953125 0.156250 0.171875
255 255 255 255
0.947266 0.053711
0.888672 0.099609
2 0 0 0
1 0 0 0
0.015207 -0.120745 0.000000
0.984375 -0.007813 -0.007813
255 255 255 255
0.971191 0.668457
0.901367 0.952148
2 0 0 0
1 0 0 0
0.014480 -0.120709 -0.004076
0.960938 -0.007813 -0.187500
255 255 255 255
0.992676 0.668457
0.913086 0.952148
2 0 0 0
1 0 0 0
0.014480 -0.120709 0.004076
0.960938 -0.007813 0.164063
255 255 255 255
0.947266 0.668457
0.888672 0.952148
2 0 0 0
1 0 0 0
0.014193 -0.243104 -0.004076
0.960938 -0.015625 -0.187500
255 255 255 255
0.992676 0.543945
0.913086 0.779785
2 0 0 0
1 0 0 0
0.014921 -0.243108 0.000000
0.984375 -0.007813 -0.007813
255 255 255 255
0.971191 0.543945
0.901367 0.779785
2 0 0 0
1 0 0 0
0.014193 -0.243104 0.004076
0.960938 -0.015625 0.164063
255 255 255 255
0.947266 0.543945
0.888672 0.779785
2 0 0 0
1 0 0 0
0.015093 -0.324731 -0.004076
0.960938 0.007813 -0.187500
255 255 255 255
0.992676 0.480469
0.913086 0.691895
2 0 0 0
1 0 0 0
0.016275 -0.345112 0.000000
0.984375 -0.007813 -0.007813
255 255 255 255
0.971191 0.463867
0.901367 0.668457
2 0 0 0
1 0 0 0
0.015821 -0.324712 0.000000
0.984375 -0.007813 -0.007813
255 255 255 255
0.971191 0.480469
0.901367 0.691895
2 0 0 0
1 0 0 0
0.015093 -0.324731 0.004076
0.960938 0.007813 0.164063
255 255 255 255
0.947266 0.480469
0.888672 0.691895
2 0 0 0
1 0 0 0
0.016718 -0.365496 0.000000
0.984375 -0.007813 -0.007813
255 255 255 255
0.971191 0.447266
0.901367 0.645508
2 0 0 0
1 0 0 0
0.015991 -0.365525 -0.004076
0.960938 0.007813 -0.187500
255 255 255 255
0.992676 0.447266
0.913086 0.645508
2 0 0 0
1 0 0 0
0.015991 -0.365525 0.004075
0.960938 0.007813 0.164063
255 255 255 255
0.947266 0.447266
0.888672 0.645508
2 0 0 0
1 0 0 0
0.019386 -0.446982 0.000000
0.976563 0.031250 -0.007813
255 255 255 255
0.971191 0.375488
0.901367 0.545898
2 0 0 0
1 0 0 0
0.018659 -0.447033 -0.004076
0.960938 0.031250 -0.187500
255 255 255 255
0.992676 0.375488
0.913086 0.545898
2 0 0 0
1 0 0 0
0.018659 -0.447033 0.004076
0.960938 0.031250 0.164063
255 255 255 255
0.947266 0.375488
0.888672 0.545898
2 0 0 0
1 0 0 0
0.025726 -0.568952 -0.004075
0.960938 0.054688 -0.187500
255 255 255 255
0.992676 0.271973
0.913086 0.401856
2 0 0 0
1 0 0 0
0.026454 -0.568869 0.000000
0.976563 0.062500 -0.007813
255 255 255 255
0.971191 0.271973
0.901367 0.401856
2 0 0 0
1 0 0 0
0.025726 -0.568953 0.004075
0.960938 0.054688 0.164063
255 255 255 255
0.947266 0.271973
0.888672 0.401856
2 0 0 0
1 0 0 0
0.032758 -0.649898 -0.004076
0.960938 0.085938 -0.187500
255 255 255 255
0.992676 0.209473
0.913086 0.31543
2 0 0 0
1 0 0 0
0.033481 -0.649793 0.000000
0.976563 0.093750 -0.007813
255 255 255 255
0.971191 0.209473
0.901367 0.31543
2 0 0 0
1 0 0 0
0.032758 -0.649898 0.004076
0.960938 0.085938 0.164063
255 255 255 255
0.947266 0.209473
0.888672 0.31543
2 0 0 0
1 0 0 0
0.037952 -0.690124 0.000000
0.976563 0.101563 -0.007813
255 255 255 255
0.971191 0.174316
0.901367 0.26709
2 0 0 0
1 0 0 0
0.037215 -0.690242 -0.004071
0.960938 0.101563 -0.187500
255 255 255 255
0.992676 0.174316
0.913086 0.26709
2 0 0 0
1 0 0 0
0.037215 -0.690242 0.004071
0.960938 0.101563 0.164063
255 255 255 255
0.947266 0.174316
0.888672 0.26709
2 0 0 0
1 0 0 0
0.048057 -0.766355 0.000000
0.968750 0.132813 -0.015625
255 255 255 255
0.971191 0.110352
0.901367 0.177734
2 0 0 0
1 0 0 0
0.047333 -0.766065 -0.004095
0.960938 0.132813 -0.164063
255 255 255 255
0.992676 0.110352
0.913086 0.177734
2 0 0 0
1 0 0 0
0.047333 -0.766065 0.004095
0.953125 0.132813 0.156250
255 255 255 255
0.947266 0.110352
0.888672 0.177734
2 0 0 0
1 0 0 0
0.015288 -0.161516 0.000000
0.984375 -0.007813 -0.007813
255 255 255 255
0.971191 0.623535
0.901367 0.890137
2 0 0 0
1 0 0 0
0.014561 -0.161490 -0.004076
0.960938 -0.007813 -0.187500
255 255 255 255
0.992676 0.623535
0.913086 0.890137
2 0 0 0
1 0 0 0
0.014379 -0.283918 -0.004076
0.960938 0.000000 -0.187500
255 255 255 255
0.992676 0.512695
0.913086 0.736328
2 0 0 0
1 0 0 0
0.015107 -0.283911 0.000000
0.976563 0.000000 0.023438
255 255 255 255
0.971191 0.512695
0.901367 0.736328
2 0 0 0
1 0 0 0
0.023100 -0.528371 -0.004075
0.960938 0.046875 -0.187500
255 255 255 255
0.992676 0.302734
0.913086 0.445313
2 0 0 0
1 0 0 0
0.023828 -0.528298 0.000000
0.976563 0.046875 0.023438
255 255 255 255
0.971191 0.302734
0.901367 0.445313
2 0 0 0
1 0 0 0
0.017807 -0.406258 0.000000
0.976563 0.023438 -0.039063
255 255 255 255
0.971191 0.411621
0.901367 0.596191
2 0 0 0
1 0 0 0
0.017081 -0.406298 -0.004076
0.960938 0.015625 -0.187500
255 255 255 255
0.992676 0.411621
0.913086 0.596191
2 0 0 0
1 0 0 0
0.052949 -0.798123 0.000000
0.968750 0.148438 -0.031250
255 255 255 255
0.971191 0.082031
0.901367 0.138184
2 0 0 0
1 0 0 0
0.052227 -0.797841 -0.004095
0.953125 0.140625 -0.171875
255 255 255 255
0.992676 0.082031
0.913086 0.138184
2 0 0 0
1 0 0 0
0.043025 -0.730357 0.000000
0.968750 0.125000 -0.039063
255 255 255 255
0.971191 0.141113
0.901367 0.220703
2 0 0 0
1 0 0 0
0.042290 -0.730486 -0.004071
0.953125 0.117188 -0.187500
255 255 255 255
0.992676 0.141113
0.913086 0.220703
2 0 0 0
1 0 0 0
0.021478 -0.487667 0.000000
0.976563 0.046875 -0.039063
255 255 255 255
0.971191 0.339356
0.901367 0.496094
2 0 0 0
1 0 0 0
0.020751 -0.487729 -0.004076
0.960938 0.046875 -0.187500
255 255 255 255
0.992676 0.339356
0.913086 0.496094
2 0 0 0
1 0 0 0
0.028906 -0.609467 -0.004076
0.960938 0.070313 -0.187500
255 255 255 255
0.992676 0.243164
0.913086 0.362305
2 0 0 0
1 0 0 0
0.029630 -0.609372 0.000000
0.976563 0.070313 0.023438
255 255 255 255
0.971191 0.243164
0.901367 0.362305
2 0 0 0
1 0 0 0
0.014417 -0.202289 -0.004076
0.960938 -0.015625 -0.187500
255 255 255 255
0.992676 0.582031
0.913086 0.83252
2 0 0 0
1 0 0 0
0.015145 -0.202303 0.000000
0.976563 -0.015625 0.023438
255 255 255 255
0.971191 0.582031
0.901367 0.83252
2 0 0 0
1 0 0 0
0.014561 -0.161490 0.004076
0.960938 -0.007813 0.164063
255 255 255 255
0.947266 0.623535
0.888672 0.890137
2 0 0 0
1 0 0 0
0.014379 -0.283918 0.004076
0.960938 0.000000 0.164063
255 255 255 255
0.947266 0.512695
0.888672 0.736328
2 0 0 0
1 0 0 0
0.023100 -0.528371 0.004075
0.960938 0.046875 0.164063
255 255 255 255
0.947266 0.302734
0.888672 0.445313
2 0 0 0
1 0 0 0
0.017081 -0.406298 0.004075
0.960938 0.015625 0.164063
255 255 255 255
0.947266 0.411621
0.888672 0.596191
2 0 0 0
1 0 0 0
0.052227 -0.797841 0.004095
0.953125 0.140625 0.140625
255 255 255 255
0.947266 0.082031
0.888672 0.138184
2 0 0 0
1 0 0 0
0.042290 -0.730486 0.004071
0.953125 0.117188 0.164063
255 255 255 255
0.947266 0.141113
0.888672 0.220703
2 0 0 0
1 0 0 0
0.020751 -0.487729 0.004076
0.960938 0.046875 0.164063
255 255 255 255
0.947266 0.339356
0.888672 0.496094
2 0 0 0
1 0 0 0
0.028906 -0.609467 0.004076
0.960938 0.070313 0.164063
255 255 255 255
0.947266 0.243164
0.888672 0.362305
2 0 0 0
1 0 0 0
0.014417 -0.202289 0.004076
0.960938 -0.015625 0.164063
255 255 255 255
0.947266 0.582031
0.888672 0.83252
2 0 0 0
1 0 0 0
-0.016946 -0.119131 0.000000
-0.265625 -0.015625 0.945313
255 255 255 255
0.824219 0.668457
0.822266 0.952148
2 0 0 0
1 0 0 0
-0.016781 -0.098514 0.000178
-0.265625 -0.015625 0.945313
255 255 255 255
0.825684 0.693359
0.823242 0.987305
2 0 0 0
1 0 0 0
-0.016886 -0.160392 0.000000
-0.265625 -0.007813 0.945313
255 255 255 255
0.824219 0.623535
0.822266 0.890137
2 0 0 0
1 0 0 0
-0.000615 -0.160956 0.004358
-0.265625 -0.007813 0.945313
255 255 255 255
0.887695 0.623535
0.856445 0.890137
2 0 0 0
1 0 0 0
-0.000766 -0.201983 0.004358
-0.265625 -0.007813 0.945313
255 255 255 255
0.887695 0.582031
0.856445 0.83252
2 0 0 0
1 0 0 0
-0.017044 -0.201669 0.000000
-0.265625 -0.007813 0.945313
255 255 255 255
0.824219 0.582031
0.822266 0.83252
2 0 0 0
1 0 0 0
-0.000806 -0.284070 0.004358
-0.265625 -0.015625 0.945313
255 255 255 255
0.887695 0.512695
0.856445 0.736328
2 0 0 0
1 0 0 0
-0.017087 -0.284258 0.000000
-0.265625 -0.015625 0.945313
255 255 255 255
0.824219 0.512695
0.822266 0.736328
2 0 0 0
1 0 0 0
-0.014332 -0.408075 0.000000
-0.265625 -0.023438 0.945313
255 255 255 255
0.824219 0.411621
0.822266 0.596191
2 0 0 0
1 0 0 0
0.001920 -0.407134 0.004358
-0.265625 -0.023438 0.945313
255 255 255 255
0.887695 0.411621
0.856445 0.596191
2 0 0 0
1 0 0 0
0.002570 -0.427632 0.004358
-0.265625 -0.023438 0.945313
255 255 255 255
0.887695 0.393066
0.856445 0.570313
2 0 0 0
1 0 0 0
0.003496 -0.448098 0.004358
-0.265625 -0.023438 0.945313
255 255 255 255
0.887695 0.375488
0.856445 0.545898
2 0 0 0
1 0 0 0
-0.012752 -0.449288 0.000000
-0.265625 -0.023438 0.945313
255 255 255 255
0.824219 0.375488
0.822266 0.545898
2 0 0 0
1 0 0 0
0.006728 -0.509478 0.004358
-0.265625 -0.023438 0.945313
255 255 255 255
0.887695 0.320801
0.856445 0.470215
2 0 0 0
1 0 0 0
0.007924 -0.529891 0.004357
-0.265625 -0.023438 0.945313
255 255 255 255
0.887695 0.302734
0.856445 0.445313
2 0 0 0
1 0 0 0
-0.008378 -0.531585 0.000000
-0.265625 -0.023438 0.945313
255 255 255 255
0.824219 0.302734
0.822266 0.445313
2 0 0 0
1 0 0 0
0.012010 -0.591096 0.004358
-0.265625 -0.031250 0.945313
255 255 255 255
0.887695 0.258301
0.856445 0.383301
2 0 0 0
1 0 0 0
0.013755 -0.611442 0.004359
-0.273438 -0.031250 0.945313
255 255 255 255
0.887695 0.243164
0.856445 0.362305
2 0 0 0
1 0 0 0
-0.002292 -0.613516 0.000000
-0.265625 -0.039063 0.945313
255 255 255 255
0.824219 0.243164
0.822266 0.362305
2 0 0 0
1 0 0 0
0.016257 -0.755621 0.000000
-0.304688 -0.054688 0.937500
255 255 255 255
0.824219 0.124512
0.822266 0.197754
2 0 0 0
1 0 0 0
0.013240 -0.735347 0.000000
-0.296875 -0.054688 0.937500
255 255 255 255
0.824219 0.141113
0.822266 0.220703
2 0 0 0
1 0 0 0
0.027270 -0.733131 0.004347
-0.304688 -0.054688 0.937500
255 255 255 255
0.887695 0.141113
0.856445 0.220703
2 0 0 0
1 0 0 0
0.029963 -0.753349 0.004358
-0.304688 -0.046875 0.937500
255 255 255 255
0.887695 0.124512
0.856445 0.197754
2 0 0 0
1 0 0 0
0.026988 -0.819588 0.000000
-0.320313 -0.078125 0.929688
255 255 255 255
0.824219 0.068359
0.822266 0.119141
2 0 0 0
1 0 0 0
0.023805 -0.803715 0.000000
-0.312500 -0.070313 0.929688
255 255 255 255
0.824219 0.082031
0.822266 0.138184
2 0 0 0
1 0 0 0
0.037052 -0.801255 0.004406
-0.320313 -0.070313 0.929688
255 255 255 255
0.887695 0.082031
0.856445 0.138672
2 0 0 0
1 0 0 0
0.039789 -0.817157 0.004358
-0.312500 -0.093750 0.929688
255 255 255 255
0.887695 0.068359
0.856445 0.119629
2 0 0 0
1 0 0 0
0.031471 -0.832916 0.000000
-0.304688 -0.117188 0.929688
255 255 255 255
0.828125 0.054199
0.824707 0.099609
2 0 0 0
1 0 0 0
0.041164 -0.822785 0.004181
-0.304688 -0.117188 0.929688
255 255 255 255
0.889648 0.063477
0.857422 0.112793
2 0 0 0
1 0 0 0
-0.000686 -0.119946 0.004358
-0.265625 -0.015625 0.945313
255 255 255 255
0.887695 0.668457
0.856445 0.952148
2 0 0 0
1 0 0 0
-0.000618 -0.140451 0.004358
-0.265625 -0.007813 0.945313
255 255 255 255
0.887695 0.643066
0.856445 0.917481
2 0 0 0
1 0 0 0
-0.000088 -0.325111 0.004358
-0.265625 -0.015625 0.945313
255 255 255 255
0.887695 0.480469
0.856445 0.691895
2 0 0 0
1 0 0 0
-0.016364 -0.325550 0.000000
-0.265625 -0.015625 0.945313
255 255 255 255
0.824219 0.480469
0.822266 0.691895
2 0 0 0
1 0 0 0
-0.015445 -0.366823 0.000000
-0.265625 -0.015625 0.945313
255 255 255 255
0.824219 0.447266
0.822266 0.645508
2 0 0 0
1 0 0 0
0.000820 -0.366134 0.004358
-0.265625 -0.015625 0.945313
255 255 255 255
0.887695 0.447266
0.856445 0.645508
2 0 0 0
1 0 0 0
0.010565 -0.570700 0.004357
-0.265625 -0.031250 0.945313
255 255 255 255
0.887695 0.271973
0.856445 0.401856
2 0 0 0
1 0 0 0
-0.005720 -0.572643 0.000000
-0.265625 -0.031250 0.945313
255 255 255 255
0.824219 0.271484
0.822266 0.401856
2 0 0 0
1 0 0 0
0.017629 -0.652100 0.004359
-0.281250 -0.039063 0.945313
255 255 255 255
0.887695 0.209473
0.856445 0.31543
2 0 0 0
1 0 0 0
0.002109 -0.654176 0.000000
-0.273438 -0.039063 0.945313
255 255 255 255
0.824219 0.209473
0.822266 0.31543
2 0 0 0
1 0 0 0
0.018440 -0.771731 0.000000
-0.304688 -0.054688 0.937500
255 255 255 255
0.824219 0.109863
0.822266 0.177246
2 0 0 0
1 0 0 0
0.032139 -0.769352 0.004406
-0.312500 -0.054688 0.929688
255 255 255 255
0.887695 0.110352
0.856445 0.177734
2 0 0 0
1 0 0 0
0.007398 -0.694776 0.000000
-0.281250 -0.046875 0.945313
255 255 255 255
0.824219 0.174316
0.822266 0.266602
2 0 0 0
1 0 0 0
0.022166 -0.692662 0.004347
-0.289063 -0.046875 0.937500
255 255 255 255
0.887695 0.174316
0.856445 0.26709
2 0 0 0
1 0 0 0
-0.000918 -0.222505 0.004358
-0.265625 -0.007813 0.945313
255 255 255 255
0.887695 0.560059
0.856445 0.802246
2 0 0 0
1 0 0 0
-0.000993 -0.243027 0.004358
-0.265625 -0.007813 0.945313
255 255 255 255
0.887695 0.543945
0.856445 0.779785
2 0 0 0
1 0 0 0
-0.017274 -0.242964 0.000000
-0.265625 -0.007813 0.945313
255 255 255 255
0.824219 0.543945
0.822266 0.779785
2 0 0 0
1 0 0 0
0.000369 -0.345630 0.004358
-0.265625 -0.015625 0.945313
255 255 255 255
0.887695 0.463867
0.856445 0.668457
2 0 0 0
1 0 0 0
0.019757 -0.672411 0.004358
-0.281250 -0.046875 0.945313
255 255 255 255
0.887695 0.191406
0.856445 0.290039
2 0 0 0
1 0 0 0
498
203 17 15
15 202 203
228 203 202
202 106 228
227 228 106
106 226 227
107 227 226
226 16 107
205 107 16
16 204 205
239 205 204
204 108 239
238 239 108
108 237 238
7 238 237
237 8 7
224 7 8
8 225 224
96 224 225
225 97 96
207 96 97
97 208 207
206 207 208
208 98 206
210 206 98
98 209 210
95 210 209
209 109 95
230 95 109
109 229 230
244 230 229
229 9 244
242 244 9
9 243 242
6 242 243
243 100 6
212 6 100
100 213 212
211 212 213
213 101 211
231 211 101
101 232 231
99 231 232
232 10 99
215 99 10
10 216 215
214 215 216
216 102 214
218 214 102
102 217 218
11 218 217
217 110 11
234 11 110
110 233 234
245 234 233
233 14 245
240 245 14
14 241 240
103 240 241
241 104 103
220 103 104
104 221 220
219 220 221
221 13 219
235 219 13
13 236 235
12 235 236
236 105 12
222 12 105
105 223 222
199 222 223
223 5 199
198 199 5
5 197 198
197 4 198
196 4 197
94 196 197
197 200 94
94 200 3
3 201 94
250 26 247
247 246 250
111 246 247
247 248 111
27 111 248
249 27 248
249 248 112
112 271 249
271 112 272
272 273 271
273 272 127
127 25 273
25 127 285
285 286 25
286 285 24
24 268 286
268 24 269
269 270 268
270 269 119
119 120 270
120 119 290
290 291 120
291 290 32
32 295 291
295 32 284
284 283 295
283 284 125
125 23 283
23 125 267
267 266 23
266 267 22
22 263 266
263 22 264
264 265 263
265 264 124
124 118 265
118 124 281
281 282 118
282 281 117
117 260 282
260 117 261
261 262 260
262 261 31
31 20 262
20 31 292
292 293 20
293 292 21
21 294 293
294 21 280
280 279 294
279 280 116
116 115 279
115 116 259
259 258 115
258 259 18
18 255 258
255 18 256
256 257 255
257 256 121
121 114 257
114 121 274
274 275 114
275 274 28
28 19 275
19 28 288
288 287 19
287 288 126
126 289 287
289 126 254
254 253 289
253 254 123
123 122 253
122 123 277
277 276 122
276 277 113
113 278 276
278 113 252
252 251 278
251 252 30
30 29 251
37 34 296
37 296 299
37 299 304
299 296 33
33 296 297
33 300 299
297 298 33
303 298 297
297 128 303
302 303 128
129 302 128
128 35 129
35 301 129
316 51 314
50 316 314
314 315 50
315 314 145
145 343 315
343 145 341
341 342 343
342 341 144
144 143 342
143 144 357
357 356 143
356 357 132
132 358 356
358 132 318
318 317 358
317 318 44
44 43 317
43 44 345
345 344 43
344 345 134
134 133 344
133 134 320
320 319 133
319 320 135
135 321 319
321 135 322
322 323 321
323 322 146
146 136 323
136 146 346
346 347 136
347 346 45
45 363 347
363 45 360
360 359 363
359 360 139
139 46 359
46 139 326
326 325 46
325 326 137
137 324 325
324 137 349
349 348 324
348 349 140
140 138 348
138 140 328
328 327 138
327 328 47
47 329 327
329 47 351
351 350 329
350 351 141
141 48 350
48 141 331
331 330 48
330 331 49
49 332 330
332 49 333
333 334 332
334 333 147
147 142 334
142 147 354
354 355 142
355 354 338
338 337 355
337 338 335
335 336 337
336 335 53
53 52 336
52 53 352
352 353 52
353 352 362
362 361 353
361 362 36
36 339 361
339 36 340
340 54 339
372 78 69
69 370 372
173 372 370
370 69 70
70 371 370
370 148 173
148 370 371
416 173 148
371 149 148
398 148 149
148 398 416
76 416 398
149 399 398
398 399 163
163 68 398
398 68 76
424 76 68
68 163 414
414 415 68
68 415 424
150 424 415
172 415 414
415 172 150
414 171 172
375 150 172
374 172 171
172 374 375
171 373 374
59 375 374
56 374 373
374 56 59
373 71 56
417 59 56
56 71 400
56 401 417
400 401 56
152 417 401
153 401 400
401 153 152
400 164 153
379 152 153
378 153 164
153 378 379
164 376 378
151 379 378
377 378 376
378 377 151
376 57 377
382 151 377
380 377 57
377 380 382
57 381 380
175 382 380
55 380 381
380 55 175
381 154 55
419 175 55
404 55 154
55 404 419
154 405 404
62 419 404
404 405 58
58 155 404
404 155 62
385 62 155
383 155 58
155 383 385
58 384 383
178 385 383
60 383 384
383 60 178
384 61 60
422 178 60
410 60 61
60 410 422
61 411 410
174 422 410
410 411 165
165 169 410
410 169 174
418 174 169
169 165 402
402 403 169
169 403 418
77 418 403
73 403 402
403 73 77
402 166 73
388 77 73
387 73 166
73 387 388
166 386 387
156 388 387
157 387 386
387 157 156
386 72 157
423 156 157
157 72 412
157 413 423
412 413 157
158 423 413
64 413 412
413 64 158
412 170 64
391 158 64
390 64 170
64 390 391
170 389 390
67 391 390
159 390 389
390 159 67
389 65 159
394 67 159
392 159 65
159 392 394
65 393 392
176 394 392
63 392 393
392 63 176
393 160 63
421 176 63
408 63 160
63 408 421
160 409 408
79 421 408
408 409 66
66 162 408
408 162 79
397 79 162
395 162 66
162 395 397
66 396 395
179 397 395
168 395 396
395 168 179
396 161 168
420 179 168
406 168 161
168 406 420
161 407 406
80 420 406
406 407 167
167 75 406
406 75 80
366 80 75
364 75 167
75 364 366
167 365 364
369 366 364
367 364 365
364 367 369
365 368 367
82 369 367
367 368 74
74 177 367
367 177 82
81 82 177
81 177 74
453 87 452
452 40 453
451 453 40
40 448 451
450 451 448
448 449 450
86 450 449
449 83 86
465 86 83
83 464 465
447 465 464
464 444 447
446 447 444
444 445 446
186 446 445
445 185 186
467 186 185
185 466 467
472 467 466
466 84 472
462 472 84
84 463 462
85 462 463
463 193 85
442 85 193
193 443 442
441 442 443
443 0 441
460 441 0
0 461 460
192 460 461
461 191 192
439 192 191
191 440 439
438 439 440
440 92 438
195 438 92
92 194 195
2 195 194
194 93 2
436 2 93
93 437 436
435 436 437
437 1 435
434 435 1
1 433 434
184 434 433
433 183 184
459 184 183
183 458 459
471 459 458
458 187 471
456 471 187
187 457 456
189 456 457
457 190 189
431 189 190
190 432 431
89 431 432
432 90 89
469 89 90
90 470 469
468 469 470
470 188 468
429 468 188
188 430 429
182 429 430
430 180 182
428 182 180
180 427 428
455 428 427
427 181 455
454 455 181
181 425 454
88 454 425
425 426 88
425 91 426
307 308 39
39 306 307
130 306 39
39 305 130
307 306 38
41 307 38
41 313 307
130 305 310
310 309 130
309 310 311
42 309 311
311 131 42
131 312 42
